Copyright 1986-2022 Xilinx, Inc. All Rights Reserved. Copyright 2022-2026 Advanced Micro Devices, Inc. All Rights Reserved.
----------------------------------------------------------------------------------------------------------------------------------------------------
| Tool Version : Vivado v.2026.1 (win64) Build 6511674 Tue Jun 16 11:02:23 MDT 2026
| Date         : Tue Sep 15 08:59:28 2026
| Host         : RAW2332 running 64-bit major release  (build 9200)
| Command      : check_timing -verbose -file D:/WORKBUDDY/STEM/npu-stem-repo/hardware/reports/vivado_2026_1/npu_execution_frontend/check_timing.rpt
| Design       : npu_execution_frontend
| Device       : 7z020-clg400
| Speed File   : -1  PRODUCTION 1.12 2019-11-22
| Design State : Synthesized
----------------------------------------------------------------------------------------------------------------------------------------------------


check_timing report

Table of Contents
-----------------
1. checking no_clock (0)
2. checking constant_clock (0)
3. checking pulse_width_clock (0)
4. checking unconstrained_internal_endpoints (0)
5. checking no_input_delay (982)
6. checking no_output_delay (2620)
7. checking multiple_clock (0)
8. checking generated_clocks (0)
9. checking loops (0)
10. checking partial_input_delay (0)
11. checking partial_output_delay (0)
12. checking latch_loops (0)

1. checking no_clock (0)
------------------------
 There are 0 register/latch pins with no clock.


2. checking constant_clock (0)
------------------------------
 There are 0 register/latch pins with constant_clock.


3. checking pulse_width_clock (0)
---------------------------------
 There are 0 register/latch pins which need pulse_width check


4. checking unconstrained_internal_endpoints (0)
------------------------------------------------
 There are 0 pins that are not constrained for maximum delay.

 There are 0 pins that are not constrained for maximum delay due to constant clock.


5. checking no_input_delay (982)
--------------------------------
 There are 982 input ports with no input delay specified. (HIGH)

compute_command_bits_i[0]
compute_command_bits_i[100]
compute_command_bits_i[101]
compute_command_bits_i[102]
compute_command_bits_i[103]
compute_command_bits_i[104]
compute_command_bits_i[105]
compute_command_bits_i[106]
compute_command_bits_i[107]
compute_command_bits_i[108]
compute_command_bits_i[109]
compute_command_bits_i[10]
compute_command_bits_i[110]
compute_command_bits_i[111]
compute_command_bits_i[112]
compute_command_bits_i[113]
compute_command_bits_i[114]
compute_command_bits_i[115]
compute_command_bits_i[116]
compute_command_bits_i[117]
compute_command_bits_i[118]
compute_command_bits_i[119]
compute_command_bits_i[11]
compute_command_bits_i[120]
compute_command_bits_i[121]
compute_command_bits_i[122]
compute_command_bits_i[123]
compute_command_bits_i[124]
compute_command_bits_i[125]
compute_command_bits_i[126]
compute_command_bits_i[127]
compute_command_bits_i[12]
compute_command_bits_i[13]
compute_command_bits_i[14]
compute_command_bits_i[15]
compute_command_bits_i[16]
compute_command_bits_i[17]
compute_command_bits_i[18]
compute_command_bits_i[19]
compute_command_bits_i[1]
compute_command_bits_i[20]
compute_command_bits_i[21]
compute_command_bits_i[22]
compute_command_bits_i[23]
compute_command_bits_i[24]
compute_command_bits_i[25]
compute_command_bits_i[26]
compute_command_bits_i[27]
compute_command_bits_i[28]
compute_command_bits_i[29]
compute_command_bits_i[2]
compute_command_bits_i[30]
compute_command_bits_i[31]
compute_command_bits_i[32]
compute_command_bits_i[33]
compute_command_bits_i[34]
compute_command_bits_i[35]
compute_command_bits_i[36]
compute_command_bits_i[37]
compute_command_bits_i[38]
compute_command_bits_i[39]
compute_command_bits_i[3]
compute_command_bits_i[40]
compute_command_bits_i[41]
compute_command_bits_i[42]
compute_command_bits_i[43]
compute_command_bits_i[44]
compute_command_bits_i[45]
compute_command_bits_i[46]
compute_command_bits_i[47]
compute_command_bits_i[48]
compute_command_bits_i[49]
compute_command_bits_i[4]
compute_command_bits_i[50]
compute_command_bits_i[51]
compute_command_bits_i[52]
compute_command_bits_i[53]
compute_command_bits_i[54]
compute_command_bits_i[55]
compute_command_bits_i[56]
compute_command_bits_i[57]
compute_command_bits_i[58]
compute_command_bits_i[59]
compute_command_bits_i[5]
compute_command_bits_i[60]
compute_command_bits_i[61]
compute_command_bits_i[62]
compute_command_bits_i[63]
compute_command_bits_i[64]
compute_command_bits_i[65]
compute_command_bits_i[66]
compute_command_bits_i[67]
compute_command_bits_i[68]
compute_command_bits_i[69]
compute_command_bits_i[6]
compute_command_bits_i[70]
compute_command_bits_i[71]
compute_command_bits_i[72]
compute_command_bits_i[73]
compute_command_bits_i[74]
compute_command_bits_i[75]
compute_command_bits_i[76]
compute_command_bits_i[77]
compute_command_bits_i[78]
compute_command_bits_i[79]
compute_command_bits_i[7]
compute_command_bits_i[80]
compute_command_bits_i[81]
compute_command_bits_i[82]
compute_command_bits_i[83]
compute_command_bits_i[84]
compute_command_bits_i[85]
compute_command_bits_i[86]
compute_command_bits_i[87]
compute_command_bits_i[88]
compute_command_bits_i[89]
compute_command_bits_i[8]
compute_command_bits_i[90]
compute_command_bits_i[91]
compute_command_bits_i[92]
compute_command_bits_i[93]
compute_command_bits_i[94]
compute_command_bits_i[95]
compute_command_bits_i[96]
compute_command_bits_i[97]
compute_command_bits_i[98]
compute_command_bits_i[99]
compute_command_bits_i[9]
compute_command_pc_i[0]
compute_command_pc_i[10]
compute_command_pc_i[11]
compute_command_pc_i[12]
compute_command_pc_i[13]
compute_command_pc_i[14]
compute_command_pc_i[15]
compute_command_pc_i[16]
compute_command_pc_i[17]
compute_command_pc_i[18]
compute_command_pc_i[19]
compute_command_pc_i[1]
compute_command_pc_i[20]
compute_command_pc_i[21]
compute_command_pc_i[22]
compute_command_pc_i[23]
compute_command_pc_i[24]
compute_command_pc_i[25]
compute_command_pc_i[26]
compute_command_pc_i[27]
compute_command_pc_i[28]
compute_command_pc_i[29]
compute_command_pc_i[2]
compute_command_pc_i[30]
compute_command_pc_i[31]
compute_command_pc_i[3]
compute_command_pc_i[4]
compute_command_pc_i[5]
compute_command_pc_i[6]
compute_command_pc_i[7]
compute_command_pc_i[8]
compute_command_pc_i[9]
compute_command_valid_i
conv_start_ready_i
memory_request_ready_i
memory_response_data_i[0]
memory_response_data_i[100]
memory_response_data_i[101]
memory_response_data_i[102]
memory_response_data_i[103]
memory_response_data_i[104]
memory_response_data_i[105]
memory_response_data_i[106]
memory_response_data_i[107]
memory_response_data_i[108]
memory_response_data_i[109]
memory_response_data_i[10]
memory_response_data_i[110]
memory_response_data_i[111]
memory_response_data_i[112]
memory_response_data_i[113]
memory_response_data_i[114]
memory_response_data_i[115]
memory_response_data_i[116]
memory_response_data_i[117]
memory_response_data_i[118]
memory_response_data_i[119]
memory_response_data_i[11]
memory_response_data_i[120]
memory_response_data_i[121]
memory_response_data_i[122]
memory_response_data_i[123]
memory_response_data_i[124]
memory_response_data_i[125]
memory_response_data_i[126]
memory_response_data_i[127]
memory_response_data_i[128]
memory_response_data_i[129]
memory_response_data_i[12]
memory_response_data_i[130]
memory_response_data_i[131]
memory_response_data_i[132]
memory_response_data_i[133]
memory_response_data_i[134]
memory_response_data_i[135]
memory_response_data_i[136]
memory_response_data_i[137]
memory_response_data_i[138]
memory_response_data_i[139]
memory_response_data_i[13]
memory_response_data_i[140]
memory_response_data_i[141]
memory_response_data_i[142]
memory_response_data_i[143]
memory_response_data_i[144]
memory_response_data_i[145]
memory_response_data_i[146]
memory_response_data_i[147]
memory_response_data_i[148]
memory_response_data_i[149]
memory_response_data_i[14]
memory_response_data_i[150]
memory_response_data_i[151]
memory_response_data_i[152]
memory_response_data_i[153]
memory_response_data_i[154]
memory_response_data_i[155]
memory_response_data_i[156]
memory_response_data_i[157]
memory_response_data_i[158]
memory_response_data_i[159]
memory_response_data_i[15]
memory_response_data_i[160]
memory_response_data_i[161]
memory_response_data_i[162]
memory_response_data_i[163]
memory_response_data_i[164]
memory_response_data_i[165]
memory_response_data_i[166]
memory_response_data_i[167]
memory_response_data_i[168]
memory_response_data_i[169]
memory_response_data_i[16]
memory_response_data_i[170]
memory_response_data_i[171]
memory_response_data_i[172]
memory_response_data_i[173]
memory_response_data_i[174]
memory_response_data_i[175]
memory_response_data_i[176]
memory_response_data_i[177]
memory_response_data_i[178]
memory_response_data_i[179]
memory_response_data_i[17]
memory_response_data_i[180]
memory_response_data_i[181]
memory_response_data_i[182]
memory_response_data_i[183]
memory_response_data_i[184]
memory_response_data_i[185]
memory_response_data_i[186]
memory_response_data_i[187]
memory_response_data_i[188]
memory_response_data_i[189]
memory_response_data_i[18]
memory_response_data_i[190]
memory_response_data_i[191]
memory_response_data_i[192]
memory_response_data_i[193]
memory_response_data_i[194]
memory_response_data_i[195]
memory_response_data_i[196]
memory_response_data_i[197]
memory_response_data_i[198]
memory_response_data_i[199]
memory_response_data_i[19]
memory_response_data_i[1]
memory_response_data_i[200]
memory_response_data_i[201]
memory_response_data_i[202]
memory_response_data_i[203]
memory_response_data_i[204]
memory_response_data_i[205]
memory_response_data_i[206]
memory_response_data_i[207]
memory_response_data_i[208]
memory_response_data_i[209]
memory_response_data_i[20]
memory_response_data_i[210]
memory_response_data_i[211]
memory_response_data_i[212]
memory_response_data_i[213]
memory_response_data_i[214]
memory_response_data_i[215]
memory_response_data_i[216]
memory_response_data_i[217]
memory_response_data_i[218]
memory_response_data_i[219]
memory_response_data_i[21]
memory_response_data_i[220]
memory_response_data_i[221]
memory_response_data_i[222]
memory_response_data_i[223]
memory_response_data_i[224]
memory_response_data_i[225]
memory_response_data_i[226]
memory_response_data_i[227]
memory_response_data_i[228]
memory_response_data_i[229]
memory_response_data_i[22]
memory_response_data_i[230]
memory_response_data_i[231]
memory_response_data_i[232]
memory_response_data_i[233]
memory_response_data_i[234]
memory_response_data_i[235]
memory_response_data_i[236]
memory_response_data_i[237]
memory_response_data_i[238]
memory_response_data_i[239]
memory_response_data_i[23]
memory_response_data_i[240]
memory_response_data_i[241]
memory_response_data_i[242]
memory_response_data_i[243]
memory_response_data_i[244]
memory_response_data_i[245]
memory_response_data_i[246]
memory_response_data_i[247]
memory_response_data_i[248]
memory_response_data_i[249]
memory_response_data_i[24]
memory_response_data_i[250]
memory_response_data_i[251]
memory_response_data_i[252]
memory_response_data_i[253]
memory_response_data_i[254]
memory_response_data_i[255]
memory_response_data_i[256]
memory_response_data_i[257]
memory_response_data_i[258]
memory_response_data_i[259]
memory_response_data_i[25]
memory_response_data_i[260]
memory_response_data_i[261]
memory_response_data_i[262]
memory_response_data_i[263]
memory_response_data_i[264]
memory_response_data_i[265]
memory_response_data_i[266]
memory_response_data_i[267]
memory_response_data_i[268]
memory_response_data_i[269]
memory_response_data_i[26]
memory_response_data_i[270]
memory_response_data_i[271]
memory_response_data_i[272]
memory_response_data_i[273]
memory_response_data_i[274]
memory_response_data_i[275]
memory_response_data_i[276]
memory_response_data_i[277]
memory_response_data_i[278]
memory_response_data_i[279]
memory_response_data_i[27]
memory_response_data_i[280]
memory_response_data_i[281]
memory_response_data_i[282]
memory_response_data_i[283]
memory_response_data_i[284]
memory_response_data_i[285]
memory_response_data_i[286]
memory_response_data_i[287]
memory_response_data_i[288]
memory_response_data_i[289]
memory_response_data_i[28]
memory_response_data_i[290]
memory_response_data_i[291]
memory_response_data_i[292]
memory_response_data_i[293]
memory_response_data_i[294]
memory_response_data_i[295]
memory_response_data_i[296]
memory_response_data_i[297]
memory_response_data_i[298]
memory_response_data_i[299]
memory_response_data_i[29]
memory_response_data_i[2]
memory_response_data_i[300]
memory_response_data_i[301]
memory_response_data_i[302]
memory_response_data_i[303]
memory_response_data_i[304]
memory_response_data_i[305]
memory_response_data_i[306]
memory_response_data_i[307]
memory_response_data_i[308]
memory_response_data_i[309]
memory_response_data_i[30]
memory_response_data_i[310]
memory_response_data_i[311]
memory_response_data_i[312]
memory_response_data_i[313]
memory_response_data_i[314]
memory_response_data_i[315]
memory_response_data_i[316]
memory_response_data_i[317]
memory_response_data_i[318]
memory_response_data_i[319]
memory_response_data_i[31]
memory_response_data_i[320]
memory_response_data_i[321]
memory_response_data_i[322]
memory_response_data_i[323]
memory_response_data_i[324]
memory_response_data_i[325]
memory_response_data_i[326]
memory_response_data_i[327]
memory_response_data_i[328]
memory_response_data_i[329]
memory_response_data_i[32]
memory_response_data_i[330]
memory_response_data_i[331]
memory_response_data_i[332]
memory_response_data_i[333]
memory_response_data_i[334]
memory_response_data_i[335]
memory_response_data_i[336]
memory_response_data_i[337]
memory_response_data_i[338]
memory_response_data_i[339]
memory_response_data_i[33]
memory_response_data_i[340]
memory_response_data_i[341]
memory_response_data_i[342]
memory_response_data_i[343]
memory_response_data_i[344]
memory_response_data_i[345]
memory_response_data_i[346]
memory_response_data_i[347]
memory_response_data_i[348]
memory_response_data_i[349]
memory_response_data_i[34]
memory_response_data_i[350]
memory_response_data_i[351]
memory_response_data_i[352]
memory_response_data_i[353]
memory_response_data_i[354]
memory_response_data_i[355]
memory_response_data_i[356]
memory_response_data_i[357]
memory_response_data_i[358]
memory_response_data_i[359]
memory_response_data_i[35]
memory_response_data_i[360]
memory_response_data_i[361]
memory_response_data_i[362]
memory_response_data_i[363]
memory_response_data_i[364]
memory_response_data_i[365]
memory_response_data_i[366]
memory_response_data_i[367]
memory_response_data_i[368]
memory_response_data_i[369]
memory_response_data_i[36]
memory_response_data_i[370]
memory_response_data_i[371]
memory_response_data_i[372]
memory_response_data_i[373]
memory_response_data_i[374]
memory_response_data_i[375]
memory_response_data_i[376]
memory_response_data_i[377]
memory_response_data_i[378]
memory_response_data_i[379]
memory_response_data_i[37]
memory_response_data_i[380]
memory_response_data_i[381]
memory_response_data_i[382]
memory_response_data_i[383]
memory_response_data_i[384]
memory_response_data_i[385]
memory_response_data_i[386]
memory_response_data_i[387]
memory_response_data_i[388]
memory_response_data_i[389]
memory_response_data_i[38]
memory_response_data_i[390]
memory_response_data_i[391]
memory_response_data_i[392]
memory_response_data_i[393]
memory_response_data_i[394]
memory_response_data_i[395]
memory_response_data_i[396]
memory_response_data_i[397]
memory_response_data_i[398]
memory_response_data_i[399]
memory_response_data_i[39]
memory_response_data_i[3]
memory_response_data_i[400]
memory_response_data_i[401]
memory_response_data_i[402]
memory_response_data_i[403]
memory_response_data_i[404]
memory_response_data_i[405]
memory_response_data_i[406]
memory_response_data_i[407]
memory_response_data_i[408]
memory_response_data_i[409]
memory_response_data_i[40]
memory_response_data_i[410]
memory_response_data_i[411]
memory_response_data_i[412]
memory_response_data_i[413]
memory_response_data_i[414]
memory_response_data_i[415]
memory_response_data_i[416]
memory_response_data_i[417]
memory_response_data_i[418]
memory_response_data_i[419]
memory_response_data_i[41]
memory_response_data_i[420]
memory_response_data_i[421]
memory_response_data_i[422]
memory_response_data_i[423]
memory_response_data_i[424]
memory_response_data_i[425]
memory_response_data_i[426]
memory_response_data_i[427]
memory_response_data_i[428]
memory_response_data_i[429]
memory_response_data_i[42]
memory_response_data_i[430]
memory_response_data_i[431]
memory_response_data_i[432]
memory_response_data_i[433]
memory_response_data_i[434]
memory_response_data_i[435]
memory_response_data_i[436]
memory_response_data_i[437]
memory_response_data_i[438]
memory_response_data_i[439]
memory_response_data_i[43]
memory_response_data_i[440]
memory_response_data_i[441]
memory_response_data_i[442]
memory_response_data_i[443]
memory_response_data_i[444]
memory_response_data_i[445]
memory_response_data_i[446]
memory_response_data_i[447]
memory_response_data_i[448]
memory_response_data_i[449]
memory_response_data_i[44]
memory_response_data_i[450]
memory_response_data_i[451]
memory_response_data_i[452]
memory_response_data_i[453]
memory_response_data_i[454]
memory_response_data_i[455]
memory_response_data_i[456]
memory_response_data_i[457]
memory_response_data_i[458]
memory_response_data_i[459]
memory_response_data_i[45]
memory_response_data_i[460]
memory_response_data_i[461]
memory_response_data_i[462]
memory_response_data_i[463]
memory_response_data_i[464]
memory_response_data_i[465]
memory_response_data_i[466]
memory_response_data_i[467]
memory_response_data_i[468]
memory_response_data_i[469]
memory_response_data_i[46]
memory_response_data_i[470]
memory_response_data_i[471]
memory_response_data_i[472]
memory_response_data_i[473]
memory_response_data_i[474]
memory_response_data_i[475]
memory_response_data_i[476]
memory_response_data_i[477]
memory_response_data_i[478]
memory_response_data_i[479]
memory_response_data_i[47]
memory_response_data_i[480]
memory_response_data_i[481]
memory_response_data_i[482]
memory_response_data_i[483]
memory_response_data_i[484]
memory_response_data_i[485]
memory_response_data_i[486]
memory_response_data_i[487]
memory_response_data_i[488]
memory_response_data_i[489]
memory_response_data_i[48]
memory_response_data_i[490]
memory_response_data_i[491]
memory_response_data_i[492]
memory_response_data_i[493]
memory_response_data_i[494]
memory_response_data_i[495]
memory_response_data_i[496]
memory_response_data_i[497]
memory_response_data_i[498]
memory_response_data_i[499]
memory_response_data_i[49]
memory_response_data_i[4]
memory_response_data_i[500]
memory_response_data_i[501]
memory_response_data_i[502]
memory_response_data_i[503]
memory_response_data_i[504]
memory_response_data_i[505]
memory_response_data_i[506]
memory_response_data_i[507]
memory_response_data_i[508]
memory_response_data_i[509]
memory_response_data_i[50]
memory_response_data_i[510]
memory_response_data_i[511]
memory_response_data_i[51]
memory_response_data_i[52]
memory_response_data_i[53]
memory_response_data_i[54]
memory_response_data_i[55]
memory_response_data_i[56]
memory_response_data_i[57]
memory_response_data_i[58]
memory_response_data_i[59]
memory_response_data_i[5]
memory_response_data_i[60]
memory_response_data_i[61]
memory_response_data_i[62]
memory_response_data_i[63]
memory_response_data_i[64]
memory_response_data_i[65]
memory_response_data_i[66]
memory_response_data_i[67]
memory_response_data_i[68]
memory_response_data_i[69]
memory_response_data_i[6]
memory_response_data_i[70]
memory_response_data_i[71]
memory_response_data_i[72]
memory_response_data_i[73]
memory_response_data_i[74]
memory_response_data_i[75]
memory_response_data_i[76]
memory_response_data_i[77]
memory_response_data_i[78]
memory_response_data_i[79]
memory_response_data_i[7]
memory_response_data_i[80]
memory_response_data_i[81]
memory_response_data_i[82]
memory_response_data_i[83]
memory_response_data_i[84]
memory_response_data_i[85]
memory_response_data_i[86]
memory_response_data_i[87]
memory_response_data_i[88]
memory_response_data_i[89]
memory_response_data_i[8]
memory_response_data_i[90]
memory_response_data_i[91]
memory_response_data_i[92]
memory_response_data_i[93]
memory_response_data_i[94]
memory_response_data_i[95]
memory_response_data_i[96]
memory_response_data_i[97]
memory_response_data_i[98]
memory_response_data_i[99]
memory_response_data_i[9]
memory_response_error_i
memory_response_valid_i
operator_desc_base_i[0]
operator_desc_base_i[10]
operator_desc_base_i[11]
operator_desc_base_i[12]
operator_desc_base_i[13]
operator_desc_base_i[14]
operator_desc_base_i[15]
operator_desc_base_i[16]
operator_desc_base_i[17]
operator_desc_base_i[18]
operator_desc_base_i[19]
operator_desc_base_i[1]
operator_desc_base_i[20]
operator_desc_base_i[21]
operator_desc_base_i[22]
operator_desc_base_i[23]
operator_desc_base_i[24]
operator_desc_base_i[25]
operator_desc_base_i[26]
operator_desc_base_i[27]
operator_desc_base_i[28]
operator_desc_base_i[29]
operator_desc_base_i[2]
operator_desc_base_i[30]
operator_desc_base_i[31]
operator_desc_base_i[32]
operator_desc_base_i[33]
operator_desc_base_i[34]
operator_desc_base_i[35]
operator_desc_base_i[36]
operator_desc_base_i[37]
operator_desc_base_i[38]
operator_desc_base_i[39]
operator_desc_base_i[3]
operator_desc_base_i[40]
operator_desc_base_i[41]
operator_desc_base_i[42]
operator_desc_base_i[43]
operator_desc_base_i[44]
operator_desc_base_i[45]
operator_desc_base_i[46]
operator_desc_base_i[47]
operator_desc_base_i[48]
operator_desc_base_i[49]
operator_desc_base_i[4]
operator_desc_base_i[50]
operator_desc_base_i[51]
operator_desc_base_i[52]
operator_desc_base_i[53]
operator_desc_base_i[54]
operator_desc_base_i[55]
operator_desc_base_i[56]
operator_desc_base_i[57]
operator_desc_base_i[58]
operator_desc_base_i[59]
operator_desc_base_i[5]
operator_desc_base_i[60]
operator_desc_base_i[61]
operator_desc_base_i[62]
operator_desc_base_i[63]
operator_desc_base_i[6]
operator_desc_base_i[7]
operator_desc_base_i[8]
operator_desc_base_i[9]
rst_ni
soft_reset_i
tensor_desc_base_i[0]
tensor_desc_base_i[10]
tensor_desc_base_i[11]
tensor_desc_base_i[12]
tensor_desc_base_i[13]
tensor_desc_base_i[14]
tensor_desc_base_i[15]
tensor_desc_base_i[16]
tensor_desc_base_i[17]
tensor_desc_base_i[18]
tensor_desc_base_i[19]
tensor_desc_base_i[1]
tensor_desc_base_i[20]
tensor_desc_base_i[21]
tensor_desc_base_i[22]
tensor_desc_base_i[23]
tensor_desc_base_i[24]
tensor_desc_base_i[25]
tensor_desc_base_i[26]
tensor_desc_base_i[27]
tensor_desc_base_i[28]
tensor_desc_base_i[29]
tensor_desc_base_i[2]
tensor_desc_base_i[30]
tensor_desc_base_i[31]
tensor_desc_base_i[32]
tensor_desc_base_i[33]
tensor_desc_base_i[34]
tensor_desc_base_i[35]
tensor_desc_base_i[36]
tensor_desc_base_i[37]
tensor_desc_base_i[38]
tensor_desc_base_i[39]
tensor_desc_base_i[3]
tensor_desc_base_i[40]
tensor_desc_base_i[41]
tensor_desc_base_i[42]
tensor_desc_base_i[43]
tensor_desc_base_i[44]
tensor_desc_base_i[45]
tensor_desc_base_i[46]
tensor_desc_base_i[47]
tensor_desc_base_i[48]
tensor_desc_base_i[49]
tensor_desc_base_i[4]
tensor_desc_base_i[50]
tensor_desc_base_i[51]
tensor_desc_base_i[52]
tensor_desc_base_i[53]
tensor_desc_base_i[54]
tensor_desc_base_i[55]
tensor_desc_base_i[56]
tensor_desc_base_i[57]
tensor_desc_base_i[58]
tensor_desc_base_i[59]
tensor_desc_base_i[5]
tensor_desc_base_i[60]
tensor_desc_base_i[61]
tensor_desc_base_i[62]
tensor_desc_base_i[63]
tensor_desc_base_i[6]
tensor_desc_base_i[7]
tensor_desc_base_i[8]
tensor_desc_base_i[9]
upsample_done_pulse_i
upsample_error_pulse_i
upsample_error_reason_i[0]
upsample_error_reason_i[1]
upsample_error_reason_i[2]
upsample_error_reason_i[3]
upsample_start_ready_i
vec_done_pulse_i
vec_error_pulse_i
vec_error_reason_i[0]
vec_error_reason_i[1]
vec_error_reason_i[2]
vec_error_reason_i[3]
vec_start_ready_i
vector_command_bits_i[0]
vector_command_bits_i[100]
vector_command_bits_i[101]
vector_command_bits_i[102]
vector_command_bits_i[103]
vector_command_bits_i[104]
vector_command_bits_i[105]
vector_command_bits_i[106]
vector_command_bits_i[107]
vector_command_bits_i[108]
vector_command_bits_i[109]
vector_command_bits_i[10]
vector_command_bits_i[110]
vector_command_bits_i[111]
vector_command_bits_i[112]
vector_command_bits_i[113]
vector_command_bits_i[114]
vector_command_bits_i[115]
vector_command_bits_i[116]
vector_command_bits_i[117]
vector_command_bits_i[118]
vector_command_bits_i[119]
vector_command_bits_i[11]
vector_command_bits_i[120]
vector_command_bits_i[121]
vector_command_bits_i[122]
vector_command_bits_i[123]
vector_command_bits_i[124]
vector_command_bits_i[125]
vector_command_bits_i[126]
vector_command_bits_i[127]
vector_command_bits_i[12]
vector_command_bits_i[13]
vector_command_bits_i[14]
vector_command_bits_i[15]
vector_command_bits_i[16]
vector_command_bits_i[17]
vector_command_bits_i[18]
vector_command_bits_i[19]
vector_command_bits_i[1]
vector_command_bits_i[20]
vector_command_bits_i[21]
vector_command_bits_i[22]
vector_command_bits_i[23]
vector_command_bits_i[24]
vector_command_bits_i[25]
vector_command_bits_i[26]
vector_command_bits_i[27]
vector_command_bits_i[28]
vector_command_bits_i[29]
vector_command_bits_i[2]
vector_command_bits_i[30]
vector_command_bits_i[31]
vector_command_bits_i[32]
vector_command_bits_i[33]
vector_command_bits_i[34]
vector_command_bits_i[35]
vector_command_bits_i[36]
vector_command_bits_i[37]
vector_command_bits_i[38]
vector_command_bits_i[39]
vector_command_bits_i[3]
vector_command_bits_i[40]
vector_command_bits_i[41]
vector_command_bits_i[42]
vector_command_bits_i[43]
vector_command_bits_i[44]
vector_command_bits_i[45]
vector_command_bits_i[46]
vector_command_bits_i[47]
vector_command_bits_i[48]
vector_command_bits_i[49]
vector_command_bits_i[4]
vector_command_bits_i[50]
vector_command_bits_i[51]
vector_command_bits_i[52]
vector_command_bits_i[53]
vector_command_bits_i[54]
vector_command_bits_i[55]
vector_command_bits_i[56]
vector_command_bits_i[57]
vector_command_bits_i[58]
vector_command_bits_i[59]
vector_command_bits_i[5]
vector_command_bits_i[60]
vector_command_bits_i[61]
vector_command_bits_i[62]
vector_command_bits_i[63]
vector_command_bits_i[64]
vector_command_bits_i[65]
vector_command_bits_i[66]
vector_command_bits_i[67]
vector_command_bits_i[68]
vector_command_bits_i[69]
vector_command_bits_i[6]
vector_command_bits_i[70]
vector_command_bits_i[71]
vector_command_bits_i[72]
vector_command_bits_i[73]
vector_command_bits_i[74]
vector_command_bits_i[75]
vector_command_bits_i[76]
vector_command_bits_i[77]
vector_command_bits_i[78]
vector_command_bits_i[79]
vector_command_bits_i[7]
vector_command_bits_i[80]
vector_command_bits_i[81]
vector_command_bits_i[82]
vector_command_bits_i[83]
vector_command_bits_i[84]
vector_command_bits_i[85]
vector_command_bits_i[86]
vector_command_bits_i[87]
vector_command_bits_i[88]
vector_command_bits_i[89]
vector_command_bits_i[8]
vector_command_bits_i[90]
vector_command_bits_i[91]
vector_command_bits_i[92]
vector_command_bits_i[93]
vector_command_bits_i[94]
vector_command_bits_i[95]
vector_command_bits_i[96]
vector_command_bits_i[97]
vector_command_bits_i[98]
vector_command_bits_i[99]
vector_command_bits_i[9]
vector_command_pc_i[0]
vector_command_pc_i[10]
vector_command_pc_i[11]
vector_command_pc_i[12]
vector_command_pc_i[13]
vector_command_pc_i[14]
vector_command_pc_i[15]
vector_command_pc_i[16]
vector_command_pc_i[17]
vector_command_pc_i[18]
vector_command_pc_i[19]
vector_command_pc_i[1]
vector_command_pc_i[20]
vector_command_pc_i[21]
vector_command_pc_i[22]
vector_command_pc_i[23]
vector_command_pc_i[24]
vector_command_pc_i[25]
vector_command_pc_i[26]
vector_command_pc_i[27]
vector_command_pc_i[28]
vector_command_pc_i[29]
vector_command_pc_i[2]
vector_command_pc_i[30]
vector_command_pc_i[31]
vector_command_pc_i[3]
vector_command_pc_i[4]
vector_command_pc_i[5]
vector_command_pc_i[6]
vector_command_pc_i[7]
vector_command_pc_i[8]
vector_command_pc_i[9]
vector_command_valid_i

 There are 0 input ports with no input delay but user has a false path constraint.


6. checking no_output_delay (2620)
----------------------------------
 There are 2620 ports with no output delay specified. (HIGH)

busy_o
compute_command_ready_o
conv_activation_bank_o
conv_command_bits_o[0]
conv_command_bits_o[100]
conv_command_bits_o[101]
conv_command_bits_o[102]
conv_command_bits_o[103]
conv_command_bits_o[104]
conv_command_bits_o[105]
conv_command_bits_o[106]
conv_command_bits_o[107]
conv_command_bits_o[108]
conv_command_bits_o[109]
conv_command_bits_o[10]
conv_command_bits_o[110]
conv_command_bits_o[111]
conv_command_bits_o[112]
conv_command_bits_o[113]
conv_command_bits_o[114]
conv_command_bits_o[115]
conv_command_bits_o[116]
conv_command_bits_o[117]
conv_command_bits_o[118]
conv_command_bits_o[119]
conv_command_bits_o[11]
conv_command_bits_o[120]
conv_command_bits_o[121]
conv_command_bits_o[122]
conv_command_bits_o[123]
conv_command_bits_o[124]
conv_command_bits_o[125]
conv_command_bits_o[126]
conv_command_bits_o[127]
conv_command_bits_o[12]
conv_command_bits_o[13]
conv_command_bits_o[14]
conv_command_bits_o[15]
conv_command_bits_o[16]
conv_command_bits_o[17]
conv_command_bits_o[18]
conv_command_bits_o[19]
conv_command_bits_o[1]
conv_command_bits_o[20]
conv_command_bits_o[21]
conv_command_bits_o[22]
conv_command_bits_o[23]
conv_command_bits_o[24]
conv_command_bits_o[25]
conv_command_bits_o[26]
conv_command_bits_o[27]
conv_command_bits_o[28]
conv_command_bits_o[29]
conv_command_bits_o[2]
conv_command_bits_o[30]
conv_command_bits_o[31]
conv_command_bits_o[32]
conv_command_bits_o[33]
conv_command_bits_o[34]
conv_command_bits_o[35]
conv_command_bits_o[36]
conv_command_bits_o[37]
conv_command_bits_o[38]
conv_command_bits_o[39]
conv_command_bits_o[3]
conv_command_bits_o[40]
conv_command_bits_o[41]
conv_command_bits_o[42]
conv_command_bits_o[43]
conv_command_bits_o[44]
conv_command_bits_o[45]
conv_command_bits_o[46]
conv_command_bits_o[47]
conv_command_bits_o[48]
conv_command_bits_o[49]
conv_command_bits_o[4]
conv_command_bits_o[50]
conv_command_bits_o[51]
conv_command_bits_o[52]
conv_command_bits_o[53]
conv_command_bits_o[54]
conv_command_bits_o[55]
conv_command_bits_o[56]
conv_command_bits_o[57]
conv_command_bits_o[58]
conv_command_bits_o[59]
conv_command_bits_o[5]
conv_command_bits_o[60]
conv_command_bits_o[61]
conv_command_bits_o[62]
conv_command_bits_o[63]
conv_command_bits_o[64]
conv_command_bits_o[65]
conv_command_bits_o[66]
conv_command_bits_o[67]
conv_command_bits_o[68]
conv_command_bits_o[69]
conv_command_bits_o[6]
conv_command_bits_o[70]
conv_command_bits_o[71]
conv_command_bits_o[72]
conv_command_bits_o[73]
conv_command_bits_o[74]
conv_command_bits_o[75]
conv_command_bits_o[76]
conv_command_bits_o[77]
conv_command_bits_o[78]
conv_command_bits_o[79]
conv_command_bits_o[7]
conv_command_bits_o[80]
conv_command_bits_o[81]
conv_command_bits_o[82]
conv_command_bits_o[83]
conv_command_bits_o[84]
conv_command_bits_o[85]
conv_command_bits_o[86]
conv_command_bits_o[87]
conv_command_bits_o[88]
conv_command_bits_o[89]
conv_command_bits_o[8]
conv_command_bits_o[90]
conv_command_bits_o[91]
conv_command_bits_o[92]
conv_command_bits_o[93]
conv_command_bits_o[94]
conv_command_bits_o[95]
conv_command_bits_o[96]
conv_command_bits_o[97]
conv_command_bits_o[98]
conv_command_bits_o[99]
conv_command_bits_o[9]
conv_command_pc_o[0]
conv_command_pc_o[10]
conv_command_pc_o[11]
conv_command_pc_o[12]
conv_command_pc_o[13]
conv_command_pc_o[14]
conv_command_pc_o[15]
conv_command_pc_o[16]
conv_command_pc_o[17]
conv_command_pc_o[18]
conv_command_pc_o[19]
conv_command_pc_o[1]
conv_command_pc_o[20]
conv_command_pc_o[21]
conv_command_pc_o[22]
conv_command_pc_o[23]
conv_command_pc_o[24]
conv_command_pc_o[25]
conv_command_pc_o[26]
conv_command_pc_o[27]
conv_command_pc_o[28]
conv_command_pc_o[29]
conv_command_pc_o[2]
conv_command_pc_o[30]
conv_command_pc_o[31]
conv_command_pc_o[3]
conv_command_pc_o[4]
conv_command_pc_o[5]
conv_command_pc_o[6]
conv_command_pc_o[7]
conv_command_pc_o[8]
conv_command_pc_o[9]
conv_command_tag_o[0]
conv_command_tag_o[10]
conv_command_tag_o[11]
conv_command_tag_o[12]
conv_command_tag_o[13]
conv_command_tag_o[14]
conv_command_tag_o[15]
conv_command_tag_o[1]
conv_command_tag_o[2]
conv_command_tag_o[3]
conv_command_tag_o[4]
conv_command_tag_o[5]
conv_command_tag_o[6]
conv_command_tag_o[7]
conv_command_tag_o[8]
conv_command_tag_o[9]
conv_completion_event_o[0]
conv_completion_event_o[1]
conv_completion_event_o[2]
conv_completion_event_o[3]
conv_completion_event_o[4]
conv_completion_event_o[5]
conv_completion_event_o[6]
conv_completion_event_o[7]
conv_operator_desc_bits_o[0]
conv_operator_desc_bits_o[100]
conv_operator_desc_bits_o[101]
conv_operator_desc_bits_o[102]
conv_operator_desc_bits_o[103]
conv_operator_desc_bits_o[104]
conv_operator_desc_bits_o[105]
conv_operator_desc_bits_o[106]
conv_operator_desc_bits_o[107]
conv_operator_desc_bits_o[108]
conv_operator_desc_bits_o[109]
conv_operator_desc_bits_o[10]
conv_operator_desc_bits_o[110]
conv_operator_desc_bits_o[111]
conv_operator_desc_bits_o[112]
conv_operator_desc_bits_o[113]
conv_operator_desc_bits_o[114]
conv_operator_desc_bits_o[115]
conv_operator_desc_bits_o[116]
conv_operator_desc_bits_o[117]
conv_operator_desc_bits_o[118]
conv_operator_desc_bits_o[119]
conv_operator_desc_bits_o[11]
conv_operator_desc_bits_o[120]
conv_operator_desc_bits_o[121]
conv_operator_desc_bits_o[122]
conv_operator_desc_bits_o[123]
conv_operator_desc_bits_o[124]
conv_operator_desc_bits_o[125]
conv_operator_desc_bits_o[126]
conv_operator_desc_bits_o[127]
conv_operator_desc_bits_o[128]
conv_operator_desc_bits_o[129]
conv_operator_desc_bits_o[12]
conv_operator_desc_bits_o[130]
conv_operator_desc_bits_o[131]
conv_operator_desc_bits_o[132]
conv_operator_desc_bits_o[133]
conv_operator_desc_bits_o[134]
conv_operator_desc_bits_o[135]
conv_operator_desc_bits_o[136]
conv_operator_desc_bits_o[137]
conv_operator_desc_bits_o[138]
conv_operator_desc_bits_o[139]
conv_operator_desc_bits_o[13]
conv_operator_desc_bits_o[140]
conv_operator_desc_bits_o[141]
conv_operator_desc_bits_o[142]
conv_operator_desc_bits_o[143]
conv_operator_desc_bits_o[144]
conv_operator_desc_bits_o[145]
conv_operator_desc_bits_o[146]
conv_operator_desc_bits_o[147]
conv_operator_desc_bits_o[148]
conv_operator_desc_bits_o[149]
conv_operator_desc_bits_o[14]
conv_operator_desc_bits_o[150]
conv_operator_desc_bits_o[151]
conv_operator_desc_bits_o[152]
conv_operator_desc_bits_o[153]
conv_operator_desc_bits_o[154]
conv_operator_desc_bits_o[155]
conv_operator_desc_bits_o[156]
conv_operator_desc_bits_o[157]
conv_operator_desc_bits_o[158]
conv_operator_desc_bits_o[159]
conv_operator_desc_bits_o[15]
conv_operator_desc_bits_o[160]
conv_operator_desc_bits_o[161]
conv_operator_desc_bits_o[162]
conv_operator_desc_bits_o[163]
conv_operator_desc_bits_o[164]
conv_operator_desc_bits_o[165]
conv_operator_desc_bits_o[166]
conv_operator_desc_bits_o[167]
conv_operator_desc_bits_o[168]
conv_operator_desc_bits_o[169]
conv_operator_desc_bits_o[16]
conv_operator_desc_bits_o[170]
conv_operator_desc_bits_o[171]
conv_operator_desc_bits_o[172]
conv_operator_desc_bits_o[173]
conv_operator_desc_bits_o[174]
conv_operator_desc_bits_o[175]
conv_operator_desc_bits_o[176]
conv_operator_desc_bits_o[177]
conv_operator_desc_bits_o[178]
conv_operator_desc_bits_o[179]
conv_operator_desc_bits_o[17]
conv_operator_desc_bits_o[180]
conv_operator_desc_bits_o[181]
conv_operator_desc_bits_o[182]
conv_operator_desc_bits_o[183]
conv_operator_desc_bits_o[184]
conv_operator_desc_bits_o[185]
conv_operator_desc_bits_o[186]
conv_operator_desc_bits_o[187]
conv_operator_desc_bits_o[188]
conv_operator_desc_bits_o[189]
conv_operator_desc_bits_o[18]
conv_operator_desc_bits_o[190]
conv_operator_desc_bits_o[191]
conv_operator_desc_bits_o[192]
conv_operator_desc_bits_o[193]
conv_operator_desc_bits_o[194]
conv_operator_desc_bits_o[195]
conv_operator_desc_bits_o[196]
conv_operator_desc_bits_o[197]
conv_operator_desc_bits_o[198]
conv_operator_desc_bits_o[199]
conv_operator_desc_bits_o[19]
conv_operator_desc_bits_o[1]
conv_operator_desc_bits_o[200]
conv_operator_desc_bits_o[201]
conv_operator_desc_bits_o[202]
conv_operator_desc_bits_o[203]
conv_operator_desc_bits_o[204]
conv_operator_desc_bits_o[205]
conv_operator_desc_bits_o[206]
conv_operator_desc_bits_o[207]
conv_operator_desc_bits_o[208]
conv_operator_desc_bits_o[209]
conv_operator_desc_bits_o[20]
conv_operator_desc_bits_o[210]
conv_operator_desc_bits_o[211]
conv_operator_desc_bits_o[212]
conv_operator_desc_bits_o[213]
conv_operator_desc_bits_o[214]
conv_operator_desc_bits_o[215]
conv_operator_desc_bits_o[216]
conv_operator_desc_bits_o[217]
conv_operator_desc_bits_o[218]
conv_operator_desc_bits_o[219]
conv_operator_desc_bits_o[21]
conv_operator_desc_bits_o[220]
conv_operator_desc_bits_o[221]
conv_operator_desc_bits_o[222]
conv_operator_desc_bits_o[223]
conv_operator_desc_bits_o[224]
conv_operator_desc_bits_o[225]
conv_operator_desc_bits_o[226]
conv_operator_desc_bits_o[227]
conv_operator_desc_bits_o[228]
conv_operator_desc_bits_o[229]
conv_operator_desc_bits_o[22]
conv_operator_desc_bits_o[230]
conv_operator_desc_bits_o[231]
conv_operator_desc_bits_o[232]
conv_operator_desc_bits_o[233]
conv_operator_desc_bits_o[234]
conv_operator_desc_bits_o[235]
conv_operator_desc_bits_o[236]
conv_operator_desc_bits_o[237]
conv_operator_desc_bits_o[238]
conv_operator_desc_bits_o[239]
conv_operator_desc_bits_o[23]
conv_operator_desc_bits_o[240]
conv_operator_desc_bits_o[241]
conv_operator_desc_bits_o[242]
conv_operator_desc_bits_o[243]
conv_operator_desc_bits_o[244]
conv_operator_desc_bits_o[245]
conv_operator_desc_bits_o[246]
conv_operator_desc_bits_o[247]
conv_operator_desc_bits_o[248]
conv_operator_desc_bits_o[249]
conv_operator_desc_bits_o[24]
conv_operator_desc_bits_o[250]
conv_operator_desc_bits_o[251]
conv_operator_desc_bits_o[252]
conv_operator_desc_bits_o[253]
conv_operator_desc_bits_o[254]
conv_operator_desc_bits_o[255]
conv_operator_desc_bits_o[256]
conv_operator_desc_bits_o[257]
conv_operator_desc_bits_o[258]
conv_operator_desc_bits_o[259]
conv_operator_desc_bits_o[25]
conv_operator_desc_bits_o[260]
conv_operator_desc_bits_o[261]
conv_operator_desc_bits_o[262]
conv_operator_desc_bits_o[263]
conv_operator_desc_bits_o[264]
conv_operator_desc_bits_o[265]
conv_operator_desc_bits_o[266]
conv_operator_desc_bits_o[267]
conv_operator_desc_bits_o[268]
conv_operator_desc_bits_o[269]
conv_operator_desc_bits_o[26]
conv_operator_desc_bits_o[270]
conv_operator_desc_bits_o[271]
conv_operator_desc_bits_o[272]
conv_operator_desc_bits_o[273]
conv_operator_desc_bits_o[274]
conv_operator_desc_bits_o[275]
conv_operator_desc_bits_o[276]
conv_operator_desc_bits_o[277]
conv_operator_desc_bits_o[278]
conv_operator_desc_bits_o[279]
conv_operator_desc_bits_o[27]
conv_operator_desc_bits_o[280]
conv_operator_desc_bits_o[281]
conv_operator_desc_bits_o[282]
conv_operator_desc_bits_o[283]
conv_operator_desc_bits_o[284]
conv_operator_desc_bits_o[285]
conv_operator_desc_bits_o[286]
conv_operator_desc_bits_o[287]
conv_operator_desc_bits_o[288]
conv_operator_desc_bits_o[289]
conv_operator_desc_bits_o[28]
conv_operator_desc_bits_o[290]
conv_operator_desc_bits_o[291]
conv_operator_desc_bits_o[292]
conv_operator_desc_bits_o[293]
conv_operator_desc_bits_o[294]
conv_operator_desc_bits_o[295]
conv_operator_desc_bits_o[296]
conv_operator_desc_bits_o[297]
conv_operator_desc_bits_o[298]
conv_operator_desc_bits_o[299]
conv_operator_desc_bits_o[29]
conv_operator_desc_bits_o[2]
conv_operator_desc_bits_o[300]
conv_operator_desc_bits_o[301]
conv_operator_desc_bits_o[302]
conv_operator_desc_bits_o[303]
conv_operator_desc_bits_o[304]
conv_operator_desc_bits_o[305]
conv_operator_desc_bits_o[306]
conv_operator_desc_bits_o[307]
conv_operator_desc_bits_o[308]
conv_operator_desc_bits_o[309]
conv_operator_desc_bits_o[30]
conv_operator_desc_bits_o[310]
conv_operator_desc_bits_o[311]
conv_operator_desc_bits_o[312]
conv_operator_desc_bits_o[313]
conv_operator_desc_bits_o[314]
conv_operator_desc_bits_o[315]
conv_operator_desc_bits_o[316]
conv_operator_desc_bits_o[317]
conv_operator_desc_bits_o[318]
conv_operator_desc_bits_o[319]
conv_operator_desc_bits_o[31]
conv_operator_desc_bits_o[320]
conv_operator_desc_bits_o[321]
conv_operator_desc_bits_o[322]
conv_operator_desc_bits_o[323]
conv_operator_desc_bits_o[324]
conv_operator_desc_bits_o[325]
conv_operator_desc_bits_o[326]
conv_operator_desc_bits_o[327]
conv_operator_desc_bits_o[328]
conv_operator_desc_bits_o[329]
conv_operator_desc_bits_o[32]
conv_operator_desc_bits_o[330]
conv_operator_desc_bits_o[331]
conv_operator_desc_bits_o[332]
conv_operator_desc_bits_o[333]
conv_operator_desc_bits_o[334]
conv_operator_desc_bits_o[335]
conv_operator_desc_bits_o[336]
conv_operator_desc_bits_o[337]
conv_operator_desc_bits_o[338]
conv_operator_desc_bits_o[339]
conv_operator_desc_bits_o[33]
conv_operator_desc_bits_o[340]
conv_operator_desc_bits_o[341]
conv_operator_desc_bits_o[342]
conv_operator_desc_bits_o[343]
conv_operator_desc_bits_o[344]
conv_operator_desc_bits_o[345]
conv_operator_desc_bits_o[346]
conv_operator_desc_bits_o[347]
conv_operator_desc_bits_o[348]
conv_operator_desc_bits_o[349]
conv_operator_desc_bits_o[34]
conv_operator_desc_bits_o[350]
conv_operator_desc_bits_o[351]
conv_operator_desc_bits_o[352]
conv_operator_desc_bits_o[353]
conv_operator_desc_bits_o[354]
conv_operator_desc_bits_o[355]
conv_operator_desc_bits_o[356]
conv_operator_desc_bits_o[357]
conv_operator_desc_bits_o[358]
conv_operator_desc_bits_o[359]
conv_operator_desc_bits_o[35]
conv_operator_desc_bits_o[360]
conv_operator_desc_bits_o[361]
conv_operator_desc_bits_o[362]
conv_operator_desc_bits_o[363]
conv_operator_desc_bits_o[364]
conv_operator_desc_bits_o[365]
conv_operator_desc_bits_o[366]
conv_operator_desc_bits_o[367]
conv_operator_desc_bits_o[368]
conv_operator_desc_bits_o[369]
conv_operator_desc_bits_o[36]
conv_operator_desc_bits_o[370]
conv_operator_desc_bits_o[371]
conv_operator_desc_bits_o[372]
conv_operator_desc_bits_o[373]
conv_operator_desc_bits_o[374]
conv_operator_desc_bits_o[375]
conv_operator_desc_bits_o[376]
conv_operator_desc_bits_o[377]
conv_operator_desc_bits_o[378]
conv_operator_desc_bits_o[379]
conv_operator_desc_bits_o[37]
conv_operator_desc_bits_o[380]
conv_operator_desc_bits_o[381]
conv_operator_desc_bits_o[382]
conv_operator_desc_bits_o[383]
conv_operator_desc_bits_o[384]
conv_operator_desc_bits_o[385]
conv_operator_desc_bits_o[386]
conv_operator_desc_bits_o[387]
conv_operator_desc_bits_o[388]
conv_operator_desc_bits_o[389]
conv_operator_desc_bits_o[38]
conv_operator_desc_bits_o[390]
conv_operator_desc_bits_o[391]
conv_operator_desc_bits_o[392]
conv_operator_desc_bits_o[393]
conv_operator_desc_bits_o[394]
conv_operator_desc_bits_o[395]
conv_operator_desc_bits_o[396]
conv_operator_desc_bits_o[397]
conv_operator_desc_bits_o[398]
conv_operator_desc_bits_o[399]
conv_operator_desc_bits_o[39]
conv_operator_desc_bits_o[3]
conv_operator_desc_bits_o[400]
conv_operator_desc_bits_o[401]
conv_operator_desc_bits_o[402]
conv_operator_desc_bits_o[403]
conv_operator_desc_bits_o[404]
conv_operator_desc_bits_o[405]
conv_operator_desc_bits_o[406]
conv_operator_desc_bits_o[407]
conv_operator_desc_bits_o[408]
conv_operator_desc_bits_o[409]
conv_operator_desc_bits_o[40]
conv_operator_desc_bits_o[410]
conv_operator_desc_bits_o[411]
conv_operator_desc_bits_o[412]
conv_operator_desc_bits_o[413]
conv_operator_desc_bits_o[414]
conv_operator_desc_bits_o[415]
conv_operator_desc_bits_o[416]
conv_operator_desc_bits_o[417]
conv_operator_desc_bits_o[418]
conv_operator_desc_bits_o[419]
conv_operator_desc_bits_o[41]
conv_operator_desc_bits_o[420]
conv_operator_desc_bits_o[421]
conv_operator_desc_bits_o[422]
conv_operator_desc_bits_o[423]
conv_operator_desc_bits_o[424]
conv_operator_desc_bits_o[425]
conv_operator_desc_bits_o[426]
conv_operator_desc_bits_o[427]
conv_operator_desc_bits_o[428]
conv_operator_desc_bits_o[429]
conv_operator_desc_bits_o[42]
conv_operator_desc_bits_o[430]
conv_operator_desc_bits_o[431]
conv_operator_desc_bits_o[432]
conv_operator_desc_bits_o[433]
conv_operator_desc_bits_o[434]
conv_operator_desc_bits_o[435]
conv_operator_desc_bits_o[436]
conv_operator_desc_bits_o[437]
conv_operator_desc_bits_o[438]
conv_operator_desc_bits_o[439]
conv_operator_desc_bits_o[43]
conv_operator_desc_bits_o[440]
conv_operator_desc_bits_o[441]
conv_operator_desc_bits_o[442]
conv_operator_desc_bits_o[443]
conv_operator_desc_bits_o[444]
conv_operator_desc_bits_o[445]
conv_operator_desc_bits_o[446]
conv_operator_desc_bits_o[447]
conv_operator_desc_bits_o[448]
conv_operator_desc_bits_o[449]
conv_operator_desc_bits_o[44]
conv_operator_desc_bits_o[450]
conv_operator_desc_bits_o[451]
conv_operator_desc_bits_o[452]
conv_operator_desc_bits_o[453]
conv_operator_desc_bits_o[454]
conv_operator_desc_bits_o[455]
conv_operator_desc_bits_o[456]
conv_operator_desc_bits_o[457]
conv_operator_desc_bits_o[458]
conv_operator_desc_bits_o[459]
conv_operator_desc_bits_o[45]
conv_operator_desc_bits_o[460]
conv_operator_desc_bits_o[461]
conv_operator_desc_bits_o[462]
conv_operator_desc_bits_o[463]
conv_operator_desc_bits_o[464]
conv_operator_desc_bits_o[465]
conv_operator_desc_bits_o[466]
conv_operator_desc_bits_o[467]
conv_operator_desc_bits_o[468]
conv_operator_desc_bits_o[469]
conv_operator_desc_bits_o[46]
conv_operator_desc_bits_o[470]
conv_operator_desc_bits_o[471]
conv_operator_desc_bits_o[472]
conv_operator_desc_bits_o[473]
conv_operator_desc_bits_o[474]
conv_operator_desc_bits_o[475]
conv_operator_desc_bits_o[476]
conv_operator_desc_bits_o[477]
conv_operator_desc_bits_o[478]
conv_operator_desc_bits_o[479]
conv_operator_desc_bits_o[47]
conv_operator_desc_bits_o[480]
conv_operator_desc_bits_o[481]
conv_operator_desc_bits_o[482]
conv_operator_desc_bits_o[483]
conv_operator_desc_bits_o[484]
conv_operator_desc_bits_o[485]
conv_operator_desc_bits_o[486]
conv_operator_desc_bits_o[487]
conv_operator_desc_bits_o[488]
conv_operator_desc_bits_o[489]
conv_operator_desc_bits_o[48]
conv_operator_desc_bits_o[490]
conv_operator_desc_bits_o[491]
conv_operator_desc_bits_o[492]
conv_operator_desc_bits_o[493]
conv_operator_desc_bits_o[494]
conv_operator_desc_bits_o[495]
conv_operator_desc_bits_o[496]
conv_operator_desc_bits_o[497]
conv_operator_desc_bits_o[498]
conv_operator_desc_bits_o[499]
conv_operator_desc_bits_o[49]
conv_operator_desc_bits_o[4]
conv_operator_desc_bits_o[500]
conv_operator_desc_bits_o[501]
conv_operator_desc_bits_o[502]
conv_operator_desc_bits_o[503]
conv_operator_desc_bits_o[504]
conv_operator_desc_bits_o[505]
conv_operator_desc_bits_o[506]
conv_operator_desc_bits_o[507]
conv_operator_desc_bits_o[508]
conv_operator_desc_bits_o[509]
conv_operator_desc_bits_o[50]
conv_operator_desc_bits_o[510]
conv_operator_desc_bits_o[511]
conv_operator_desc_bits_o[51]
conv_operator_desc_bits_o[52]
conv_operator_desc_bits_o[53]
conv_operator_desc_bits_o[54]
conv_operator_desc_bits_o[55]
conv_operator_desc_bits_o[56]
conv_operator_desc_bits_o[57]
conv_operator_desc_bits_o[58]
conv_operator_desc_bits_o[59]
conv_operator_desc_bits_o[5]
conv_operator_desc_bits_o[60]
conv_operator_desc_bits_o[61]
conv_operator_desc_bits_o[62]
conv_operator_desc_bits_o[63]
conv_operator_desc_bits_o[64]
conv_operator_desc_bits_o[65]
conv_operator_desc_bits_o[66]
conv_operator_desc_bits_o[67]
conv_operator_desc_bits_o[68]
conv_operator_desc_bits_o[69]
conv_operator_desc_bits_o[6]
conv_operator_desc_bits_o[70]
conv_operator_desc_bits_o[71]
conv_operator_desc_bits_o[72]
conv_operator_desc_bits_o[73]
conv_operator_desc_bits_o[74]
conv_operator_desc_bits_o[75]
conv_operator_desc_bits_o[76]
conv_operator_desc_bits_o[77]
conv_operator_desc_bits_o[78]
conv_operator_desc_bits_o[79]
conv_operator_desc_bits_o[7]
conv_operator_desc_bits_o[80]
conv_operator_desc_bits_o[81]
conv_operator_desc_bits_o[82]
conv_operator_desc_bits_o[83]
conv_operator_desc_bits_o[84]
conv_operator_desc_bits_o[85]
conv_operator_desc_bits_o[86]
conv_operator_desc_bits_o[87]
conv_operator_desc_bits_o[88]
conv_operator_desc_bits_o[89]
conv_operator_desc_bits_o[8]
conv_operator_desc_bits_o[90]
conv_operator_desc_bits_o[91]
conv_operator_desc_bits_o[92]
conv_operator_desc_bits_o[93]
conv_operator_desc_bits_o[94]
conv_operator_desc_bits_o[95]
conv_operator_desc_bits_o[96]
conv_operator_desc_bits_o[97]
conv_operator_desc_bits_o[98]
conv_operator_desc_bits_o[99]
conv_operator_desc_bits_o[9]
conv_output_bank_o
conv_start_valid_o
conv_weight_bank_o
error_code_o[0]
error_code_o[1]
error_code_o[2]
error_code_o[3]
error_code_o[8]
error_code_o[9]
error_pc_o[0]
error_pc_o[10]
error_pc_o[11]
error_pc_o[12]
error_pc_o[13]
error_pc_o[14]
error_pc_o[15]
error_pc_o[16]
error_pc_o[17]
error_pc_o[18]
error_pc_o[19]
error_pc_o[1]
error_pc_o[20]
error_pc_o[21]
error_pc_o[22]
error_pc_o[23]
error_pc_o[24]
error_pc_o[25]
error_pc_o[26]
error_pc_o[27]
error_pc_o[28]
error_pc_o[29]
error_pc_o[2]
error_pc_o[30]
error_pc_o[31]
error_pc_o[3]
error_pc_o[4]
error_pc_o[5]
error_pc_o[6]
error_pc_o[7]
error_pc_o[8]
error_pc_o[9]
error_pulse_o
error_tag_o[0]
error_tag_o[10]
error_tag_o[11]
error_tag_o[12]
error_tag_o[13]
error_tag_o[14]
error_tag_o[15]
error_tag_o[1]
error_tag_o[2]
error_tag_o[3]
error_tag_o[4]
error_tag_o[5]
error_tag_o[6]
error_tag_o[7]
error_tag_o[8]
error_tag_o[9]
memory_request_address_o[0]
memory_request_address_o[10]
memory_request_address_o[11]
memory_request_address_o[12]
memory_request_address_o[13]
memory_request_address_o[14]
memory_request_address_o[15]
memory_request_address_o[16]
memory_request_address_o[17]
memory_request_address_o[18]
memory_request_address_o[19]
memory_request_address_o[1]
memory_request_address_o[20]
memory_request_address_o[21]
memory_request_address_o[22]
memory_request_address_o[23]
memory_request_address_o[24]
memory_request_address_o[25]
memory_request_address_o[26]
memory_request_address_o[27]
memory_request_address_o[28]
memory_request_address_o[29]
memory_request_address_o[2]
memory_request_address_o[30]
memory_request_address_o[31]
memory_request_address_o[32]
memory_request_address_o[33]
memory_request_address_o[34]
memory_request_address_o[35]
memory_request_address_o[36]
memory_request_address_o[37]
memory_request_address_o[38]
memory_request_address_o[39]
memory_request_address_o[3]
memory_request_address_o[40]
memory_request_address_o[41]
memory_request_address_o[42]
memory_request_address_o[43]
memory_request_address_o[44]
memory_request_address_o[45]
memory_request_address_o[46]
memory_request_address_o[47]
memory_request_address_o[48]
memory_request_address_o[49]
memory_request_address_o[4]
memory_request_address_o[50]
memory_request_address_o[51]
memory_request_address_o[52]
memory_request_address_o[53]
memory_request_address_o[54]
memory_request_address_o[55]
memory_request_address_o[56]
memory_request_address_o[57]
memory_request_address_o[58]
memory_request_address_o[59]
memory_request_address_o[5]
memory_request_address_o[60]
memory_request_address_o[61]
memory_request_address_o[62]
memory_request_address_o[63]
memory_request_address_o[6]
memory_request_address_o[7]
memory_request_address_o[8]
memory_request_address_o[9]
memory_request_bytes_o[6]
memory_request_valid_o
memory_response_ready_o
upsample_command_bits_o[0]
upsample_command_bits_o[100]
upsample_command_bits_o[101]
upsample_command_bits_o[102]
upsample_command_bits_o[103]
upsample_command_bits_o[104]
upsample_command_bits_o[105]
upsample_command_bits_o[106]
upsample_command_bits_o[107]
upsample_command_bits_o[108]
upsample_command_bits_o[109]
upsample_command_bits_o[10]
upsample_command_bits_o[110]
upsample_command_bits_o[111]
upsample_command_bits_o[112]
upsample_command_bits_o[113]
upsample_command_bits_o[114]
upsample_command_bits_o[115]
upsample_command_bits_o[116]
upsample_command_bits_o[117]
upsample_command_bits_o[118]
upsample_command_bits_o[119]
upsample_command_bits_o[11]
upsample_command_bits_o[120]
upsample_command_bits_o[121]
upsample_command_bits_o[122]
upsample_command_bits_o[123]
upsample_command_bits_o[124]
upsample_command_bits_o[125]
upsample_command_bits_o[126]
upsample_command_bits_o[127]
upsample_command_bits_o[12]
upsample_command_bits_o[13]
upsample_command_bits_o[14]
upsample_command_bits_o[15]
upsample_command_bits_o[16]
upsample_command_bits_o[17]
upsample_command_bits_o[18]
upsample_command_bits_o[19]
upsample_command_bits_o[1]
upsample_command_bits_o[20]
upsample_command_bits_o[21]
upsample_command_bits_o[22]
upsample_command_bits_o[23]
upsample_command_bits_o[24]
upsample_command_bits_o[25]
upsample_command_bits_o[26]
upsample_command_bits_o[27]
upsample_command_bits_o[28]
upsample_command_bits_o[29]
upsample_command_bits_o[2]
upsample_command_bits_o[30]
upsample_command_bits_o[31]
upsample_command_bits_o[32]
upsample_command_bits_o[33]
upsample_command_bits_o[34]
upsample_command_bits_o[35]
upsample_command_bits_o[36]
upsample_command_bits_o[37]
upsample_command_bits_o[38]
upsample_command_bits_o[39]
upsample_command_bits_o[3]
upsample_command_bits_o[40]
upsample_command_bits_o[41]
upsample_command_bits_o[42]
upsample_command_bits_o[43]
upsample_command_bits_o[44]
upsample_command_bits_o[45]
upsample_command_bits_o[46]
upsample_command_bits_o[47]
upsample_command_bits_o[48]
upsample_command_bits_o[49]
upsample_command_bits_o[4]
upsample_command_bits_o[50]
upsample_command_bits_o[51]
upsample_command_bits_o[52]
upsample_command_bits_o[53]
upsample_command_bits_o[54]
upsample_command_bits_o[55]
upsample_command_bits_o[56]
upsample_command_bits_o[57]
upsample_command_bits_o[58]
upsample_command_bits_o[59]
upsample_command_bits_o[5]
upsample_command_bits_o[60]
upsample_command_bits_o[61]
upsample_command_bits_o[62]
upsample_command_bits_o[63]
upsample_command_bits_o[64]
upsample_command_bits_o[65]
upsample_command_bits_o[66]
upsample_command_bits_o[67]
upsample_command_bits_o[68]
upsample_command_bits_o[69]
upsample_command_bits_o[6]
upsample_command_bits_o[70]
upsample_command_bits_o[71]
upsample_command_bits_o[72]
upsample_command_bits_o[73]
upsample_command_bits_o[74]
upsample_command_bits_o[75]
upsample_command_bits_o[76]
upsample_command_bits_o[77]
upsample_command_bits_o[78]
upsample_command_bits_o[79]
upsample_command_bits_o[7]
upsample_command_bits_o[80]
upsample_command_bits_o[81]
upsample_command_bits_o[82]
upsample_command_bits_o[83]
upsample_command_bits_o[84]
upsample_command_bits_o[85]
upsample_command_bits_o[86]
upsample_command_bits_o[87]
upsample_command_bits_o[88]
upsample_command_bits_o[89]
upsample_command_bits_o[8]
upsample_command_bits_o[90]
upsample_command_bits_o[91]
upsample_command_bits_o[92]
upsample_command_bits_o[93]
upsample_command_bits_o[94]
upsample_command_bits_o[95]
upsample_command_bits_o[96]
upsample_command_bits_o[97]
upsample_command_bits_o[98]
upsample_command_bits_o[99]
upsample_command_bits_o[9]
upsample_destination_desc_bits_o[0]
upsample_destination_desc_bits_o[100]
upsample_destination_desc_bits_o[101]
upsample_destination_desc_bits_o[102]
upsample_destination_desc_bits_o[103]
upsample_destination_desc_bits_o[104]
upsample_destination_desc_bits_o[105]
upsample_destination_desc_bits_o[106]
upsample_destination_desc_bits_o[107]
upsample_destination_desc_bits_o[108]
upsample_destination_desc_bits_o[109]
upsample_destination_desc_bits_o[10]
upsample_destination_desc_bits_o[110]
upsample_destination_desc_bits_o[111]
upsample_destination_desc_bits_o[112]
upsample_destination_desc_bits_o[113]
upsample_destination_desc_bits_o[114]
upsample_destination_desc_bits_o[115]
upsample_destination_desc_bits_o[116]
upsample_destination_desc_bits_o[117]
upsample_destination_desc_bits_o[118]
upsample_destination_desc_bits_o[119]
upsample_destination_desc_bits_o[11]
upsample_destination_desc_bits_o[120]
upsample_destination_desc_bits_o[121]
upsample_destination_desc_bits_o[122]
upsample_destination_desc_bits_o[123]
upsample_destination_desc_bits_o[124]
upsample_destination_desc_bits_o[125]
upsample_destination_desc_bits_o[126]
upsample_destination_desc_bits_o[127]
upsample_destination_desc_bits_o[128]
upsample_destination_desc_bits_o[129]
upsample_destination_desc_bits_o[12]
upsample_destination_desc_bits_o[130]
upsample_destination_desc_bits_o[131]
upsample_destination_desc_bits_o[132]
upsample_destination_desc_bits_o[133]
upsample_destination_desc_bits_o[134]
upsample_destination_desc_bits_o[135]
upsample_destination_desc_bits_o[136]
upsample_destination_desc_bits_o[137]
upsample_destination_desc_bits_o[138]
upsample_destination_desc_bits_o[139]
upsample_destination_desc_bits_o[13]
upsample_destination_desc_bits_o[140]
upsample_destination_desc_bits_o[141]
upsample_destination_desc_bits_o[142]
upsample_destination_desc_bits_o[143]
upsample_destination_desc_bits_o[144]
upsample_destination_desc_bits_o[145]
upsample_destination_desc_bits_o[146]
upsample_destination_desc_bits_o[147]
upsample_destination_desc_bits_o[148]
upsample_destination_desc_bits_o[149]
upsample_destination_desc_bits_o[14]
upsample_destination_desc_bits_o[150]
upsample_destination_desc_bits_o[151]
upsample_destination_desc_bits_o[152]
upsample_destination_desc_bits_o[153]
upsample_destination_desc_bits_o[154]
upsample_destination_desc_bits_o[155]
upsample_destination_desc_bits_o[156]
upsample_destination_desc_bits_o[157]
upsample_destination_desc_bits_o[158]
upsample_destination_desc_bits_o[159]
upsample_destination_desc_bits_o[15]
upsample_destination_desc_bits_o[160]
upsample_destination_desc_bits_o[161]
upsample_destination_desc_bits_o[162]
upsample_destination_desc_bits_o[163]
upsample_destination_desc_bits_o[164]
upsample_destination_desc_bits_o[165]
upsample_destination_desc_bits_o[166]
upsample_destination_desc_bits_o[167]
upsample_destination_desc_bits_o[168]
upsample_destination_desc_bits_o[169]
upsample_destination_desc_bits_o[16]
upsample_destination_desc_bits_o[170]
upsample_destination_desc_bits_o[171]
upsample_destination_desc_bits_o[172]
upsample_destination_desc_bits_o[173]
upsample_destination_desc_bits_o[174]
upsample_destination_desc_bits_o[175]
upsample_destination_desc_bits_o[176]
upsample_destination_desc_bits_o[177]
upsample_destination_desc_bits_o[178]
upsample_destination_desc_bits_o[179]
upsample_destination_desc_bits_o[17]
upsample_destination_desc_bits_o[180]
upsample_destination_desc_bits_o[181]
upsample_destination_desc_bits_o[182]
upsample_destination_desc_bits_o[183]
upsample_destination_desc_bits_o[184]
upsample_destination_desc_bits_o[185]
upsample_destination_desc_bits_o[186]
upsample_destination_desc_bits_o[187]
upsample_destination_desc_bits_o[188]
upsample_destination_desc_bits_o[189]
upsample_destination_desc_bits_o[18]
upsample_destination_desc_bits_o[190]
upsample_destination_desc_bits_o[191]
upsample_destination_desc_bits_o[192]
upsample_destination_desc_bits_o[193]
upsample_destination_desc_bits_o[194]
upsample_destination_desc_bits_o[195]
upsample_destination_desc_bits_o[196]
upsample_destination_desc_bits_o[197]
upsample_destination_desc_bits_o[198]
upsample_destination_desc_bits_o[199]
upsample_destination_desc_bits_o[19]
upsample_destination_desc_bits_o[1]
upsample_destination_desc_bits_o[200]
upsample_destination_desc_bits_o[201]
upsample_destination_desc_bits_o[202]
upsample_destination_desc_bits_o[203]
upsample_destination_desc_bits_o[204]
upsample_destination_desc_bits_o[205]
upsample_destination_desc_bits_o[206]
upsample_destination_desc_bits_o[207]
upsample_destination_desc_bits_o[208]
upsample_destination_desc_bits_o[209]
upsample_destination_desc_bits_o[20]
upsample_destination_desc_bits_o[210]
upsample_destination_desc_bits_o[211]
upsample_destination_desc_bits_o[212]
upsample_destination_desc_bits_o[213]
upsample_destination_desc_bits_o[214]
upsample_destination_desc_bits_o[215]
upsample_destination_desc_bits_o[216]
upsample_destination_desc_bits_o[217]
upsample_destination_desc_bits_o[218]
upsample_destination_desc_bits_o[219]
upsample_destination_desc_bits_o[21]
upsample_destination_desc_bits_o[220]
upsample_destination_desc_bits_o[221]
upsample_destination_desc_bits_o[222]
upsample_destination_desc_bits_o[223]
upsample_destination_desc_bits_o[224]
upsample_destination_desc_bits_o[225]
upsample_destination_desc_bits_o[226]
upsample_destination_desc_bits_o[227]
upsample_destination_desc_bits_o[228]
upsample_destination_desc_bits_o[229]
upsample_destination_desc_bits_o[22]
upsample_destination_desc_bits_o[230]
upsample_destination_desc_bits_o[231]
upsample_destination_desc_bits_o[232]
upsample_destination_desc_bits_o[233]
upsample_destination_desc_bits_o[234]
upsample_destination_desc_bits_o[235]
upsample_destination_desc_bits_o[236]
upsample_destination_desc_bits_o[237]
upsample_destination_desc_bits_o[238]
upsample_destination_desc_bits_o[239]
upsample_destination_desc_bits_o[23]
upsample_destination_desc_bits_o[240]
upsample_destination_desc_bits_o[241]
upsample_destination_desc_bits_o[242]
upsample_destination_desc_bits_o[243]
upsample_destination_desc_bits_o[244]
upsample_destination_desc_bits_o[245]
upsample_destination_desc_bits_o[246]
upsample_destination_desc_bits_o[247]
upsample_destination_desc_bits_o[248]
upsample_destination_desc_bits_o[249]
upsample_destination_desc_bits_o[24]
upsample_destination_desc_bits_o[250]
upsample_destination_desc_bits_o[251]
upsample_destination_desc_bits_o[252]
upsample_destination_desc_bits_o[253]
upsample_destination_desc_bits_o[254]
upsample_destination_desc_bits_o[255]
upsample_destination_desc_bits_o[256]
upsample_destination_desc_bits_o[257]
upsample_destination_desc_bits_o[258]
upsample_destination_desc_bits_o[259]
upsample_destination_desc_bits_o[25]
upsample_destination_desc_bits_o[260]
upsample_destination_desc_bits_o[261]
upsample_destination_desc_bits_o[262]
upsample_destination_desc_bits_o[263]
upsample_destination_desc_bits_o[264]
upsample_destination_desc_bits_o[265]
upsample_destination_desc_bits_o[266]
upsample_destination_desc_bits_o[267]
upsample_destination_desc_bits_o[268]
upsample_destination_desc_bits_o[269]
upsample_destination_desc_bits_o[26]
upsample_destination_desc_bits_o[270]
upsample_destination_desc_bits_o[271]
upsample_destination_desc_bits_o[272]
upsample_destination_desc_bits_o[273]
upsample_destination_desc_bits_o[274]
upsample_destination_desc_bits_o[275]
upsample_destination_desc_bits_o[276]
upsample_destination_desc_bits_o[277]
upsample_destination_desc_bits_o[278]
upsample_destination_desc_bits_o[279]
upsample_destination_desc_bits_o[27]
upsample_destination_desc_bits_o[280]
upsample_destination_desc_bits_o[281]
upsample_destination_desc_bits_o[282]
upsample_destination_desc_bits_o[283]
upsample_destination_desc_bits_o[284]
upsample_destination_desc_bits_o[285]
upsample_destination_desc_bits_o[286]
upsample_destination_desc_bits_o[287]
upsample_destination_desc_bits_o[288]
upsample_destination_desc_bits_o[289]
upsample_destination_desc_bits_o[28]
upsample_destination_desc_bits_o[290]
upsample_destination_desc_bits_o[291]
upsample_destination_desc_bits_o[292]
upsample_destination_desc_bits_o[293]
upsample_destination_desc_bits_o[294]
upsample_destination_desc_bits_o[295]
upsample_destination_desc_bits_o[296]
upsample_destination_desc_bits_o[297]
upsample_destination_desc_bits_o[298]
upsample_destination_desc_bits_o[299]
upsample_destination_desc_bits_o[29]
upsample_destination_desc_bits_o[2]
upsample_destination_desc_bits_o[300]
upsample_destination_desc_bits_o[301]
upsample_destination_desc_bits_o[302]
upsample_destination_desc_bits_o[303]
upsample_destination_desc_bits_o[304]
upsample_destination_desc_bits_o[305]
upsample_destination_desc_bits_o[306]
upsample_destination_desc_bits_o[307]
upsample_destination_desc_bits_o[308]
upsample_destination_desc_bits_o[309]
upsample_destination_desc_bits_o[30]
upsample_destination_desc_bits_o[310]
upsample_destination_desc_bits_o[311]
upsample_destination_desc_bits_o[312]
upsample_destination_desc_bits_o[313]
upsample_destination_desc_bits_o[314]
upsample_destination_desc_bits_o[315]
upsample_destination_desc_bits_o[316]
upsample_destination_desc_bits_o[317]
upsample_destination_desc_bits_o[318]
upsample_destination_desc_bits_o[319]
upsample_destination_desc_bits_o[31]
upsample_destination_desc_bits_o[320]
upsample_destination_desc_bits_o[321]
upsample_destination_desc_bits_o[322]
upsample_destination_desc_bits_o[323]
upsample_destination_desc_bits_o[324]
upsample_destination_desc_bits_o[325]
upsample_destination_desc_bits_o[326]
upsample_destination_desc_bits_o[327]
upsample_destination_desc_bits_o[328]
upsample_destination_desc_bits_o[329]
upsample_destination_desc_bits_o[32]
upsample_destination_desc_bits_o[330]
upsample_destination_desc_bits_o[331]
upsample_destination_desc_bits_o[332]
upsample_destination_desc_bits_o[333]
upsample_destination_desc_bits_o[334]
upsample_destination_desc_bits_o[335]
upsample_destination_desc_bits_o[336]
upsample_destination_desc_bits_o[337]
upsample_destination_desc_bits_o[338]
upsample_destination_desc_bits_o[339]
upsample_destination_desc_bits_o[33]
upsample_destination_desc_bits_o[340]
upsample_destination_desc_bits_o[341]
upsample_destination_desc_bits_o[342]
upsample_destination_desc_bits_o[343]
upsample_destination_desc_bits_o[344]
upsample_destination_desc_bits_o[345]
upsample_destination_desc_bits_o[346]
upsample_destination_desc_bits_o[347]
upsample_destination_desc_bits_o[348]
upsample_destination_desc_bits_o[349]
upsample_destination_desc_bits_o[34]
upsample_destination_desc_bits_o[350]
upsample_destination_desc_bits_o[351]
upsample_destination_desc_bits_o[352]
upsample_destination_desc_bits_o[353]
upsample_destination_desc_bits_o[354]
upsample_destination_desc_bits_o[355]
upsample_destination_desc_bits_o[356]
upsample_destination_desc_bits_o[357]
upsample_destination_desc_bits_o[358]
upsample_destination_desc_bits_o[359]
upsample_destination_desc_bits_o[35]
upsample_destination_desc_bits_o[360]
upsample_destination_desc_bits_o[361]
upsample_destination_desc_bits_o[362]
upsample_destination_desc_bits_o[363]
upsample_destination_desc_bits_o[364]
upsample_destination_desc_bits_o[365]
upsample_destination_desc_bits_o[366]
upsample_destination_desc_bits_o[367]
upsample_destination_desc_bits_o[368]
upsample_destination_desc_bits_o[369]
upsample_destination_desc_bits_o[36]
upsample_destination_desc_bits_o[370]
upsample_destination_desc_bits_o[371]
upsample_destination_desc_bits_o[372]
upsample_destination_desc_bits_o[373]
upsample_destination_desc_bits_o[374]
upsample_destination_desc_bits_o[375]
upsample_destination_desc_bits_o[376]
upsample_destination_desc_bits_o[377]
upsample_destination_desc_bits_o[378]
upsample_destination_desc_bits_o[379]
upsample_destination_desc_bits_o[37]
upsample_destination_desc_bits_o[380]
upsample_destination_desc_bits_o[381]
upsample_destination_desc_bits_o[382]
upsample_destination_desc_bits_o[383]
upsample_destination_desc_bits_o[384]
upsample_destination_desc_bits_o[385]
upsample_destination_desc_bits_o[386]
upsample_destination_desc_bits_o[387]
upsample_destination_desc_bits_o[388]
upsample_destination_desc_bits_o[389]
upsample_destination_desc_bits_o[38]
upsample_destination_desc_bits_o[390]
upsample_destination_desc_bits_o[391]
upsample_destination_desc_bits_o[392]
upsample_destination_desc_bits_o[393]
upsample_destination_desc_bits_o[394]
upsample_destination_desc_bits_o[395]
upsample_destination_desc_bits_o[396]
upsample_destination_desc_bits_o[397]
upsample_destination_desc_bits_o[398]
upsample_destination_desc_bits_o[399]
upsample_destination_desc_bits_o[39]
upsample_destination_desc_bits_o[3]
upsample_destination_desc_bits_o[400]
upsample_destination_desc_bits_o[401]
upsample_destination_desc_bits_o[402]
upsample_destination_desc_bits_o[403]
upsample_destination_desc_bits_o[404]
upsample_destination_desc_bits_o[405]
upsample_destination_desc_bits_o[406]
upsample_destination_desc_bits_o[407]
upsample_destination_desc_bits_o[408]
upsample_destination_desc_bits_o[409]
upsample_destination_desc_bits_o[40]
upsample_destination_desc_bits_o[410]
upsample_destination_desc_bits_o[411]
upsample_destination_desc_bits_o[412]
upsample_destination_desc_bits_o[413]
upsample_destination_desc_bits_o[414]
upsample_destination_desc_bits_o[415]
upsample_destination_desc_bits_o[416]
upsample_destination_desc_bits_o[417]
upsample_destination_desc_bits_o[418]
upsample_destination_desc_bits_o[419]
upsample_destination_desc_bits_o[41]
upsample_destination_desc_bits_o[420]
upsample_destination_desc_bits_o[421]
upsample_destination_desc_bits_o[422]
upsample_destination_desc_bits_o[423]
upsample_destination_desc_bits_o[424]
upsample_destination_desc_bits_o[425]
upsample_destination_desc_bits_o[426]
upsample_destination_desc_bits_o[427]
upsample_destination_desc_bits_o[428]
upsample_destination_desc_bits_o[429]
upsample_destination_desc_bits_o[42]
upsample_destination_desc_bits_o[430]
upsample_destination_desc_bits_o[431]
upsample_destination_desc_bits_o[432]
upsample_destination_desc_bits_o[433]
upsample_destination_desc_bits_o[434]
upsample_destination_desc_bits_o[435]
upsample_destination_desc_bits_o[436]
upsample_destination_desc_bits_o[437]
upsample_destination_desc_bits_o[438]
upsample_destination_desc_bits_o[439]
upsample_destination_desc_bits_o[43]
upsample_destination_desc_bits_o[440]
upsample_destination_desc_bits_o[441]
upsample_destination_desc_bits_o[442]
upsample_destination_desc_bits_o[443]
upsample_destination_desc_bits_o[444]
upsample_destination_desc_bits_o[445]
upsample_destination_desc_bits_o[446]
upsample_destination_desc_bits_o[447]
upsample_destination_desc_bits_o[448]
upsample_destination_desc_bits_o[449]
upsample_destination_desc_bits_o[44]
upsample_destination_desc_bits_o[450]
upsample_destination_desc_bits_o[451]
upsample_destination_desc_bits_o[452]
upsample_destination_desc_bits_o[453]
upsample_destination_desc_bits_o[454]
upsample_destination_desc_bits_o[455]
upsample_destination_desc_bits_o[456]
upsample_destination_desc_bits_o[457]
upsample_destination_desc_bits_o[458]
upsample_destination_desc_bits_o[459]
upsample_destination_desc_bits_o[45]
upsample_destination_desc_bits_o[460]
upsample_destination_desc_bits_o[461]
upsample_destination_desc_bits_o[462]
upsample_destination_desc_bits_o[463]
upsample_destination_desc_bits_o[464]
upsample_destination_desc_bits_o[465]
upsample_destination_desc_bits_o[466]
upsample_destination_desc_bits_o[467]
upsample_destination_desc_bits_o[468]
upsample_destination_desc_bits_o[469]
upsample_destination_desc_bits_o[46]
upsample_destination_desc_bits_o[470]
upsample_destination_desc_bits_o[471]
upsample_destination_desc_bits_o[472]
upsample_destination_desc_bits_o[473]
upsample_destination_desc_bits_o[474]
upsample_destination_desc_bits_o[475]
upsample_destination_desc_bits_o[476]
upsample_destination_desc_bits_o[477]
upsample_destination_desc_bits_o[478]
upsample_destination_desc_bits_o[479]
upsample_destination_desc_bits_o[47]
upsample_destination_desc_bits_o[480]
upsample_destination_desc_bits_o[481]
upsample_destination_desc_bits_o[482]
upsample_destination_desc_bits_o[483]
upsample_destination_desc_bits_o[484]
upsample_destination_desc_bits_o[485]
upsample_destination_desc_bits_o[486]
upsample_destination_desc_bits_o[487]
upsample_destination_desc_bits_o[488]
upsample_destination_desc_bits_o[489]
upsample_destination_desc_bits_o[48]
upsample_destination_desc_bits_o[490]
upsample_destination_desc_bits_o[491]
upsample_destination_desc_bits_o[492]
upsample_destination_desc_bits_o[493]
upsample_destination_desc_bits_o[494]
upsample_destination_desc_bits_o[495]
upsample_destination_desc_bits_o[496]
upsample_destination_desc_bits_o[497]
upsample_destination_desc_bits_o[498]
upsample_destination_desc_bits_o[499]
upsample_destination_desc_bits_o[49]
upsample_destination_desc_bits_o[4]
upsample_destination_desc_bits_o[500]
upsample_destination_desc_bits_o[501]
upsample_destination_desc_bits_o[502]
upsample_destination_desc_bits_o[503]
upsample_destination_desc_bits_o[504]
upsample_destination_desc_bits_o[505]
upsample_destination_desc_bits_o[506]
upsample_destination_desc_bits_o[507]
upsample_destination_desc_bits_o[508]
upsample_destination_desc_bits_o[509]
upsample_destination_desc_bits_o[50]
upsample_destination_desc_bits_o[510]
upsample_destination_desc_bits_o[511]
upsample_destination_desc_bits_o[51]
upsample_destination_desc_bits_o[52]
upsample_destination_desc_bits_o[53]
upsample_destination_desc_bits_o[54]
upsample_destination_desc_bits_o[55]
upsample_destination_desc_bits_o[56]
upsample_destination_desc_bits_o[57]
upsample_destination_desc_bits_o[58]
upsample_destination_desc_bits_o[59]
upsample_destination_desc_bits_o[5]
upsample_destination_desc_bits_o[60]
upsample_destination_desc_bits_o[61]
upsample_destination_desc_bits_o[62]
upsample_destination_desc_bits_o[63]
upsample_destination_desc_bits_o[64]
upsample_destination_desc_bits_o[65]
upsample_destination_desc_bits_o[66]
upsample_destination_desc_bits_o[67]
upsample_destination_desc_bits_o[68]
upsample_destination_desc_bits_o[69]
upsample_destination_desc_bits_o[6]
upsample_destination_desc_bits_o[70]
upsample_destination_desc_bits_o[71]
upsample_destination_desc_bits_o[72]
upsample_destination_desc_bits_o[73]
upsample_destination_desc_bits_o[74]
upsample_destination_desc_bits_o[75]
upsample_destination_desc_bits_o[76]
upsample_destination_desc_bits_o[77]
upsample_destination_desc_bits_o[78]
upsample_destination_desc_bits_o[79]
upsample_destination_desc_bits_o[7]
upsample_destination_desc_bits_o[80]
upsample_destination_desc_bits_o[81]
upsample_destination_desc_bits_o[82]
upsample_destination_desc_bits_o[83]
upsample_destination_desc_bits_o[84]
upsample_destination_desc_bits_o[85]
upsample_destination_desc_bits_o[86]
upsample_destination_desc_bits_o[87]
upsample_destination_desc_bits_o[88]
upsample_destination_desc_bits_o[89]
upsample_destination_desc_bits_o[8]
upsample_destination_desc_bits_o[90]
upsample_destination_desc_bits_o[91]
upsample_destination_desc_bits_o[92]
upsample_destination_desc_bits_o[93]
upsample_destination_desc_bits_o[94]
upsample_destination_desc_bits_o[95]
upsample_destination_desc_bits_o[96]
upsample_destination_desc_bits_o[97]
upsample_destination_desc_bits_o[98]
upsample_destination_desc_bits_o[99]
upsample_destination_desc_bits_o[9]
upsample_source_desc_bits_o[0]
upsample_source_desc_bits_o[100]
upsample_source_desc_bits_o[101]
upsample_source_desc_bits_o[102]
upsample_source_desc_bits_o[103]
upsample_source_desc_bits_o[104]
upsample_source_desc_bits_o[105]
upsample_source_desc_bits_o[106]
upsample_source_desc_bits_o[107]
upsample_source_desc_bits_o[108]
upsample_source_desc_bits_o[109]
upsample_source_desc_bits_o[10]
upsample_source_desc_bits_o[110]
upsample_source_desc_bits_o[111]
upsample_source_desc_bits_o[112]
upsample_source_desc_bits_o[113]
upsample_source_desc_bits_o[114]
upsample_source_desc_bits_o[115]
upsample_source_desc_bits_o[116]
upsample_source_desc_bits_o[117]
upsample_source_desc_bits_o[118]
upsample_source_desc_bits_o[119]
upsample_source_desc_bits_o[11]
upsample_source_desc_bits_o[120]
upsample_source_desc_bits_o[121]
upsample_source_desc_bits_o[122]
upsample_source_desc_bits_o[123]
upsample_source_desc_bits_o[124]
upsample_source_desc_bits_o[125]
upsample_source_desc_bits_o[126]
upsample_source_desc_bits_o[127]
upsample_source_desc_bits_o[128]
upsample_source_desc_bits_o[129]
upsample_source_desc_bits_o[12]
upsample_source_desc_bits_o[130]
upsample_source_desc_bits_o[131]
upsample_source_desc_bits_o[132]
upsample_source_desc_bits_o[133]
upsample_source_desc_bits_o[134]
upsample_source_desc_bits_o[135]
upsample_source_desc_bits_o[136]
upsample_source_desc_bits_o[137]
upsample_source_desc_bits_o[138]
upsample_source_desc_bits_o[139]
upsample_source_desc_bits_o[13]
upsample_source_desc_bits_o[140]
upsample_source_desc_bits_o[141]
upsample_source_desc_bits_o[142]
upsample_source_desc_bits_o[143]
upsample_source_desc_bits_o[144]
upsample_source_desc_bits_o[145]
upsample_source_desc_bits_o[146]
upsample_source_desc_bits_o[147]
upsample_source_desc_bits_o[148]
upsample_source_desc_bits_o[149]
upsample_source_desc_bits_o[14]
upsample_source_desc_bits_o[150]
upsample_source_desc_bits_o[151]
upsample_source_desc_bits_o[152]
upsample_source_desc_bits_o[153]
upsample_source_desc_bits_o[154]
upsample_source_desc_bits_o[155]
upsample_source_desc_bits_o[156]
upsample_source_desc_bits_o[157]
upsample_source_desc_bits_o[158]
upsample_source_desc_bits_o[159]
upsample_source_desc_bits_o[15]
upsample_source_desc_bits_o[160]
upsample_source_desc_bits_o[161]
upsample_source_desc_bits_o[162]
upsample_source_desc_bits_o[163]
upsample_source_desc_bits_o[164]
upsample_source_desc_bits_o[165]
upsample_source_desc_bits_o[166]
upsample_source_desc_bits_o[167]
upsample_source_desc_bits_o[168]
upsample_source_desc_bits_o[169]
upsample_source_desc_bits_o[16]
upsample_source_desc_bits_o[170]
upsample_source_desc_bits_o[171]
upsample_source_desc_bits_o[172]
upsample_source_desc_bits_o[173]
upsample_source_desc_bits_o[174]
upsample_source_desc_bits_o[175]
upsample_source_desc_bits_o[176]
upsample_source_desc_bits_o[177]
upsample_source_desc_bits_o[178]
upsample_source_desc_bits_o[179]
upsample_source_desc_bits_o[17]
upsample_source_desc_bits_o[180]
upsample_source_desc_bits_o[181]
upsample_source_desc_bits_o[182]
upsample_source_desc_bits_o[183]
upsample_source_desc_bits_o[184]
upsample_source_desc_bits_o[185]
upsample_source_desc_bits_o[186]
upsample_source_desc_bits_o[187]
upsample_source_desc_bits_o[188]
upsample_source_desc_bits_o[189]
upsample_source_desc_bits_o[18]
upsample_source_desc_bits_o[190]
upsample_source_desc_bits_o[191]
upsample_source_desc_bits_o[192]
upsample_source_desc_bits_o[193]
upsample_source_desc_bits_o[194]
upsample_source_desc_bits_o[195]
upsample_source_desc_bits_o[196]
upsample_source_desc_bits_o[197]
upsample_source_desc_bits_o[198]
upsample_source_desc_bits_o[199]
upsample_source_desc_bits_o[19]
upsample_source_desc_bits_o[1]
upsample_source_desc_bits_o[200]
upsample_source_desc_bits_o[201]
upsample_source_desc_bits_o[202]
upsample_source_desc_bits_o[203]
upsample_source_desc_bits_o[204]
upsample_source_desc_bits_o[205]
upsample_source_desc_bits_o[206]
upsample_source_desc_bits_o[207]
upsample_source_desc_bits_o[208]
upsample_source_desc_bits_o[209]
upsample_source_desc_bits_o[20]
upsample_source_desc_bits_o[210]
upsample_source_desc_bits_o[211]
upsample_source_desc_bits_o[212]
upsample_source_desc_bits_o[213]
upsample_source_desc_bits_o[214]
upsample_source_desc_bits_o[215]
upsample_source_desc_bits_o[216]
upsample_source_desc_bits_o[217]
upsample_source_desc_bits_o[218]
upsample_source_desc_bits_o[219]
upsample_source_desc_bits_o[21]
upsample_source_desc_bits_o[220]
upsample_source_desc_bits_o[221]
upsample_source_desc_bits_o[222]
upsample_source_desc_bits_o[223]
upsample_source_desc_bits_o[224]
upsample_source_desc_bits_o[225]
upsample_source_desc_bits_o[226]
upsample_source_desc_bits_o[227]
upsample_source_desc_bits_o[228]
upsample_source_desc_bits_o[229]
upsample_source_desc_bits_o[22]
upsample_source_desc_bits_o[230]
upsample_source_desc_bits_o[231]
upsample_source_desc_bits_o[232]
upsample_source_desc_bits_o[233]
upsample_source_desc_bits_o[234]
upsample_source_desc_bits_o[235]
upsample_source_desc_bits_o[236]
upsample_source_desc_bits_o[237]
upsample_source_desc_bits_o[238]
upsample_source_desc_bits_o[239]
upsample_source_desc_bits_o[23]
upsample_source_desc_bits_o[240]
upsample_source_desc_bits_o[241]
upsample_source_desc_bits_o[242]
upsample_source_desc_bits_o[243]
upsample_source_desc_bits_o[244]
upsample_source_desc_bits_o[245]
upsample_source_desc_bits_o[246]
upsample_source_desc_bits_o[247]
upsample_source_desc_bits_o[248]
upsample_source_desc_bits_o[249]
upsample_source_desc_bits_o[24]
upsample_source_desc_bits_o[250]
upsample_source_desc_bits_o[251]
upsample_source_desc_bits_o[252]
upsample_source_desc_bits_o[253]
upsample_source_desc_bits_o[254]
upsample_source_desc_bits_o[255]
upsample_source_desc_bits_o[256]
upsample_source_desc_bits_o[257]
upsample_source_desc_bits_o[258]
upsample_source_desc_bits_o[259]
upsample_source_desc_bits_o[25]
upsample_source_desc_bits_o[260]
upsample_source_desc_bits_o[261]
upsample_source_desc_bits_o[262]
upsample_source_desc_bits_o[263]
upsample_source_desc_bits_o[264]
upsample_source_desc_bits_o[265]
upsample_source_desc_bits_o[266]
upsample_source_desc_bits_o[267]
upsample_source_desc_bits_o[268]
upsample_source_desc_bits_o[269]
upsample_source_desc_bits_o[26]
upsample_source_desc_bits_o[270]
upsample_source_desc_bits_o[271]
upsample_source_desc_bits_o[272]
upsample_source_desc_bits_o[273]
upsample_source_desc_bits_o[274]
upsample_source_desc_bits_o[275]
upsample_source_desc_bits_o[276]
upsample_source_desc_bits_o[277]
upsample_source_desc_bits_o[278]
upsample_source_desc_bits_o[279]
upsample_source_desc_bits_o[27]
upsample_source_desc_bits_o[280]
upsample_source_desc_bits_o[281]
upsample_source_desc_bits_o[282]
upsample_source_desc_bits_o[283]
upsample_source_desc_bits_o[284]
upsample_source_desc_bits_o[285]
upsample_source_desc_bits_o[286]
upsample_source_desc_bits_o[287]
upsample_source_desc_bits_o[288]
upsample_source_desc_bits_o[289]
upsample_source_desc_bits_o[28]
upsample_source_desc_bits_o[290]
upsample_source_desc_bits_o[291]
upsample_source_desc_bits_o[292]
upsample_source_desc_bits_o[293]
upsample_source_desc_bits_o[294]
upsample_source_desc_bits_o[295]
upsample_source_desc_bits_o[296]
upsample_source_desc_bits_o[297]
upsample_source_desc_bits_o[298]
upsample_source_desc_bits_o[299]
upsample_source_desc_bits_o[29]
upsample_source_desc_bits_o[2]
upsample_source_desc_bits_o[300]
upsample_source_desc_bits_o[301]
upsample_source_desc_bits_o[302]
upsample_source_desc_bits_o[303]
upsample_source_desc_bits_o[304]
upsample_source_desc_bits_o[305]
upsample_source_desc_bits_o[306]
upsample_source_desc_bits_o[307]
upsample_source_desc_bits_o[308]
upsample_source_desc_bits_o[309]
upsample_source_desc_bits_o[30]
upsample_source_desc_bits_o[310]
upsample_source_desc_bits_o[311]
upsample_source_desc_bits_o[312]
upsample_source_desc_bits_o[313]
upsample_source_desc_bits_o[314]
upsample_source_desc_bits_o[315]
upsample_source_desc_bits_o[316]
upsample_source_desc_bits_o[317]
upsample_source_desc_bits_o[318]
upsample_source_desc_bits_o[319]
upsample_source_desc_bits_o[31]
upsample_source_desc_bits_o[320]
upsample_source_desc_bits_o[321]
upsample_source_desc_bits_o[322]
upsample_source_desc_bits_o[323]
upsample_source_desc_bits_o[324]
upsample_source_desc_bits_o[325]
upsample_source_desc_bits_o[326]
upsample_source_desc_bits_o[327]
upsample_source_desc_bits_o[328]
upsample_source_desc_bits_o[329]
upsample_source_desc_bits_o[32]
upsample_source_desc_bits_o[330]
upsample_source_desc_bits_o[331]
upsample_source_desc_bits_o[332]
upsample_source_desc_bits_o[333]
upsample_source_desc_bits_o[334]
upsample_source_desc_bits_o[335]
upsample_source_desc_bits_o[336]
upsample_source_desc_bits_o[337]
upsample_source_desc_bits_o[338]
upsample_source_desc_bits_o[339]
upsample_source_desc_bits_o[33]
upsample_source_desc_bits_o[340]
upsample_source_desc_bits_o[341]
upsample_source_desc_bits_o[342]
upsample_source_desc_bits_o[343]
upsample_source_desc_bits_o[344]
upsample_source_desc_bits_o[345]
upsample_source_desc_bits_o[346]
upsample_source_desc_bits_o[347]
upsample_source_desc_bits_o[348]
upsample_source_desc_bits_o[349]
upsample_source_desc_bits_o[34]
upsample_source_desc_bits_o[350]
upsample_source_desc_bits_o[351]
upsample_source_desc_bits_o[352]
upsample_source_desc_bits_o[353]
upsample_source_desc_bits_o[354]
upsample_source_desc_bits_o[355]
upsample_source_desc_bits_o[356]
upsample_source_desc_bits_o[357]
upsample_source_desc_bits_o[358]
upsample_source_desc_bits_o[359]
upsample_source_desc_bits_o[35]
upsample_source_desc_bits_o[360]
upsample_source_desc_bits_o[361]
upsample_source_desc_bits_o[362]
upsample_source_desc_bits_o[363]
upsample_source_desc_bits_o[364]
upsample_source_desc_bits_o[365]
upsample_source_desc_bits_o[366]
upsample_source_desc_bits_o[367]
upsample_source_desc_bits_o[368]
upsample_source_desc_bits_o[369]
upsample_source_desc_bits_o[36]
upsample_source_desc_bits_o[370]
upsample_source_desc_bits_o[371]
upsample_source_desc_bits_o[372]
upsample_source_desc_bits_o[373]
upsample_source_desc_bits_o[374]
upsample_source_desc_bits_o[375]
upsample_source_desc_bits_o[376]
upsample_source_desc_bits_o[377]
upsample_source_desc_bits_o[378]
upsample_source_desc_bits_o[379]
upsample_source_desc_bits_o[37]
upsample_source_desc_bits_o[380]
upsample_source_desc_bits_o[381]
upsample_source_desc_bits_o[382]
upsample_source_desc_bits_o[383]
upsample_source_desc_bits_o[384]
upsample_source_desc_bits_o[385]
upsample_source_desc_bits_o[386]
upsample_source_desc_bits_o[387]
upsample_source_desc_bits_o[388]
upsample_source_desc_bits_o[389]
upsample_source_desc_bits_o[38]
upsample_source_desc_bits_o[390]
upsample_source_desc_bits_o[391]
upsample_source_desc_bits_o[392]
upsample_source_desc_bits_o[393]
upsample_source_desc_bits_o[394]
upsample_source_desc_bits_o[395]
upsample_source_desc_bits_o[396]
upsample_source_desc_bits_o[397]
upsample_source_desc_bits_o[398]
upsample_source_desc_bits_o[399]
upsample_source_desc_bits_o[39]
upsample_source_desc_bits_o[3]
upsample_source_desc_bits_o[400]
upsample_source_desc_bits_o[401]
upsample_source_desc_bits_o[402]
upsample_source_desc_bits_o[403]
upsample_source_desc_bits_o[404]
upsample_source_desc_bits_o[405]
upsample_source_desc_bits_o[406]
upsample_source_desc_bits_o[407]
upsample_source_desc_bits_o[408]
upsample_source_desc_bits_o[409]
upsample_source_desc_bits_o[40]
upsample_source_desc_bits_o[410]
upsample_source_desc_bits_o[411]
upsample_source_desc_bits_o[412]
upsample_source_desc_bits_o[413]
upsample_source_desc_bits_o[414]
upsample_source_desc_bits_o[415]
upsample_source_desc_bits_o[416]
upsample_source_desc_bits_o[417]
upsample_source_desc_bits_o[418]
upsample_source_desc_bits_o[419]
upsample_source_desc_bits_o[41]
upsample_source_desc_bits_o[420]
upsample_source_desc_bits_o[421]
upsample_source_desc_bits_o[422]
upsample_source_desc_bits_o[423]
upsample_source_desc_bits_o[424]
upsample_source_desc_bits_o[425]
upsample_source_desc_bits_o[426]
upsample_source_desc_bits_o[427]
upsample_source_desc_bits_o[428]
upsample_source_desc_bits_o[429]
upsample_source_desc_bits_o[42]
upsample_source_desc_bits_o[430]
upsample_source_desc_bits_o[431]
upsample_source_desc_bits_o[432]
upsample_source_desc_bits_o[433]
upsample_source_desc_bits_o[434]
upsample_source_desc_bits_o[435]
upsample_source_desc_bits_o[436]
upsample_source_desc_bits_o[437]
upsample_source_desc_bits_o[438]
upsample_source_desc_bits_o[439]
upsample_source_desc_bits_o[43]
upsample_source_desc_bits_o[440]
upsample_source_desc_bits_o[441]
upsample_source_desc_bits_o[442]
upsample_source_desc_bits_o[443]
upsample_source_desc_bits_o[444]
upsample_source_desc_bits_o[445]
upsample_source_desc_bits_o[446]
upsample_source_desc_bits_o[447]
upsample_source_desc_bits_o[448]
upsample_source_desc_bits_o[449]
upsample_source_desc_bits_o[44]
upsample_source_desc_bits_o[450]
upsample_source_desc_bits_o[451]
upsample_source_desc_bits_o[452]
upsample_source_desc_bits_o[453]
upsample_source_desc_bits_o[454]
upsample_source_desc_bits_o[455]
upsample_source_desc_bits_o[456]
upsample_source_desc_bits_o[457]
upsample_source_desc_bits_o[458]
upsample_source_desc_bits_o[459]
upsample_source_desc_bits_o[45]
upsample_source_desc_bits_o[460]
upsample_source_desc_bits_o[461]
upsample_source_desc_bits_o[462]
upsample_source_desc_bits_o[463]
upsample_source_desc_bits_o[464]
upsample_source_desc_bits_o[465]
upsample_source_desc_bits_o[466]
upsample_source_desc_bits_o[467]
upsample_source_desc_bits_o[468]
upsample_source_desc_bits_o[469]
upsample_source_desc_bits_o[46]
upsample_source_desc_bits_o[470]
upsample_source_desc_bits_o[471]
upsample_source_desc_bits_o[472]
upsample_source_desc_bits_o[473]
upsample_source_desc_bits_o[474]
upsample_source_desc_bits_o[475]
upsample_source_desc_bits_o[476]
upsample_source_desc_bits_o[477]
upsample_source_desc_bits_o[478]
upsample_source_desc_bits_o[479]
upsample_source_desc_bits_o[47]
upsample_source_desc_bits_o[480]
upsample_source_desc_bits_o[481]
upsample_source_desc_bits_o[482]
upsample_source_desc_bits_o[483]
upsample_source_desc_bits_o[484]
upsample_source_desc_bits_o[485]
upsample_source_desc_bits_o[486]
upsample_source_desc_bits_o[487]
upsample_source_desc_bits_o[488]
upsample_source_desc_bits_o[489]
upsample_source_desc_bits_o[48]
upsample_source_desc_bits_o[490]
upsample_source_desc_bits_o[491]
upsample_source_desc_bits_o[492]
upsample_source_desc_bits_o[493]
upsample_source_desc_bits_o[494]
upsample_source_desc_bits_o[495]
upsample_source_desc_bits_o[496]
upsample_source_desc_bits_o[497]
upsample_source_desc_bits_o[498]
upsample_source_desc_bits_o[499]
upsample_source_desc_bits_o[49]
upsample_source_desc_bits_o[4]
upsample_source_desc_bits_o[500]
upsample_source_desc_bits_o[501]
upsample_source_desc_bits_o[502]
upsample_source_desc_bits_o[503]
upsample_source_desc_bits_o[504]
upsample_source_desc_bits_o[505]
upsample_source_desc_bits_o[506]
upsample_source_desc_bits_o[507]
upsample_source_desc_bits_o[508]
upsample_source_desc_bits_o[509]
upsample_source_desc_bits_o[50]
upsample_source_desc_bits_o[510]
upsample_source_desc_bits_o[511]
upsample_source_desc_bits_o[51]
upsample_source_desc_bits_o[52]
upsample_source_desc_bits_o[53]
upsample_source_desc_bits_o[54]
upsample_source_desc_bits_o[55]
upsample_source_desc_bits_o[56]
upsample_source_desc_bits_o[57]
upsample_source_desc_bits_o[58]
upsample_source_desc_bits_o[59]
upsample_source_desc_bits_o[5]
upsample_source_desc_bits_o[60]
upsample_source_desc_bits_o[61]
upsample_source_desc_bits_o[62]
upsample_source_desc_bits_o[63]
upsample_source_desc_bits_o[64]
upsample_source_desc_bits_o[65]
upsample_source_desc_bits_o[66]
upsample_source_desc_bits_o[67]
upsample_source_desc_bits_o[68]
upsample_source_desc_bits_o[69]
upsample_source_desc_bits_o[6]
upsample_source_desc_bits_o[70]
upsample_source_desc_bits_o[71]
upsample_source_desc_bits_o[72]
upsample_source_desc_bits_o[73]
upsample_source_desc_bits_o[74]
upsample_source_desc_bits_o[75]
upsample_source_desc_bits_o[76]
upsample_source_desc_bits_o[77]
upsample_source_desc_bits_o[78]
upsample_source_desc_bits_o[79]
upsample_source_desc_bits_o[7]
upsample_source_desc_bits_o[80]
upsample_source_desc_bits_o[81]
upsample_source_desc_bits_o[82]
upsample_source_desc_bits_o[83]
upsample_source_desc_bits_o[84]
upsample_source_desc_bits_o[85]
upsample_source_desc_bits_o[86]
upsample_source_desc_bits_o[87]
upsample_source_desc_bits_o[88]
upsample_source_desc_bits_o[89]
upsample_source_desc_bits_o[8]
upsample_source_desc_bits_o[90]
upsample_source_desc_bits_o[91]
upsample_source_desc_bits_o[92]
upsample_source_desc_bits_o[93]
upsample_source_desc_bits_o[94]
upsample_source_desc_bits_o[95]
upsample_source_desc_bits_o[96]
upsample_source_desc_bits_o[97]
upsample_source_desc_bits_o[98]
upsample_source_desc_bits_o[99]
upsample_source_desc_bits_o[9]
upsample_start_valid_o
vec_command_bits_o[0]
vec_command_bits_o[100]
vec_command_bits_o[101]
vec_command_bits_o[102]
vec_command_bits_o[103]
vec_command_bits_o[104]
vec_command_bits_o[105]
vec_command_bits_o[106]
vec_command_bits_o[107]
vec_command_bits_o[108]
vec_command_bits_o[109]
vec_command_bits_o[10]
vec_command_bits_o[110]
vec_command_bits_o[111]
vec_command_bits_o[112]
vec_command_bits_o[113]
vec_command_bits_o[114]
vec_command_bits_o[115]
vec_command_bits_o[116]
vec_command_bits_o[117]
vec_command_bits_o[118]
vec_command_bits_o[119]
vec_command_bits_o[11]
vec_command_bits_o[120]
vec_command_bits_o[121]
vec_command_bits_o[122]
vec_command_bits_o[123]
vec_command_bits_o[124]
vec_command_bits_o[125]
vec_command_bits_o[126]
vec_command_bits_o[127]
vec_command_bits_o[12]
vec_command_bits_o[13]
vec_command_bits_o[14]
vec_command_bits_o[15]
vec_command_bits_o[16]
vec_command_bits_o[17]
vec_command_bits_o[18]
vec_command_bits_o[19]
vec_command_bits_o[1]
vec_command_bits_o[20]
vec_command_bits_o[21]
vec_command_bits_o[22]
vec_command_bits_o[23]
vec_command_bits_o[24]
vec_command_bits_o[25]
vec_command_bits_o[26]
vec_command_bits_o[27]
vec_command_bits_o[28]
vec_command_bits_o[29]
vec_command_bits_o[2]
vec_command_bits_o[30]
vec_command_bits_o[31]
vec_command_bits_o[32]
vec_command_bits_o[33]
vec_command_bits_o[34]
vec_command_bits_o[35]
vec_command_bits_o[36]
vec_command_bits_o[37]
vec_command_bits_o[38]
vec_command_bits_o[39]
vec_command_bits_o[3]
vec_command_bits_o[40]
vec_command_bits_o[41]
vec_command_bits_o[42]
vec_command_bits_o[43]
vec_command_bits_o[44]
vec_command_bits_o[45]
vec_command_bits_o[46]
vec_command_bits_o[47]
vec_command_bits_o[48]
vec_command_bits_o[49]
vec_command_bits_o[4]
vec_command_bits_o[50]
vec_command_bits_o[51]
vec_command_bits_o[52]
vec_command_bits_o[53]
vec_command_bits_o[54]
vec_command_bits_o[55]
vec_command_bits_o[56]
vec_command_bits_o[57]
vec_command_bits_o[58]
vec_command_bits_o[59]
vec_command_bits_o[5]
vec_command_bits_o[60]
vec_command_bits_o[61]
vec_command_bits_o[62]
vec_command_bits_o[63]
vec_command_bits_o[64]
vec_command_bits_o[65]
vec_command_bits_o[66]
vec_command_bits_o[67]
vec_command_bits_o[68]
vec_command_bits_o[69]
vec_command_bits_o[6]
vec_command_bits_o[70]
vec_command_bits_o[71]
vec_command_bits_o[72]
vec_command_bits_o[73]
vec_command_bits_o[74]
vec_command_bits_o[75]
vec_command_bits_o[76]
vec_command_bits_o[77]
vec_command_bits_o[78]
vec_command_bits_o[79]
vec_command_bits_o[7]
vec_command_bits_o[80]
vec_command_bits_o[81]
vec_command_bits_o[82]
vec_command_bits_o[83]
vec_command_bits_o[84]
vec_command_bits_o[85]
vec_command_bits_o[86]
vec_command_bits_o[87]
vec_command_bits_o[88]
vec_command_bits_o[89]
vec_command_bits_o[8]
vec_command_bits_o[90]
vec_command_bits_o[91]
vec_command_bits_o[92]
vec_command_bits_o[93]
vec_command_bits_o[94]
vec_command_bits_o[95]
vec_command_bits_o[96]
vec_command_bits_o[97]
vec_command_bits_o[98]
vec_command_bits_o[99]
vec_command_bits_o[9]
vec_operator_desc_bits_o[0]
vec_operator_desc_bits_o[100]
vec_operator_desc_bits_o[101]
vec_operator_desc_bits_o[102]
vec_operator_desc_bits_o[103]
vec_operator_desc_bits_o[104]
vec_operator_desc_bits_o[105]
vec_operator_desc_bits_o[106]
vec_operator_desc_bits_o[107]
vec_operator_desc_bits_o[108]
vec_operator_desc_bits_o[109]
vec_operator_desc_bits_o[10]
vec_operator_desc_bits_o[110]
vec_operator_desc_bits_o[111]
vec_operator_desc_bits_o[112]
vec_operator_desc_bits_o[113]
vec_operator_desc_bits_o[114]
vec_operator_desc_bits_o[115]
vec_operator_desc_bits_o[116]
vec_operator_desc_bits_o[117]
vec_operator_desc_bits_o[118]
vec_operator_desc_bits_o[119]
vec_operator_desc_bits_o[11]
vec_operator_desc_bits_o[120]
vec_operator_desc_bits_o[121]
vec_operator_desc_bits_o[122]
vec_operator_desc_bits_o[123]
vec_operator_desc_bits_o[124]
vec_operator_desc_bits_o[125]
vec_operator_desc_bits_o[126]
vec_operator_desc_bits_o[127]
vec_operator_desc_bits_o[128]
vec_operator_desc_bits_o[129]
vec_operator_desc_bits_o[12]
vec_operator_desc_bits_o[130]
vec_operator_desc_bits_o[131]
vec_operator_desc_bits_o[132]
vec_operator_desc_bits_o[133]
vec_operator_desc_bits_o[134]
vec_operator_desc_bits_o[135]
vec_operator_desc_bits_o[136]
vec_operator_desc_bits_o[137]
vec_operator_desc_bits_o[138]
vec_operator_desc_bits_o[139]
vec_operator_desc_bits_o[13]
vec_operator_desc_bits_o[140]
vec_operator_desc_bits_o[141]
vec_operator_desc_bits_o[142]
vec_operator_desc_bits_o[143]
vec_operator_desc_bits_o[144]
vec_operator_desc_bits_o[145]
vec_operator_desc_bits_o[146]
vec_operator_desc_bits_o[147]
vec_operator_desc_bits_o[148]
vec_operator_desc_bits_o[149]
vec_operator_desc_bits_o[14]
vec_operator_desc_bits_o[150]
vec_operator_desc_bits_o[151]
vec_operator_desc_bits_o[152]
vec_operator_desc_bits_o[153]
vec_operator_desc_bits_o[154]
vec_operator_desc_bits_o[155]
vec_operator_desc_bits_o[156]
vec_operator_desc_bits_o[157]
vec_operator_desc_bits_o[158]
vec_operator_desc_bits_o[159]
vec_operator_desc_bits_o[15]
vec_operator_desc_bits_o[160]
vec_operator_desc_bits_o[161]
vec_operator_desc_bits_o[162]
vec_operator_desc_bits_o[163]
vec_operator_desc_bits_o[164]
vec_operator_desc_bits_o[165]
vec_operator_desc_bits_o[166]
vec_operator_desc_bits_o[167]
vec_operator_desc_bits_o[168]
vec_operator_desc_bits_o[169]
vec_operator_desc_bits_o[16]
vec_operator_desc_bits_o[170]
vec_operator_desc_bits_o[171]
vec_operator_desc_bits_o[172]
vec_operator_desc_bits_o[173]
vec_operator_desc_bits_o[174]
vec_operator_desc_bits_o[175]
vec_operator_desc_bits_o[176]
vec_operator_desc_bits_o[177]
vec_operator_desc_bits_o[178]
vec_operator_desc_bits_o[179]
vec_operator_desc_bits_o[17]
vec_operator_desc_bits_o[180]
vec_operator_desc_bits_o[181]
vec_operator_desc_bits_o[182]
vec_operator_desc_bits_o[183]
vec_operator_desc_bits_o[184]
vec_operator_desc_bits_o[185]
vec_operator_desc_bits_o[186]
vec_operator_desc_bits_o[187]
vec_operator_desc_bits_o[188]
vec_operator_desc_bits_o[189]
vec_operator_desc_bits_o[18]
vec_operator_desc_bits_o[190]
vec_operator_desc_bits_o[191]
vec_operator_desc_bits_o[192]
vec_operator_desc_bits_o[193]
vec_operator_desc_bits_o[194]
vec_operator_desc_bits_o[195]
vec_operator_desc_bits_o[196]
vec_operator_desc_bits_o[197]
vec_operator_desc_bits_o[198]
vec_operator_desc_bits_o[199]
vec_operator_desc_bits_o[19]
vec_operator_desc_bits_o[1]
vec_operator_desc_bits_o[200]
vec_operator_desc_bits_o[201]
vec_operator_desc_bits_o[202]
vec_operator_desc_bits_o[203]
vec_operator_desc_bits_o[204]
vec_operator_desc_bits_o[205]
vec_operator_desc_bits_o[206]
vec_operator_desc_bits_o[207]
vec_operator_desc_bits_o[208]
vec_operator_desc_bits_o[209]
vec_operator_desc_bits_o[20]
vec_operator_desc_bits_o[210]
vec_operator_desc_bits_o[211]
vec_operator_desc_bits_o[212]
vec_operator_desc_bits_o[213]
vec_operator_desc_bits_o[214]
vec_operator_desc_bits_o[215]
vec_operator_desc_bits_o[216]
vec_operator_desc_bits_o[217]
vec_operator_desc_bits_o[218]
vec_operator_desc_bits_o[219]
vec_operator_desc_bits_o[21]
vec_operator_desc_bits_o[220]
vec_operator_desc_bits_o[221]
vec_operator_desc_bits_o[222]
vec_operator_desc_bits_o[223]
vec_operator_desc_bits_o[224]
vec_operator_desc_bits_o[225]
vec_operator_desc_bits_o[226]
vec_operator_desc_bits_o[227]
vec_operator_desc_bits_o[228]
vec_operator_desc_bits_o[229]
vec_operator_desc_bits_o[22]
vec_operator_desc_bits_o[230]
vec_operator_desc_bits_o[231]
vec_operator_desc_bits_o[232]
vec_operator_desc_bits_o[233]
vec_operator_desc_bits_o[234]
vec_operator_desc_bits_o[235]
vec_operator_desc_bits_o[236]
vec_operator_desc_bits_o[237]
vec_operator_desc_bits_o[238]
vec_operator_desc_bits_o[239]
vec_operator_desc_bits_o[23]
vec_operator_desc_bits_o[240]
vec_operator_desc_bits_o[241]
vec_operator_desc_bits_o[242]
vec_operator_desc_bits_o[243]
vec_operator_desc_bits_o[244]
vec_operator_desc_bits_o[245]
vec_operator_desc_bits_o[246]
vec_operator_desc_bits_o[247]
vec_operator_desc_bits_o[248]
vec_operator_desc_bits_o[249]
vec_operator_desc_bits_o[24]
vec_operator_desc_bits_o[250]
vec_operator_desc_bits_o[251]
vec_operator_desc_bits_o[252]
vec_operator_desc_bits_o[253]
vec_operator_desc_bits_o[254]
vec_operator_desc_bits_o[255]
vec_operator_desc_bits_o[256]
vec_operator_desc_bits_o[257]
vec_operator_desc_bits_o[258]
vec_operator_desc_bits_o[259]
vec_operator_desc_bits_o[25]
vec_operator_desc_bits_o[260]
vec_operator_desc_bits_o[261]
vec_operator_desc_bits_o[262]
vec_operator_desc_bits_o[263]
vec_operator_desc_bits_o[264]
vec_operator_desc_bits_o[265]
vec_operator_desc_bits_o[266]
vec_operator_desc_bits_o[267]
vec_operator_desc_bits_o[268]
vec_operator_desc_bits_o[269]
vec_operator_desc_bits_o[26]
vec_operator_desc_bits_o[270]
vec_operator_desc_bits_o[271]
vec_operator_desc_bits_o[272]
vec_operator_desc_bits_o[273]
vec_operator_desc_bits_o[274]
vec_operator_desc_bits_o[275]
vec_operator_desc_bits_o[276]
vec_operator_desc_bits_o[277]
vec_operator_desc_bits_o[278]
vec_operator_desc_bits_o[279]
vec_operator_desc_bits_o[27]
vec_operator_desc_bits_o[280]
vec_operator_desc_bits_o[281]
vec_operator_desc_bits_o[282]
vec_operator_desc_bits_o[283]
vec_operator_desc_bits_o[284]
vec_operator_desc_bits_o[285]
vec_operator_desc_bits_o[286]
vec_operator_desc_bits_o[287]
vec_operator_desc_bits_o[288]
vec_operator_desc_bits_o[289]
vec_operator_desc_bits_o[28]
vec_operator_desc_bits_o[290]
vec_operator_desc_bits_o[291]
vec_operator_desc_bits_o[292]
vec_operator_desc_bits_o[293]
vec_operator_desc_bits_o[294]
vec_operator_desc_bits_o[295]
vec_operator_desc_bits_o[296]
vec_operator_desc_bits_o[297]
vec_operator_desc_bits_o[298]
vec_operator_desc_bits_o[299]
vec_operator_desc_bits_o[29]
vec_operator_desc_bits_o[2]
vec_operator_desc_bits_o[300]
vec_operator_desc_bits_o[301]
vec_operator_desc_bits_o[302]
vec_operator_desc_bits_o[303]
vec_operator_desc_bits_o[304]
vec_operator_desc_bits_o[305]
vec_operator_desc_bits_o[306]
vec_operator_desc_bits_o[307]
vec_operator_desc_bits_o[308]
vec_operator_desc_bits_o[309]
vec_operator_desc_bits_o[30]
vec_operator_desc_bits_o[310]
vec_operator_desc_bits_o[311]
vec_operator_desc_bits_o[312]
vec_operator_desc_bits_o[313]
vec_operator_desc_bits_o[314]
vec_operator_desc_bits_o[315]
vec_operator_desc_bits_o[316]
vec_operator_desc_bits_o[317]
vec_operator_desc_bits_o[318]
vec_operator_desc_bits_o[319]
vec_operator_desc_bits_o[31]
vec_operator_desc_bits_o[320]
vec_operator_desc_bits_o[321]
vec_operator_desc_bits_o[322]
vec_operator_desc_bits_o[323]
vec_operator_desc_bits_o[324]
vec_operator_desc_bits_o[325]
vec_operator_desc_bits_o[326]
vec_operator_desc_bits_o[327]
vec_operator_desc_bits_o[328]
vec_operator_desc_bits_o[329]
vec_operator_desc_bits_o[32]
vec_operator_desc_bits_o[330]
vec_operator_desc_bits_o[331]
vec_operator_desc_bits_o[332]
vec_operator_desc_bits_o[333]
vec_operator_desc_bits_o[334]
vec_operator_desc_bits_o[335]
vec_operator_desc_bits_o[336]
vec_operator_desc_bits_o[337]
vec_operator_desc_bits_o[338]
vec_operator_desc_bits_o[339]
vec_operator_desc_bits_o[33]
vec_operator_desc_bits_o[340]
vec_operator_desc_bits_o[341]
vec_operator_desc_bits_o[342]
vec_operator_desc_bits_o[343]
vec_operator_desc_bits_o[344]
vec_operator_desc_bits_o[345]
vec_operator_desc_bits_o[346]
vec_operator_desc_bits_o[347]
vec_operator_desc_bits_o[348]
vec_operator_desc_bits_o[349]
vec_operator_desc_bits_o[34]
vec_operator_desc_bits_o[350]
vec_operator_desc_bits_o[351]
vec_operator_desc_bits_o[352]
vec_operator_desc_bits_o[353]
vec_operator_desc_bits_o[354]
vec_operator_desc_bits_o[355]
vec_operator_desc_bits_o[356]
vec_operator_desc_bits_o[357]
vec_operator_desc_bits_o[358]
vec_operator_desc_bits_o[359]
vec_operator_desc_bits_o[35]
vec_operator_desc_bits_o[360]
vec_operator_desc_bits_o[361]
vec_operator_desc_bits_o[362]
vec_operator_desc_bits_o[363]
vec_operator_desc_bits_o[364]
vec_operator_desc_bits_o[365]
vec_operator_desc_bits_o[366]
vec_operator_desc_bits_o[367]
vec_operator_desc_bits_o[368]
vec_operator_desc_bits_o[369]
vec_operator_desc_bits_o[36]
vec_operator_desc_bits_o[370]
vec_operator_desc_bits_o[371]
vec_operator_desc_bits_o[372]
vec_operator_desc_bits_o[373]
vec_operator_desc_bits_o[374]
vec_operator_desc_bits_o[375]
vec_operator_desc_bits_o[376]
vec_operator_desc_bits_o[377]
vec_operator_desc_bits_o[378]
vec_operator_desc_bits_o[379]
vec_operator_desc_bits_o[37]
vec_operator_desc_bits_o[380]
vec_operator_desc_bits_o[381]
vec_operator_desc_bits_o[382]
vec_operator_desc_bits_o[383]
vec_operator_desc_bits_o[384]
vec_operator_desc_bits_o[385]
vec_operator_desc_bits_o[386]
vec_operator_desc_bits_o[387]
vec_operator_desc_bits_o[388]
vec_operator_desc_bits_o[389]
vec_operator_desc_bits_o[38]
vec_operator_desc_bits_o[390]
vec_operator_desc_bits_o[391]
vec_operator_desc_bits_o[392]
vec_operator_desc_bits_o[393]
vec_operator_desc_bits_o[394]
vec_operator_desc_bits_o[395]
vec_operator_desc_bits_o[396]
vec_operator_desc_bits_o[397]
vec_operator_desc_bits_o[398]
vec_operator_desc_bits_o[399]
vec_operator_desc_bits_o[39]
vec_operator_desc_bits_o[3]
vec_operator_desc_bits_o[400]
vec_operator_desc_bits_o[401]
vec_operator_desc_bits_o[402]
vec_operator_desc_bits_o[403]
vec_operator_desc_bits_o[404]
vec_operator_desc_bits_o[405]
vec_operator_desc_bits_o[406]
vec_operator_desc_bits_o[407]
vec_operator_desc_bits_o[408]
vec_operator_desc_bits_o[409]
vec_operator_desc_bits_o[40]
vec_operator_desc_bits_o[410]
vec_operator_desc_bits_o[411]
vec_operator_desc_bits_o[412]
vec_operator_desc_bits_o[413]
vec_operator_desc_bits_o[414]
vec_operator_desc_bits_o[415]
vec_operator_desc_bits_o[416]
vec_operator_desc_bits_o[417]
vec_operator_desc_bits_o[418]
vec_operator_desc_bits_o[419]
vec_operator_desc_bits_o[41]
vec_operator_desc_bits_o[420]
vec_operator_desc_bits_o[421]
vec_operator_desc_bits_o[422]
vec_operator_desc_bits_o[423]
vec_operator_desc_bits_o[424]
vec_operator_desc_bits_o[425]
vec_operator_desc_bits_o[426]
vec_operator_desc_bits_o[427]
vec_operator_desc_bits_o[428]
vec_operator_desc_bits_o[429]
vec_operator_desc_bits_o[42]
vec_operator_desc_bits_o[430]
vec_operator_desc_bits_o[431]
vec_operator_desc_bits_o[432]
vec_operator_desc_bits_o[433]
vec_operator_desc_bits_o[434]
vec_operator_desc_bits_o[435]
vec_operator_desc_bits_o[436]
vec_operator_desc_bits_o[437]
vec_operator_desc_bits_o[438]
vec_operator_desc_bits_o[439]
vec_operator_desc_bits_o[43]
vec_operator_desc_bits_o[440]
vec_operator_desc_bits_o[441]
vec_operator_desc_bits_o[442]
vec_operator_desc_bits_o[443]
vec_operator_desc_bits_o[444]
vec_operator_desc_bits_o[445]
vec_operator_desc_bits_o[446]
vec_operator_desc_bits_o[447]
vec_operator_desc_bits_o[448]
vec_operator_desc_bits_o[449]
vec_operator_desc_bits_o[44]
vec_operator_desc_bits_o[450]
vec_operator_desc_bits_o[451]
vec_operator_desc_bits_o[452]
vec_operator_desc_bits_o[453]
vec_operator_desc_bits_o[454]
vec_operator_desc_bits_o[455]
vec_operator_desc_bits_o[456]
vec_operator_desc_bits_o[457]
vec_operator_desc_bits_o[458]
vec_operator_desc_bits_o[459]
vec_operator_desc_bits_o[45]
vec_operator_desc_bits_o[460]
vec_operator_desc_bits_o[461]
vec_operator_desc_bits_o[462]
vec_operator_desc_bits_o[463]
vec_operator_desc_bits_o[464]
vec_operator_desc_bits_o[465]
vec_operator_desc_bits_o[466]
vec_operator_desc_bits_o[467]
vec_operator_desc_bits_o[468]
vec_operator_desc_bits_o[469]
vec_operator_desc_bits_o[46]
vec_operator_desc_bits_o[470]
vec_operator_desc_bits_o[471]
vec_operator_desc_bits_o[472]
vec_operator_desc_bits_o[473]
vec_operator_desc_bits_o[474]
vec_operator_desc_bits_o[475]
vec_operator_desc_bits_o[476]
vec_operator_desc_bits_o[477]
vec_operator_desc_bits_o[478]
vec_operator_desc_bits_o[479]
vec_operator_desc_bits_o[47]
vec_operator_desc_bits_o[480]
vec_operator_desc_bits_o[481]
vec_operator_desc_bits_o[482]
vec_operator_desc_bits_o[483]
vec_operator_desc_bits_o[484]
vec_operator_desc_bits_o[485]
vec_operator_desc_bits_o[486]
vec_operator_desc_bits_o[487]
vec_operator_desc_bits_o[488]
vec_operator_desc_bits_o[489]
vec_operator_desc_bits_o[48]
vec_operator_desc_bits_o[490]
vec_operator_desc_bits_o[491]
vec_operator_desc_bits_o[492]
vec_operator_desc_bits_o[493]
vec_operator_desc_bits_o[494]
vec_operator_desc_bits_o[495]
vec_operator_desc_bits_o[496]
vec_operator_desc_bits_o[497]
vec_operator_desc_bits_o[498]
vec_operator_desc_bits_o[499]
vec_operator_desc_bits_o[49]
vec_operator_desc_bits_o[4]
vec_operator_desc_bits_o[500]
vec_operator_desc_bits_o[501]
vec_operator_desc_bits_o[502]
vec_operator_desc_bits_o[503]
vec_operator_desc_bits_o[504]
vec_operator_desc_bits_o[505]
vec_operator_desc_bits_o[506]
vec_operator_desc_bits_o[507]
vec_operator_desc_bits_o[508]
vec_operator_desc_bits_o[509]
vec_operator_desc_bits_o[50]
vec_operator_desc_bits_o[510]
vec_operator_desc_bits_o[511]
vec_operator_desc_bits_o[51]
vec_operator_desc_bits_o[52]
vec_operator_desc_bits_o[53]
vec_operator_desc_bits_o[54]
vec_operator_desc_bits_o[55]
vec_operator_desc_bits_o[56]
vec_operator_desc_bits_o[57]
vec_operator_desc_bits_o[58]
vec_operator_desc_bits_o[59]
vec_operator_desc_bits_o[5]
vec_operator_desc_bits_o[60]
vec_operator_desc_bits_o[61]
vec_operator_desc_bits_o[62]
vec_operator_desc_bits_o[63]
vec_operator_desc_bits_o[64]
vec_operator_desc_bits_o[65]
vec_operator_desc_bits_o[66]
vec_operator_desc_bits_o[67]
vec_operator_desc_bits_o[68]
vec_operator_desc_bits_o[69]
vec_operator_desc_bits_o[6]
vec_operator_desc_bits_o[70]
vec_operator_desc_bits_o[71]
vec_operator_desc_bits_o[72]
vec_operator_desc_bits_o[73]
vec_operator_desc_bits_o[74]
vec_operator_desc_bits_o[75]
vec_operator_desc_bits_o[76]
vec_operator_desc_bits_o[77]
vec_operator_desc_bits_o[78]
vec_operator_desc_bits_o[79]
vec_operator_desc_bits_o[7]
vec_operator_desc_bits_o[80]
vec_operator_desc_bits_o[81]
vec_operator_desc_bits_o[82]
vec_operator_desc_bits_o[83]
vec_operator_desc_bits_o[84]
vec_operator_desc_bits_o[85]
vec_operator_desc_bits_o[86]
vec_operator_desc_bits_o[87]
vec_operator_desc_bits_o[88]
vec_operator_desc_bits_o[89]
vec_operator_desc_bits_o[8]
vec_operator_desc_bits_o[90]
vec_operator_desc_bits_o[91]
vec_operator_desc_bits_o[92]
vec_operator_desc_bits_o[93]
vec_operator_desc_bits_o[94]
vec_operator_desc_bits_o[95]
vec_operator_desc_bits_o[96]
vec_operator_desc_bits_o[97]
vec_operator_desc_bits_o[98]
vec_operator_desc_bits_o[99]
vec_operator_desc_bits_o[9]
vec_start_valid_o
vector_command_ready_o
vector_sync_done_o

 There are 0 ports with no output delay but user has a false path constraint

 There are 0 ports with no output delay but with a timing clock defined on it or propagating through it


7. checking multiple_clock (0)
------------------------------
 There are 0 register/latch pins with multiple clocks.


8. checking generated_clocks (0)
--------------------------------
 There are 0 generated clocks that are not connected to a clock source.


9. checking loops (0)
---------------------
 There are 0 combinational loops in the design.


10. checking partial_input_delay (0)
------------------------------------
 There are 0 input ports with partial input delay specified.


11. checking partial_output_delay (0)
-------------------------------------
 There are 0 ports with partial output delay specified.


12. checking latch_loops (0)
----------------------------
 There are 0 combinational latch loops in the design through latch input


