Copyright 1986-2022 Xilinx, Inc. All Rights Reserved. Copyright 2022-2026 Advanced Micro Devices, Inc. All Rights Reserved.
-------------------------------------------------------------------------------------------------------------------------------------------------------------------------------------------
| Tool Version : Vivado v.2026.1 (win64) Build 6511674 Tue Jun 16 11:02:23 MDT 2026
| Date         : Tue Sep 15 08:59:29 2026
| Host         : RAW2332 running 64-bit major release  (build 9200)
| Command      : report_timing_summary -delay_type max -max_paths 20 -file D:/WORKBUDDY/STEM/npu-stem-repo/hardware/reports/vivado_2026_1/npu_execution_frontend/timing_summary_100mhz.rpt
| Design       : npu_execution_frontend
| Device       : 7z020-clg400
| Speed File   : -1  PRODUCTION 1.12 2019-11-22
| Design State : Synthesized
-------------------------------------------------------------------------------------------------------------------------------------------------------------------------------------------

Timing Summary Report

------------------------------------------------------------------------------------------------
| Timer Settings
| --------------
------------------------------------------------------------------------------------------------

  Enable Multi Corner Analysis               :  Yes
  Enable Pessimism Removal                   :  Yes
  Pessimism Removal Resolution               :  Nearest Common Node
  Enable Input Delay Default Clock           :  No
  Enable Preset / Clear Arcs                 :  No
  Disable Flight Delays                      :  No
  Ignore I/O Paths                           :  No
  Timing Early Launch at Borrowing Latches   :  No
  Borrow Time for Max Delay Exceptions       :  Yes
  Merge Timing Exceptions                    :  Yes
  Inter-SLR Compensation                     :  Conservative

  Corner  Analyze    Analyze    
  Name    Max Paths  Min Paths  
  ------  ---------  ---------  
  Slow    Yes        Yes        
  Fast    Yes        Yes        


------------------------------------------------------------------------------------------------
| Report Methodology
| ------------------
------------------------------------------------------------------------------------------------

Rule       Severity  Description                    Violations  
---------  --------  -----------------------------  ----------  
TIMING-18  Warning   Missing input or output delay  1000        

Note: This report is based on the most recent report_methodology run and may not be up-to-date. Run report_methodology on the current design for the latest report.



check_timing report

Table of Contents
-----------------
1. checking no_clock (0)
2. checking constant_clock (0)
3. checking pulse_width_clock (0)
4. checking unconstrained_internal_endpoints (0)
5. checking no_input_delay (982)
6. checking no_output_delay (2620)
7. checking multiple_clock (0)
8. checking generated_clocks (0)
9. checking loops (0)
10. checking partial_input_delay (0)
11. checking partial_output_delay (0)
12. checking latch_loops (0)

1. checking no_clock (0)
------------------------
 There are 0 register/latch pins with no clock.


2. checking constant_clock (0)
------------------------------
 There are 0 register/latch pins with constant_clock.


3. checking pulse_width_clock (0)
---------------------------------
 There are 0 register/latch pins which need pulse_width check


4. checking unconstrained_internal_endpoints (0)
------------------------------------------------
 There are 0 pins that are not constrained for maximum delay.

 There are 0 pins that are not constrained for maximum delay due to constant clock.


5. checking no_input_delay (982)
--------------------------------
 There are 982 input ports with no input delay specified. (HIGH)

 There are 0 input ports with no input delay but user has a false path constraint.


6. checking no_output_delay (2620)
----------------------------------
 There are 2620 ports with no output delay specified. (HIGH)

 There are 0 ports with no output delay but user has a false path constraint

 There are 0 ports with no output delay but with a timing clock defined on it or propagating through it


7. checking multiple_clock (0)
------------------------------
 There are 0 register/latch pins with multiple clocks.


8. checking generated_clocks (0)
--------------------------------
 There are 0 generated clocks that are not connected to a clock source.


9. checking loops (0)
---------------------
 There are 0 combinational loops in the design.


10. checking partial_input_delay (0)
------------------------------------
 There are 0 input ports with partial input delay specified.


11. checking partial_output_delay (0)
-------------------------------------
 There are 0 ports with partial output delay specified.


12. checking latch_loops (0)
----------------------------
 There are 0 combinational latch loops in the design through latch input



------------------------------------------------------------------------------------------------
| Design Timing Summary
| ---------------------
------------------------------------------------------------------------------------------------

    WNS(ns)      TNS(ns)  TNS Failing Endpoints  TNS Total Endpoints     WPWS(ns)     TPWS(ns)  TPWS Failing Endpoints  TPWS Total Endpoints  
    -------      -------  ---------------------  -------------------     --------     --------  ----------------------  --------------------  
      3.408        0.000                      0                 6743        4.500        0.000                       0                  4483  


All user specified timing constraints are met.


------------------------------------------------------------------------------------------------
| Clock Summary
| -------------
------------------------------------------------------------------------------------------------

Clock     Waveform(ns)       Period(ns)      Frequency(MHz)
-----     ------------       ----------      --------------
core_clk  {0.000 5.000}      10.000          100.000         


------------------------------------------------------------------------------------------------
| Intra Clock Table
| -----------------
------------------------------------------------------------------------------------------------

Clock             WNS(ns)      TNS(ns)  TNS Failing Endpoints  TNS Total Endpoints     WPWS(ns)     TPWS(ns)  TPWS Failing Endpoints  TPWS Total Endpoints  
-----             -------      -------  ---------------------  -------------------     --------     --------  ----------------------  --------------------  
core_clk            3.408        0.000                      0                 6743        4.500        0.000                       0                  4483  


------------------------------------------------------------------------------------------------
| Inter Clock Table
| -----------------
------------------------------------------------------------------------------------------------

From Clock    To Clock          WNS(ns)      TNS(ns)  TNS Failing Endpoints  TNS Total Endpoints  
----------    --------          -------      -------  ---------------------  -------------------  


------------------------------------------------------------------------------------------------
| Other Path Groups Table
| -----------------------
------------------------------------------------------------------------------------------------

Path Group    From Clock    To Clock          WNS(ns)      TNS(ns)  TNS Failing Endpoints  TNS Total Endpoints  
----------    ----------    --------          -------      -------  ---------------------  -------------------  


------------------------------------------------------------------------------------------------
| Timing Details
| --------------
------------------------------------------------------------------------------------------------


---------------------------------------------------------------------------------------------------
From Clock:  core_clk
  To Clock:  core_clk

Setup :            0  Failing Endpoints,  Worst Slack        3.408ns,  Total Violation        0.000ns
Hold  :           NA  Failing Endpoints,  Worst Slack           NA  ,  Total Violation           NA
PW    :            0  Failing Endpoints,  Worst Slack        4.500ns,  Total Violation        0.000ns
---------------------------------------------------------------------------------------------------


Max Delay Paths
--------------------------------------------------------------------------------------
Slack (MET) :             3.408ns  (required time - arrival time)
  Source:                 FSM_sequential_state_q_reg[2]/C
                            (rising edge-triggered cell FDCE clocked by core_clk  {rise@0.000ns fall@5.000ns period=10.000ns})
  Destination:            descriptor_cache/pending_address_q_reg[0]/CE
                            (rising edge-triggered cell FDCE clocked by core_clk  {rise@0.000ns fall@5.000ns period=10.000ns})
  Path Group:             core_clk
  Path Type:              Setup (Max at Slow Process Corner)
  Requirement:            10.000ns  (core_clk rise@10.000ns - core_clk rise@0.000ns)
  Data Path Delay:        6.339ns  (logic 1.459ns (23.016%)  route 4.880ns (76.984%))
  Logic Levels:           6  (LUT2=1 LUT3=1 LUT4=1 LUT5=1 LUT6=2)
  Clock Path Skew:        -0.049ns (DCD - SCD + CPR)
    Destination Clock Delay (DCD):    0.924ns = ( 10.924 - 10.000 ) 
    Source Clock Delay      (SCD):    0.973ns
    Clock Pessimism Removal (CPR):    0.000ns
  Clock Uncertainty:      0.035ns  ((TSJ^2 + TIJ^2)^1/2 + DJ) / 2 + PE
    Total System Jitter     (TSJ):    0.071ns
    Total Input Jitter      (TIJ):    0.000ns
    Discrete Jitter          (DJ):    0.000ns
    Phase Error              (PE):    0.000ns

    Location             Delay type                Incr(ns)  Path(ns)    Netlist Resource(s)
  -------------------------------------------------------------------    -------------------
                         (clock core_clk rise edge)
                                                      0.000     0.000 r  <hidden>
                                                      0.000     0.000 r  clk_i
                         net (fo=4482, unset)         0.973     0.973    clk_i
                         FDCE                                         r  FSM_sequential_state_q_reg[2]/C
  -------------------------------------------------------------------    -------------------
                         FDCE (Prop_fdce_C_Q)         0.518     1.491 r  FSM_sequential_state_q_reg[2]/Q
                         net (fo=85, unplaced)        0.565     2.056    descriptor_cache/Q[2]
                         LUT2 (Prop_lut2_I0_O)        0.321     2.377 r  descriptor_cache/destination_desc_q[511]_i_2/O
                         net (fo=17, unplaced)        0.505     2.882    descriptor_cache/destination_desc_q[511]_i_2_n_0
                         LUT6 (Prop_lut6_I0_O)        0.124     3.006 r  descriptor_cache/pending_index_q[8]_i_1/O
                         net (fo=5, unplaced)         0.930     3.936    descriptor_cache/pending_index_q[8]_i_1_n_0
                         LUT4 (Prop_lut4_I1_O)        0.124     4.060 r  descriptor_cache/pending_address_q[63]_i_12/O
                         net (fo=4, unplaced)         0.926     4.986    descriptor_cache/pending_address_q[63]_i_12_n_0
                         LUT6 (Prop_lut6_I0_O)        0.124     5.110 r  descriptor_cache/response_bytes_q[6]_i_3/O
                         net (fo=4, unplaced)         0.926     6.036    descriptor_cache/response_bytes_q[6]_i_3_n_0
                         LUT3 (Prop_lut3_I1_O)        0.124     6.160 f  descriptor_cache/pending_address_q[63]_i_6/O
                         net (fo=2, unplaced)         0.460     6.620    descriptor_cache/pending_address_q[63]_i_6_n_0
                         LUT5 (Prop_lut5_I4_O)        0.124     6.744 r  descriptor_cache/pending_address_q[63]_i_1/O
                         net (fo=82, unplaced)        0.568     7.312    descriptor_cache/pending_address_q[63]_i_1_n_0
                         FDCE                                         r  descriptor_cache/pending_address_q_reg[0]/CE
  -------------------------------------------------------------------    -------------------

                         (clock core_clk rise edge)
                                                     10.000    10.000 r  <hidden>
                                                      0.000    10.000 r  clk_i
                         net (fo=4482, unset)         0.924    10.924    descriptor_cache/clk_i
                         FDCE                                         r  descriptor_cache/pending_address_q_reg[0]/C
                         clock pessimism              0.000    10.924    <hidden>
                         clock uncertainty           -0.035    10.889    <hidden>
                         FDCE (Setup_fdce_C_CE)      -0.169    10.720    descriptor_cache/pending_address_q_reg[0]
  -------------------------------------------------------------------
                         required time                         10.720    <hidden>
                         arrival time                          -7.312    <hidden>
  -------------------------------------------------------------------
                         slack                                  3.408    <hidden>

Slack (MET) :             3.408ns  (required time - arrival time)
  Source:                 FSM_sequential_state_q_reg[2]/C
                            (rising edge-triggered cell FDCE clocked by core_clk  {rise@0.000ns fall@5.000ns period=10.000ns})
  Destination:            descriptor_cache/pending_address_q_reg[10]/CE
                            (rising edge-triggered cell FDCE clocked by core_clk  {rise@0.000ns fall@5.000ns period=10.000ns})
  Path Group:             core_clk
  Path Type:              Setup (Max at Slow Process Corner)
  Requirement:            10.000ns  (core_clk rise@10.000ns - core_clk rise@0.000ns)
  Data Path Delay:        6.339ns  (logic 1.459ns (23.016%)  route 4.880ns (76.984%))
  Logic Levels:           6  (LUT2=1 LUT3=1 LUT4=1 LUT5=1 LUT6=2)
  Clock Path Skew:        -0.049ns (DCD - SCD + CPR)
    Destination Clock Delay (DCD):    0.924ns = ( 10.924 - 10.000 ) 
    Source Clock Delay      (SCD):    0.973ns
    Clock Pessimism Removal (CPR):    0.000ns
  Clock Uncertainty:      0.035ns  ((TSJ^2 + TIJ^2)^1/2 + DJ) / 2 + PE
    Total System Jitter     (TSJ):    0.071ns
    Total Input Jitter      (TIJ):    0.000ns
    Discrete Jitter          (DJ):    0.000ns
    Phase Error              (PE):    0.000ns

    Location             Delay type                Incr(ns)  Path(ns)    Netlist Resource(s)
  -------------------------------------------------------------------    -------------------
                         (clock core_clk rise edge)
                                                      0.000     0.000 r  <hidden>
                                                      0.000     0.000 r  clk_i
                         net (fo=4482, unset)         0.973     0.973    clk_i
                         FDCE                                         r  FSM_sequential_state_q_reg[2]/C
  -------------------------------------------------------------------    -------------------
                         FDCE (Prop_fdce_C_Q)         0.518     1.491 r  FSM_sequential_state_q_reg[2]/Q
                         net (fo=85, unplaced)        0.565     2.056    descriptor_cache/Q[2]
                         LUT2 (Prop_lut2_I0_O)        0.321     2.377 r  descriptor_cache/destination_desc_q[511]_i_2/O
                         net (fo=17, unplaced)        0.505     2.882    descriptor_cache/destination_desc_q[511]_i_2_n_0
                         LUT6 (Prop_lut6_I0_O)        0.124     3.006 r  descriptor_cache/pending_index_q[8]_i_1/O
                         net (fo=5, unplaced)         0.930     3.936    descriptor_cache/pending_index_q[8]_i_1_n_0
                         LUT4 (Prop_lut4_I1_O)        0.124     4.060 r  descriptor_cache/pending_address_q[63]_i_12/O
                         net (fo=4, unplaced)         0.926     4.986    descriptor_cache/pending_address_q[63]_i_12_n_0
                         LUT6 (Prop_lut6_I0_O)        0.124     5.110 r  descriptor_cache/response_bytes_q[6]_i_3/O
                         net (fo=4, unplaced)         0.926     6.036    descriptor_cache/response_bytes_q[6]_i_3_n_0
                         LUT3 (Prop_lut3_I1_O)        0.124     6.160 f  descriptor_cache/pending_address_q[63]_i_6/O
                         net (fo=2, unplaced)         0.460     6.620    descriptor_cache/pending_address_q[63]_i_6_n_0
                         LUT5 (Prop_lut5_I4_O)        0.124     6.744 r  descriptor_cache/pending_address_q[63]_i_1/O
                         net (fo=82, unplaced)        0.568     7.312    descriptor_cache/pending_address_q[63]_i_1_n_0
                         FDCE                                         r  descriptor_cache/pending_address_q_reg[10]/CE
  -------------------------------------------------------------------    -------------------

                         (clock core_clk rise edge)
                                                     10.000    10.000 r  <hidden>
                                                      0.000    10.000 r  clk_i
                         net (fo=4482, unset)         0.924    10.924    descriptor_cache/clk_i
                         FDCE                                         r  descriptor_cache/pending_address_q_reg[10]/C
                         clock pessimism              0.000    10.924    <hidden>
                         clock uncertainty           -0.035    10.889    <hidden>
                         FDCE (Setup_fdce_C_CE)      -0.169    10.720    descriptor_cache/pending_address_q_reg[10]
  -------------------------------------------------------------------
                         required time                         10.720    <hidden>
                         arrival time                          -7.312    <hidden>
  -------------------------------------------------------------------
                         slack                                  3.408    <hidden>

Slack (MET) :             3.408ns  (required time - arrival time)
  Source:                 FSM_sequential_state_q_reg[2]/C
                            (rising edge-triggered cell FDCE clocked by core_clk  {rise@0.000ns fall@5.000ns period=10.000ns})
  Destination:            descriptor_cache/pending_address_q_reg[11]/CE
                            (rising edge-triggered cell FDCE clocked by core_clk  {rise@0.000ns fall@5.000ns period=10.000ns})
  Path Group:             core_clk
  Path Type:              Setup (Max at Slow Process Corner)
  Requirement:            10.000ns  (core_clk rise@10.000ns - core_clk rise@0.000ns)
  Data Path Delay:        6.339ns  (logic 1.459ns (23.016%)  route 4.880ns (76.984%))
  Logic Levels:           6  (LUT2=1 LUT3=1 LUT4=1 LUT5=1 LUT6=2)
  Clock Path Skew:        -0.049ns (DCD - SCD + CPR)
    Destination Clock Delay (DCD):    0.924ns = ( 10.924 - 10.000 ) 
    Source Clock Delay      (SCD):    0.973ns
    Clock Pessimism Removal (CPR):    0.000ns
  Clock Uncertainty:      0.035ns  ((TSJ^2 + TIJ^2)^1/2 + DJ) / 2 + PE
    Total System Jitter     (TSJ):    0.071ns
    Total Input Jitter      (TIJ):    0.000ns
    Discrete Jitter          (DJ):    0.000ns
    Phase Error              (PE):    0.000ns

    Location             Delay type                Incr(ns)  Path(ns)    Netlist Resource(s)
  -------------------------------------------------------------------    -------------------
                         (clock core_clk rise edge)
                                                      0.000     0.000 r  <hidden>
                                                      0.000     0.000 r  clk_i
                         net (fo=4482, unset)         0.973     0.973    clk_i
                         FDCE                                         r  FSM_sequential_state_q_reg[2]/C
  -------------------------------------------------------------------    -------------------
                         FDCE (Prop_fdce_C_Q)         0.518     1.491 r  FSM_sequential_state_q_reg[2]/Q
                         net (fo=85, unplaced)        0.565     2.056    descriptor_cache/Q[2]
                         LUT2 (Prop_lut2_I0_O)        0.321     2.377 r  descriptor_cache/destination_desc_q[511]_i_2/O
                         net (fo=17, unplaced)        0.505     2.882    descriptor_cache/destination_desc_q[511]_i_2_n_0
                         LUT6 (Prop_lut6_I0_O)        0.124     3.006 r  descriptor_cache/pending_index_q[8]_i_1/O
                         net (fo=5, unplaced)         0.930     3.936    descriptor_cache/pending_index_q[8]_i_1_n_0
                         LUT4 (Prop_lut4_I1_O)        0.124     4.060 r  descriptor_cache/pending_address_q[63]_i_12/O
                         net (fo=4, unplaced)         0.926     4.986    descriptor_cache/pending_address_q[63]_i_12_n_0
                         LUT6 (Prop_lut6_I0_O)        0.124     5.110 r  descriptor_cache/response_bytes_q[6]_i_3/O
                         net (fo=4, unplaced)         0.926     6.036    descriptor_cache/response_bytes_q[6]_i_3_n_0
                         LUT3 (Prop_lut3_I1_O)        0.124     6.160 f  descriptor_cache/pending_address_q[63]_i_6/O
                         net (fo=2, unplaced)         0.460     6.620    descriptor_cache/pending_address_q[63]_i_6_n_0
                         LUT5 (Prop_lut5_I4_O)        0.124     6.744 r  descriptor_cache/pending_address_q[63]_i_1/O
                         net (fo=82, unplaced)        0.568     7.312    descriptor_cache/pending_address_q[63]_i_1_n_0
                         FDCE                                         r  descriptor_cache/pending_address_q_reg[11]/CE
  -------------------------------------------------------------------    -------------------

                         (clock core_clk rise edge)
                                                     10.000    10.000 r  <hidden>
                                                      0.000    10.000 r  clk_i
                         net (fo=4482, unset)         0.924    10.924    descriptor_cache/clk_i
                         FDCE                                         r  descriptor_cache/pending_address_q_reg[11]/C
                         clock pessimism              0.000    10.924    <hidden>
                         clock uncertainty           -0.035    10.889    <hidden>
                         FDCE (Setup_fdce_C_CE)      -0.169    10.720    descriptor_cache/pending_address_q_reg[11]
  -------------------------------------------------------------------
                         required time                         10.720    <hidden>
                         arrival time                          -7.312    <hidden>
  -------------------------------------------------------------------
                         slack                                  3.408    <hidden>

Slack (MET) :             3.408ns  (required time - arrival time)
  Source:                 FSM_sequential_state_q_reg[2]/C
                            (rising edge-triggered cell FDCE clocked by core_clk  {rise@0.000ns fall@5.000ns period=10.000ns})
  Destination:            descriptor_cache/pending_address_q_reg[12]/CE
                            (rising edge-triggered cell FDCE clocked by core_clk  {rise@0.000ns fall@5.000ns period=10.000ns})
  Path Group:             core_clk
  Path Type:              Setup (Max at Slow Process Corner)
  Requirement:            10.000ns  (core_clk rise@10.000ns - core_clk rise@0.000ns)
  Data Path Delay:        6.339ns  (logic 1.459ns (23.016%)  route 4.880ns (76.984%))
  Logic Levels:           6  (LUT2=1 LUT3=1 LUT4=1 LUT5=1 LUT6=2)
  Clock Path Skew:        -0.049ns (DCD - SCD + CPR)
    Destination Clock Delay (DCD):    0.924ns = ( 10.924 - 10.000 ) 
    Source Clock Delay      (SCD):    0.973ns
    Clock Pessimism Removal (CPR):    0.000ns
  Clock Uncertainty:      0.035ns  ((TSJ^2 + TIJ^2)^1/2 + DJ) / 2 + PE
    Total System Jitter     (TSJ):    0.071ns
    Total Input Jitter      (TIJ):    0.000ns
    Discrete Jitter          (DJ):    0.000ns
    Phase Error              (PE):    0.000ns

    Location             Delay type                Incr(ns)  Path(ns)    Netlist Resource(s)
  -------------------------------------------------------------------    -------------------
                         (clock core_clk rise edge)
                                                      0.000     0.000 r  <hidden>
                                                      0.000     0.000 r  clk_i
                         net (fo=4482, unset)         0.973     0.973    clk_i
                         FDCE                                         r  FSM_sequential_state_q_reg[2]/C
  -------------------------------------------------------------------    -------------------
                         FDCE (Prop_fdce_C_Q)         0.518     1.491 r  FSM_sequential_state_q_reg[2]/Q
                         net (fo=85, unplaced)        0.565     2.056    descriptor_cache/Q[2]
                         LUT2 (Prop_lut2_I0_O)        0.321     2.377 r  descriptor_cache/destination_desc_q[511]_i_2/O
                         net (fo=17, unplaced)        0.505     2.882    descriptor_cache/destination_desc_q[511]_i_2_n_0
                         LUT6 (Prop_lut6_I0_O)        0.124     3.006 r  descriptor_cache/pending_index_q[8]_i_1/O
                         net (fo=5, unplaced)         0.930     3.936    descriptor_cache/pending_index_q[8]_i_1_n_0
                         LUT4 (Prop_lut4_I1_O)        0.124     4.060 r  descriptor_cache/pending_address_q[63]_i_12/O
                         net (fo=4, unplaced)         0.926     4.986    descriptor_cache/pending_address_q[63]_i_12_n_0
                         LUT6 (Prop_lut6_I0_O)        0.124     5.110 r  descriptor_cache/response_bytes_q[6]_i_3/O
                         net (fo=4, unplaced)         0.926     6.036    descriptor_cache/response_bytes_q[6]_i_3_n_0
                         LUT3 (Prop_lut3_I1_O)        0.124     6.160 f  descriptor_cache/pending_address_q[63]_i_6/O
                         net (fo=2, unplaced)         0.460     6.620    descriptor_cache/pending_address_q[63]_i_6_n_0
                         LUT5 (Prop_lut5_I4_O)        0.124     6.744 r  descriptor_cache/pending_address_q[63]_i_1/O
                         net (fo=82, unplaced)        0.568     7.312    descriptor_cache/pending_address_q[63]_i_1_n_0
                         FDCE                                         r  descriptor_cache/pending_address_q_reg[12]/CE
  -------------------------------------------------------------------    -------------------

                         (clock core_clk rise edge)
                                                     10.000    10.000 r  <hidden>
                                                      0.000    10.000 r  clk_i
                         net (fo=4482, unset)         0.924    10.924    descriptor_cache/clk_i
                         FDCE                                         r  descriptor_cache/pending_address_q_reg[12]/C
                         clock pessimism              0.000    10.924    <hidden>
                         clock uncertainty           -0.035    10.889    <hidden>
                         FDCE (Setup_fdce_C_CE)      -0.169    10.720    descriptor_cache/pending_address_q_reg[12]
  -------------------------------------------------------------------
                         required time                         10.720    <hidden>
                         arrival time                          -7.312    <hidden>
  -------------------------------------------------------------------
                         slack                                  3.408    <hidden>

Slack (MET) :             3.408ns  (required time - arrival time)
  Source:                 FSM_sequential_state_q_reg[2]/C
                            (rising edge-triggered cell FDCE clocked by core_clk  {rise@0.000ns fall@5.000ns period=10.000ns})
  Destination:            descriptor_cache/pending_address_q_reg[13]/CE
                            (rising edge-triggered cell FDCE clocked by core_clk  {rise@0.000ns fall@5.000ns period=10.000ns})
  Path Group:             core_clk
  Path Type:              Setup (Max at Slow Process Corner)
  Requirement:            10.000ns  (core_clk rise@10.000ns - core_clk rise@0.000ns)
  Data Path Delay:        6.339ns  (logic 1.459ns (23.016%)  route 4.880ns (76.984%))
  Logic Levels:           6  (LUT2=1 LUT3=1 LUT4=1 LUT5=1 LUT6=2)
  Clock Path Skew:        -0.049ns (DCD - SCD + CPR)
    Destination Clock Delay (DCD):    0.924ns = ( 10.924 - 10.000 ) 
    Source Clock Delay      (SCD):    0.973ns
    Clock Pessimism Removal (CPR):    0.000ns
  Clock Uncertainty:      0.035ns  ((TSJ^2 + TIJ^2)^1/2 + DJ) / 2 + PE
    Total System Jitter     (TSJ):    0.071ns
    Total Input Jitter      (TIJ):    0.000ns
    Discrete Jitter          (DJ):    0.000ns
    Phase Error              (PE):    0.000ns

    Location             Delay type                Incr(ns)  Path(ns)    Netlist Resource(s)
  -------------------------------------------------------------------    -------------------
                         (clock core_clk rise edge)
                                                      0.000     0.000 r  <hidden>
                                                      0.000     0.000 r  clk_i
                         net (fo=4482, unset)         0.973     0.973    clk_i
                         FDCE                                         r  FSM_sequential_state_q_reg[2]/C
  -------------------------------------------------------------------    -------------------
                         FDCE (Prop_fdce_C_Q)         0.518     1.491 r  FSM_sequential_state_q_reg[2]/Q
                         net (fo=85, unplaced)        0.565     2.056    descriptor_cache/Q[2]
                         LUT2 (Prop_lut2_I0_O)        0.321     2.377 r  descriptor_cache/destination_desc_q[511]_i_2/O
                         net (fo=17, unplaced)        0.505     2.882    descriptor_cache/destination_desc_q[511]_i_2_n_0
                         LUT6 (Prop_lut6_I0_O)        0.124     3.006 r  descriptor_cache/pending_index_q[8]_i_1/O
                         net (fo=5, unplaced)         0.930     3.936    descriptor_cache/pending_index_q[8]_i_1_n_0
                         LUT4 (Prop_lut4_I1_O)        0.124     4.060 r  descriptor_cache/pending_address_q[63]_i_12/O
                         net (fo=4, unplaced)         0.926     4.986    descriptor_cache/pending_address_q[63]_i_12_n_0
                         LUT6 (Prop_lut6_I0_O)        0.124     5.110 r  descriptor_cache/response_bytes_q[6]_i_3/O
                         net (fo=4, unplaced)         0.926     6.036    descriptor_cache/response_bytes_q[6]_i_3_n_0
                         LUT3 (Prop_lut3_I1_O)        0.124     6.160 f  descriptor_cache/pending_address_q[63]_i_6/O
                         net (fo=2, unplaced)         0.460     6.620    descriptor_cache/pending_address_q[63]_i_6_n_0
                         LUT5 (Prop_lut5_I4_O)        0.124     6.744 r  descriptor_cache/pending_address_q[63]_i_1/O
                         net (fo=82, unplaced)        0.568     7.312    descriptor_cache/pending_address_q[63]_i_1_n_0
                         FDCE                                         r  descriptor_cache/pending_address_q_reg[13]/CE
  -------------------------------------------------------------------    -------------------

                         (clock core_clk rise edge)
                                                     10.000    10.000 r  <hidden>
                                                      0.000    10.000 r  clk_i
                         net (fo=4482, unset)         0.924    10.924    descriptor_cache/clk_i
                         FDCE                                         r  descriptor_cache/pending_address_q_reg[13]/C
                         clock pessimism              0.000    10.924    <hidden>
                         clock uncertainty           -0.035    10.889    <hidden>
                         FDCE (Setup_fdce_C_CE)      -0.169    10.720    descriptor_cache/pending_address_q_reg[13]
  -------------------------------------------------------------------
                         required time                         10.720    <hidden>
                         arrival time                          -7.312    <hidden>
  -------------------------------------------------------------------
                         slack                                  3.408    <hidden>

Slack (MET) :             3.408ns  (required time - arrival time)
  Source:                 FSM_sequential_state_q_reg[2]/C
                            (rising edge-triggered cell FDCE clocked by core_clk  {rise@0.000ns fall@5.000ns period=10.000ns})
  Destination:            descriptor_cache/pending_address_q_reg[14]/CE
                            (rising edge-triggered cell FDCE clocked by core_clk  {rise@0.000ns fall@5.000ns period=10.000ns})
  Path Group:             core_clk
  Path Type:              Setup (Max at Slow Process Corner)
  Requirement:            10.000ns  (core_clk rise@10.000ns - core_clk rise@0.000ns)
  Data Path Delay:        6.339ns  (logic 1.459ns (23.016%)  route 4.880ns (76.984%))
  Logic Levels:           6  (LUT2=1 LUT3=1 LUT4=1 LUT5=1 LUT6=2)
  Clock Path Skew:        -0.049ns (DCD - SCD + CPR)
    Destination Clock Delay (DCD):    0.924ns = ( 10.924 - 10.000 ) 
    Source Clock Delay      (SCD):    0.973ns
    Clock Pessimism Removal (CPR):    0.000ns
  Clock Uncertainty:      0.035ns  ((TSJ^2 + TIJ^2)^1/2 + DJ) / 2 + PE
    Total System Jitter     (TSJ):    0.071ns
    Total Input Jitter      (TIJ):    0.000ns
    Discrete Jitter          (DJ):    0.000ns
    Phase Error              (PE):    0.000ns

    Location             Delay type                Incr(ns)  Path(ns)    Netlist Resource(s)
  -------------------------------------------------------------------    -------------------
                         (clock core_clk rise edge)
                                                      0.000     0.000 r  <hidden>
                                                      0.000     0.000 r  clk_i
                         net (fo=4482, unset)         0.973     0.973    clk_i
                         FDCE                                         r  FSM_sequential_state_q_reg[2]/C
  -------------------------------------------------------------------    -------------------
                         FDCE (Prop_fdce_C_Q)         0.518     1.491 r  FSM_sequential_state_q_reg[2]/Q
                         net (fo=85, unplaced)        0.565     2.056    descriptor_cache/Q[2]
                         LUT2 (Prop_lut2_I0_O)        0.321     2.377 r  descriptor_cache/destination_desc_q[511]_i_2/O
                         net (fo=17, unplaced)        0.505     2.882    descriptor_cache/destination_desc_q[511]_i_2_n_0
                         LUT6 (Prop_lut6_I0_O)        0.124     3.006 r  descriptor_cache/pending_index_q[8]_i_1/O
                         net (fo=5, unplaced)         0.930     3.936    descriptor_cache/pending_index_q[8]_i_1_n_0
                         LUT4 (Prop_lut4_I1_O)        0.124     4.060 r  descriptor_cache/pending_address_q[63]_i_12/O
                         net (fo=4, unplaced)         0.926     4.986    descriptor_cache/pending_address_q[63]_i_12_n_0
                         LUT6 (Prop_lut6_I0_O)        0.124     5.110 r  descriptor_cache/response_bytes_q[6]_i_3/O
                         net (fo=4, unplaced)         0.926     6.036    descriptor_cache/response_bytes_q[6]_i_3_n_0
                         LUT3 (Prop_lut3_I1_O)        0.124     6.160 f  descriptor_cache/pending_address_q[63]_i_6/O
                         net (fo=2, unplaced)         0.460     6.620    descriptor_cache/pending_address_q[63]_i_6_n_0
                         LUT5 (Prop_lut5_I4_O)        0.124     6.744 r  descriptor_cache/pending_address_q[63]_i_1/O
                         net (fo=82, unplaced)        0.568     7.312    descriptor_cache/pending_address_q[63]_i_1_n_0
                         FDCE                                         r  descriptor_cache/pending_address_q_reg[14]/CE
  -------------------------------------------------------------------    -------------------

                         (clock core_clk rise edge)
                                                     10.000    10.000 r  <hidden>
                                                      0.000    10.000 r  clk_i
                         net (fo=4482, unset)         0.924    10.924    descriptor_cache/clk_i
                         FDCE                                         r  descriptor_cache/pending_address_q_reg[14]/C
                         clock pessimism              0.000    10.924    <hidden>
                         clock uncertainty           -0.035    10.889    <hidden>
                         FDCE (Setup_fdce_C_CE)      -0.169    10.720    descriptor_cache/pending_address_q_reg[14]
  -------------------------------------------------------------------
                         required time                         10.720    <hidden>
                         arrival time                          -7.312    <hidden>
  -------------------------------------------------------------------
                         slack                                  3.408    <hidden>

Slack (MET) :             3.408ns  (required time - arrival time)
  Source:                 FSM_sequential_state_q_reg[2]/C
                            (rising edge-triggered cell FDCE clocked by core_clk  {rise@0.000ns fall@5.000ns period=10.000ns})
  Destination:            descriptor_cache/pending_address_q_reg[15]/CE
                            (rising edge-triggered cell FDCE clocked by core_clk  {rise@0.000ns fall@5.000ns period=10.000ns})
  Path Group:             core_clk
  Path Type:              Setup (Max at Slow Process Corner)
  Requirement:            10.000ns  (core_clk rise@10.000ns - core_clk rise@0.000ns)
  Data Path Delay:        6.339ns  (logic 1.459ns (23.016%)  route 4.880ns (76.984%))
  Logic Levels:           6  (LUT2=1 LUT3=1 LUT4=1 LUT5=1 LUT6=2)
  Clock Path Skew:        -0.049ns (DCD - SCD + CPR)
    Destination Clock Delay (DCD):    0.924ns = ( 10.924 - 10.000 ) 
    Source Clock Delay      (SCD):    0.973ns
    Clock Pessimism Removal (CPR):    0.000ns
  Clock Uncertainty:      0.035ns  ((TSJ^2 + TIJ^2)^1/2 + DJ) / 2 + PE
    Total System Jitter     (TSJ):    0.071ns
    Total Input Jitter      (TIJ):    0.000ns
    Discrete Jitter          (DJ):    0.000ns
    Phase Error              (PE):    0.000ns

    Location             Delay type                Incr(ns)  Path(ns)    Netlist Resource(s)
  -------------------------------------------------------------------    -------------------
                         (clock core_clk rise edge)
                                                      0.000     0.000 r  <hidden>
                                                      0.000     0.000 r  clk_i
                         net (fo=4482, unset)         0.973     0.973    clk_i
                         FDCE                                         r  FSM_sequential_state_q_reg[2]/C
  -------------------------------------------------------------------    -------------------
                         FDCE (Prop_fdce_C_Q)         0.518     1.491 r  FSM_sequential_state_q_reg[2]/Q
                         net (fo=85, unplaced)        0.565     2.056    descriptor_cache/Q[2]
                         LUT2 (Prop_lut2_I0_O)        0.321     2.377 r  descriptor_cache/destination_desc_q[511]_i_2/O
                         net (fo=17, unplaced)        0.505     2.882    descriptor_cache/destination_desc_q[511]_i_2_n_0
                         LUT6 (Prop_lut6_I0_O)        0.124     3.006 r  descriptor_cache/pending_index_q[8]_i_1/O
                         net (fo=5, unplaced)         0.930     3.936    descriptor_cache/pending_index_q[8]_i_1_n_0
                         LUT4 (Prop_lut4_I1_O)        0.124     4.060 r  descriptor_cache/pending_address_q[63]_i_12/O
                         net (fo=4, unplaced)         0.926     4.986    descriptor_cache/pending_address_q[63]_i_12_n_0
                         LUT6 (Prop_lut6_I0_O)        0.124     5.110 r  descriptor_cache/response_bytes_q[6]_i_3/O
                         net (fo=4, unplaced)         0.926     6.036    descriptor_cache/response_bytes_q[6]_i_3_n_0
                         LUT3 (Prop_lut3_I1_O)        0.124     6.160 f  descriptor_cache/pending_address_q[63]_i_6/O
                         net (fo=2, unplaced)         0.460     6.620    descriptor_cache/pending_address_q[63]_i_6_n_0
                         LUT5 (Prop_lut5_I4_O)        0.124     6.744 r  descriptor_cache/pending_address_q[63]_i_1/O
                         net (fo=82, unplaced)        0.568     7.312    descriptor_cache/pending_address_q[63]_i_1_n_0
                         FDCE                                         r  descriptor_cache/pending_address_q_reg[15]/CE
  -------------------------------------------------------------------    -------------------

                         (clock core_clk rise edge)
                                                     10.000    10.000 r  <hidden>
                                                      0.000    10.000 r  clk_i
                         net (fo=4482, unset)         0.924    10.924    descriptor_cache/clk_i
                         FDCE                                         r  descriptor_cache/pending_address_q_reg[15]/C
                         clock pessimism              0.000    10.924    <hidden>
                         clock uncertainty           -0.035    10.889    <hidden>
                         FDCE (Setup_fdce_C_CE)      -0.169    10.720    descriptor_cache/pending_address_q_reg[15]
  -------------------------------------------------------------------
                         required time                         10.720    <hidden>
                         arrival time                          -7.312    <hidden>
  -------------------------------------------------------------------
                         slack                                  3.408    <hidden>

Slack (MET) :             3.408ns  (required time - arrival time)
  Source:                 FSM_sequential_state_q_reg[2]/C
                            (rising edge-triggered cell FDCE clocked by core_clk  {rise@0.000ns fall@5.000ns period=10.000ns})
  Destination:            descriptor_cache/pending_address_q_reg[16]/CE
                            (rising edge-triggered cell FDCE clocked by core_clk  {rise@0.000ns fall@5.000ns period=10.000ns})
  Path Group:             core_clk
  Path Type:              Setup (Max at Slow Process Corner)
  Requirement:            10.000ns  (core_clk rise@10.000ns - core_clk rise@0.000ns)
  Data Path Delay:        6.339ns  (logic 1.459ns (23.016%)  route 4.880ns (76.984%))
  Logic Levels:           6  (LUT2=1 LUT3=1 LUT4=1 LUT5=1 LUT6=2)
  Clock Path Skew:        -0.049ns (DCD - SCD + CPR)
    Destination Clock Delay (DCD):    0.924ns = ( 10.924 - 10.000 ) 
    Source Clock Delay      (SCD):    0.973ns
    Clock Pessimism Removal (CPR):    0.000ns
  Clock Uncertainty:      0.035ns  ((TSJ^2 + TIJ^2)^1/2 + DJ) / 2 + PE
    Total System Jitter     (TSJ):    0.071ns
    Total Input Jitter      (TIJ):    0.000ns
    Discrete Jitter          (DJ):    0.000ns
    Phase Error              (PE):    0.000ns

    Location             Delay type                Incr(ns)  Path(ns)    Netlist Resource(s)
  -------------------------------------------------------------------    -------------------
                         (clock core_clk rise edge)
                                                      0.000     0.000 r  <hidden>
                                                      0.000     0.000 r  clk_i
                         net (fo=4482, unset)         0.973     0.973    clk_i
                         FDCE                                         r  FSM_sequential_state_q_reg[2]/C
  -------------------------------------------------------------------    -------------------
                         FDCE (Prop_fdce_C_Q)         0.518     1.491 r  FSM_sequential_state_q_reg[2]/Q
                         net (fo=85, unplaced)        0.565     2.056    descriptor_cache/Q[2]
                         LUT2 (Prop_lut2_I0_O)        0.321     2.377 r  descriptor_cache/destination_desc_q[511]_i_2/O
                         net (fo=17, unplaced)        0.505     2.882    descriptor_cache/destination_desc_q[511]_i_2_n_0
                         LUT6 (Prop_lut6_I0_O)        0.124     3.006 r  descriptor_cache/pending_index_q[8]_i_1/O
                         net (fo=5, unplaced)         0.930     3.936    descriptor_cache/pending_index_q[8]_i_1_n_0
                         LUT4 (Prop_lut4_I1_O)        0.124     4.060 r  descriptor_cache/pending_address_q[63]_i_12/O
                         net (fo=4, unplaced)         0.926     4.986    descriptor_cache/pending_address_q[63]_i_12_n_0
                         LUT6 (Prop_lut6_I0_O)        0.124     5.110 r  descriptor_cache/response_bytes_q[6]_i_3/O
                         net (fo=4, unplaced)         0.926     6.036    descriptor_cache/response_bytes_q[6]_i_3_n_0
                         LUT3 (Prop_lut3_I1_O)        0.124     6.160 f  descriptor_cache/pending_address_q[63]_i_6/O
                         net (fo=2, unplaced)         0.460     6.620    descriptor_cache/pending_address_q[63]_i_6_n_0
                         LUT5 (Prop_lut5_I4_O)        0.124     6.744 r  descriptor_cache/pending_address_q[63]_i_1/O
                         net (fo=82, unplaced)        0.568     7.312    descriptor_cache/pending_address_q[63]_i_1_n_0
                         FDCE                                         r  descriptor_cache/pending_address_q_reg[16]/CE
  -------------------------------------------------------------------    -------------------

                         (clock core_clk rise edge)
                                                     10.000    10.000 r  <hidden>
                                                      0.000    10.000 r  clk_i
                         net (fo=4482, unset)         0.924    10.924    descriptor_cache/clk_i
                         FDCE                                         r  descriptor_cache/pending_address_q_reg[16]/C
                         clock pessimism              0.000    10.924    <hidden>
                         clock uncertainty           -0.035    10.889    <hidden>
                         FDCE (Setup_fdce_C_CE)      -0.169    10.720    descriptor_cache/pending_address_q_reg[16]
  -------------------------------------------------------------------
                         required time                         10.720    <hidden>
                         arrival time                          -7.312    <hidden>
  -------------------------------------------------------------------
                         slack                                  3.408    <hidden>

Slack (MET) :             3.408ns  (required time - arrival time)
  Source:                 FSM_sequential_state_q_reg[2]/C
                            (rising edge-triggered cell FDCE clocked by core_clk  {rise@0.000ns fall@5.000ns period=10.000ns})
  Destination:            descriptor_cache/pending_address_q_reg[17]/CE
                            (rising edge-triggered cell FDCE clocked by core_clk  {rise@0.000ns fall@5.000ns period=10.000ns})
  Path Group:             core_clk
  Path Type:              Setup (Max at Slow Process Corner)
  Requirement:            10.000ns  (core_clk rise@10.000ns - core_clk rise@0.000ns)
  Data Path Delay:        6.339ns  (logic 1.459ns (23.016%)  route 4.880ns (76.984%))
  Logic Levels:           6  (LUT2=1 LUT3=1 LUT4=1 LUT5=1 LUT6=2)
  Clock Path Skew:        -0.049ns (DCD - SCD + CPR)
    Destination Clock Delay (DCD):    0.924ns = ( 10.924 - 10.000 ) 
    Source Clock Delay      (SCD):    0.973ns
    Clock Pessimism Removal (CPR):    0.000ns
  Clock Uncertainty:      0.035ns  ((TSJ^2 + TIJ^2)^1/2 + DJ) / 2 + PE
    Total System Jitter     (TSJ):    0.071ns
    Total Input Jitter      (TIJ):    0.000ns
    Discrete Jitter          (DJ):    0.000ns
    Phase Error              (PE):    0.000ns

    Location             Delay type                Incr(ns)  Path(ns)    Netlist Resource(s)
  -------------------------------------------------------------------    -------------------
                         (clock core_clk rise edge)
                                                      0.000     0.000 r  <hidden>
                                                      0.000     0.000 r  clk_i
                         net (fo=4482, unset)         0.973     0.973    clk_i
                         FDCE                                         r  FSM_sequential_state_q_reg[2]/C
  -------------------------------------------------------------------    -------------------
                         FDCE (Prop_fdce_C_Q)         0.518     1.491 r  FSM_sequential_state_q_reg[2]/Q
                         net (fo=85, unplaced)        0.565     2.056    descriptor_cache/Q[2]
                         LUT2 (Prop_lut2_I0_O)        0.321     2.377 r  descriptor_cache/destination_desc_q[511]_i_2/O
                         net (fo=17, unplaced)        0.505     2.882    descriptor_cache/destination_desc_q[511]_i_2_n_0
                         LUT6 (Prop_lut6_I0_O)        0.124     3.006 r  descriptor_cache/pending_index_q[8]_i_1/O
                         net (fo=5, unplaced)         0.930     3.936    descriptor_cache/pending_index_q[8]_i_1_n_0
                         LUT4 (Prop_lut4_I1_O)        0.124     4.060 r  descriptor_cache/pending_address_q[63]_i_12/O
                         net (fo=4, unplaced)         0.926     4.986    descriptor_cache/pending_address_q[63]_i_12_n_0
                         LUT6 (Prop_lut6_I0_O)        0.124     5.110 r  descriptor_cache/response_bytes_q[6]_i_3/O
                         net (fo=4, unplaced)         0.926     6.036    descriptor_cache/response_bytes_q[6]_i_3_n_0
                         LUT3 (Prop_lut3_I1_O)        0.124     6.160 f  descriptor_cache/pending_address_q[63]_i_6/O
                         net (fo=2, unplaced)         0.460     6.620    descriptor_cache/pending_address_q[63]_i_6_n_0
                         LUT5 (Prop_lut5_I4_O)        0.124     6.744 r  descriptor_cache/pending_address_q[63]_i_1/O
                         net (fo=82, unplaced)        0.568     7.312    descriptor_cache/pending_address_q[63]_i_1_n_0
                         FDCE                                         r  descriptor_cache/pending_address_q_reg[17]/CE
  -------------------------------------------------------------------    -------------------

                         (clock core_clk rise edge)
                                                     10.000    10.000 r  <hidden>
                                                      0.000    10.000 r  clk_i
                         net (fo=4482, unset)         0.924    10.924    descriptor_cache/clk_i
                         FDCE                                         r  descriptor_cache/pending_address_q_reg[17]/C
                         clock pessimism              0.000    10.924    <hidden>
                         clock uncertainty           -0.035    10.889    <hidden>
                         FDCE (Setup_fdce_C_CE)      -0.169    10.720    descriptor_cache/pending_address_q_reg[17]
  -------------------------------------------------------------------
                         required time                         10.720    <hidden>
                         arrival time                          -7.312    <hidden>
  -------------------------------------------------------------------
                         slack                                  3.408    <hidden>

Slack (MET) :             3.408ns  (required time - arrival time)
  Source:                 FSM_sequential_state_q_reg[2]/C
                            (rising edge-triggered cell FDCE clocked by core_clk  {rise@0.000ns fall@5.000ns period=10.000ns})
  Destination:            descriptor_cache/pending_address_q_reg[18]/CE
                            (rising edge-triggered cell FDCE clocked by core_clk  {rise@0.000ns fall@5.000ns period=10.000ns})
  Path Group:             core_clk
  Path Type:              Setup (Max at Slow Process Corner)
  Requirement:            10.000ns  (core_clk rise@10.000ns - core_clk rise@0.000ns)
  Data Path Delay:        6.339ns  (logic 1.459ns (23.016%)  route 4.880ns (76.984%))
  Logic Levels:           6  (LUT2=1 LUT3=1 LUT4=1 LUT5=1 LUT6=2)
  Clock Path Skew:        -0.049ns (DCD - SCD + CPR)
    Destination Clock Delay (DCD):    0.924ns = ( 10.924 - 10.000 ) 
    Source Clock Delay      (SCD):    0.973ns
    Clock Pessimism Removal (CPR):    0.000ns
  Clock Uncertainty:      0.035ns  ((TSJ^2 + TIJ^2)^1/2 + DJ) / 2 + PE
    Total System Jitter     (TSJ):    0.071ns
    Total Input Jitter      (TIJ):    0.000ns
    Discrete Jitter          (DJ):    0.000ns
    Phase Error              (PE):    0.000ns

    Location             Delay type                Incr(ns)  Path(ns)    Netlist Resource(s)
  -------------------------------------------------------------------    -------------------
                         (clock core_clk rise edge)
                                                      0.000     0.000 r  <hidden>
                                                      0.000     0.000 r  clk_i
                         net (fo=4482, unset)         0.973     0.973    clk_i
                         FDCE                                         r  FSM_sequential_state_q_reg[2]/C
  -------------------------------------------------------------------    -------------------
                         FDCE (Prop_fdce_C_Q)         0.518     1.491 r  FSM_sequential_state_q_reg[2]/Q
                         net (fo=85, unplaced)        0.565     2.056    descriptor_cache/Q[2]
                         LUT2 (Prop_lut2_I0_O)        0.321     2.377 r  descriptor_cache/destination_desc_q[511]_i_2/O
                         net (fo=17, unplaced)        0.505     2.882    descriptor_cache/destination_desc_q[511]_i_2_n_0
                         LUT6 (Prop_lut6_I0_O)        0.124     3.006 r  descriptor_cache/pending_index_q[8]_i_1/O
                         net (fo=5, unplaced)         0.930     3.936    descriptor_cache/pending_index_q[8]_i_1_n_0
                         LUT4 (Prop_lut4_I1_O)        0.124     4.060 r  descriptor_cache/pending_address_q[63]_i_12/O
                         net (fo=4, unplaced)         0.926     4.986    descriptor_cache/pending_address_q[63]_i_12_n_0
                         LUT6 (Prop_lut6_I0_O)        0.124     5.110 r  descriptor_cache/response_bytes_q[6]_i_3/O
                         net (fo=4, unplaced)         0.926     6.036    descriptor_cache/response_bytes_q[6]_i_3_n_0
                         LUT3 (Prop_lut3_I1_O)        0.124     6.160 f  descriptor_cache/pending_address_q[63]_i_6/O
                         net (fo=2, unplaced)         0.460     6.620    descriptor_cache/pending_address_q[63]_i_6_n_0
                         LUT5 (Prop_lut5_I4_O)        0.124     6.744 r  descriptor_cache/pending_address_q[63]_i_1/O
                         net (fo=82, unplaced)        0.568     7.312    descriptor_cache/pending_address_q[63]_i_1_n_0
                         FDCE                                         r  descriptor_cache/pending_address_q_reg[18]/CE
  -------------------------------------------------------------------    -------------------

                         (clock core_clk rise edge)
                                                     10.000    10.000 r  <hidden>
                                                      0.000    10.000 r  clk_i
                         net (fo=4482, unset)         0.924    10.924    descriptor_cache/clk_i
                         FDCE                                         r  descriptor_cache/pending_address_q_reg[18]/C
                         clock pessimism              0.000    10.924    <hidden>
                         clock uncertainty           -0.035    10.889    <hidden>
                         FDCE (Setup_fdce_C_CE)      -0.169    10.720    descriptor_cache/pending_address_q_reg[18]
  -------------------------------------------------------------------
                         required time                         10.720    <hidden>
                         arrival time                          -7.312    <hidden>
  -------------------------------------------------------------------
                         slack                                  3.408    <hidden>

Slack (MET) :             3.408ns  (required time - arrival time)
  Source:                 FSM_sequential_state_q_reg[2]/C
                            (rising edge-triggered cell FDCE clocked by core_clk  {rise@0.000ns fall@5.000ns period=10.000ns})
  Destination:            descriptor_cache/pending_address_q_reg[19]/CE
                            (rising edge-triggered cell FDCE clocked by core_clk  {rise@0.000ns fall@5.000ns period=10.000ns})
  Path Group:             core_clk
  Path Type:              Setup (Max at Slow Process Corner)
  Requirement:            10.000ns  (core_clk rise@10.000ns - core_clk rise@0.000ns)
  Data Path Delay:        6.339ns  (logic 1.459ns (23.016%)  route 4.880ns (76.984%))
  Logic Levels:           6  (LUT2=1 LUT3=1 LUT4=1 LUT5=1 LUT6=2)
  Clock Path Skew:        -0.049ns (DCD - SCD + CPR)
    Destination Clock Delay (DCD):    0.924ns = ( 10.924 - 10.000 ) 
    Source Clock Delay      (SCD):    0.973ns
    Clock Pessimism Removal (CPR):    0.000ns
  Clock Uncertainty:      0.035ns  ((TSJ^2 + TIJ^2)^1/2 + DJ) / 2 + PE
    Total System Jitter     (TSJ):    0.071ns
    Total Input Jitter      (TIJ):    0.000ns
    Discrete Jitter          (DJ):    0.000ns
    Phase Error              (PE):    0.000ns

    Location             Delay type                Incr(ns)  Path(ns)    Netlist Resource(s)
  -------------------------------------------------------------------    -------------------
                         (clock core_clk rise edge)
                                                      0.000     0.000 r  <hidden>
                                                      0.000     0.000 r  clk_i
                         net (fo=4482, unset)         0.973     0.973    clk_i
                         FDCE                                         r  FSM_sequential_state_q_reg[2]/C
  -------------------------------------------------------------------    -------------------
                         FDCE (Prop_fdce_C_Q)         0.518     1.491 r  FSM_sequential_state_q_reg[2]/Q
                         net (fo=85, unplaced)        0.565     2.056    descriptor_cache/Q[2]
                         LUT2 (Prop_lut2_I0_O)        0.321     2.377 r  descriptor_cache/destination_desc_q[511]_i_2/O
                         net (fo=17, unplaced)        0.505     2.882    descriptor_cache/destination_desc_q[511]_i_2_n_0
                         LUT6 (Prop_lut6_I0_O)        0.124     3.006 r  descriptor_cache/pending_index_q[8]_i_1/O
                         net (fo=5, unplaced)         0.930     3.936    descriptor_cache/pending_index_q[8]_i_1_n_0
                         LUT4 (Prop_lut4_I1_O)        0.124     4.060 r  descriptor_cache/pending_address_q[63]_i_12/O
                         net (fo=4, unplaced)         0.926     4.986    descriptor_cache/pending_address_q[63]_i_12_n_0
                         LUT6 (Prop_lut6_I0_O)        0.124     5.110 r  descriptor_cache/response_bytes_q[6]_i_3/O
                         net (fo=4, unplaced)         0.926     6.036    descriptor_cache/response_bytes_q[6]_i_3_n_0
                         LUT3 (Prop_lut3_I1_O)        0.124     6.160 f  descriptor_cache/pending_address_q[63]_i_6/O
                         net (fo=2, unplaced)         0.460     6.620    descriptor_cache/pending_address_q[63]_i_6_n_0
                         LUT5 (Prop_lut5_I4_O)        0.124     6.744 r  descriptor_cache/pending_address_q[63]_i_1/O
                         net (fo=82, unplaced)        0.568     7.312    descriptor_cache/pending_address_q[63]_i_1_n_0
                         FDCE                                         r  descriptor_cache/pending_address_q_reg[19]/CE
  -------------------------------------------------------------------    -------------------

                         (clock core_clk rise edge)
                                                     10.000    10.000 r  <hidden>
                                                      0.000    10.000 r  clk_i
                         net (fo=4482, unset)         0.924    10.924    descriptor_cache/clk_i
                         FDCE                                         r  descriptor_cache/pending_address_q_reg[19]/C
                         clock pessimism              0.000    10.924    <hidden>
                         clock uncertainty           -0.035    10.889    <hidden>
                         FDCE (Setup_fdce_C_CE)      -0.169    10.720    descriptor_cache/pending_address_q_reg[19]
  -------------------------------------------------------------------
                         required time                         10.720    <hidden>
                         arrival time                          -7.312    <hidden>
  -------------------------------------------------------------------
                         slack                                  3.408    <hidden>

Slack (MET) :             3.408ns  (required time - arrival time)
  Source:                 FSM_sequential_state_q_reg[2]/C
                            (rising edge-triggered cell FDCE clocked by core_clk  {rise@0.000ns fall@5.000ns period=10.000ns})
  Destination:            descriptor_cache/pending_address_q_reg[1]/CE
                            (rising edge-triggered cell FDCE clocked by core_clk  {rise@0.000ns fall@5.000ns period=10.000ns})
  Path Group:             core_clk
  Path Type:              Setup (Max at Slow Process Corner)
  Requirement:            10.000ns  (core_clk rise@10.000ns - core_clk rise@0.000ns)
  Data Path Delay:        6.339ns  (logic 1.459ns (23.016%)  route 4.880ns (76.984%))
  Logic Levels:           6  (LUT2=1 LUT3=1 LUT4=1 LUT5=1 LUT6=2)
  Clock Path Skew:        -0.049ns (DCD - SCD + CPR)
    Destination Clock Delay (DCD):    0.924ns = ( 10.924 - 10.000 ) 
    Source Clock Delay      (SCD):    0.973ns
    Clock Pessimism Removal (CPR):    0.000ns
  Clock Uncertainty:      0.035ns  ((TSJ^2 + TIJ^2)^1/2 + DJ) / 2 + PE
    Total System Jitter     (TSJ):    0.071ns
    Total Input Jitter      (TIJ):    0.000ns
    Discrete Jitter          (DJ):    0.000ns
    Phase Error              (PE):    0.000ns

    Location             Delay type                Incr(ns)  Path(ns)    Netlist Resource(s)
  -------------------------------------------------------------------    -------------------
                         (clock core_clk rise edge)
                                                      0.000     0.000 r  <hidden>
                                                      0.000     0.000 r  clk_i
                         net (fo=4482, unset)         0.973     0.973    clk_i
                         FDCE                                         r  FSM_sequential_state_q_reg[2]/C
  -------------------------------------------------------------------    -------------------
                         FDCE (Prop_fdce_C_Q)         0.518     1.491 r  FSM_sequential_state_q_reg[2]/Q
                         net (fo=85, unplaced)        0.565     2.056    descriptor_cache/Q[2]
                         LUT2 (Prop_lut2_I0_O)        0.321     2.377 r  descriptor_cache/destination_desc_q[511]_i_2/O
                         net (fo=17, unplaced)        0.505     2.882    descriptor_cache/destination_desc_q[511]_i_2_n_0
                         LUT6 (Prop_lut6_I0_O)        0.124     3.006 r  descriptor_cache/pending_index_q[8]_i_1/O
                         net (fo=5, unplaced)         0.930     3.936    descriptor_cache/pending_index_q[8]_i_1_n_0
                         LUT4 (Prop_lut4_I1_O)        0.124     4.060 r  descriptor_cache/pending_address_q[63]_i_12/O
                         net (fo=4, unplaced)         0.926     4.986    descriptor_cache/pending_address_q[63]_i_12_n_0
                         LUT6 (Prop_lut6_I0_O)        0.124     5.110 r  descriptor_cache/response_bytes_q[6]_i_3/O
                         net (fo=4, unplaced)         0.926     6.036    descriptor_cache/response_bytes_q[6]_i_3_n_0
                         LUT3 (Prop_lut3_I1_O)        0.124     6.160 f  descriptor_cache/pending_address_q[63]_i_6/O
                         net (fo=2, unplaced)         0.460     6.620    descriptor_cache/pending_address_q[63]_i_6_n_0
                         LUT5 (Prop_lut5_I4_O)        0.124     6.744 r  descriptor_cache/pending_address_q[63]_i_1/O
                         net (fo=82, unplaced)        0.568     7.312    descriptor_cache/pending_address_q[63]_i_1_n_0
                         FDCE                                         r  descriptor_cache/pending_address_q_reg[1]/CE
  -------------------------------------------------------------------    -------------------

                         (clock core_clk rise edge)
                                                     10.000    10.000 r  <hidden>
                                                      0.000    10.000 r  clk_i
                         net (fo=4482, unset)         0.924    10.924    descriptor_cache/clk_i
                         FDCE                                         r  descriptor_cache/pending_address_q_reg[1]/C
                         clock pessimism              0.000    10.924    <hidden>
                         clock uncertainty           -0.035    10.889    <hidden>
                         FDCE (Setup_fdce_C_CE)      -0.169    10.720    descriptor_cache/pending_address_q_reg[1]
  -------------------------------------------------------------------
                         required time                         10.720    <hidden>
                         arrival time                          -7.312    <hidden>
  -------------------------------------------------------------------
                         slack                                  3.408    <hidden>

Slack (MET) :             3.408ns  (required time - arrival time)
  Source:                 FSM_sequential_state_q_reg[2]/C
                            (rising edge-triggered cell FDCE clocked by core_clk  {rise@0.000ns fall@5.000ns period=10.000ns})
  Destination:            descriptor_cache/pending_address_q_reg[20]/CE
                            (rising edge-triggered cell FDCE clocked by core_clk  {rise@0.000ns fall@5.000ns period=10.000ns})
  Path Group:             core_clk
  Path Type:              Setup (Max at Slow Process Corner)
  Requirement:            10.000ns  (core_clk rise@10.000ns - core_clk rise@0.000ns)
  Data Path Delay:        6.339ns  (logic 1.459ns (23.016%)  route 4.880ns (76.984%))
  Logic Levels:           6  (LUT2=1 LUT3=1 LUT4=1 LUT5=1 LUT6=2)
  Clock Path Skew:        -0.049ns (DCD - SCD + CPR)
    Destination Clock Delay (DCD):    0.924ns = ( 10.924 - 10.000 ) 
    Source Clock Delay      (SCD):    0.973ns
    Clock Pessimism Removal (CPR):    0.000ns
  Clock Uncertainty:      0.035ns  ((TSJ^2 + TIJ^2)^1/2 + DJ) / 2 + PE
    Total System Jitter     (TSJ):    0.071ns
    Total Input Jitter      (TIJ):    0.000ns
    Discrete Jitter          (DJ):    0.000ns
    Phase Error              (PE):    0.000ns

    Location             Delay type                Incr(ns)  Path(ns)    Netlist Resource(s)
  -------------------------------------------------------------------    -------------------
                         (clock core_clk rise edge)
                                                      0.000     0.000 r  <hidden>
                                                      0.000     0.000 r  clk_i
                         net (fo=4482, unset)         0.973     0.973    clk_i
                         FDCE                                         r  FSM_sequential_state_q_reg[2]/C
  -------------------------------------------------------------------    -------------------
                         FDCE (Prop_fdce_C_Q)         0.518     1.491 r  FSM_sequential_state_q_reg[2]/Q
                         net (fo=85, unplaced)        0.565     2.056    descriptor_cache/Q[2]
                         LUT2 (Prop_lut2_I0_O)        0.321     2.377 r  descriptor_cache/destination_desc_q[511]_i_2/O
                         net (fo=17, unplaced)        0.505     2.882    descriptor_cache/destination_desc_q[511]_i_2_n_0
                         LUT6 (Prop_lut6_I0_O)        0.124     3.006 r  descriptor_cache/pending_index_q[8]_i_1/O
                         net (fo=5, unplaced)         0.930     3.936    descriptor_cache/pending_index_q[8]_i_1_n_0
                         LUT4 (Prop_lut4_I1_O)        0.124     4.060 r  descriptor_cache/pending_address_q[63]_i_12/O
                         net (fo=4, unplaced)         0.926     4.986    descriptor_cache/pending_address_q[63]_i_12_n_0
                         LUT6 (Prop_lut6_I0_O)        0.124     5.110 r  descriptor_cache/response_bytes_q[6]_i_3/O
                         net (fo=4, unplaced)         0.926     6.036    descriptor_cache/response_bytes_q[6]_i_3_n_0
                         LUT3 (Prop_lut3_I1_O)        0.124     6.160 f  descriptor_cache/pending_address_q[63]_i_6/O
                         net (fo=2, unplaced)         0.460     6.620    descriptor_cache/pending_address_q[63]_i_6_n_0
                         LUT5 (Prop_lut5_I4_O)        0.124     6.744 r  descriptor_cache/pending_address_q[63]_i_1/O
                         net (fo=82, unplaced)        0.568     7.312    descriptor_cache/pending_address_q[63]_i_1_n_0
                         FDCE                                         r  descriptor_cache/pending_address_q_reg[20]/CE
  -------------------------------------------------------------------    -------------------

                         (clock core_clk rise edge)
                                                     10.000    10.000 r  <hidden>
                                                      0.000    10.000 r  clk_i
                         net (fo=4482, unset)         0.924    10.924    descriptor_cache/clk_i
                         FDCE                                         r  descriptor_cache/pending_address_q_reg[20]/C
                         clock pessimism              0.000    10.924    <hidden>
                         clock uncertainty           -0.035    10.889    <hidden>
                         FDCE (Setup_fdce_C_CE)      -0.169    10.720    descriptor_cache/pending_address_q_reg[20]
  -------------------------------------------------------------------
                         required time                         10.720    <hidden>
                         arrival time                          -7.312    <hidden>
  -------------------------------------------------------------------
                         slack                                  3.408    <hidden>

Slack (MET) :             3.408ns  (required time - arrival time)
  Source:                 FSM_sequential_state_q_reg[2]/C
                            (rising edge-triggered cell FDCE clocked by core_clk  {rise@0.000ns fall@5.000ns period=10.000ns})
  Destination:            descriptor_cache/pending_address_q_reg[21]/CE
                            (rising edge-triggered cell FDCE clocked by core_clk  {rise@0.000ns fall@5.000ns period=10.000ns})
  Path Group:             core_clk
  Path Type:              Setup (Max at Slow Process Corner)
  Requirement:            10.000ns  (core_clk rise@10.000ns - core_clk rise@0.000ns)
  Data Path Delay:        6.339ns  (logic 1.459ns (23.016%)  route 4.880ns (76.984%))
  Logic Levels:           6  (LUT2=1 LUT3=1 LUT4=1 LUT5=1 LUT6=2)
  Clock Path Skew:        -0.049ns (DCD - SCD + CPR)
    Destination Clock Delay (DCD):    0.924ns = ( 10.924 - 10.000 ) 
    Source Clock Delay      (SCD):    0.973ns
    Clock Pessimism Removal (CPR):    0.000ns
  Clock Uncertainty:      0.035ns  ((TSJ^2 + TIJ^2)^1/2 + DJ) / 2 + PE
    Total System Jitter     (TSJ):    0.071ns
    Total Input Jitter      (TIJ):    0.000ns
    Discrete Jitter          (DJ):    0.000ns
    Phase Error              (PE):    0.000ns

    Location             Delay type                Incr(ns)  Path(ns)    Netlist Resource(s)
  -------------------------------------------------------------------    -------------------
                         (clock core_clk rise edge)
                                                      0.000     0.000 r  <hidden>
                                                      0.000     0.000 r  clk_i
                         net (fo=4482, unset)         0.973     0.973    clk_i
                         FDCE                                         r  FSM_sequential_state_q_reg[2]/C
  -------------------------------------------------------------------    -------------------
                         FDCE (Prop_fdce_C_Q)         0.518     1.491 r  FSM_sequential_state_q_reg[2]/Q
                         net (fo=85, unplaced)        0.565     2.056    descriptor_cache/Q[2]
                         LUT2 (Prop_lut2_I0_O)        0.321     2.377 r  descriptor_cache/destination_desc_q[511]_i_2/O
                         net (fo=17, unplaced)        0.505     2.882    descriptor_cache/destination_desc_q[511]_i_2_n_0
                         LUT6 (Prop_lut6_I0_O)        0.124     3.006 r  descriptor_cache/pending_index_q[8]_i_1/O
                         net (fo=5, unplaced)         0.930     3.936    descriptor_cache/pending_index_q[8]_i_1_n_0
                         LUT4 (Prop_lut4_I1_O)        0.124     4.060 r  descriptor_cache/pending_address_q[63]_i_12/O
                         net (fo=4, unplaced)         0.926     4.986    descriptor_cache/pending_address_q[63]_i_12_n_0
                         LUT6 (Prop_lut6_I0_O)        0.124     5.110 r  descriptor_cache/response_bytes_q[6]_i_3/O
                         net (fo=4, unplaced)         0.926     6.036    descriptor_cache/response_bytes_q[6]_i_3_n_0
                         LUT3 (Prop_lut3_I1_O)        0.124     6.160 f  descriptor_cache/pending_address_q[63]_i_6/O
                         net (fo=2, unplaced)         0.460     6.620    descriptor_cache/pending_address_q[63]_i_6_n_0
                         LUT5 (Prop_lut5_I4_O)        0.124     6.744 r  descriptor_cache/pending_address_q[63]_i_1/O
                         net (fo=82, unplaced)        0.568     7.312    descriptor_cache/pending_address_q[63]_i_1_n_0
                         FDCE                                         r  descriptor_cache/pending_address_q_reg[21]/CE
  -------------------------------------------------------------------    -------------------

                         (clock core_clk rise edge)
                                                     10.000    10.000 r  <hidden>
                                                      0.000    10.000 r  clk_i
                         net (fo=4482, unset)         0.924    10.924    descriptor_cache/clk_i
                         FDCE                                         r  descriptor_cache/pending_address_q_reg[21]/C
                         clock pessimism              0.000    10.924    <hidden>
                         clock uncertainty           -0.035    10.889    <hidden>
                         FDCE (Setup_fdce_C_CE)      -0.169    10.720    descriptor_cache/pending_address_q_reg[21]
  -------------------------------------------------------------------
                         required time                         10.720    <hidden>
                         arrival time                          -7.312    <hidden>
  -------------------------------------------------------------------
                         slack                                  3.408    <hidden>

Slack (MET) :             3.408ns  (required time - arrival time)
  Source:                 FSM_sequential_state_q_reg[2]/C
                            (rising edge-triggered cell FDCE clocked by core_clk  {rise@0.000ns fall@5.000ns period=10.000ns})
  Destination:            descriptor_cache/pending_address_q_reg[22]/CE
                            (rising edge-triggered cell FDCE clocked by core_clk  {rise@0.000ns fall@5.000ns period=10.000ns})
  Path Group:             core_clk
  Path Type:              Setup (Max at Slow Process Corner)
  Requirement:            10.000ns  (core_clk rise@10.000ns - core_clk rise@0.000ns)
  Data Path Delay:        6.339ns  (logic 1.459ns (23.016%)  route 4.880ns (76.984%))
  Logic Levels:           6  (LUT2=1 LUT3=1 LUT4=1 LUT5=1 LUT6=2)
  Clock Path Skew:        -0.049ns (DCD - SCD + CPR)
    Destination Clock Delay (DCD):    0.924ns = ( 10.924 - 10.000 ) 
    Source Clock Delay      (SCD):    0.973ns
    Clock Pessimism Removal (CPR):    0.000ns
  Clock Uncertainty:      0.035ns  ((TSJ^2 + TIJ^2)^1/2 + DJ) / 2 + PE
    Total System Jitter     (TSJ):    0.071ns
    Total Input Jitter      (TIJ):    0.000ns
    Discrete Jitter          (DJ):    0.000ns
    Phase Error              (PE):    0.000ns

    Location             Delay type                Incr(ns)  Path(ns)    Netlist Resource(s)
  -------------------------------------------------------------------    -------------------
                         (clock core_clk rise edge)
                                                      0.000     0.000 r  <hidden>
                                                      0.000     0.000 r  clk_i
                         net (fo=4482, unset)         0.973     0.973    clk_i
                         FDCE                                         r  FSM_sequential_state_q_reg[2]/C
  -------------------------------------------------------------------    -------------------
                         FDCE (Prop_fdce_C_Q)         0.518     1.491 r  FSM_sequential_state_q_reg[2]/Q
                         net (fo=85, unplaced)        0.565     2.056    descriptor_cache/Q[2]
                         LUT2 (Prop_lut2_I0_O)        0.321     2.377 r  descriptor_cache/destination_desc_q[511]_i_2/O
                         net (fo=17, unplaced)        0.505     2.882    descriptor_cache/destination_desc_q[511]_i_2_n_0
                         LUT6 (Prop_lut6_I0_O)        0.124     3.006 r  descriptor_cache/pending_index_q[8]_i_1/O
                         net (fo=5, unplaced)         0.930     3.936    descriptor_cache/pending_index_q[8]_i_1_n_0
                         LUT4 (Prop_lut4_I1_O)        0.124     4.060 r  descriptor_cache/pending_address_q[63]_i_12/O
                         net (fo=4, unplaced)         0.926     4.986    descriptor_cache/pending_address_q[63]_i_12_n_0
                         LUT6 (Prop_lut6_I0_O)        0.124     5.110 r  descriptor_cache/response_bytes_q[6]_i_3/O
                         net (fo=4, unplaced)         0.926     6.036    descriptor_cache/response_bytes_q[6]_i_3_n_0
                         LUT3 (Prop_lut3_I1_O)        0.124     6.160 f  descriptor_cache/pending_address_q[63]_i_6/O
                         net (fo=2, unplaced)         0.460     6.620    descriptor_cache/pending_address_q[63]_i_6_n_0
                         LUT5 (Prop_lut5_I4_O)        0.124     6.744 r  descriptor_cache/pending_address_q[63]_i_1/O
                         net (fo=82, unplaced)        0.568     7.312    descriptor_cache/pending_address_q[63]_i_1_n_0
                         FDCE                                         r  descriptor_cache/pending_address_q_reg[22]/CE
  -------------------------------------------------------------------    -------------------

                         (clock core_clk rise edge)
                                                     10.000    10.000 r  <hidden>
                                                      0.000    10.000 r  clk_i
                         net (fo=4482, unset)         0.924    10.924    descriptor_cache/clk_i
                         FDCE                                         r  descriptor_cache/pending_address_q_reg[22]/C
                         clock pessimism              0.000    10.924    <hidden>
                         clock uncertainty           -0.035    10.889    <hidden>
                         FDCE (Setup_fdce_C_CE)      -0.169    10.720    descriptor_cache/pending_address_q_reg[22]
  -------------------------------------------------------------------
                         required time                         10.720    <hidden>
                         arrival time                          -7.312    <hidden>
  -------------------------------------------------------------------
                         slack                                  3.408    <hidden>

Slack (MET) :             3.408ns  (required time - arrival time)
  Source:                 FSM_sequential_state_q_reg[2]/C
                            (rising edge-triggered cell FDCE clocked by core_clk  {rise@0.000ns fall@5.000ns period=10.000ns})
  Destination:            descriptor_cache/pending_address_q_reg[23]/CE
                            (rising edge-triggered cell FDCE clocked by core_clk  {rise@0.000ns fall@5.000ns period=10.000ns})
  Path Group:             core_clk
  Path Type:              Setup (Max at Slow Process Corner)
  Requirement:            10.000ns  (core_clk rise@10.000ns - core_clk rise@0.000ns)
  Data Path Delay:        6.339ns  (logic 1.459ns (23.016%)  route 4.880ns (76.984%))
  Logic Levels:           6  (LUT2=1 LUT3=1 LUT4=1 LUT5=1 LUT6=2)
  Clock Path Skew:        -0.049ns (DCD - SCD + CPR)
    Destination Clock Delay (DCD):    0.924ns = ( 10.924 - 10.000 ) 
    Source Clock Delay      (SCD):    0.973ns
    Clock Pessimism Removal (CPR):    0.000ns
  Clock Uncertainty:      0.035ns  ((TSJ^2 + TIJ^2)^1/2 + DJ) / 2 + PE
    Total System Jitter     (TSJ):    0.071ns
    Total Input Jitter      (TIJ):    0.000ns
    Discrete Jitter          (DJ):    0.000ns
    Phase Error              (PE):    0.000ns

    Location             Delay type                Incr(ns)  Path(ns)    Netlist Resource(s)
  -------------------------------------------------------------------    -------------------
                         (clock core_clk rise edge)
                                                      0.000     0.000 r  <hidden>
                                                      0.000     0.000 r  clk_i
                         net (fo=4482, unset)         0.973     0.973    clk_i
                         FDCE                                         r  FSM_sequential_state_q_reg[2]/C
  -------------------------------------------------------------------    -------------------
                         FDCE (Prop_fdce_C_Q)         0.518     1.491 r  FSM_sequential_state_q_reg[2]/Q
                         net (fo=85, unplaced)        0.565     2.056    descriptor_cache/Q[2]
                         LUT2 (Prop_lut2_I0_O)        0.321     2.377 r  descriptor_cache/destination_desc_q[511]_i_2/O
                         net (fo=17, unplaced)        0.505     2.882    descriptor_cache/destination_desc_q[511]_i_2_n_0
                         LUT6 (Prop_lut6_I0_O)        0.124     3.006 r  descriptor_cache/pending_index_q[8]_i_1/O
                         net (fo=5, unplaced)         0.930     3.936    descriptor_cache/pending_index_q[8]_i_1_n_0
                         LUT4 (Prop_lut4_I1_O)        0.124     4.060 r  descriptor_cache/pending_address_q[63]_i_12/O
                         net (fo=4, unplaced)         0.926     4.986    descriptor_cache/pending_address_q[63]_i_12_n_0
                         LUT6 (Prop_lut6_I0_O)        0.124     5.110 r  descriptor_cache/response_bytes_q[6]_i_3/O
                         net (fo=4, unplaced)         0.926     6.036    descriptor_cache/response_bytes_q[6]_i_3_n_0
                         LUT3 (Prop_lut3_I1_O)        0.124     6.160 f  descriptor_cache/pending_address_q[63]_i_6/O
                         net (fo=2, unplaced)         0.460     6.620    descriptor_cache/pending_address_q[63]_i_6_n_0
                         LUT5 (Prop_lut5_I4_O)        0.124     6.744 r  descriptor_cache/pending_address_q[63]_i_1/O
                         net (fo=82, unplaced)        0.568     7.312    descriptor_cache/pending_address_q[63]_i_1_n_0
                         FDCE                                         r  descriptor_cache/pending_address_q_reg[23]/CE
  -------------------------------------------------------------------    -------------------

                         (clock core_clk rise edge)
                                                     10.000    10.000 r  <hidden>
                                                      0.000    10.000 r  clk_i
                         net (fo=4482, unset)         0.924    10.924    descriptor_cache/clk_i
                         FDCE                                         r  descriptor_cache/pending_address_q_reg[23]/C
                         clock pessimism              0.000    10.924    <hidden>
                         clock uncertainty           -0.035    10.889    <hidden>
                         FDCE (Setup_fdce_C_CE)      -0.169    10.720    descriptor_cache/pending_address_q_reg[23]
  -------------------------------------------------------------------
                         required time                         10.720    <hidden>
                         arrival time                          -7.312    <hidden>
  -------------------------------------------------------------------
                         slack                                  3.408    <hidden>

Slack (MET) :             3.408ns  (required time - arrival time)
  Source:                 FSM_sequential_state_q_reg[2]/C
                            (rising edge-triggered cell FDCE clocked by core_clk  {rise@0.000ns fall@5.000ns period=10.000ns})
  Destination:            descriptor_cache/pending_address_q_reg[24]/CE
                            (rising edge-triggered cell FDCE clocked by core_clk  {rise@0.000ns fall@5.000ns period=10.000ns})
  Path Group:             core_clk
  Path Type:              Setup (Max at Slow Process Corner)
  Requirement:            10.000ns  (core_clk rise@10.000ns - core_clk rise@0.000ns)
  Data Path Delay:        6.339ns  (logic 1.459ns (23.016%)  route 4.880ns (76.984%))
  Logic Levels:           6  (LUT2=1 LUT3=1 LUT4=1 LUT5=1 LUT6=2)
  Clock Path Skew:        -0.049ns (DCD - SCD + CPR)
    Destination Clock Delay (DCD):    0.924ns = ( 10.924 - 10.000 ) 
    Source Clock Delay      (SCD):    0.973ns
    Clock Pessimism Removal (CPR):    0.000ns
  Clock Uncertainty:      0.035ns  ((TSJ^2 + TIJ^2)^1/2 + DJ) / 2 + PE
    Total System Jitter     (TSJ):    0.071ns
    Total Input Jitter      (TIJ):    0.000ns
    Discrete Jitter          (DJ):    0.000ns
    Phase Error              (PE):    0.000ns

    Location             Delay type                Incr(ns)  Path(ns)    Netlist Resource(s)
  -------------------------------------------------------------------    -------------------
                         (clock core_clk rise edge)
                                                      0.000     0.000 r  <hidden>
                                                      0.000     0.000 r  clk_i
                         net (fo=4482, unset)         0.973     0.973    clk_i
                         FDCE                                         r  FSM_sequential_state_q_reg[2]/C
  -------------------------------------------------------------------    -------------------
                         FDCE (Prop_fdce_C_Q)         0.518     1.491 r  FSM_sequential_state_q_reg[2]/Q
                         net (fo=85, unplaced)        0.565     2.056    descriptor_cache/Q[2]
                         LUT2 (Prop_lut2_I0_O)        0.321     2.377 r  descriptor_cache/destination_desc_q[511]_i_2/O
                         net (fo=17, unplaced)        0.505     2.882    descriptor_cache/destination_desc_q[511]_i_2_n_0
                         LUT6 (Prop_lut6_I0_O)        0.124     3.006 r  descriptor_cache/pending_index_q[8]_i_1/O
                         net (fo=5, unplaced)         0.930     3.936    descriptor_cache/pending_index_q[8]_i_1_n_0
                         LUT4 (Prop_lut4_I1_O)        0.124     4.060 r  descriptor_cache/pending_address_q[63]_i_12/O
                         net (fo=4, unplaced)         0.926     4.986    descriptor_cache/pending_address_q[63]_i_12_n_0
                         LUT6 (Prop_lut6_I0_O)        0.124     5.110 r  descriptor_cache/response_bytes_q[6]_i_3/O
                         net (fo=4, unplaced)         0.926     6.036    descriptor_cache/response_bytes_q[6]_i_3_n_0
                         LUT3 (Prop_lut3_I1_O)        0.124     6.160 f  descriptor_cache/pending_address_q[63]_i_6/O
                         net (fo=2, unplaced)         0.460     6.620    descriptor_cache/pending_address_q[63]_i_6_n_0
                         LUT5 (Prop_lut5_I4_O)        0.124     6.744 r  descriptor_cache/pending_address_q[63]_i_1/O
                         net (fo=82, unplaced)        0.568     7.312    descriptor_cache/pending_address_q[63]_i_1_n_0
                         FDCE                                         r  descriptor_cache/pending_address_q_reg[24]/CE
  -------------------------------------------------------------------    -------------------

                         (clock core_clk rise edge)
                                                     10.000    10.000 r  <hidden>
                                                      0.000    10.000 r  clk_i
                         net (fo=4482, unset)         0.924    10.924    descriptor_cache/clk_i
                         FDCE                                         r  descriptor_cache/pending_address_q_reg[24]/C
                         clock pessimism              0.000    10.924    <hidden>
                         clock uncertainty           -0.035    10.889    <hidden>
                         FDCE (Setup_fdce_C_CE)      -0.169    10.720    descriptor_cache/pending_address_q_reg[24]
  -------------------------------------------------------------------
                         required time                         10.720    <hidden>
                         arrival time                          -7.312    <hidden>
  -------------------------------------------------------------------
                         slack                                  3.408    <hidden>

Slack (MET) :             3.408ns  (required time - arrival time)
  Source:                 FSM_sequential_state_q_reg[2]/C
                            (rising edge-triggered cell FDCE clocked by core_clk  {rise@0.000ns fall@5.000ns period=10.000ns})
  Destination:            descriptor_cache/pending_address_q_reg[25]/CE
                            (rising edge-triggered cell FDCE clocked by core_clk  {rise@0.000ns fall@5.000ns period=10.000ns})
  Path Group:             core_clk
  Path Type:              Setup (Max at Slow Process Corner)
  Requirement:            10.000ns  (core_clk rise@10.000ns - core_clk rise@0.000ns)
  Data Path Delay:        6.339ns  (logic 1.459ns (23.016%)  route 4.880ns (76.984%))
  Logic Levels:           6  (LUT2=1 LUT3=1 LUT4=1 LUT5=1 LUT6=2)
  Clock Path Skew:        -0.049ns (DCD - SCD + CPR)
    Destination Clock Delay (DCD):    0.924ns = ( 10.924 - 10.000 ) 
    Source Clock Delay      (SCD):    0.973ns
    Clock Pessimism Removal (CPR):    0.000ns
  Clock Uncertainty:      0.035ns  ((TSJ^2 + TIJ^2)^1/2 + DJ) / 2 + PE
    Total System Jitter     (TSJ):    0.071ns
    Total Input Jitter      (TIJ):    0.000ns
    Discrete Jitter          (DJ):    0.000ns
    Phase Error              (PE):    0.000ns

    Location             Delay type                Incr(ns)  Path(ns)    Netlist Resource(s)
  -------------------------------------------------------------------    -------------------
                         (clock core_clk rise edge)
                                                      0.000     0.000 r  <hidden>
                                                      0.000     0.000 r  clk_i
                         net (fo=4482, unset)         0.973     0.973    clk_i
                         FDCE                                         r  FSM_sequential_state_q_reg[2]/C
  -------------------------------------------------------------------    -------------------
                         FDCE (Prop_fdce_C_Q)         0.518     1.491 r  FSM_sequential_state_q_reg[2]/Q
                         net (fo=85, unplaced)        0.565     2.056    descriptor_cache/Q[2]
                         LUT2 (Prop_lut2_I0_O)        0.321     2.377 r  descriptor_cache/destination_desc_q[511]_i_2/O
                         net (fo=17, unplaced)        0.505     2.882    descriptor_cache/destination_desc_q[511]_i_2_n_0
                         LUT6 (Prop_lut6_I0_O)        0.124     3.006 r  descriptor_cache/pending_index_q[8]_i_1/O
                         net (fo=5, unplaced)         0.930     3.936    descriptor_cache/pending_index_q[8]_i_1_n_0
                         LUT4 (Prop_lut4_I1_O)        0.124     4.060 r  descriptor_cache/pending_address_q[63]_i_12/O
                         net (fo=4, unplaced)         0.926     4.986    descriptor_cache/pending_address_q[63]_i_12_n_0
                         LUT6 (Prop_lut6_I0_O)        0.124     5.110 r  descriptor_cache/response_bytes_q[6]_i_3/O
                         net (fo=4, unplaced)         0.926     6.036    descriptor_cache/response_bytes_q[6]_i_3_n_0
                         LUT3 (Prop_lut3_I1_O)        0.124     6.160 f  descriptor_cache/pending_address_q[63]_i_6/O
                         net (fo=2, unplaced)         0.460     6.620    descriptor_cache/pending_address_q[63]_i_6_n_0
                         LUT5 (Prop_lut5_I4_O)        0.124     6.744 r  descriptor_cache/pending_address_q[63]_i_1/O
                         net (fo=82, unplaced)        0.568     7.312    descriptor_cache/pending_address_q[63]_i_1_n_0
                         FDCE                                         r  descriptor_cache/pending_address_q_reg[25]/CE
  -------------------------------------------------------------------    -------------------

                         (clock core_clk rise edge)
                                                     10.000    10.000 r  <hidden>
                                                      0.000    10.000 r  clk_i
                         net (fo=4482, unset)         0.924    10.924    descriptor_cache/clk_i
                         FDCE                                         r  descriptor_cache/pending_address_q_reg[25]/C
                         clock pessimism              0.000    10.924    <hidden>
                         clock uncertainty           -0.035    10.889    <hidden>
                         FDCE (Setup_fdce_C_CE)      -0.169    10.720    descriptor_cache/pending_address_q_reg[25]
  -------------------------------------------------------------------
                         required time                         10.720    <hidden>
                         arrival time                          -7.312    <hidden>
  -------------------------------------------------------------------
                         slack                                  3.408    <hidden>

Slack (MET) :             3.408ns  (required time - arrival time)
  Source:                 FSM_sequential_state_q_reg[2]/C
                            (rising edge-triggered cell FDCE clocked by core_clk  {rise@0.000ns fall@5.000ns period=10.000ns})
  Destination:            descriptor_cache/pending_address_q_reg[26]/CE
                            (rising edge-triggered cell FDCE clocked by core_clk  {rise@0.000ns fall@5.000ns period=10.000ns})
  Path Group:             core_clk
  Path Type:              Setup (Max at Slow Process Corner)
  Requirement:            10.000ns  (core_clk rise@10.000ns - core_clk rise@0.000ns)
  Data Path Delay:        6.339ns  (logic 1.459ns (23.016%)  route 4.880ns (76.984%))
  Logic Levels:           6  (LUT2=1 LUT3=1 LUT4=1 LUT5=1 LUT6=2)
  Clock Path Skew:        -0.049ns (DCD - SCD + CPR)
    Destination Clock Delay (DCD):    0.924ns = ( 10.924 - 10.000 ) 
    Source Clock Delay      (SCD):    0.973ns
    Clock Pessimism Removal (CPR):    0.000ns
  Clock Uncertainty:      0.035ns  ((TSJ^2 + TIJ^2)^1/2 + DJ) / 2 + PE
    Total System Jitter     (TSJ):    0.071ns
    Total Input Jitter      (TIJ):    0.000ns
    Discrete Jitter          (DJ):    0.000ns
    Phase Error              (PE):    0.000ns

    Location             Delay type                Incr(ns)  Path(ns)    Netlist Resource(s)
  -------------------------------------------------------------------    -------------------
                         (clock core_clk rise edge)
                                                      0.000     0.000 r  <hidden>
                                                      0.000     0.000 r  clk_i
                         net (fo=4482, unset)         0.973     0.973    clk_i
                         FDCE                                         r  FSM_sequential_state_q_reg[2]/C
  -------------------------------------------------------------------    -------------------
                         FDCE (Prop_fdce_C_Q)         0.518     1.491 r  FSM_sequential_state_q_reg[2]/Q
                         net (fo=85, unplaced)        0.565     2.056    descriptor_cache/Q[2]
                         LUT2 (Prop_lut2_I0_O)        0.321     2.377 r  descriptor_cache/destination_desc_q[511]_i_2/O
                         net (fo=17, unplaced)        0.505     2.882    descriptor_cache/destination_desc_q[511]_i_2_n_0
                         LUT6 (Prop_lut6_I0_O)        0.124     3.006 r  descriptor_cache/pending_index_q[8]_i_1/O
                         net (fo=5, unplaced)         0.930     3.936    descriptor_cache/pending_index_q[8]_i_1_n_0
                         LUT4 (Prop_lut4_I1_O)        0.124     4.060 r  descriptor_cache/pending_address_q[63]_i_12/O
                         net (fo=4, unplaced)         0.926     4.986    descriptor_cache/pending_address_q[63]_i_12_n_0
                         LUT6 (Prop_lut6_I0_O)        0.124     5.110 r  descriptor_cache/response_bytes_q[6]_i_3/O
                         net (fo=4, unplaced)         0.926     6.036    descriptor_cache/response_bytes_q[6]_i_3_n_0
                         LUT3 (Prop_lut3_I1_O)        0.124     6.160 f  descriptor_cache/pending_address_q[63]_i_6/O
                         net (fo=2, unplaced)         0.460     6.620    descriptor_cache/pending_address_q[63]_i_6_n_0
                         LUT5 (Prop_lut5_I4_O)        0.124     6.744 r  descriptor_cache/pending_address_q[63]_i_1/O
                         net (fo=82, unplaced)        0.568     7.312    descriptor_cache/pending_address_q[63]_i_1_n_0
                         FDCE                                         r  descriptor_cache/pending_address_q_reg[26]/CE
  -------------------------------------------------------------------    -------------------

                         (clock core_clk rise edge)
                                                     10.000    10.000 r  <hidden>
                                                      0.000    10.000 r  clk_i
                         net (fo=4482, unset)         0.924    10.924    descriptor_cache/clk_i
                         FDCE                                         r  descriptor_cache/pending_address_q_reg[26]/C
                         clock pessimism              0.000    10.924    <hidden>
                         clock uncertainty           -0.035    10.889    <hidden>
                         FDCE (Setup_fdce_C_CE)      -0.169    10.720    descriptor_cache/pending_address_q_reg[26]
  -------------------------------------------------------------------
                         required time                         10.720    <hidden>
                         arrival time                          -7.312    <hidden>
  -------------------------------------------------------------------
                         slack                                  3.408    <hidden>

Slack (MET) :             3.408ns  (required time - arrival time)
  Source:                 FSM_sequential_state_q_reg[2]/C
                            (rising edge-triggered cell FDCE clocked by core_clk  {rise@0.000ns fall@5.000ns period=10.000ns})
  Destination:            descriptor_cache/pending_address_q_reg[27]/CE
                            (rising edge-triggered cell FDCE clocked by core_clk  {rise@0.000ns fall@5.000ns period=10.000ns})
  Path Group:             core_clk
  Path Type:              Setup (Max at Slow Process Corner)
  Requirement:            10.000ns  (core_clk rise@10.000ns - core_clk rise@0.000ns)
  Data Path Delay:        6.339ns  (logic 1.459ns (23.016%)  route 4.880ns (76.984%))
  Logic Levels:           6  (LUT2=1 LUT3=1 LUT4=1 LUT5=1 LUT6=2)
  Clock Path Skew:        -0.049ns (DCD - SCD + CPR)
    Destination Clock Delay (DCD):    0.924ns = ( 10.924 - 10.000 ) 
    Source Clock Delay      (SCD):    0.973ns
    Clock Pessimism Removal (CPR):    0.000ns
  Clock Uncertainty:      0.035ns  ((TSJ^2 + TIJ^2)^1/2 + DJ) / 2 + PE
    Total System Jitter     (TSJ):    0.071ns
    Total Input Jitter      (TIJ):    0.000ns
    Discrete Jitter          (DJ):    0.000ns
    Phase Error              (PE):    0.000ns

    Location             Delay type                Incr(ns)  Path(ns)    Netlist Resource(s)
  -------------------------------------------------------------------    -------------------
                         (clock core_clk rise edge)
                                                      0.000     0.000 r  <hidden>
                                                      0.000     0.000 r  clk_i
                         net (fo=4482, unset)         0.973     0.973    clk_i
                         FDCE                                         r  FSM_sequential_state_q_reg[2]/C
  -------------------------------------------------------------------    -------------------
                         FDCE (Prop_fdce_C_Q)         0.518     1.491 r  FSM_sequential_state_q_reg[2]/Q
                         net (fo=85, unplaced)        0.565     2.056    descriptor_cache/Q[2]
                         LUT2 (Prop_lut2_I0_O)        0.321     2.377 r  descriptor_cache/destination_desc_q[511]_i_2/O
                         net (fo=17, unplaced)        0.505     2.882    descriptor_cache/destination_desc_q[511]_i_2_n_0
                         LUT6 (Prop_lut6_I0_O)        0.124     3.006 r  descriptor_cache/pending_index_q[8]_i_1/O
                         net (fo=5, unplaced)         0.930     3.936    descriptor_cache/pending_index_q[8]_i_1_n_0
                         LUT4 (Prop_lut4_I1_O)        0.124     4.060 r  descriptor_cache/pending_address_q[63]_i_12/O
                         net (fo=4, unplaced)         0.926     4.986    descriptor_cache/pending_address_q[63]_i_12_n_0
                         LUT6 (Prop_lut6_I0_O)        0.124     5.110 r  descriptor_cache/response_bytes_q[6]_i_3/O
                         net (fo=4, unplaced)         0.926     6.036    descriptor_cache/response_bytes_q[6]_i_3_n_0
                         LUT3 (Prop_lut3_I1_O)        0.124     6.160 f  descriptor_cache/pending_address_q[63]_i_6/O
                         net (fo=2, unplaced)         0.460     6.620    descriptor_cache/pending_address_q[63]_i_6_n_0
                         LUT5 (Prop_lut5_I4_O)        0.124     6.744 r  descriptor_cache/pending_address_q[63]_i_1/O
                         net (fo=82, unplaced)        0.568     7.312    descriptor_cache/pending_address_q[63]_i_1_n_0
                         FDCE                                         r  descriptor_cache/pending_address_q_reg[27]/CE
  -------------------------------------------------------------------    -------------------

                         (clock core_clk rise edge)
                                                     10.000    10.000 r  <hidden>
                                                      0.000    10.000 r  clk_i
                         net (fo=4482, unset)         0.924    10.924    descriptor_cache/clk_i
                         FDCE                                         r  descriptor_cache/pending_address_q_reg[27]/C
                         clock pessimism              0.000    10.924    <hidden>
                         clock uncertainty           -0.035    10.889    <hidden>
                         FDCE (Setup_fdce_C_CE)      -0.169    10.720    descriptor_cache/pending_address_q_reg[27]
  -------------------------------------------------------------------
                         required time                         10.720    <hidden>
                         arrival time                          -7.312    <hidden>
  -------------------------------------------------------------------
                         slack                                  3.408    <hidden>





Pulse Width Checks
--------------------------------------------------------------------------------------
Clock Name:         core_clk
Waveform(ns):       { 0.000 5.000 }
Period(ns):         10.000
Sources:            { clk_i }

Check Type        Corner  Lib Pin  Reference Pin  Required(ns)  Actual(ns)  Slack(ns)  Location  Pin
Min Period        n/a     FDPE/C   n/a            1.000         10.000      9.000                FSM_sequential_state_q_reg[0]/C
Min Period        n/a     FDCE/C   n/a            1.000         10.000      9.000                FSM_sequential_state_q_reg[1]/C
Min Period        n/a     FDCE/C   n/a            1.000         10.000      9.000                FSM_sequential_state_q_reg[2]/C
Min Period        n/a     FDCE/C   n/a            1.000         10.000      9.000                FSM_sequential_state_q_reg[3]/C
Min Period        n/a     FDCE/C   n/a            1.000         10.000      9.000                command_pc_q_reg[0]/C
Min Period        n/a     FDCE/C   n/a            1.000         10.000      9.000                command_pc_q_reg[10]/C
Min Period        n/a     FDCE/C   n/a            1.000         10.000      9.000                command_pc_q_reg[11]/C
Min Period        n/a     FDCE/C   n/a            1.000         10.000      9.000                command_pc_q_reg[12]/C
Min Period        n/a     FDCE/C   n/a            1.000         10.000      9.000                command_pc_q_reg[13]/C
Min Period        n/a     FDCE/C   n/a            1.000         10.000      9.000                command_pc_q_reg[14]/C
Min Period        n/a     FDCE/C   n/a            1.000         10.000      9.000                command_pc_q_reg[15]/C
Min Period        n/a     FDCE/C   n/a            1.000         10.000      9.000                command_pc_q_reg[16]/C
Min Period        n/a     FDCE/C   n/a            1.000         10.000      9.000                command_pc_q_reg[17]/C
Min Period        n/a     FDCE/C   n/a            1.000         10.000      9.000                command_pc_q_reg[18]/C
Min Period        n/a     FDCE/C   n/a            1.000         10.000      9.000                command_pc_q_reg[19]/C
Min Period        n/a     FDCE/C   n/a            1.000         10.000      9.000                command_pc_q_reg[1]/C
Min Period        n/a     FDCE/C   n/a            1.000         10.000      9.000                command_pc_q_reg[20]/C
Min Period        n/a     FDCE/C   n/a            1.000         10.000      9.000                command_pc_q_reg[21]/C
Min Period        n/a     FDCE/C   n/a            1.000         10.000      9.000                command_pc_q_reg[22]/C
Min Period        n/a     FDCE/C   n/a            1.000         10.000      9.000                command_pc_q_reg[23]/C
Low Pulse Width   Slow    FDPE/C   n/a            0.500         5.000       4.500                FSM_sequential_state_q_reg[0]/C
Low Pulse Width   Fast    FDPE/C   n/a            0.500         5.000       4.500                FSM_sequential_state_q_reg[0]/C
Low Pulse Width   Slow    FDCE/C   n/a            0.500         5.000       4.500                FSM_sequential_state_q_reg[1]/C
Low Pulse Width   Fast    FDCE/C   n/a            0.500         5.000       4.500                FSM_sequential_state_q_reg[1]/C
Low Pulse Width   Slow    FDCE/C   n/a            0.500         5.000       4.500                FSM_sequential_state_q_reg[2]/C
Low Pulse Width   Fast    FDCE/C   n/a            0.500         5.000       4.500                FSM_sequential_state_q_reg[2]/C
Low Pulse Width   Slow    FDCE/C   n/a            0.500         5.000       4.500                FSM_sequential_state_q_reg[3]/C
Low Pulse Width   Fast    FDCE/C   n/a            0.500         5.000       4.500                FSM_sequential_state_q_reg[3]/C
Low Pulse Width   Slow    FDCE/C   n/a            0.500         5.000       4.500                command_pc_q_reg[0]/C
Low Pulse Width   Fast    FDCE/C   n/a            0.500         5.000       4.500                command_pc_q_reg[0]/C
Low Pulse Width   Slow    FDCE/C   n/a            0.500         5.000       4.500                command_pc_q_reg[10]/C
Low Pulse Width   Fast    FDCE/C   n/a            0.500         5.000       4.500                command_pc_q_reg[10]/C
Low Pulse Width   Slow    FDCE/C   n/a            0.500         5.000       4.500                command_pc_q_reg[11]/C
Low Pulse Width   Fast    FDCE/C   n/a            0.500         5.000       4.500                command_pc_q_reg[11]/C
Low Pulse Width   Slow    FDCE/C   n/a            0.500         5.000       4.500                command_pc_q_reg[12]/C
Low Pulse Width   Fast    FDCE/C   n/a            0.500         5.000       4.500                command_pc_q_reg[12]/C
Low Pulse Width   Slow    FDCE/C   n/a            0.500         5.000       4.500                command_pc_q_reg[13]/C
Low Pulse Width   Fast    FDCE/C   n/a            0.500         5.000       4.500                command_pc_q_reg[13]/C
Low Pulse Width   Slow    FDCE/C   n/a            0.500         5.000       4.500                command_pc_q_reg[14]/C
Low Pulse Width   Fast    FDCE/C   n/a            0.500         5.000       4.500                command_pc_q_reg[14]/C
High Pulse Width  Slow    FDPE/C   n/a            0.500         5.000       4.500                FSM_sequential_state_q_reg[0]/C
High Pulse Width  Fast    FDPE/C   n/a            0.500         5.000       4.500                FSM_sequential_state_q_reg[0]/C
High Pulse Width  Slow    FDCE/C   n/a            0.500         5.000       4.500                FSM_sequential_state_q_reg[1]/C
High Pulse Width  Fast    FDCE/C   n/a            0.500         5.000       4.500                FSM_sequential_state_q_reg[1]/C
High Pulse Width  Slow    FDCE/C   n/a            0.500         5.000       4.500                FSM_sequential_state_q_reg[2]/C
High Pulse Width  Fast    FDCE/C   n/a            0.500         5.000       4.500                FSM_sequential_state_q_reg[2]/C
High Pulse Width  Slow    FDCE/C   n/a            0.500         5.000       4.500                FSM_sequential_state_q_reg[3]/C
High Pulse Width  Fast    FDCE/C   n/a            0.500         5.000       4.500                FSM_sequential_state_q_reg[3]/C
High Pulse Width  Slow    FDCE/C   n/a            0.500         5.000       4.500                command_pc_q_reg[0]/C
High Pulse Width  Fast    FDCE/C   n/a            0.500         5.000       4.500                command_pc_q_reg[0]/C
High Pulse Width  Slow    FDCE/C   n/a            0.500         5.000       4.500                command_pc_q_reg[10]/C
High Pulse Width  Fast    FDCE/C   n/a            0.500         5.000       4.500                command_pc_q_reg[10]/C
High Pulse Width  Slow    FDCE/C   n/a            0.500         5.000       4.500                command_pc_q_reg[11]/C
High Pulse Width  Fast    FDCE/C   n/a            0.500         5.000       4.500                command_pc_q_reg[11]/C
High Pulse Width  Slow    FDCE/C   n/a            0.500         5.000       4.500                command_pc_q_reg[12]/C
High Pulse Width  Fast    FDCE/C   n/a            0.500         5.000       4.500                command_pc_q_reg[12]/C
High Pulse Width  Slow    FDCE/C   n/a            0.500         5.000       4.500                command_pc_q_reg[13]/C
High Pulse Width  Fast    FDCE/C   n/a            0.500         5.000       4.500                command_pc_q_reg[13]/C
High Pulse Width  Slow    FDCE/C   n/a            0.500         5.000       4.500                command_pc_q_reg[14]/C
High Pulse Width  Fast    FDCE/C   n/a            0.500         5.000       4.500                command_pc_q_reg[14]/C



