Copyright 1986-2022 Xilinx, Inc. All Rights Reserved. Copyright 2022-2026 Advanced Micro Devices, Inc. All Rights Reserved.
----------------------------------------------------------------------------------------------------------------------------------------------------------------------------------------
| Tool Version : Vivado v.2026.1 (win64) Build 6511674 Tue Jun 16 11:02:23 MDT 2026
| Date         : Tue Sep 15 02:11:46 2026
| Host         : RAW2332 running 64-bit major release  (build 9200)
| Command      : report_timing_summary -delay_type max -max_paths 20 -file D:/WORKBUDDY/STEM/npu-stem-repo/hardware/reports/vivado_2026_1/npu_conv2d_pipeline/timing_summary_100mhz.rpt
| Design       : npu_conv2d_pipeline
| Device       : 7z020-clg400
| Speed File   : -1  PRODUCTION 1.12 2019-11-22
| Design State : Synthesized
----------------------------------------------------------------------------------------------------------------------------------------------------------------------------------------

Timing Summary Report

------------------------------------------------------------------------------------------------
| Timer Settings
| --------------
------------------------------------------------------------------------------------------------

  Enable Multi Corner Analysis               :  Yes
  Enable Pessimism Removal                   :  Yes
  Pessimism Removal Resolution               :  Nearest Common Node
  Enable Input Delay Default Clock           :  No
  Enable Preset / Clear Arcs                 :  No
  Disable Flight Delays                      :  No
  Ignore I/O Paths                           :  No
  Timing Early Launch at Borrowing Latches   :  No
  Borrow Time for Max Delay Exceptions       :  Yes
  Merge Timing Exceptions                    :  Yes
  Inter-SLR Compensation                     :  Conservative

  Corner  Analyze    Analyze    
  Name    Max Paths  Min Paths  
  ------  ---------  ---------  
  Slow    Yes        Yes        
  Fast    Yes        Yes        


------------------------------------------------------------------------------------------------
| Report Methodology
| ------------------
------------------------------------------------------------------------------------------------

Rule       Severity  Description                                 Violations  
---------  --------  ------------------------------------------  ----------  
SYNTH-6    Warning   Timing of a RAM block might be sub-optimal  2           
SYNTH-10   Warning   Wide multiplier                             4           
TIMING-18  Warning   Missing input or output delay               1000        

Note: This report is based on the most recent report_methodology run and may not be up-to-date. Run report_methodology on the current design for the latest report.



check_timing report

Table of Contents
-----------------
1. checking no_clock (0)
2. checking constant_clock (0)
3. checking pulse_width_clock (0)
4. checking unconstrained_internal_endpoints (0)
5. checking no_input_delay (975)
6. checking no_output_delay (245)
7. checking multiple_clock (0)
8. checking generated_clocks (0)
9. checking loops (0)
10. checking partial_input_delay (0)
11. checking partial_output_delay (0)
12. checking latch_loops (0)

1. checking no_clock (0)
------------------------
 There are 0 register/latch pins with no clock.


2. checking constant_clock (0)
------------------------------
 There are 0 register/latch pins with constant_clock.


3. checking pulse_width_clock (0)
---------------------------------
 There are 0 register/latch pins which need pulse_width check


4. checking unconstrained_internal_endpoints (0)
------------------------------------------------
 There are 0 pins that are not constrained for maximum delay.

 There are 0 pins that are not constrained for maximum delay due to constant clock.


5. checking no_input_delay (975)
--------------------------------
 There are 975 input ports with no input delay specified. (HIGH)

 There are 0 input ports with no input delay but user has a false path constraint.


6. checking no_output_delay (245)
---------------------------------
 There are 245 ports with no output delay specified. (HIGH)

 There are 0 ports with no output delay but user has a false path constraint

 There are 0 ports with no output delay but with a timing clock defined on it or propagating through it


7. checking multiple_clock (0)
------------------------------
 There are 0 register/latch pins with multiple clocks.


8. checking generated_clocks (0)
--------------------------------
 There are 0 generated clocks that are not connected to a clock source.


9. checking loops (0)
---------------------
 There are 0 combinational loops in the design.


10. checking partial_input_delay (0)
------------------------------------
 There are 0 input ports with partial input delay specified.


11. checking partial_output_delay (0)
-------------------------------------
 There are 0 ports with partial output delay specified.


12. checking latch_loops (0)
----------------------------
 There are 0 combinational latch loops in the design through latch input



------------------------------------------------------------------------------------------------
| Design Timing Summary
| ---------------------
------------------------------------------------------------------------------------------------

    WNS(ns)      TNS(ns)  TNS Failing Endpoints  TNS Total Endpoints     WPWS(ns)     TPWS(ns)  TPWS Failing Endpoints  TPWS Total Endpoints  
    -------      -------  ---------------------  -------------------     --------     --------  ----------------------  --------------------  
      0.197        0.000                      0                10878        4.020        0.000                       0                  5600  


All user specified timing constraints are met.


------------------------------------------------------------------------------------------------
| Clock Summary
| -------------
------------------------------------------------------------------------------------------------

Clock     Waveform(ns)       Period(ns)      Frequency(MHz)
-----     ------------       ----------      --------------
core_clk  {0.000 5.000}      10.000          100.000         


------------------------------------------------------------------------------------------------
| Intra Clock Table
| -----------------
------------------------------------------------------------------------------------------------

Clock             WNS(ns)      TNS(ns)  TNS Failing Endpoints  TNS Total Endpoints     WPWS(ns)     TPWS(ns)  TPWS Failing Endpoints  TPWS Total Endpoints  
-----             -------      -------  ---------------------  -------------------     --------     --------  ----------------------  --------------------  
core_clk            0.197        0.000                      0                10878        4.020        0.000                       0                  5600  


------------------------------------------------------------------------------------------------
| Inter Clock Table
| -----------------
------------------------------------------------------------------------------------------------

From Clock    To Clock          WNS(ns)      TNS(ns)  TNS Failing Endpoints  TNS Total Endpoints  
----------    --------          -------      -------  ---------------------  -------------------  


------------------------------------------------------------------------------------------------
| Other Path Groups Table
| -----------------------
------------------------------------------------------------------------------------------------

Path Group    From Clock    To Clock          WNS(ns)      TNS(ns)  TNS Failing Endpoints  TNS Total Endpoints  
----------    ----------    --------          -------      -------  ---------------------  -------------------  


------------------------------------------------------------------------------------------------
| Timing Details
| --------------
------------------------------------------------------------------------------------------------


---------------------------------------------------------------------------------------------------
From Clock:  core_clk
  To Clock:  core_clk

Setup :            0  Failing Endpoints,  Worst Slack        0.197ns,  Total Violation        0.000ns
Hold  :           NA  Failing Endpoints,  Worst Slack           NA  ,  Total Violation           NA
PW    :            0  Failing Endpoints,  Worst Slack        4.020ns,  Total Violation        0.000ns
---------------------------------------------------------------------------------------------------


Max Delay Paths
--------------------------------------------------------------------------------------
Slack (MET) :             0.197ns  (required time - arrival time)
  Source:                 post/lane_q_reg[0]/C
                            (rising edge-triggered cell FDCE clocked by core_clk  {rise@0.000ns fall@5.000ns period=10.000ns})
  Destination:            post/product_q_reg/PCIN[0]
                            (rising edge-triggered cell DSP48E1 clocked by core_clk  {rise@0.000ns fall@5.000ns period=10.000ns})
  Path Group:             core_clk
  Path Type:              Setup (Max at Slow Process Corner)
  Requirement:            10.000ns  (core_clk rise@10.000ns - core_clk rise@0.000ns)
  Data Path Delay:        8.319ns  (logic 5.221ns (62.762%)  route 3.098ns (37.238%))
  Logic Levels:           5  (DSP48E1=1 LUT3=1 LUT4=1 LUT5=1 LUT6=1)
  Clock Path Skew:        -0.049ns (DCD - SCD + CPR)
    Destination Clock Delay (DCD):    0.924ns = ( 10.924 - 10.000 ) 
    Source Clock Delay      (SCD):    0.973ns
    Clock Pessimism Removal (CPR):    0.000ns
  Clock Uncertainty:      0.035ns  ((TSJ^2 + TIJ^2)^1/2 + DJ) / 2 + PE
    Total System Jitter     (TSJ):    0.071ns
    Total Input Jitter      (TIJ):    0.000ns
    Discrete Jitter          (DJ):    0.000ns
    Phase Error              (PE):    0.000ns

    Location             Delay type                Incr(ns)  Path(ns)    Netlist Resource(s)
  -------------------------------------------------------------------    -------------------
                         (clock core_clk rise edge)
                                                      0.000     0.000 r  <hidden>
                                                      0.000     0.000 r  clk_i
                         net (fo=5599, unset)         0.973     0.973    post/clk_i
                         FDCE                                         r  post/lane_q_reg[0]/C
  -------------------------------------------------------------------    -------------------
                         FDCE (Prop_fdce_C_Q)         0.518     1.491 f  post/lane_q_reg[0]/Q
                         net (fo=11, unplaced)        0.787     2.278    post/lane_q_reg_n_0_[0]
                         LUT3 (Prop_lut3_I0_O)        0.295     2.573 r  post/output_data_q[15]_i_3/O
                         net (fo=148, unplaced)       0.558     3.131    post/output_data_q[15]_i_3_n_0
                         LUT4 (Prop_lut4_I3_O)        0.124     3.255 r  post/product_q0_i_112/O
                         net (fo=1, unplaced)         0.449     3.704    post/product_q0_i_112_n_0
                         LUT5 (Prop_lut5_I4_O)        0.124     3.828 r  post/product_q0_i_64/O
                         net (fo=1, unplaced)         0.449     4.277    post/product_q0_i_64_n_0
                         LUT6 (Prop_lut6_I5_O)        0.124     4.401 r  post/product_q0_i_16/O
                         net (fo=2, unplaced)         0.800     5.201    post/multiplier_q[16]
                         DSP48E1 (Prop_dsp48e1_A[16]_PCOUT[0])
                                                      4.036     9.237 r  post/product_q0/PCOUT[0]
                         net (fo=1, unplaced)         0.055     9.292    post/product_q0_n_153
                         DSP48E1                                      r  post/product_q_reg/PCIN[0]
  -------------------------------------------------------------------    -------------------

                         (clock core_clk rise edge)
                                                     10.000    10.000 r  <hidden>
                                                      0.000    10.000 r  clk_i
                         net (fo=5599, unset)         0.924    10.924    post/clk_i
                         DSP48E1                                      r  post/product_q_reg/CLK
                         clock pessimism              0.000    10.924    <hidden>
                         clock uncertainty           -0.035    10.889    <hidden>
                         DSP48E1 (Setup_dsp48e1_CLK_PCIN[0])
                                                     -1.400     9.489    post/product_q_reg
  -------------------------------------------------------------------
                         required time                          9.489    <hidden>
                         arrival time                          -9.292    <hidden>
  -------------------------------------------------------------------
                         slack                                  0.197    <hidden>

Slack (MET) :             0.197ns  (required time - arrival time)
  Source:                 post/lane_q_reg[0]/C
                            (rising edge-triggered cell FDCE clocked by core_clk  {rise@0.000ns fall@5.000ns period=10.000ns})
  Destination:            post/product_q_reg/PCIN[10]
                            (rising edge-triggered cell DSP48E1 clocked by core_clk  {rise@0.000ns fall@5.000ns period=10.000ns})
  Path Group:             core_clk
  Path Type:              Setup (Max at Slow Process Corner)
  Requirement:            10.000ns  (core_clk rise@10.000ns - core_clk rise@0.000ns)
  Data Path Delay:        8.319ns  (logic 5.221ns (62.762%)  route 3.098ns (37.238%))
  Logic Levels:           5  (DSP48E1=1 LUT3=1 LUT4=1 LUT5=1 LUT6=1)
  Clock Path Skew:        -0.049ns (DCD - SCD + CPR)
    Destination Clock Delay (DCD):    0.924ns = ( 10.924 - 10.000 ) 
    Source Clock Delay      (SCD):    0.973ns
    Clock Pessimism Removal (CPR):    0.000ns
  Clock Uncertainty:      0.035ns  ((TSJ^2 + TIJ^2)^1/2 + DJ) / 2 + PE
    Total System Jitter     (TSJ):    0.071ns
    Total Input Jitter      (TIJ):    0.000ns
    Discrete Jitter          (DJ):    0.000ns
    Phase Error              (PE):    0.000ns

    Location             Delay type                Incr(ns)  Path(ns)    Netlist Resource(s)
  -------------------------------------------------------------------    -------------------
                         (clock core_clk rise edge)
                                                      0.000     0.000 r  <hidden>
                                                      0.000     0.000 r  clk_i
                         net (fo=5599, unset)         0.973     0.973    post/clk_i
                         FDCE                                         r  post/lane_q_reg[0]/C
  -------------------------------------------------------------------    -------------------
                         FDCE (Prop_fdce_C_Q)         0.518     1.491 f  post/lane_q_reg[0]/Q
                         net (fo=11, unplaced)        0.787     2.278    post/lane_q_reg_n_0_[0]
                         LUT3 (Prop_lut3_I0_O)        0.295     2.573 r  post/output_data_q[15]_i_3/O
                         net (fo=148, unplaced)       0.558     3.131    post/output_data_q[15]_i_3_n_0
                         LUT4 (Prop_lut4_I3_O)        0.124     3.255 r  post/product_q0_i_112/O
                         net (fo=1, unplaced)         0.449     3.704    post/product_q0_i_112_n_0
                         LUT5 (Prop_lut5_I4_O)        0.124     3.828 r  post/product_q0_i_64/O
                         net (fo=1, unplaced)         0.449     4.277    post/product_q0_i_64_n_0
                         LUT6 (Prop_lut6_I5_O)        0.124     4.401 r  post/product_q0_i_16/O
                         net (fo=2, unplaced)         0.800     5.201    post/multiplier_q[16]
                         DSP48E1 (Prop_dsp48e1_A[16]_PCOUT[10])
                                                      4.036     9.237 r  post/product_q0/PCOUT[10]
                         net (fo=1, unplaced)         0.055     9.292    post/product_q0_n_143
                         DSP48E1                                      r  post/product_q_reg/PCIN[10]
  -------------------------------------------------------------------    -------------------

                         (clock core_clk rise edge)
                                                     10.000    10.000 r  <hidden>
                                                      0.000    10.000 r  clk_i
                         net (fo=5599, unset)         0.924    10.924    post/clk_i
                         DSP48E1                                      r  post/product_q_reg/CLK
                         clock pessimism              0.000    10.924    <hidden>
                         clock uncertainty           -0.035    10.889    <hidden>
                         DSP48E1 (Setup_dsp48e1_CLK_PCIN[10])
                                                     -1.400     9.489    post/product_q_reg
  -------------------------------------------------------------------
                         required time                          9.489    <hidden>
                         arrival time                          -9.292    <hidden>
  -------------------------------------------------------------------
                         slack                                  0.197    <hidden>

Slack (MET) :             0.197ns  (required time - arrival time)
  Source:                 post/lane_q_reg[0]/C
                            (rising edge-triggered cell FDCE clocked by core_clk  {rise@0.000ns fall@5.000ns period=10.000ns})
  Destination:            post/product_q_reg/PCIN[11]
                            (rising edge-triggered cell DSP48E1 clocked by core_clk  {rise@0.000ns fall@5.000ns period=10.000ns})
  Path Group:             core_clk
  Path Type:              Setup (Max at Slow Process Corner)
  Requirement:            10.000ns  (core_clk rise@10.000ns - core_clk rise@0.000ns)
  Data Path Delay:        8.319ns  (logic 5.221ns (62.762%)  route 3.098ns (37.238%))
  Logic Levels:           5  (DSP48E1=1 LUT3=1 LUT4=1 LUT5=1 LUT6=1)
  Clock Path Skew:        -0.049ns (DCD - SCD + CPR)
    Destination Clock Delay (DCD):    0.924ns = ( 10.924 - 10.000 ) 
    Source Clock Delay      (SCD):    0.973ns
    Clock Pessimism Removal (CPR):    0.000ns
  Clock Uncertainty:      0.035ns  ((TSJ^2 + TIJ^2)^1/2 + DJ) / 2 + PE
    Total System Jitter     (TSJ):    0.071ns
    Total Input Jitter      (TIJ):    0.000ns
    Discrete Jitter          (DJ):    0.000ns
    Phase Error              (PE):    0.000ns

    Location             Delay type                Incr(ns)  Path(ns)    Netlist Resource(s)
  -------------------------------------------------------------------    -------------------
                         (clock core_clk rise edge)
                                                      0.000     0.000 r  <hidden>
                                                      0.000     0.000 r  clk_i
                         net (fo=5599, unset)         0.973     0.973    post/clk_i
                         FDCE                                         r  post/lane_q_reg[0]/C
  -------------------------------------------------------------------    -------------------
                         FDCE (Prop_fdce_C_Q)         0.518     1.491 f  post/lane_q_reg[0]/Q
                         net (fo=11, unplaced)        0.787     2.278    post/lane_q_reg_n_0_[0]
                         LUT3 (Prop_lut3_I0_O)        0.295     2.573 r  post/output_data_q[15]_i_3/O
                         net (fo=148, unplaced)       0.558     3.131    post/output_data_q[15]_i_3_n_0
                         LUT4 (Prop_lut4_I3_O)        0.124     3.255 r  post/product_q0_i_112/O
                         net (fo=1, unplaced)         0.449     3.704    post/product_q0_i_112_n_0
                         LUT5 (Prop_lut5_I4_O)        0.124     3.828 r  post/product_q0_i_64/O
                         net (fo=1, unplaced)         0.449     4.277    post/product_q0_i_64_n_0
                         LUT6 (Prop_lut6_I5_O)        0.124     4.401 r  post/product_q0_i_16/O
                         net (fo=2, unplaced)         0.800     5.201    post/multiplier_q[16]
                         DSP48E1 (Prop_dsp48e1_A[16]_PCOUT[11])
                                                      4.036     9.237 r  post/product_q0/PCOUT[11]
                         net (fo=1, unplaced)         0.055     9.292    post/product_q0_n_142
                         DSP48E1                                      r  post/product_q_reg/PCIN[11]
  -------------------------------------------------------------------    -------------------

                         (clock core_clk rise edge)
                                                     10.000    10.000 r  <hidden>
                                                      0.000    10.000 r  clk_i
                         net (fo=5599, unset)         0.924    10.924    post/clk_i
                         DSP48E1                                      r  post/product_q_reg/CLK
                         clock pessimism              0.000    10.924    <hidden>
                         clock uncertainty           -0.035    10.889    <hidden>
                         DSP48E1 (Setup_dsp48e1_CLK_PCIN[11])
                                                     -1.400     9.489    post/product_q_reg
  -------------------------------------------------------------------
                         required time                          9.489    <hidden>
                         arrival time                          -9.292    <hidden>
  -------------------------------------------------------------------
                         slack                                  0.197    <hidden>

Slack (MET) :             0.197ns  (required time - arrival time)
  Source:                 post/lane_q_reg[0]/C
                            (rising edge-triggered cell FDCE clocked by core_clk  {rise@0.000ns fall@5.000ns period=10.000ns})
  Destination:            post/product_q_reg/PCIN[12]
                            (rising edge-triggered cell DSP48E1 clocked by core_clk  {rise@0.000ns fall@5.000ns period=10.000ns})
  Path Group:             core_clk
  Path Type:              Setup (Max at Slow Process Corner)
  Requirement:            10.000ns  (core_clk rise@10.000ns - core_clk rise@0.000ns)
  Data Path Delay:        8.319ns  (logic 5.221ns (62.762%)  route 3.098ns (37.238%))
  Logic Levels:           5  (DSP48E1=1 LUT3=1 LUT4=1 LUT5=1 LUT6=1)
  Clock Path Skew:        -0.049ns (DCD - SCD + CPR)
    Destination Clock Delay (DCD):    0.924ns = ( 10.924 - 10.000 ) 
    Source Clock Delay      (SCD):    0.973ns
    Clock Pessimism Removal (CPR):    0.000ns
  Clock Uncertainty:      0.035ns  ((TSJ^2 + TIJ^2)^1/2 + DJ) / 2 + PE
    Total System Jitter     (TSJ):    0.071ns
    Total Input Jitter      (TIJ):    0.000ns
    Discrete Jitter          (DJ):    0.000ns
    Phase Error              (PE):    0.000ns

    Location             Delay type                Incr(ns)  Path(ns)    Netlist Resource(s)
  -------------------------------------------------------------------    -------------------
                         (clock core_clk rise edge)
                                                      0.000     0.000 r  <hidden>
                                                      0.000     0.000 r  clk_i
                         net (fo=5599, unset)         0.973     0.973    post/clk_i
                         FDCE                                         r  post/lane_q_reg[0]/C
  -------------------------------------------------------------------    -------------------
                         FDCE (Prop_fdce_C_Q)         0.518     1.491 f  post/lane_q_reg[0]/Q
                         net (fo=11, unplaced)        0.787     2.278    post/lane_q_reg_n_0_[0]
                         LUT3 (Prop_lut3_I0_O)        0.295     2.573 r  post/output_data_q[15]_i_3/O
                         net (fo=148, unplaced)       0.558     3.131    post/output_data_q[15]_i_3_n_0
                         LUT4 (Prop_lut4_I3_O)        0.124     3.255 r  post/product_q0_i_112/O
                         net (fo=1, unplaced)         0.449     3.704    post/product_q0_i_112_n_0
                         LUT5 (Prop_lut5_I4_O)        0.124     3.828 r  post/product_q0_i_64/O
                         net (fo=1, unplaced)         0.449     4.277    post/product_q0_i_64_n_0
                         LUT6 (Prop_lut6_I5_O)        0.124     4.401 r  post/product_q0_i_16/O
                         net (fo=2, unplaced)         0.800     5.201    post/multiplier_q[16]
                         DSP48E1 (Prop_dsp48e1_A[16]_PCOUT[12])
                                                      4.036     9.237 r  post/product_q0/PCOUT[12]
                         net (fo=1, unplaced)         0.055     9.292    post/product_q0_n_141
                         DSP48E1                                      r  post/product_q_reg/PCIN[12]
  -------------------------------------------------------------------    -------------------

                         (clock core_clk rise edge)
                                                     10.000    10.000 r  <hidden>
                                                      0.000    10.000 r  clk_i
                         net (fo=5599, unset)         0.924    10.924    post/clk_i
                         DSP48E1                                      r  post/product_q_reg/CLK
                         clock pessimism              0.000    10.924    <hidden>
                         clock uncertainty           -0.035    10.889    <hidden>
                         DSP48E1 (Setup_dsp48e1_CLK_PCIN[12])
                                                     -1.400     9.489    post/product_q_reg
  -------------------------------------------------------------------
                         required time                          9.489    <hidden>
                         arrival time                          -9.292    <hidden>
  -------------------------------------------------------------------
                         slack                                  0.197    <hidden>

Slack (MET) :             0.197ns  (required time - arrival time)
  Source:                 post/lane_q_reg[0]/C
                            (rising edge-triggered cell FDCE clocked by core_clk  {rise@0.000ns fall@5.000ns period=10.000ns})
  Destination:            post/product_q_reg/PCIN[13]
                            (rising edge-triggered cell DSP48E1 clocked by core_clk  {rise@0.000ns fall@5.000ns period=10.000ns})
  Path Group:             core_clk
  Path Type:              Setup (Max at Slow Process Corner)
  Requirement:            10.000ns  (core_clk rise@10.000ns - core_clk rise@0.000ns)
  Data Path Delay:        8.319ns  (logic 5.221ns (62.762%)  route 3.098ns (37.238%))
  Logic Levels:           5  (DSP48E1=1 LUT3=1 LUT4=1 LUT5=1 LUT6=1)
  Clock Path Skew:        -0.049ns (DCD - SCD + CPR)
    Destination Clock Delay (DCD):    0.924ns = ( 10.924 - 10.000 ) 
    Source Clock Delay      (SCD):    0.973ns
    Clock Pessimism Removal (CPR):    0.000ns
  Clock Uncertainty:      0.035ns  ((TSJ^2 + TIJ^2)^1/2 + DJ) / 2 + PE
    Total System Jitter     (TSJ):    0.071ns
    Total Input Jitter      (TIJ):    0.000ns
    Discrete Jitter          (DJ):    0.000ns
    Phase Error              (PE):    0.000ns

    Location             Delay type                Incr(ns)  Path(ns)    Netlist Resource(s)
  -------------------------------------------------------------------    -------------------
                         (clock core_clk rise edge)
                                                      0.000     0.000 r  <hidden>
                                                      0.000     0.000 r  clk_i
                         net (fo=5599, unset)         0.973     0.973    post/clk_i
                         FDCE                                         r  post/lane_q_reg[0]/C
  -------------------------------------------------------------------    -------------------
                         FDCE (Prop_fdce_C_Q)         0.518     1.491 f  post/lane_q_reg[0]/Q
                         net (fo=11, unplaced)        0.787     2.278    post/lane_q_reg_n_0_[0]
                         LUT3 (Prop_lut3_I0_O)        0.295     2.573 r  post/output_data_q[15]_i_3/O
                         net (fo=148, unplaced)       0.558     3.131    post/output_data_q[15]_i_3_n_0
                         LUT4 (Prop_lut4_I3_O)        0.124     3.255 r  post/product_q0_i_112/O
                         net (fo=1, unplaced)         0.449     3.704    post/product_q0_i_112_n_0
                         LUT5 (Prop_lut5_I4_O)        0.124     3.828 r  post/product_q0_i_64/O
                         net (fo=1, unplaced)         0.449     4.277    post/product_q0_i_64_n_0
                         LUT6 (Prop_lut6_I5_O)        0.124     4.401 r  post/product_q0_i_16/O
                         net (fo=2, unplaced)         0.800     5.201    post/multiplier_q[16]
                         DSP48E1 (Prop_dsp48e1_A[16]_PCOUT[13])
                                                      4.036     9.237 r  post/product_q0/PCOUT[13]
                         net (fo=1, unplaced)         0.055     9.292    post/product_q0_n_140
                         DSP48E1                                      r  post/product_q_reg/PCIN[13]
  -------------------------------------------------------------------    -------------------

                         (clock core_clk rise edge)
                                                     10.000    10.000 r  <hidden>
                                                      0.000    10.000 r  clk_i
                         net (fo=5599, unset)         0.924    10.924    post/clk_i
                         DSP48E1                                      r  post/product_q_reg/CLK
                         clock pessimism              0.000    10.924    <hidden>
                         clock uncertainty           -0.035    10.889    <hidden>
                         DSP48E1 (Setup_dsp48e1_CLK_PCIN[13])
                                                     -1.400     9.489    post/product_q_reg
  -------------------------------------------------------------------
                         required time                          9.489    <hidden>
                         arrival time                          -9.292    <hidden>
  -------------------------------------------------------------------
                         slack                                  0.197    <hidden>

Slack (MET) :             0.197ns  (required time - arrival time)
  Source:                 post/lane_q_reg[0]/C
                            (rising edge-triggered cell FDCE clocked by core_clk  {rise@0.000ns fall@5.000ns period=10.000ns})
  Destination:            post/product_q_reg/PCIN[14]
                            (rising edge-triggered cell DSP48E1 clocked by core_clk  {rise@0.000ns fall@5.000ns period=10.000ns})
  Path Group:             core_clk
  Path Type:              Setup (Max at Slow Process Corner)
  Requirement:            10.000ns  (core_clk rise@10.000ns - core_clk rise@0.000ns)
  Data Path Delay:        8.319ns  (logic 5.221ns (62.762%)  route 3.098ns (37.238%))
  Logic Levels:           5  (DSP48E1=1 LUT3=1 LUT4=1 LUT5=1 LUT6=1)
  Clock Path Skew:        -0.049ns (DCD - SCD + CPR)
    Destination Clock Delay (DCD):    0.924ns = ( 10.924 - 10.000 ) 
    Source Clock Delay      (SCD):    0.973ns
    Clock Pessimism Removal (CPR):    0.000ns
  Clock Uncertainty:      0.035ns  ((TSJ^2 + TIJ^2)^1/2 + DJ) / 2 + PE
    Total System Jitter     (TSJ):    0.071ns
    Total Input Jitter      (TIJ):    0.000ns
    Discrete Jitter          (DJ):    0.000ns
    Phase Error              (PE):    0.000ns

    Location             Delay type                Incr(ns)  Path(ns)    Netlist Resource(s)
  -------------------------------------------------------------------    -------------------
                         (clock core_clk rise edge)
                                                      0.000     0.000 r  <hidden>
                                                      0.000     0.000 r  clk_i
                         net (fo=5599, unset)         0.973     0.973    post/clk_i
                         FDCE                                         r  post/lane_q_reg[0]/C
  -------------------------------------------------------------------    -------------------
                         FDCE (Prop_fdce_C_Q)         0.518     1.491 f  post/lane_q_reg[0]/Q
                         net (fo=11, unplaced)        0.787     2.278    post/lane_q_reg_n_0_[0]
                         LUT3 (Prop_lut3_I0_O)        0.295     2.573 r  post/output_data_q[15]_i_3/O
                         net (fo=148, unplaced)       0.558     3.131    post/output_data_q[15]_i_3_n_0
                         LUT4 (Prop_lut4_I3_O)        0.124     3.255 r  post/product_q0_i_112/O
                         net (fo=1, unplaced)         0.449     3.704    post/product_q0_i_112_n_0
                         LUT5 (Prop_lut5_I4_O)        0.124     3.828 r  post/product_q0_i_64/O
                         net (fo=1, unplaced)         0.449     4.277    post/product_q0_i_64_n_0
                         LUT6 (Prop_lut6_I5_O)        0.124     4.401 r  post/product_q0_i_16/O
                         net (fo=2, unplaced)         0.800     5.201    post/multiplier_q[16]
                         DSP48E1 (Prop_dsp48e1_A[16]_PCOUT[14])
                                                      4.036     9.237 r  post/product_q0/PCOUT[14]
                         net (fo=1, unplaced)         0.055     9.292    post/product_q0_n_139
                         DSP48E1                                      r  post/product_q_reg/PCIN[14]
  -------------------------------------------------------------------    -------------------

                         (clock core_clk rise edge)
                                                     10.000    10.000 r  <hidden>
                                                      0.000    10.000 r  clk_i
                         net (fo=5599, unset)         0.924    10.924    post/clk_i
                         DSP48E1                                      r  post/product_q_reg/CLK
                         clock pessimism              0.000    10.924    <hidden>
                         clock uncertainty           -0.035    10.889    <hidden>
                         DSP48E1 (Setup_dsp48e1_CLK_PCIN[14])
                                                     -1.400     9.489    post/product_q_reg
  -------------------------------------------------------------------
                         required time                          9.489    <hidden>
                         arrival time                          -9.292    <hidden>
  -------------------------------------------------------------------
                         slack                                  0.197    <hidden>

Slack (MET) :             0.197ns  (required time - arrival time)
  Source:                 post/lane_q_reg[0]/C
                            (rising edge-triggered cell FDCE clocked by core_clk  {rise@0.000ns fall@5.000ns period=10.000ns})
  Destination:            post/product_q_reg/PCIN[15]
                            (rising edge-triggered cell DSP48E1 clocked by core_clk  {rise@0.000ns fall@5.000ns period=10.000ns})
  Path Group:             core_clk
  Path Type:              Setup (Max at Slow Process Corner)
  Requirement:            10.000ns  (core_clk rise@10.000ns - core_clk rise@0.000ns)
  Data Path Delay:        8.319ns  (logic 5.221ns (62.762%)  route 3.098ns (37.238%))
  Logic Levels:           5  (DSP48E1=1 LUT3=1 LUT4=1 LUT5=1 LUT6=1)
  Clock Path Skew:        -0.049ns (DCD - SCD + CPR)
    Destination Clock Delay (DCD):    0.924ns = ( 10.924 - 10.000 ) 
    Source Clock Delay      (SCD):    0.973ns
    Clock Pessimism Removal (CPR):    0.000ns
  Clock Uncertainty:      0.035ns  ((TSJ^2 + TIJ^2)^1/2 + DJ) / 2 + PE
    Total System Jitter     (TSJ):    0.071ns
    Total Input Jitter      (TIJ):    0.000ns
    Discrete Jitter          (DJ):    0.000ns
    Phase Error              (PE):    0.000ns

    Location             Delay type                Incr(ns)  Path(ns)    Netlist Resource(s)
  -------------------------------------------------------------------    -------------------
                         (clock core_clk rise edge)
                                                      0.000     0.000 r  <hidden>
                                                      0.000     0.000 r  clk_i
                         net (fo=5599, unset)         0.973     0.973    post/clk_i
                         FDCE                                         r  post/lane_q_reg[0]/C
  -------------------------------------------------------------------    -------------------
                         FDCE (Prop_fdce_C_Q)         0.518     1.491 f  post/lane_q_reg[0]/Q
                         net (fo=11, unplaced)        0.787     2.278    post/lane_q_reg_n_0_[0]
                         LUT3 (Prop_lut3_I0_O)        0.295     2.573 r  post/output_data_q[15]_i_3/O
                         net (fo=148, unplaced)       0.558     3.131    post/output_data_q[15]_i_3_n_0
                         LUT4 (Prop_lut4_I3_O)        0.124     3.255 r  post/product_q0_i_112/O
                         net (fo=1, unplaced)         0.449     3.704    post/product_q0_i_112_n_0
                         LUT5 (Prop_lut5_I4_O)        0.124     3.828 r  post/product_q0_i_64/O
                         net (fo=1, unplaced)         0.449     4.277    post/product_q0_i_64_n_0
                         LUT6 (Prop_lut6_I5_O)        0.124     4.401 r  post/product_q0_i_16/O
                         net (fo=2, unplaced)         0.800     5.201    post/multiplier_q[16]
                         DSP48E1 (Prop_dsp48e1_A[16]_PCOUT[15])
                                                      4.036     9.237 r  post/product_q0/PCOUT[15]
                         net (fo=1, unplaced)         0.055     9.292    post/product_q0_n_138
                         DSP48E1                                      r  post/product_q_reg/PCIN[15]
  -------------------------------------------------------------------    -------------------

                         (clock core_clk rise edge)
                                                     10.000    10.000 r  <hidden>
                                                      0.000    10.000 r  clk_i
                         net (fo=5599, unset)         0.924    10.924    post/clk_i
                         DSP48E1                                      r  post/product_q_reg/CLK
                         clock pessimism              0.000    10.924    <hidden>
                         clock uncertainty           -0.035    10.889    <hidden>
                         DSP48E1 (Setup_dsp48e1_CLK_PCIN[15])
                                                     -1.400     9.489    post/product_q_reg
  -------------------------------------------------------------------
                         required time                          9.489    <hidden>
                         arrival time                          -9.292    <hidden>
  -------------------------------------------------------------------
                         slack                                  0.197    <hidden>

Slack (MET) :             0.197ns  (required time - arrival time)
  Source:                 post/lane_q_reg[0]/C
                            (rising edge-triggered cell FDCE clocked by core_clk  {rise@0.000ns fall@5.000ns period=10.000ns})
  Destination:            post/product_q_reg/PCIN[16]
                            (rising edge-triggered cell DSP48E1 clocked by core_clk  {rise@0.000ns fall@5.000ns period=10.000ns})
  Path Group:             core_clk
  Path Type:              Setup (Max at Slow Process Corner)
  Requirement:            10.000ns  (core_clk rise@10.000ns - core_clk rise@0.000ns)
  Data Path Delay:        8.319ns  (logic 5.221ns (62.762%)  route 3.098ns (37.238%))
  Logic Levels:           5  (DSP48E1=1 LUT3=1 LUT4=1 LUT5=1 LUT6=1)
  Clock Path Skew:        -0.049ns (DCD - SCD + CPR)
    Destination Clock Delay (DCD):    0.924ns = ( 10.924 - 10.000 ) 
    Source Clock Delay      (SCD):    0.973ns
    Clock Pessimism Removal (CPR):    0.000ns
  Clock Uncertainty:      0.035ns  ((TSJ^2 + TIJ^2)^1/2 + DJ) / 2 + PE
    Total System Jitter     (TSJ):    0.071ns
    Total Input Jitter      (TIJ):    0.000ns
    Discrete Jitter          (DJ):    0.000ns
    Phase Error              (PE):    0.000ns

    Location             Delay type                Incr(ns)  Path(ns)    Netlist Resource(s)
  -------------------------------------------------------------------    -------------------
                         (clock core_clk rise edge)
                                                      0.000     0.000 r  <hidden>
                                                      0.000     0.000 r  clk_i
                         net (fo=5599, unset)         0.973     0.973    post/clk_i
                         FDCE                                         r  post/lane_q_reg[0]/C
  -------------------------------------------------------------------    -------------------
                         FDCE (Prop_fdce_C_Q)         0.518     1.491 f  post/lane_q_reg[0]/Q
                         net (fo=11, unplaced)        0.787     2.278    post/lane_q_reg_n_0_[0]
                         LUT3 (Prop_lut3_I0_O)        0.295     2.573 r  post/output_data_q[15]_i_3/O
                         net (fo=148, unplaced)       0.558     3.131    post/output_data_q[15]_i_3_n_0
                         LUT4 (Prop_lut4_I3_O)        0.124     3.255 r  post/product_q0_i_112/O
                         net (fo=1, unplaced)         0.449     3.704    post/product_q0_i_112_n_0
                         LUT5 (Prop_lut5_I4_O)        0.124     3.828 r  post/product_q0_i_64/O
                         net (fo=1, unplaced)         0.449     4.277    post/product_q0_i_64_n_0
                         LUT6 (Prop_lut6_I5_O)        0.124     4.401 r  post/product_q0_i_16/O
                         net (fo=2, unplaced)         0.800     5.201    post/multiplier_q[16]
                         DSP48E1 (Prop_dsp48e1_A[16]_PCOUT[16])
                                                      4.036     9.237 r  post/product_q0/PCOUT[16]
                         net (fo=1, unplaced)         0.055     9.292    post/product_q0_n_137
                         DSP48E1                                      r  post/product_q_reg/PCIN[16]
  -------------------------------------------------------------------    -------------------

                         (clock core_clk rise edge)
                                                     10.000    10.000 r  <hidden>
                                                      0.000    10.000 r  clk_i
                         net (fo=5599, unset)         0.924    10.924    post/clk_i
                         DSP48E1                                      r  post/product_q_reg/CLK
                         clock pessimism              0.000    10.924    <hidden>
                         clock uncertainty           -0.035    10.889    <hidden>
                         DSP48E1 (Setup_dsp48e1_CLK_PCIN[16])
                                                     -1.400     9.489    post/product_q_reg
  -------------------------------------------------------------------
                         required time                          9.489    <hidden>
                         arrival time                          -9.292    <hidden>
  -------------------------------------------------------------------
                         slack                                  0.197    <hidden>

Slack (MET) :             0.197ns  (required time - arrival time)
  Source:                 post/lane_q_reg[0]/C
                            (rising edge-triggered cell FDCE clocked by core_clk  {rise@0.000ns fall@5.000ns period=10.000ns})
  Destination:            post/product_q_reg/PCIN[17]
                            (rising edge-triggered cell DSP48E1 clocked by core_clk  {rise@0.000ns fall@5.000ns period=10.000ns})
  Path Group:             core_clk
  Path Type:              Setup (Max at Slow Process Corner)
  Requirement:            10.000ns  (core_clk rise@10.000ns - core_clk rise@0.000ns)
  Data Path Delay:        8.319ns  (logic 5.221ns (62.762%)  route 3.098ns (37.238%))
  Logic Levels:           5  (DSP48E1=1 LUT3=1 LUT4=1 LUT5=1 LUT6=1)
  Clock Path Skew:        -0.049ns (DCD - SCD + CPR)
    Destination Clock Delay (DCD):    0.924ns = ( 10.924 - 10.000 ) 
    Source Clock Delay      (SCD):    0.973ns
    Clock Pessimism Removal (CPR):    0.000ns
  Clock Uncertainty:      0.035ns  ((TSJ^2 + TIJ^2)^1/2 + DJ) / 2 + PE
    Total System Jitter     (TSJ):    0.071ns
    Total Input Jitter      (TIJ):    0.000ns
    Discrete Jitter          (DJ):    0.000ns
    Phase Error              (PE):    0.000ns

    Location             Delay type                Incr(ns)  Path(ns)    Netlist Resource(s)
  -------------------------------------------------------------------    -------------------
                         (clock core_clk rise edge)
                                                      0.000     0.000 r  <hidden>
                                                      0.000     0.000 r  clk_i
                         net (fo=5599, unset)         0.973     0.973    post/clk_i
                         FDCE                                         r  post/lane_q_reg[0]/C
  -------------------------------------------------------------------    -------------------
                         FDCE (Prop_fdce_C_Q)         0.518     1.491 f  post/lane_q_reg[0]/Q
                         net (fo=11, unplaced)        0.787     2.278    post/lane_q_reg_n_0_[0]
                         LUT3 (Prop_lut3_I0_O)        0.295     2.573 r  post/output_data_q[15]_i_3/O
                         net (fo=148, unplaced)       0.558     3.131    post/output_data_q[15]_i_3_n_0
                         LUT4 (Prop_lut4_I3_O)        0.124     3.255 r  post/product_q0_i_112/O
                         net (fo=1, unplaced)         0.449     3.704    post/product_q0_i_112_n_0
                         LUT5 (Prop_lut5_I4_O)        0.124     3.828 r  post/product_q0_i_64/O
                         net (fo=1, unplaced)         0.449     4.277    post/product_q0_i_64_n_0
                         LUT6 (Prop_lut6_I5_O)        0.124     4.401 r  post/product_q0_i_16/O
                         net (fo=2, unplaced)         0.800     5.201    post/multiplier_q[16]
                         DSP48E1 (Prop_dsp48e1_A[16]_PCOUT[17])
                                                      4.036     9.237 r  post/product_q0/PCOUT[17]
                         net (fo=1, unplaced)         0.055     9.292    post/product_q0_n_136
                         DSP48E1                                      r  post/product_q_reg/PCIN[17]
  -------------------------------------------------------------------    -------------------

                         (clock core_clk rise edge)
                                                     10.000    10.000 r  <hidden>
                                                      0.000    10.000 r  clk_i
                         net (fo=5599, unset)         0.924    10.924    post/clk_i
                         DSP48E1                                      r  post/product_q_reg/CLK
                         clock pessimism              0.000    10.924    <hidden>
                         clock uncertainty           -0.035    10.889    <hidden>
                         DSP48E1 (Setup_dsp48e1_CLK_PCIN[17])
                                                     -1.400     9.489    post/product_q_reg
  -------------------------------------------------------------------
                         required time                          9.489    <hidden>
                         arrival time                          -9.292    <hidden>
  -------------------------------------------------------------------
                         slack                                  0.197    <hidden>

Slack (MET) :             0.197ns  (required time - arrival time)
  Source:                 post/lane_q_reg[0]/C
                            (rising edge-triggered cell FDCE clocked by core_clk  {rise@0.000ns fall@5.000ns period=10.000ns})
  Destination:            post/product_q_reg/PCIN[18]
                            (rising edge-triggered cell DSP48E1 clocked by core_clk  {rise@0.000ns fall@5.000ns period=10.000ns})
  Path Group:             core_clk
  Path Type:              Setup (Max at Slow Process Corner)
  Requirement:            10.000ns  (core_clk rise@10.000ns - core_clk rise@0.000ns)
  Data Path Delay:        8.319ns  (logic 5.221ns (62.762%)  route 3.098ns (37.238%))
  Logic Levels:           5  (DSP48E1=1 LUT3=1 LUT4=1 LUT5=1 LUT6=1)
  Clock Path Skew:        -0.049ns (DCD - SCD + CPR)
    Destination Clock Delay (DCD):    0.924ns = ( 10.924 - 10.000 ) 
    Source Clock Delay      (SCD):    0.973ns
    Clock Pessimism Removal (CPR):    0.000ns
  Clock Uncertainty:      0.035ns  ((TSJ^2 + TIJ^2)^1/2 + DJ) / 2 + PE
    Total System Jitter     (TSJ):    0.071ns
    Total Input Jitter      (TIJ):    0.000ns
    Discrete Jitter          (DJ):    0.000ns
    Phase Error              (PE):    0.000ns

    Location             Delay type                Incr(ns)  Path(ns)    Netlist Resource(s)
  -------------------------------------------------------------------    -------------------
                         (clock core_clk rise edge)
                                                      0.000     0.000 r  <hidden>
                                                      0.000     0.000 r  clk_i
                         net (fo=5599, unset)         0.973     0.973    post/clk_i
                         FDCE                                         r  post/lane_q_reg[0]/C
  -------------------------------------------------------------------    -------------------
                         FDCE (Prop_fdce_C_Q)         0.518     1.491 f  post/lane_q_reg[0]/Q
                         net (fo=11, unplaced)        0.787     2.278    post/lane_q_reg_n_0_[0]
                         LUT3 (Prop_lut3_I0_O)        0.295     2.573 r  post/output_data_q[15]_i_3/O
                         net (fo=148, unplaced)       0.558     3.131    post/output_data_q[15]_i_3_n_0
                         LUT4 (Prop_lut4_I3_O)        0.124     3.255 r  post/product_q0_i_112/O
                         net (fo=1, unplaced)         0.449     3.704    post/product_q0_i_112_n_0
                         LUT5 (Prop_lut5_I4_O)        0.124     3.828 r  post/product_q0_i_64/O
                         net (fo=1, unplaced)         0.449     4.277    post/product_q0_i_64_n_0
                         LUT6 (Prop_lut6_I5_O)        0.124     4.401 r  post/product_q0_i_16/O
                         net (fo=2, unplaced)         0.800     5.201    post/multiplier_q[16]
                         DSP48E1 (Prop_dsp48e1_A[16]_PCOUT[18])
                                                      4.036     9.237 r  post/product_q0/PCOUT[18]
                         net (fo=1, unplaced)         0.055     9.292    post/product_q0_n_135
                         DSP48E1                                      r  post/product_q_reg/PCIN[18]
  -------------------------------------------------------------------    -------------------

                         (clock core_clk rise edge)
                                                     10.000    10.000 r  <hidden>
                                                      0.000    10.000 r  clk_i
                         net (fo=5599, unset)         0.924    10.924    post/clk_i
                         DSP48E1                                      r  post/product_q_reg/CLK
                         clock pessimism              0.000    10.924    <hidden>
                         clock uncertainty           -0.035    10.889    <hidden>
                         DSP48E1 (Setup_dsp48e1_CLK_PCIN[18])
                                                     -1.400     9.489    post/product_q_reg
  -------------------------------------------------------------------
                         required time                          9.489    <hidden>
                         arrival time                          -9.292    <hidden>
  -------------------------------------------------------------------
                         slack                                  0.197    <hidden>

Slack (MET) :             0.197ns  (required time - arrival time)
  Source:                 post/lane_q_reg[0]/C
                            (rising edge-triggered cell FDCE clocked by core_clk  {rise@0.000ns fall@5.000ns period=10.000ns})
  Destination:            post/product_q_reg/PCIN[19]
                            (rising edge-triggered cell DSP48E1 clocked by core_clk  {rise@0.000ns fall@5.000ns period=10.000ns})
  Path Group:             core_clk
  Path Type:              Setup (Max at Slow Process Corner)
  Requirement:            10.000ns  (core_clk rise@10.000ns - core_clk rise@0.000ns)
  Data Path Delay:        8.319ns  (logic 5.221ns (62.762%)  route 3.098ns (37.238%))
  Logic Levels:           5  (DSP48E1=1 LUT3=1 LUT4=1 LUT5=1 LUT6=1)
  Clock Path Skew:        -0.049ns (DCD - SCD + CPR)
    Destination Clock Delay (DCD):    0.924ns = ( 10.924 - 10.000 ) 
    Source Clock Delay      (SCD):    0.973ns
    Clock Pessimism Removal (CPR):    0.000ns
  Clock Uncertainty:      0.035ns  ((TSJ^2 + TIJ^2)^1/2 + DJ) / 2 + PE
    Total System Jitter     (TSJ):    0.071ns
    Total Input Jitter      (TIJ):    0.000ns
    Discrete Jitter          (DJ):    0.000ns
    Phase Error              (PE):    0.000ns

    Location             Delay type                Incr(ns)  Path(ns)    Netlist Resource(s)
  -------------------------------------------------------------------    -------------------
                         (clock core_clk rise edge)
                                                      0.000     0.000 r  <hidden>
                                                      0.000     0.000 r  clk_i
                         net (fo=5599, unset)         0.973     0.973    post/clk_i
                         FDCE                                         r  post/lane_q_reg[0]/C
  -------------------------------------------------------------------    -------------------
                         FDCE (Prop_fdce_C_Q)         0.518     1.491 f  post/lane_q_reg[0]/Q
                         net (fo=11, unplaced)        0.787     2.278    post/lane_q_reg_n_0_[0]
                         LUT3 (Prop_lut3_I0_O)        0.295     2.573 r  post/output_data_q[15]_i_3/O
                         net (fo=148, unplaced)       0.558     3.131    post/output_data_q[15]_i_3_n_0
                         LUT4 (Prop_lut4_I3_O)        0.124     3.255 r  post/product_q0_i_112/O
                         net (fo=1, unplaced)         0.449     3.704    post/product_q0_i_112_n_0
                         LUT5 (Prop_lut5_I4_O)        0.124     3.828 r  post/product_q0_i_64/O
                         net (fo=1, unplaced)         0.449     4.277    post/product_q0_i_64_n_0
                         LUT6 (Prop_lut6_I5_O)        0.124     4.401 r  post/product_q0_i_16/O
                         net (fo=2, unplaced)         0.800     5.201    post/multiplier_q[16]
                         DSP48E1 (Prop_dsp48e1_A[16]_PCOUT[19])
                                                      4.036     9.237 r  post/product_q0/PCOUT[19]
                         net (fo=1, unplaced)         0.055     9.292    post/product_q0_n_134
                         DSP48E1                                      r  post/product_q_reg/PCIN[19]
  -------------------------------------------------------------------    -------------------

                         (clock core_clk rise edge)
                                                     10.000    10.000 r  <hidden>
                                                      0.000    10.000 r  clk_i
                         net (fo=5599, unset)         0.924    10.924    post/clk_i
                         DSP48E1                                      r  post/product_q_reg/CLK
                         clock pessimism              0.000    10.924    <hidden>
                         clock uncertainty           -0.035    10.889    <hidden>
                         DSP48E1 (Setup_dsp48e1_CLK_PCIN[19])
                                                     -1.400     9.489    post/product_q_reg
  -------------------------------------------------------------------
                         required time                          9.489    <hidden>
                         arrival time                          -9.292    <hidden>
  -------------------------------------------------------------------
                         slack                                  0.197    <hidden>

Slack (MET) :             0.197ns  (required time - arrival time)
  Source:                 post/lane_q_reg[0]/C
                            (rising edge-triggered cell FDCE clocked by core_clk  {rise@0.000ns fall@5.000ns period=10.000ns})
  Destination:            post/product_q_reg/PCIN[1]
                            (rising edge-triggered cell DSP48E1 clocked by core_clk  {rise@0.000ns fall@5.000ns period=10.000ns})
  Path Group:             core_clk
  Path Type:              Setup (Max at Slow Process Corner)
  Requirement:            10.000ns  (core_clk rise@10.000ns - core_clk rise@0.000ns)
  Data Path Delay:        8.319ns  (logic 5.221ns (62.762%)  route 3.098ns (37.238%))
  Logic Levels:           5  (DSP48E1=1 LUT3=1 LUT4=1 LUT5=1 LUT6=1)
  Clock Path Skew:        -0.049ns (DCD - SCD + CPR)
    Destination Clock Delay (DCD):    0.924ns = ( 10.924 - 10.000 ) 
    Source Clock Delay      (SCD):    0.973ns
    Clock Pessimism Removal (CPR):    0.000ns
  Clock Uncertainty:      0.035ns  ((TSJ^2 + TIJ^2)^1/2 + DJ) / 2 + PE
    Total System Jitter     (TSJ):    0.071ns
    Total Input Jitter      (TIJ):    0.000ns
    Discrete Jitter          (DJ):    0.000ns
    Phase Error              (PE):    0.000ns

    Location             Delay type                Incr(ns)  Path(ns)    Netlist Resource(s)
  -------------------------------------------------------------------    -------------------
                         (clock core_clk rise edge)
                                                      0.000     0.000 r  <hidden>
                                                      0.000     0.000 r  clk_i
                         net (fo=5599, unset)         0.973     0.973    post/clk_i
                         FDCE                                         r  post/lane_q_reg[0]/C
  -------------------------------------------------------------------    -------------------
                         FDCE (Prop_fdce_C_Q)         0.518     1.491 f  post/lane_q_reg[0]/Q
                         net (fo=11, unplaced)        0.787     2.278    post/lane_q_reg_n_0_[0]
                         LUT3 (Prop_lut3_I0_O)        0.295     2.573 r  post/output_data_q[15]_i_3/O
                         net (fo=148, unplaced)       0.558     3.131    post/output_data_q[15]_i_3_n_0
                         LUT4 (Prop_lut4_I3_O)        0.124     3.255 r  post/product_q0_i_112/O
                         net (fo=1, unplaced)         0.449     3.704    post/product_q0_i_112_n_0
                         LUT5 (Prop_lut5_I4_O)        0.124     3.828 r  post/product_q0_i_64/O
                         net (fo=1, unplaced)         0.449     4.277    post/product_q0_i_64_n_0
                         LUT6 (Prop_lut6_I5_O)        0.124     4.401 r  post/product_q0_i_16/O
                         net (fo=2, unplaced)         0.800     5.201    post/multiplier_q[16]
                         DSP48E1 (Prop_dsp48e1_A[16]_PCOUT[1])
                                                      4.036     9.237 r  post/product_q0/PCOUT[1]
                         net (fo=1, unplaced)         0.055     9.292    post/product_q0_n_152
                         DSP48E1                                      r  post/product_q_reg/PCIN[1]
  -------------------------------------------------------------------    -------------------

                         (clock core_clk rise edge)
                                                     10.000    10.000 r  <hidden>
                                                      0.000    10.000 r  clk_i
                         net (fo=5599, unset)         0.924    10.924    post/clk_i
                         DSP48E1                                      r  post/product_q_reg/CLK
                         clock pessimism              0.000    10.924    <hidden>
                         clock uncertainty           -0.035    10.889    <hidden>
                         DSP48E1 (Setup_dsp48e1_CLK_PCIN[1])
                                                     -1.400     9.489    post/product_q_reg
  -------------------------------------------------------------------
                         required time                          9.489    <hidden>
                         arrival time                          -9.292    <hidden>
  -------------------------------------------------------------------
                         slack                                  0.197    <hidden>

Slack (MET) :             0.197ns  (required time - arrival time)
  Source:                 post/lane_q_reg[0]/C
                            (rising edge-triggered cell FDCE clocked by core_clk  {rise@0.000ns fall@5.000ns period=10.000ns})
  Destination:            post/product_q_reg/PCIN[20]
                            (rising edge-triggered cell DSP48E1 clocked by core_clk  {rise@0.000ns fall@5.000ns period=10.000ns})
  Path Group:             core_clk
  Path Type:              Setup (Max at Slow Process Corner)
  Requirement:            10.000ns  (core_clk rise@10.000ns - core_clk rise@0.000ns)
  Data Path Delay:        8.319ns  (logic 5.221ns (62.762%)  route 3.098ns (37.238%))
  Logic Levels:           5  (DSP48E1=1 LUT3=1 LUT4=1 LUT5=1 LUT6=1)
  Clock Path Skew:        -0.049ns (DCD - SCD + CPR)
    Destination Clock Delay (DCD):    0.924ns = ( 10.924 - 10.000 ) 
    Source Clock Delay      (SCD):    0.973ns
    Clock Pessimism Removal (CPR):    0.000ns
  Clock Uncertainty:      0.035ns  ((TSJ^2 + TIJ^2)^1/2 + DJ) / 2 + PE
    Total System Jitter     (TSJ):    0.071ns
    Total Input Jitter      (TIJ):    0.000ns
    Discrete Jitter          (DJ):    0.000ns
    Phase Error              (PE):    0.000ns

    Location             Delay type                Incr(ns)  Path(ns)    Netlist Resource(s)
  -------------------------------------------------------------------    -------------------
                         (clock core_clk rise edge)
                                                      0.000     0.000 r  <hidden>
                                                      0.000     0.000 r  clk_i
                         net (fo=5599, unset)         0.973     0.973    post/clk_i
                         FDCE                                         r  post/lane_q_reg[0]/C
  -------------------------------------------------------------------    -------------------
                         FDCE (Prop_fdce_C_Q)         0.518     1.491 f  post/lane_q_reg[0]/Q
                         net (fo=11, unplaced)        0.787     2.278    post/lane_q_reg_n_0_[0]
                         LUT3 (Prop_lut3_I0_O)        0.295     2.573 r  post/output_data_q[15]_i_3/O
                         net (fo=148, unplaced)       0.558     3.131    post/output_data_q[15]_i_3_n_0
                         LUT4 (Prop_lut4_I3_O)        0.124     3.255 r  post/product_q0_i_112/O
                         net (fo=1, unplaced)         0.449     3.704    post/product_q0_i_112_n_0
                         LUT5 (Prop_lut5_I4_O)        0.124     3.828 r  post/product_q0_i_64/O
                         net (fo=1, unplaced)         0.449     4.277    post/product_q0_i_64_n_0
                         LUT6 (Prop_lut6_I5_O)        0.124     4.401 r  post/product_q0_i_16/O
                         net (fo=2, unplaced)         0.800     5.201    post/multiplier_q[16]
                         DSP48E1 (Prop_dsp48e1_A[16]_PCOUT[20])
                                                      4.036     9.237 r  post/product_q0/PCOUT[20]
                         net (fo=1, unplaced)         0.055     9.292    post/product_q0_n_133
                         DSP48E1                                      r  post/product_q_reg/PCIN[20]
  -------------------------------------------------------------------    -------------------

                         (clock core_clk rise edge)
                                                     10.000    10.000 r  <hidden>
                                                      0.000    10.000 r  clk_i
                         net (fo=5599, unset)         0.924    10.924    post/clk_i
                         DSP48E1                                      r  post/product_q_reg/CLK
                         clock pessimism              0.000    10.924    <hidden>
                         clock uncertainty           -0.035    10.889    <hidden>
                         DSP48E1 (Setup_dsp48e1_CLK_PCIN[20])
                                                     -1.400     9.489    post/product_q_reg
  -------------------------------------------------------------------
                         required time                          9.489    <hidden>
                         arrival time                          -9.292    <hidden>
  -------------------------------------------------------------------
                         slack                                  0.197    <hidden>

Slack (MET) :             0.197ns  (required time - arrival time)
  Source:                 post/lane_q_reg[0]/C
                            (rising edge-triggered cell FDCE clocked by core_clk  {rise@0.000ns fall@5.000ns period=10.000ns})
  Destination:            post/product_q_reg/PCIN[21]
                            (rising edge-triggered cell DSP48E1 clocked by core_clk  {rise@0.000ns fall@5.000ns period=10.000ns})
  Path Group:             core_clk
  Path Type:              Setup (Max at Slow Process Corner)
  Requirement:            10.000ns  (core_clk rise@10.000ns - core_clk rise@0.000ns)
  Data Path Delay:        8.319ns  (logic 5.221ns (62.762%)  route 3.098ns (37.238%))
  Logic Levels:           5  (DSP48E1=1 LUT3=1 LUT4=1 LUT5=1 LUT6=1)
  Clock Path Skew:        -0.049ns (DCD - SCD + CPR)
    Destination Clock Delay (DCD):    0.924ns = ( 10.924 - 10.000 ) 
    Source Clock Delay      (SCD):    0.973ns
    Clock Pessimism Removal (CPR):    0.000ns
  Clock Uncertainty:      0.035ns  ((TSJ^2 + TIJ^2)^1/2 + DJ) / 2 + PE
    Total System Jitter     (TSJ):    0.071ns
    Total Input Jitter      (TIJ):    0.000ns
    Discrete Jitter          (DJ):    0.000ns
    Phase Error              (PE):    0.000ns

    Location             Delay type                Incr(ns)  Path(ns)    Netlist Resource(s)
  -------------------------------------------------------------------    -------------------
                         (clock core_clk rise edge)
                                                      0.000     0.000 r  <hidden>
                                                      0.000     0.000 r  clk_i
                         net (fo=5599, unset)         0.973     0.973    post/clk_i
                         FDCE                                         r  post/lane_q_reg[0]/C
  -------------------------------------------------------------------    -------------------
                         FDCE (Prop_fdce_C_Q)         0.518     1.491 f  post/lane_q_reg[0]/Q
                         net (fo=11, unplaced)        0.787     2.278    post/lane_q_reg_n_0_[0]
                         LUT3 (Prop_lut3_I0_O)        0.295     2.573 r  post/output_data_q[15]_i_3/O
                         net (fo=148, unplaced)       0.558     3.131    post/output_data_q[15]_i_3_n_0
                         LUT4 (Prop_lut4_I3_O)        0.124     3.255 r  post/product_q0_i_112/O
                         net (fo=1, unplaced)         0.449     3.704    post/product_q0_i_112_n_0
                         LUT5 (Prop_lut5_I4_O)        0.124     3.828 r  post/product_q0_i_64/O
                         net (fo=1, unplaced)         0.449     4.277    post/product_q0_i_64_n_0
                         LUT6 (Prop_lut6_I5_O)        0.124     4.401 r  post/product_q0_i_16/O
                         net (fo=2, unplaced)         0.800     5.201    post/multiplier_q[16]
                         DSP48E1 (Prop_dsp48e1_A[16]_PCOUT[21])
                                                      4.036     9.237 r  post/product_q0/PCOUT[21]
                         net (fo=1, unplaced)         0.055     9.292    post/product_q0_n_132
                         DSP48E1                                      r  post/product_q_reg/PCIN[21]
  -------------------------------------------------------------------    -------------------

                         (clock core_clk rise edge)
                                                     10.000    10.000 r  <hidden>
                                                      0.000    10.000 r  clk_i
                         net (fo=5599, unset)         0.924    10.924    post/clk_i
                         DSP48E1                                      r  post/product_q_reg/CLK
                         clock pessimism              0.000    10.924    <hidden>
                         clock uncertainty           -0.035    10.889    <hidden>
                         DSP48E1 (Setup_dsp48e1_CLK_PCIN[21])
                                                     -1.400     9.489    post/product_q_reg
  -------------------------------------------------------------------
                         required time                          9.489    <hidden>
                         arrival time                          -9.292    <hidden>
  -------------------------------------------------------------------
                         slack                                  0.197    <hidden>

Slack (MET) :             0.197ns  (required time - arrival time)
  Source:                 post/lane_q_reg[0]/C
                            (rising edge-triggered cell FDCE clocked by core_clk  {rise@0.000ns fall@5.000ns period=10.000ns})
  Destination:            post/product_q_reg/PCIN[22]
                            (rising edge-triggered cell DSP48E1 clocked by core_clk  {rise@0.000ns fall@5.000ns period=10.000ns})
  Path Group:             core_clk
  Path Type:              Setup (Max at Slow Process Corner)
  Requirement:            10.000ns  (core_clk rise@10.000ns - core_clk rise@0.000ns)
  Data Path Delay:        8.319ns  (logic 5.221ns (62.762%)  route 3.098ns (37.238%))
  Logic Levels:           5  (DSP48E1=1 LUT3=1 LUT4=1 LUT5=1 LUT6=1)
  Clock Path Skew:        -0.049ns (DCD - SCD + CPR)
    Destination Clock Delay (DCD):    0.924ns = ( 10.924 - 10.000 ) 
    Source Clock Delay      (SCD):    0.973ns
    Clock Pessimism Removal (CPR):    0.000ns
  Clock Uncertainty:      0.035ns  ((TSJ^2 + TIJ^2)^1/2 + DJ) / 2 + PE
    Total System Jitter     (TSJ):    0.071ns
    Total Input Jitter      (TIJ):    0.000ns
    Discrete Jitter          (DJ):    0.000ns
    Phase Error              (PE):    0.000ns

    Location             Delay type                Incr(ns)  Path(ns)    Netlist Resource(s)
  -------------------------------------------------------------------    -------------------
                         (clock core_clk rise edge)
                                                      0.000     0.000 r  <hidden>
                                                      0.000     0.000 r  clk_i
                         net (fo=5599, unset)         0.973     0.973    post/clk_i
                         FDCE                                         r  post/lane_q_reg[0]/C
  -------------------------------------------------------------------    -------------------
                         FDCE (Prop_fdce_C_Q)         0.518     1.491 f  post/lane_q_reg[0]/Q
                         net (fo=11, unplaced)        0.787     2.278    post/lane_q_reg_n_0_[0]
                         LUT3 (Prop_lut3_I0_O)        0.295     2.573 r  post/output_data_q[15]_i_3/O
                         net (fo=148, unplaced)       0.558     3.131    post/output_data_q[15]_i_3_n_0
                         LUT4 (Prop_lut4_I3_O)        0.124     3.255 r  post/product_q0_i_112/O
                         net (fo=1, unplaced)         0.449     3.704    post/product_q0_i_112_n_0
                         LUT5 (Prop_lut5_I4_O)        0.124     3.828 r  post/product_q0_i_64/O
                         net (fo=1, unplaced)         0.449     4.277    post/product_q0_i_64_n_0
                         LUT6 (Prop_lut6_I5_O)        0.124     4.401 r  post/product_q0_i_16/O
                         net (fo=2, unplaced)         0.800     5.201    post/multiplier_q[16]
                         DSP48E1 (Prop_dsp48e1_A[16]_PCOUT[22])
                                                      4.036     9.237 r  post/product_q0/PCOUT[22]
                         net (fo=1, unplaced)         0.055     9.292    post/product_q0_n_131
                         DSP48E1                                      r  post/product_q_reg/PCIN[22]
  -------------------------------------------------------------------    -------------------

                         (clock core_clk rise edge)
                                                     10.000    10.000 r  <hidden>
                                                      0.000    10.000 r  clk_i
                         net (fo=5599, unset)         0.924    10.924    post/clk_i
                         DSP48E1                                      r  post/product_q_reg/CLK
                         clock pessimism              0.000    10.924    <hidden>
                         clock uncertainty           -0.035    10.889    <hidden>
                         DSP48E1 (Setup_dsp48e1_CLK_PCIN[22])
                                                     -1.400     9.489    post/product_q_reg
  -------------------------------------------------------------------
                         required time                          9.489    <hidden>
                         arrival time                          -9.292    <hidden>
  -------------------------------------------------------------------
                         slack                                  0.197    <hidden>

Slack (MET) :             0.197ns  (required time - arrival time)
  Source:                 post/lane_q_reg[0]/C
                            (rising edge-triggered cell FDCE clocked by core_clk  {rise@0.000ns fall@5.000ns period=10.000ns})
  Destination:            post/product_q_reg/PCIN[23]
                            (rising edge-triggered cell DSP48E1 clocked by core_clk  {rise@0.000ns fall@5.000ns period=10.000ns})
  Path Group:             core_clk
  Path Type:              Setup (Max at Slow Process Corner)
  Requirement:            10.000ns  (core_clk rise@10.000ns - core_clk rise@0.000ns)
  Data Path Delay:        8.319ns  (logic 5.221ns (62.762%)  route 3.098ns (37.238%))
  Logic Levels:           5  (DSP48E1=1 LUT3=1 LUT4=1 LUT5=1 LUT6=1)
  Clock Path Skew:        -0.049ns (DCD - SCD + CPR)
    Destination Clock Delay (DCD):    0.924ns = ( 10.924 - 10.000 ) 
    Source Clock Delay      (SCD):    0.973ns
    Clock Pessimism Removal (CPR):    0.000ns
  Clock Uncertainty:      0.035ns  ((TSJ^2 + TIJ^2)^1/2 + DJ) / 2 + PE
    Total System Jitter     (TSJ):    0.071ns
    Total Input Jitter      (TIJ):    0.000ns
    Discrete Jitter          (DJ):    0.000ns
    Phase Error              (PE):    0.000ns

    Location             Delay type                Incr(ns)  Path(ns)    Netlist Resource(s)
  -------------------------------------------------------------------    -------------------
                         (clock core_clk rise edge)
                                                      0.000     0.000 r  <hidden>
                                                      0.000     0.000 r  clk_i
                         net (fo=5599, unset)         0.973     0.973    post/clk_i
                         FDCE                                         r  post/lane_q_reg[0]/C
  -------------------------------------------------------------------    -------------------
                         FDCE (Prop_fdce_C_Q)         0.518     1.491 f  post/lane_q_reg[0]/Q
                         net (fo=11, unplaced)        0.787     2.278    post/lane_q_reg_n_0_[0]
                         LUT3 (Prop_lut3_I0_O)        0.295     2.573 r  post/output_data_q[15]_i_3/O
                         net (fo=148, unplaced)       0.558     3.131    post/output_data_q[15]_i_3_n_0
                         LUT4 (Prop_lut4_I3_O)        0.124     3.255 r  post/product_q0_i_112/O
                         net (fo=1, unplaced)         0.449     3.704    post/product_q0_i_112_n_0
                         LUT5 (Prop_lut5_I4_O)        0.124     3.828 r  post/product_q0_i_64/O
                         net (fo=1, unplaced)         0.449     4.277    post/product_q0_i_64_n_0
                         LUT6 (Prop_lut6_I5_O)        0.124     4.401 r  post/product_q0_i_16/O
                         net (fo=2, unplaced)         0.800     5.201    post/multiplier_q[16]
                         DSP48E1 (Prop_dsp48e1_A[16]_PCOUT[23])
                                                      4.036     9.237 r  post/product_q0/PCOUT[23]
                         net (fo=1, unplaced)         0.055     9.292    post/product_q0_n_130
                         DSP48E1                                      r  post/product_q_reg/PCIN[23]
  -------------------------------------------------------------------    -------------------

                         (clock core_clk rise edge)
                                                     10.000    10.000 r  <hidden>
                                                      0.000    10.000 r  clk_i
                         net (fo=5599, unset)         0.924    10.924    post/clk_i
                         DSP48E1                                      r  post/product_q_reg/CLK
                         clock pessimism              0.000    10.924    <hidden>
                         clock uncertainty           -0.035    10.889    <hidden>
                         DSP48E1 (Setup_dsp48e1_CLK_PCIN[23])
                                                     -1.400     9.489    post/product_q_reg
  -------------------------------------------------------------------
                         required time                          9.489    <hidden>
                         arrival time                          -9.292    <hidden>
  -------------------------------------------------------------------
                         slack                                  0.197    <hidden>

Slack (MET) :             0.197ns  (required time - arrival time)
  Source:                 post/lane_q_reg[0]/C
                            (rising edge-triggered cell FDCE clocked by core_clk  {rise@0.000ns fall@5.000ns period=10.000ns})
  Destination:            post/product_q_reg/PCIN[24]
                            (rising edge-triggered cell DSP48E1 clocked by core_clk  {rise@0.000ns fall@5.000ns period=10.000ns})
  Path Group:             core_clk
  Path Type:              Setup (Max at Slow Process Corner)
  Requirement:            10.000ns  (core_clk rise@10.000ns - core_clk rise@0.000ns)
  Data Path Delay:        8.319ns  (logic 5.221ns (62.762%)  route 3.098ns (37.238%))
  Logic Levels:           5  (DSP48E1=1 LUT3=1 LUT4=1 LUT5=1 LUT6=1)
  Clock Path Skew:        -0.049ns (DCD - SCD + CPR)
    Destination Clock Delay (DCD):    0.924ns = ( 10.924 - 10.000 ) 
    Source Clock Delay      (SCD):    0.973ns
    Clock Pessimism Removal (CPR):    0.000ns
  Clock Uncertainty:      0.035ns  ((TSJ^2 + TIJ^2)^1/2 + DJ) / 2 + PE
    Total System Jitter     (TSJ):    0.071ns
    Total Input Jitter      (TIJ):    0.000ns
    Discrete Jitter          (DJ):    0.000ns
    Phase Error              (PE):    0.000ns

    Location             Delay type                Incr(ns)  Path(ns)    Netlist Resource(s)
  -------------------------------------------------------------------    -------------------
                         (clock core_clk rise edge)
                                                      0.000     0.000 r  <hidden>
                                                      0.000     0.000 r  clk_i
                         net (fo=5599, unset)         0.973     0.973    post/clk_i
                         FDCE                                         r  post/lane_q_reg[0]/C
  -------------------------------------------------------------------    -------------------
                         FDCE (Prop_fdce_C_Q)         0.518     1.491 f  post/lane_q_reg[0]/Q
                         net (fo=11, unplaced)        0.787     2.278    post/lane_q_reg_n_0_[0]
                         LUT3 (Prop_lut3_I0_O)        0.295     2.573 r  post/output_data_q[15]_i_3/O
                         net (fo=148, unplaced)       0.558     3.131    post/output_data_q[15]_i_3_n_0
                         LUT4 (Prop_lut4_I3_O)        0.124     3.255 r  post/product_q0_i_112/O
                         net (fo=1, unplaced)         0.449     3.704    post/product_q0_i_112_n_0
                         LUT5 (Prop_lut5_I4_O)        0.124     3.828 r  post/product_q0_i_64/O
                         net (fo=1, unplaced)         0.449     4.277    post/product_q0_i_64_n_0
                         LUT6 (Prop_lut6_I5_O)        0.124     4.401 r  post/product_q0_i_16/O
                         net (fo=2, unplaced)         0.800     5.201    post/multiplier_q[16]
                         DSP48E1 (Prop_dsp48e1_A[16]_PCOUT[24])
                                                      4.036     9.237 r  post/product_q0/PCOUT[24]
                         net (fo=1, unplaced)         0.055     9.292    post/product_q0_n_129
                         DSP48E1                                      r  post/product_q_reg/PCIN[24]
  -------------------------------------------------------------------    -------------------

                         (clock core_clk rise edge)
                                                     10.000    10.000 r  <hidden>
                                                      0.000    10.000 r  clk_i
                         net (fo=5599, unset)         0.924    10.924    post/clk_i
                         DSP48E1                                      r  post/product_q_reg/CLK
                         clock pessimism              0.000    10.924    <hidden>
                         clock uncertainty           -0.035    10.889    <hidden>
                         DSP48E1 (Setup_dsp48e1_CLK_PCIN[24])
                                                     -1.400     9.489    post/product_q_reg
  -------------------------------------------------------------------
                         required time                          9.489    <hidden>
                         arrival time                          -9.292    <hidden>
  -------------------------------------------------------------------
                         slack                                  0.197    <hidden>

Slack (MET) :             0.197ns  (required time - arrival time)
  Source:                 post/lane_q_reg[0]/C
                            (rising edge-triggered cell FDCE clocked by core_clk  {rise@0.000ns fall@5.000ns period=10.000ns})
  Destination:            post/product_q_reg/PCIN[25]
                            (rising edge-triggered cell DSP48E1 clocked by core_clk  {rise@0.000ns fall@5.000ns period=10.000ns})
  Path Group:             core_clk
  Path Type:              Setup (Max at Slow Process Corner)
  Requirement:            10.000ns  (core_clk rise@10.000ns - core_clk rise@0.000ns)
  Data Path Delay:        8.319ns  (logic 5.221ns (62.762%)  route 3.098ns (37.238%))
  Logic Levels:           5  (DSP48E1=1 LUT3=1 LUT4=1 LUT5=1 LUT6=1)
  Clock Path Skew:        -0.049ns (DCD - SCD + CPR)
    Destination Clock Delay (DCD):    0.924ns = ( 10.924 - 10.000 ) 
    Source Clock Delay      (SCD):    0.973ns
    Clock Pessimism Removal (CPR):    0.000ns
  Clock Uncertainty:      0.035ns  ((TSJ^2 + TIJ^2)^1/2 + DJ) / 2 + PE
    Total System Jitter     (TSJ):    0.071ns
    Total Input Jitter      (TIJ):    0.000ns
    Discrete Jitter          (DJ):    0.000ns
    Phase Error              (PE):    0.000ns

    Location             Delay type                Incr(ns)  Path(ns)    Netlist Resource(s)
  -------------------------------------------------------------------    -------------------
                         (clock core_clk rise edge)
                                                      0.000     0.000 r  <hidden>
                                                      0.000     0.000 r  clk_i
                         net (fo=5599, unset)         0.973     0.973    post/clk_i
                         FDCE                                         r  post/lane_q_reg[0]/C
  -------------------------------------------------------------------    -------------------
                         FDCE (Prop_fdce_C_Q)         0.518     1.491 f  post/lane_q_reg[0]/Q
                         net (fo=11, unplaced)        0.787     2.278    post/lane_q_reg_n_0_[0]
                         LUT3 (Prop_lut3_I0_O)        0.295     2.573 r  post/output_data_q[15]_i_3/O
                         net (fo=148, unplaced)       0.558     3.131    post/output_data_q[15]_i_3_n_0
                         LUT4 (Prop_lut4_I3_O)        0.124     3.255 r  post/product_q0_i_112/O
                         net (fo=1, unplaced)         0.449     3.704    post/product_q0_i_112_n_0
                         LUT5 (Prop_lut5_I4_O)        0.124     3.828 r  post/product_q0_i_64/O
                         net (fo=1, unplaced)         0.449     4.277    post/product_q0_i_64_n_0
                         LUT6 (Prop_lut6_I5_O)        0.124     4.401 r  post/product_q0_i_16/O
                         net (fo=2, unplaced)         0.800     5.201    post/multiplier_q[16]
                         DSP48E1 (Prop_dsp48e1_A[16]_PCOUT[25])
                                                      4.036     9.237 r  post/product_q0/PCOUT[25]
                         net (fo=1, unplaced)         0.055     9.292    post/product_q0_n_128
                         DSP48E1                                      r  post/product_q_reg/PCIN[25]
  -------------------------------------------------------------------    -------------------

                         (clock core_clk rise edge)
                                                     10.000    10.000 r  <hidden>
                                                      0.000    10.000 r  clk_i
                         net (fo=5599, unset)         0.924    10.924    post/clk_i
                         DSP48E1                                      r  post/product_q_reg/CLK
                         clock pessimism              0.000    10.924    <hidden>
                         clock uncertainty           -0.035    10.889    <hidden>
                         DSP48E1 (Setup_dsp48e1_CLK_PCIN[25])
                                                     -1.400     9.489    post/product_q_reg
  -------------------------------------------------------------------
                         required time                          9.489    <hidden>
                         arrival time                          -9.292    <hidden>
  -------------------------------------------------------------------
                         slack                                  0.197    <hidden>

Slack (MET) :             0.197ns  (required time - arrival time)
  Source:                 post/lane_q_reg[0]/C
                            (rising edge-triggered cell FDCE clocked by core_clk  {rise@0.000ns fall@5.000ns period=10.000ns})
  Destination:            post/product_q_reg/PCIN[26]
                            (rising edge-triggered cell DSP48E1 clocked by core_clk  {rise@0.000ns fall@5.000ns period=10.000ns})
  Path Group:             core_clk
  Path Type:              Setup (Max at Slow Process Corner)
  Requirement:            10.000ns  (core_clk rise@10.000ns - core_clk rise@0.000ns)
  Data Path Delay:        8.319ns  (logic 5.221ns (62.762%)  route 3.098ns (37.238%))
  Logic Levels:           5  (DSP48E1=1 LUT3=1 LUT4=1 LUT5=1 LUT6=1)
  Clock Path Skew:        -0.049ns (DCD - SCD + CPR)
    Destination Clock Delay (DCD):    0.924ns = ( 10.924 - 10.000 ) 
    Source Clock Delay      (SCD):    0.973ns
    Clock Pessimism Removal (CPR):    0.000ns
  Clock Uncertainty:      0.035ns  ((TSJ^2 + TIJ^2)^1/2 + DJ) / 2 + PE
    Total System Jitter     (TSJ):    0.071ns
    Total Input Jitter      (TIJ):    0.000ns
    Discrete Jitter          (DJ):    0.000ns
    Phase Error              (PE):    0.000ns

    Location             Delay type                Incr(ns)  Path(ns)    Netlist Resource(s)
  -------------------------------------------------------------------    -------------------
                         (clock core_clk rise edge)
                                                      0.000     0.000 r  <hidden>
                                                      0.000     0.000 r  clk_i
                         net (fo=5599, unset)         0.973     0.973    post/clk_i
                         FDCE                                         r  post/lane_q_reg[0]/C
  -------------------------------------------------------------------    -------------------
                         FDCE (Prop_fdce_C_Q)         0.518     1.491 f  post/lane_q_reg[0]/Q
                         net (fo=11, unplaced)        0.787     2.278    post/lane_q_reg_n_0_[0]
                         LUT3 (Prop_lut3_I0_O)        0.295     2.573 r  post/output_data_q[15]_i_3/O
                         net (fo=148, unplaced)       0.558     3.131    post/output_data_q[15]_i_3_n_0
                         LUT4 (Prop_lut4_I3_O)        0.124     3.255 r  post/product_q0_i_112/O
                         net (fo=1, unplaced)         0.449     3.704    post/product_q0_i_112_n_0
                         LUT5 (Prop_lut5_I4_O)        0.124     3.828 r  post/product_q0_i_64/O
                         net (fo=1, unplaced)         0.449     4.277    post/product_q0_i_64_n_0
                         LUT6 (Prop_lut6_I5_O)        0.124     4.401 r  post/product_q0_i_16/O
                         net (fo=2, unplaced)         0.800     5.201    post/multiplier_q[16]
                         DSP48E1 (Prop_dsp48e1_A[16]_PCOUT[26])
                                                      4.036     9.237 r  post/product_q0/PCOUT[26]
                         net (fo=1, unplaced)         0.055     9.292    post/product_q0_n_127
                         DSP48E1                                      r  post/product_q_reg/PCIN[26]
  -------------------------------------------------------------------    -------------------

                         (clock core_clk rise edge)
                                                     10.000    10.000 r  <hidden>
                                                      0.000    10.000 r  clk_i
                         net (fo=5599, unset)         0.924    10.924    post/clk_i
                         DSP48E1                                      r  post/product_q_reg/CLK
                         clock pessimism              0.000    10.924    <hidden>
                         clock uncertainty           -0.035    10.889    <hidden>
                         DSP48E1 (Setup_dsp48e1_CLK_PCIN[26])
                                                     -1.400     9.489    post/product_q_reg
  -------------------------------------------------------------------
                         required time                          9.489    <hidden>
                         arrival time                          -9.292    <hidden>
  -------------------------------------------------------------------
                         slack                                  0.197    <hidden>

Slack (MET) :             0.197ns  (required time - arrival time)
  Source:                 post/lane_q_reg[0]/C
                            (rising edge-triggered cell FDCE clocked by core_clk  {rise@0.000ns fall@5.000ns period=10.000ns})
  Destination:            post/product_q_reg/PCIN[27]
                            (rising edge-triggered cell DSP48E1 clocked by core_clk  {rise@0.000ns fall@5.000ns period=10.000ns})
  Path Group:             core_clk
  Path Type:              Setup (Max at Slow Process Corner)
  Requirement:            10.000ns  (core_clk rise@10.000ns - core_clk rise@0.000ns)
  Data Path Delay:        8.319ns  (logic 5.221ns (62.762%)  route 3.098ns (37.238%))
  Logic Levels:           5  (DSP48E1=1 LUT3=1 LUT4=1 LUT5=1 LUT6=1)
  Clock Path Skew:        -0.049ns (DCD - SCD + CPR)
    Destination Clock Delay (DCD):    0.924ns = ( 10.924 - 10.000 ) 
    Source Clock Delay      (SCD):    0.973ns
    Clock Pessimism Removal (CPR):    0.000ns
  Clock Uncertainty:      0.035ns  ((TSJ^2 + TIJ^2)^1/2 + DJ) / 2 + PE
    Total System Jitter     (TSJ):    0.071ns
    Total Input Jitter      (TIJ):    0.000ns
    Discrete Jitter          (DJ):    0.000ns
    Phase Error              (PE):    0.000ns

    Location             Delay type                Incr(ns)  Path(ns)    Netlist Resource(s)
  -------------------------------------------------------------------    -------------------
                         (clock core_clk rise edge)
                                                      0.000     0.000 r  <hidden>
                                                      0.000     0.000 r  clk_i
                         net (fo=5599, unset)         0.973     0.973    post/clk_i
                         FDCE                                         r  post/lane_q_reg[0]/C
  -------------------------------------------------------------------    -------------------
                         FDCE (Prop_fdce_C_Q)         0.518     1.491 f  post/lane_q_reg[0]/Q
                         net (fo=11, unplaced)        0.787     2.278    post/lane_q_reg_n_0_[0]
                         LUT3 (Prop_lut3_I0_O)        0.295     2.573 r  post/output_data_q[15]_i_3/O
                         net (fo=148, unplaced)       0.558     3.131    post/output_data_q[15]_i_3_n_0
                         LUT4 (Prop_lut4_I3_O)        0.124     3.255 r  post/product_q0_i_112/O
                         net (fo=1, unplaced)         0.449     3.704    post/product_q0_i_112_n_0
                         LUT5 (Prop_lut5_I4_O)        0.124     3.828 r  post/product_q0_i_64/O
                         net (fo=1, unplaced)         0.449     4.277    post/product_q0_i_64_n_0
                         LUT6 (Prop_lut6_I5_O)        0.124     4.401 r  post/product_q0_i_16/O
                         net (fo=2, unplaced)         0.800     5.201    post/multiplier_q[16]
                         DSP48E1 (Prop_dsp48e1_A[16]_PCOUT[27])
                                                      4.036     9.237 r  post/product_q0/PCOUT[27]
                         net (fo=1, unplaced)         0.055     9.292    post/product_q0_n_126
                         DSP48E1                                      r  post/product_q_reg/PCIN[27]
  -------------------------------------------------------------------    -------------------

                         (clock core_clk rise edge)
                                                     10.000    10.000 r  <hidden>
                                                      0.000    10.000 r  clk_i
                         net (fo=5599, unset)         0.924    10.924    post/clk_i
                         DSP48E1                                      r  post/product_q_reg/CLK
                         clock pessimism              0.000    10.924    <hidden>
                         clock uncertainty           -0.035    10.889    <hidden>
                         DSP48E1 (Setup_dsp48e1_CLK_PCIN[27])
                                                     -1.400     9.489    post/product_q_reg
  -------------------------------------------------------------------
                         required time                          9.489    <hidden>
                         arrival time                          -9.292    <hidden>
  -------------------------------------------------------------------
                         slack                                  0.197    <hidden>





Pulse Width Checks
--------------------------------------------------------------------------------------
Clock Name:         core_clk
Waveform(ns):       { 0.000 5.000 }
Period(ns):         10.000
Sources:            { clk_i }

Check Type        Corner  Lib Pin             Reference Pin  Required(ns)  Actual(ns)  Slack(ns)  Location  Pin
Min Period        n/a     RAMB36E1/CLKARDCLK  n/a            2.944         10.000      7.056                post/tanh_lut_reg_0/CLKARDCLK
Min Period        n/a     RAMB36E1/CLKARDCLK  n/a            2.944         10.000      7.056                post/tanh_lut_reg_1/CLKARDCLK
Min Period        n/a     RAMB36E1/CLKBWRCLK  n/a            2.576         10.000      7.424                post/tanh_lut_reg_0/CLKBWRCLK
Min Period        n/a     RAMB36E1/CLKBWRCLK  n/a            2.576         10.000      7.424                post/tanh_lut_reg_1/CLKBWRCLK
Min Period        n/a     DSP48E1/CLK         n/a            2.154         10.000      7.846                controller/mac/product_q_reg[0][0]/CLK
Min Period        n/a     DSP48E1/CLK         n/a            2.154         10.000      7.846                controller/mac/product_q_reg[0][1]/CLK
Min Period        n/a     DSP48E1/CLK         n/a            2.154         10.000      7.846                controller/mac/product_q_reg[0][2]/CLK
Min Period        n/a     DSP48E1/CLK         n/a            2.154         10.000      7.846                controller/mac/product_q_reg[0][3]/CLK
Min Period        n/a     DSP48E1/CLK         n/a            2.154         10.000      7.846                controller/mac/product_q_reg[0][4]/CLK
Min Period        n/a     DSP48E1/CLK         n/a            2.154         10.000      7.846                controller/mac/product_q_reg[0][5]/CLK
Min Period        n/a     DSP48E1/CLK         n/a            2.154         10.000      7.846                controller/mac/product_q_reg[0][6]/CLK
Min Period        n/a     DSP48E1/CLK         n/a            2.154         10.000      7.846                controller/mac/product_q_reg[0][7]/CLK
Min Period        n/a     DSP48E1/CLK         n/a            2.154         10.000      7.846                controller/mac/product_q_reg[1][0]/CLK
Min Period        n/a     DSP48E1/CLK         n/a            2.154         10.000      7.846                controller/mac/product_q_reg[1][1]/CLK
Min Period        n/a     DSP48E1/CLK         n/a            2.154         10.000      7.846                controller/mac/product_q_reg[1][2]/CLK
Min Period        n/a     DSP48E1/CLK         n/a            2.154         10.000      7.846                controller/mac/product_q_reg[1][3]/CLK
Min Period        n/a     DSP48E1/CLK         n/a            2.154         10.000      7.846                controller/mac/product_q_reg[1][4]/CLK
Min Period        n/a     DSP48E1/CLK         n/a            2.154         10.000      7.846                controller/mac/product_q_reg[1][5]/CLK
Min Period        n/a     DSP48E1/CLK         n/a            2.154         10.000      7.846                controller/mac/product_q_reg[1][6]/CLK
Min Period        n/a     DSP48E1/CLK         n/a            2.154         10.000      7.846                controller/mac/product_q_reg[1][7]/CLK
Low Pulse Width   Slow    SRL16E/CLK          n/a            0.980         5.000       4.020                controller/mac/sum_l2_first_q_reg_srl2/CLK
Low Pulse Width   Fast    SRL16E/CLK          n/a            0.980         5.000       4.020                controller/mac/sum_l2_first_q_reg_srl2/CLK
Low Pulse Width   Slow    SRL16E/CLK          n/a            0.980         5.000       4.020                controller/mac/sum_l2_last_q_reg_srl2/CLK
Low Pulse Width   Fast    SRL16E/CLK          n/a            0.980         5.000       4.020                controller/mac/sum_l2_last_q_reg_srl2/CLK
Low Pulse Width   Slow    SRL16E/CLK          n/a            0.980         5.000       4.020                controller/mac/sum_l2_output_mask_q_reg[1]_srl3/CLK
Low Pulse Width   Fast    SRL16E/CLK          n/a            0.980         5.000       4.020                controller/mac/sum_l2_output_mask_q_reg[1]_srl3/CLK
Low Pulse Width   Slow    SRL16E/CLK          n/a            0.980         5.000       4.020                controller/mac/sum_l2_output_mask_q_reg[2]_srl3/CLK
Low Pulse Width   Fast    SRL16E/CLK          n/a            0.980         5.000       4.020                controller/mac/sum_l2_output_mask_q_reg[2]_srl3/CLK
Low Pulse Width   Slow    SRL16E/CLK          n/a            0.980         5.000       4.020                controller/mac/sum_l2_output_mask_q_reg[3]_srl3/CLK
Low Pulse Width   Fast    SRL16E/CLK          n/a            0.980         5.000       4.020                controller/mac/sum_l2_output_mask_q_reg[3]_srl3/CLK
Low Pulse Width   Slow    SRL16E/CLK          n/a            0.980         5.000       4.020                controller/mac/sum_l2_output_mask_q_reg[4]_srl3/CLK
Low Pulse Width   Fast    SRL16E/CLK          n/a            0.980         5.000       4.020                controller/mac/sum_l2_output_mask_q_reg[4]_srl3/CLK
Low Pulse Width   Slow    SRL16E/CLK          n/a            0.980         5.000       4.020                controller/mac/sum_l2_output_mask_q_reg[5]_srl3/CLK
Low Pulse Width   Fast    SRL16E/CLK          n/a            0.980         5.000       4.020                controller/mac/sum_l2_output_mask_q_reg[5]_srl3/CLK
Low Pulse Width   Slow    SRL16E/CLK          n/a            0.980         5.000       4.020                controller/mac/sum_l2_output_mask_q_reg[6]_srl3/CLK
Low Pulse Width   Fast    SRL16E/CLK          n/a            0.980         5.000       4.020                controller/mac/sum_l2_output_mask_q_reg[6]_srl3/CLK
Low Pulse Width   Slow    SRL16E/CLK          n/a            0.980         5.000       4.020                controller/mac/sum_l2_output_mask_q_reg[7]_srl3/CLK
Low Pulse Width   Fast    SRL16E/CLK          n/a            0.980         5.000       4.020                controller/mac/sum_l2_output_mask_q_reg[7]_srl3/CLK
Low Pulse Width   Slow    FDCE/C              n/a            0.500         5.000       4.500                activation_sent_q_reg/C
Low Pulse Width   Fast    FDCE/C              n/a            0.500         5.000       4.500                activation_sent_q_reg/C
High Pulse Width  Slow    SRL16E/CLK          n/a            0.980         5.000       4.020                controller/mac/sum_l2_first_q_reg_srl2/CLK
High Pulse Width  Fast    SRL16E/CLK          n/a            0.980         5.000       4.020                controller/mac/sum_l2_first_q_reg_srl2/CLK
High Pulse Width  Slow    SRL16E/CLK          n/a            0.980         5.000       4.020                controller/mac/sum_l2_last_q_reg_srl2/CLK
High Pulse Width  Fast    SRL16E/CLK          n/a            0.980         5.000       4.020                controller/mac/sum_l2_last_q_reg_srl2/CLK
High Pulse Width  Slow    SRL16E/CLK          n/a            0.980         5.000       4.020                controller/mac/sum_l2_output_mask_q_reg[1]_srl3/CLK
High Pulse Width  Fast    SRL16E/CLK          n/a            0.980         5.000       4.020                controller/mac/sum_l2_output_mask_q_reg[1]_srl3/CLK
High Pulse Width  Slow    SRL16E/CLK          n/a            0.980         5.000       4.020                controller/mac/sum_l2_output_mask_q_reg[2]_srl3/CLK
High Pulse Width  Fast    SRL16E/CLK          n/a            0.980         5.000       4.020                controller/mac/sum_l2_output_mask_q_reg[2]_srl3/CLK
High Pulse Width  Slow    SRL16E/CLK          n/a            0.980         5.000       4.020                controller/mac/sum_l2_output_mask_q_reg[3]_srl3/CLK
High Pulse Width  Fast    SRL16E/CLK          n/a            0.980         5.000       4.020                controller/mac/sum_l2_output_mask_q_reg[3]_srl3/CLK
High Pulse Width  Slow    SRL16E/CLK          n/a            0.980         5.000       4.020                controller/mac/sum_l2_output_mask_q_reg[4]_srl3/CLK
High Pulse Width  Fast    SRL16E/CLK          n/a            0.980         5.000       4.020                controller/mac/sum_l2_output_mask_q_reg[4]_srl3/CLK
High Pulse Width  Slow    SRL16E/CLK          n/a            0.980         5.000       4.020                controller/mac/sum_l2_output_mask_q_reg[5]_srl3/CLK
High Pulse Width  Fast    SRL16E/CLK          n/a            0.980         5.000       4.020                controller/mac/sum_l2_output_mask_q_reg[5]_srl3/CLK
High Pulse Width  Slow    SRL16E/CLK          n/a            0.980         5.000       4.020                controller/mac/sum_l2_output_mask_q_reg[6]_srl3/CLK
High Pulse Width  Fast    SRL16E/CLK          n/a            0.980         5.000       4.020                controller/mac/sum_l2_output_mask_q_reg[6]_srl3/CLK
High Pulse Width  Slow    SRL16E/CLK          n/a            0.980         5.000       4.020                controller/mac/sum_l2_output_mask_q_reg[7]_srl3/CLK
High Pulse Width  Fast    SRL16E/CLK          n/a            0.980         5.000       4.020                controller/mac/sum_l2_output_mask_q_reg[7]_srl3/CLK
High Pulse Width  Slow    FDCE/C              n/a            0.500         5.000       4.500                activation_sent_q_reg/C
High Pulse Width  Fast    FDCE/C              n/a            0.500         5.000       4.500                activation_sent_q_reg/C



