Copyright 1986-2022 Xilinx, Inc. All Rights Reserved. Copyright 2022-2026 Advanced Micro Devices, Inc. All Rights Reserved.
-----------------------------------------------------------------------------------------------------------------------------------------------------------------------------------
| Tool Version : Vivado v.2026.1 (win64) Build 6511674 Tue Jun 16 11:02:23 MDT 2026
| Date         : Tue Sep 15 08:39:36 2026
| Host         : RAW2332 running 64-bit major release  (build 9200)
| Command      : report_timing_summary -delay_type max -max_paths 20 -file D:/WORKBUDDY/STEM/npu-stem-repo/hardware/reports/vivado_2026_1/npu_upsample2x/timing_summary_100mhz.rpt
| Design       : npu_upsample2x
| Device       : 7z020-clg400
| Speed File   : -1  PRODUCTION 1.12 2019-11-22
| Design State : Synthesized
-----------------------------------------------------------------------------------------------------------------------------------------------------------------------------------

Timing Summary Report

------------------------------------------------------------------------------------------------
| Timer Settings
| --------------
------------------------------------------------------------------------------------------------

  Enable Multi Corner Analysis               :  Yes
  Enable Pessimism Removal                   :  Yes
  Pessimism Removal Resolution               :  Nearest Common Node
  Enable Input Delay Default Clock           :  No
  Enable Preset / Clear Arcs                 :  No
  Disable Flight Delays                      :  No
  Ignore I/O Paths                           :  No
  Timing Early Launch at Borrowing Latches   :  No
  Borrow Time for Max Delay Exceptions       :  Yes
  Merge Timing Exceptions                    :  Yes
  Inter-SLR Compensation                     :  Conservative

  Corner  Analyze    Analyze    
  Name    Max Paths  Min Paths  
  ------  ---------  ---------  
  Slow    Yes        Yes        
  Fast    Yes        Yes        


------------------------------------------------------------------------------------------------
| Report Methodology
| ------------------
------------------------------------------------------------------------------------------------

Rule       Severity  Description                                 Violations  
---------  --------  ------------------------------------------  ----------  
SYNTH-6    Warning   Timing of a RAM block might be sub-optimal  1           
TIMING-18  Warning   Missing input or output delay               1000        

Note: This report is based on the most recent report_methodology run and may not be up-to-date. Run report_methodology on the current design for the latest report.



check_timing report

Table of Contents
-----------------
1. checking no_clock (0)
2. checking constant_clock (0)
3. checking pulse_width_clock (0)
4. checking unconstrained_internal_endpoints (0)
5. checking no_input_delay (861)
6. checking no_output_delay (280)
7. checking multiple_clock (0)
8. checking generated_clocks (0)
9. checking loops (0)
10. checking partial_input_delay (0)
11. checking partial_output_delay (0)
12. checking latch_loops (0)

1. checking no_clock (0)
------------------------
 There are 0 register/latch pins with no clock.


2. checking constant_clock (0)
------------------------------
 There are 0 register/latch pins with constant_clock.


3. checking pulse_width_clock (0)
---------------------------------
 There are 0 register/latch pins which need pulse_width check


4. checking unconstrained_internal_endpoints (0)
------------------------------------------------
 There are 0 pins that are not constrained for maximum delay.

 There are 0 pins that are not constrained for maximum delay due to constant clock.


5. checking no_input_delay (861)
--------------------------------
 There are 861 input ports with no input delay specified. (HIGH)

 There are 0 input ports with no input delay but user has a false path constraint.


6. checking no_output_delay (280)
---------------------------------
 There are 280 ports with no output delay specified. (HIGH)

 There are 0 ports with no output delay but user has a false path constraint

 There are 0 ports with no output delay but with a timing clock defined on it or propagating through it


7. checking multiple_clock (0)
------------------------------
 There are 0 register/latch pins with multiple clocks.


8. checking generated_clocks (0)
--------------------------------
 There are 0 generated clocks that are not connected to a clock source.


9. checking loops (0)
---------------------
 There are 0 combinational loops in the design.


10. checking partial_input_delay (0)
------------------------------------
 There are 0 input ports with partial input delay specified.


11. checking partial_output_delay (0)
-------------------------------------
 There are 0 ports with partial output delay specified.


12. checking latch_loops (0)
----------------------------
 There are 0 combinational latch loops in the design through latch input



------------------------------------------------------------------------------------------------
| Design Timing Summary
| ---------------------
------------------------------------------------------------------------------------------------

    WNS(ns)      TNS(ns)  TNS Failing Endpoints  TNS Total Endpoints     WPWS(ns)     TPWS(ns)  TPWS Failing Endpoints  TPWS Total Endpoints  
    -------      -------  ---------------------  -------------------     --------     --------  ----------------------  --------------------  
      0.425        0.000                      0                 1342        4.500        0.000                       0                   800  


All user specified timing constraints are met.


------------------------------------------------------------------------------------------------
| Clock Summary
| -------------
------------------------------------------------------------------------------------------------

Clock     Waveform(ns)       Period(ns)      Frequency(MHz)
-----     ------------       ----------      --------------
core_clk  {0.000 5.000}      10.000          100.000         


------------------------------------------------------------------------------------------------
| Intra Clock Table
| -----------------
------------------------------------------------------------------------------------------------

Clock             WNS(ns)      TNS(ns)  TNS Failing Endpoints  TNS Total Endpoints     WPWS(ns)     TPWS(ns)  TPWS Failing Endpoints  TPWS Total Endpoints  
-----             -------      -------  ---------------------  -------------------     --------     --------  ----------------------  --------------------  
core_clk            0.425        0.000                      0                 1342        4.500        0.000                       0                   800  


------------------------------------------------------------------------------------------------
| Inter Clock Table
| -----------------
------------------------------------------------------------------------------------------------

From Clock    To Clock          WNS(ns)      TNS(ns)  TNS Failing Endpoints  TNS Total Endpoints  
----------    --------          -------      -------  ---------------------  -------------------  


------------------------------------------------------------------------------------------------
| Other Path Groups Table
| -----------------------
------------------------------------------------------------------------------------------------

Path Group    From Clock    To Clock          WNS(ns)      TNS(ns)  TNS Failing Endpoints  TNS Total Endpoints  
----------    ----------    --------          -------      -------  ---------------------  -------------------  


------------------------------------------------------------------------------------------------
| Timing Details
| --------------
------------------------------------------------------------------------------------------------


---------------------------------------------------------------------------------------------------
From Clock:  core_clk
  To Clock:  core_clk

Setup :            0  Failing Endpoints,  Worst Slack        0.425ns,  Total Violation        0.000ns
Hold  :           NA  Failing Endpoints,  Worst Slack           NA  ,  Total Violation           NA
PW    :            0  Failing Endpoints,  Worst Slack        4.500ns,  Total Violation        0.000ns
---------------------------------------------------------------------------------------------------


Max Delay Paths
--------------------------------------------------------------------------------------
Slack (MET) :             0.425ns  (required time - arrival time)
  Source:                 destination_base_q_reg[4]/C
                            (rising edge-triggered cell FDRE clocked by core_clk  {rise@0.000ns fall@5.000ns period=10.000ns})
  Destination:            buffer_index_q_reg[3]/R
                            (rising edge-triggered cell FDRE clocked by core_clk  {rise@0.000ns fall@5.000ns period=10.000ns})
  Path Group:             core_clk
  Path Type:              Setup (Max at Slow Process Corner)
  Requirement:            10.000ns  (core_clk rise@10.000ns - core_clk rise@0.000ns)
  Data Path Delay:        8.967ns  (logic 4.232ns (47.195%)  route 4.735ns (52.805%))
  Logic Levels:           21  (CARRY4=16 LUT1=1 LUT2=1 LUT3=2 LUT6=1)
  Clock Path Skew:        -0.049ns (DCD - SCD + CPR)
    Destination Clock Delay (DCD):    0.924ns = ( 10.924 - 10.000 ) 
    Source Clock Delay      (SCD):    0.973ns
    Clock Pessimism Removal (CPR):    0.000ns
  Clock Uncertainty:      0.035ns  ((TSJ^2 + TIJ^2)^1/2 + DJ) / 2 + PE
    Total System Jitter     (TSJ):    0.071ns
    Total Input Jitter      (TIJ):    0.000ns
    Discrete Jitter          (DJ):    0.000ns
    Phase Error              (PE):    0.000ns

    Location             Delay type                Incr(ns)  Path(ns)    Netlist Resource(s)
  -------------------------------------------------------------------    -------------------
                         (clock core_clk rise edge)
                                                      0.000     0.000 r  <hidden>
                                                      0.000     0.000 r  clk_i
                         net (fo=799, unset)          0.973     0.973    clk_i
                         FDRE                                         r  destination_base_q_reg[4]/C
  -------------------------------------------------------------------    -------------------
                         FDRE (Prop_fdre_C_Q)         0.518     1.491 f  destination_base_q_reg[4]/Q
                         net (fo=2, unplaced)         0.752     2.243    row_multiplier/horizontal_copy_q_reg_i_13_0[4]
                         LUT3 (Prop_lut3_I0_O)        0.295     2.538 r  row_multiplier/horizontal_copy_q_i_211/O
                         net (fo=2, unplaced)         0.650     3.188    row_multiplier/horizontal_copy_q_i_211_n_0
                         CARRY4 (Prop_carry4_DI[1]_CO[3])
                                                      0.520     3.708 r  row_multiplier/horizontal_copy_q_reg_i_199/CO[3]
                         net (fo=1, unplaced)         0.000     3.708    row_multiplier/horizontal_copy_q_reg_i_199_n_0
                         CARRY4 (Prop_carry4_CI_CO[3])
                                                      0.117     3.825 r  row_multiplier/horizontal_copy_q_reg_i_186/CO[3]
                         net (fo=1, unplaced)         0.000     3.825    row_multiplier/horizontal_copy_q_reg_i_186_n_0
                         CARRY4 (Prop_carry4_CI_CO[3])
                                                      0.117     3.942 r  row_multiplier/horizontal_copy_q_reg_i_172/CO[3]
                         net (fo=1, unplaced)         0.000     3.942    row_multiplier/horizontal_copy_q_reg_i_172_n_0
                         CARRY4 (Prop_carry4_CI_CO[3])
                                                      0.117     4.059 r  row_multiplier/horizontal_copy_q_reg_i_158/CO[3]
                         net (fo=1, unplaced)         0.000     4.059    row_multiplier/horizontal_copy_q_reg_i_158_n_0
                         CARRY4 (Prop_carry4_CI_CO[3])
                                                      0.117     4.176 r  row_multiplier/horizontal_copy_q_reg_i_144/CO[3]
                         net (fo=1, unplaced)         0.000     4.176    row_multiplier/horizontal_copy_q_reg_i_144_n_0
                         CARRY4 (Prop_carry4_CI_CO[3])
                                                      0.117     4.293 r  row_multiplier/horizontal_copy_q_reg_i_130/CO[3]
                         net (fo=1, unplaced)         0.000     4.293    row_multiplier/horizontal_copy_q_reg_i_130_n_0
                         CARRY4 (Prop_carry4_CI_CO[3])
                                                      0.117     4.410 r  row_multiplier/horizontal_copy_q_reg_i_116/CO[3]
                         net (fo=1, unplaced)         0.000     4.410    row_multiplier/horizontal_copy_q_reg_i_116_n_0
                         CARRY4 (Prop_carry4_CI_CO[3])
                                                      0.117     4.527 r  row_multiplier/horizontal_copy_q_reg_i_102/CO[3]
                         net (fo=1, unplaced)         0.000     4.527    row_multiplier/horizontal_copy_q_reg_i_102_n_0
                         CARRY4 (Prop_carry4_CI_CO[3])
                                                      0.117     4.644 r  row_multiplier/horizontal_copy_q_reg_i_88/CO[3]
                         net (fo=1, unplaced)         0.000     4.644    row_multiplier/horizontal_copy_q_reg_i_88_n_0
                         CARRY4 (Prop_carry4_CI_CO[3])
                                                      0.117     4.761 r  row_multiplier/horizontal_copy_q_reg_i_74/CO[3]
                         net (fo=1, unplaced)         0.000     4.761    row_multiplier/horizontal_copy_q_reg_i_74_n_0
                         CARRY4 (Prop_carry4_CI_CO[3])
                                                      0.117     4.878 r  row_multiplier/horizontal_copy_q_reg_i_60/CO[3]
                         net (fo=1, unplaced)         0.000     4.878    row_multiplier/horizontal_copy_q_reg_i_60_n_0
                         CARRY4 (Prop_carry4_CI_CO[3])
                                                      0.117     4.995 r  row_multiplier/horizontal_copy_q_reg_i_46/CO[3]
                         net (fo=1, unplaced)         0.000     4.995    row_multiplier/horizontal_copy_q_reg_i_46_n_0
                         CARRY4 (Prop_carry4_CI_CO[3])
                                                      0.117     5.112 r  row_multiplier/horizontal_copy_q_reg_i_32/CO[3]
                         net (fo=1, unplaced)         0.000     5.112    row_multiplier/horizontal_copy_q_reg_i_32_n_0
                         CARRY4 (Prop_carry4_CI_CO[3])
                                                      0.117     5.229 r  row_multiplier/horizontal_copy_q_reg_i_19/CO[3]
                         net (fo=1, unplaced)         0.000     5.229    row_multiplier/horizontal_copy_q_reg_i_19_n_0
                         CARRY4 (Prop_carry4_CI_O[3])
                                                      0.331     5.560 f  row_multiplier/horizontal_copy_q_reg_i_13/O[3]
                         net (fo=1, unplaced)         0.618     6.178    row_multiplier/horizontal_copy_q_reg_i_13_n_4
                         LUT1 (Prop_lut1_I0_O)        0.307     6.485 r  row_multiplier/horizontal_copy_q_i_4/O
                         net (fo=1, unplaced)         0.000     6.485    row_multiplier/horizontal_copy_q_i_4_n_0
                         CARRY4 (Prop_carry4_S[3]_CO[3])
                                                      0.376     6.861 r  row_multiplier/horizontal_copy_q_reg_i_2/CO[3]
                         net (fo=6, unplaced)         0.950     7.811    row_multiplier_n_4
                         LUT3 (Prop_lut3_I1_O)        0.116     7.927 r  write_beat_q[8]_i_3/O
                         net (fo=1, unplaced)         0.449     8.376    write_beat_q[8]_i_3_n_0
                         LUT6 (Prop_lut6_I2_O)        0.124     8.500 r  write_beat_q[8]_i_1/O
                         net (fo=27, unplaced)        0.516     9.016    write_beat_q[0]
                         LUT2 (Prop_lut2_I0_O)        0.124     9.140 r  write_beat_q[5]_i_1/O
                         net (fo=4, unplaced)         0.800     9.940    write_beat_q[5]_i_1_n_0
                         FDRE                                         r  buffer_index_q_reg[3]/R
  -------------------------------------------------------------------    -------------------

                         (clock core_clk rise edge)
                                                     10.000    10.000 r  <hidden>
                                                      0.000    10.000 r  clk_i
                         net (fo=799, unset)          0.924    10.924    clk_i
                         FDRE                                         r  buffer_index_q_reg[3]/C
                         clock pessimism              0.000    10.924    <hidden>
                         clock uncertainty           -0.035    10.889    <hidden>
                         FDRE (Setup_fdre_C_R)       -0.524    10.365    buffer_index_q_reg[3]
  -------------------------------------------------------------------
                         required time                         10.365    <hidden>
                         arrival time                          -9.940    <hidden>
  -------------------------------------------------------------------
                         slack                                  0.425    <hidden>

Slack (MET) :             0.425ns  (required time - arrival time)
  Source:                 destination_base_q_reg[4]/C
                            (rising edge-triggered cell FDRE clocked by core_clk  {rise@0.000ns fall@5.000ns period=10.000ns})
  Destination:            write_beat_q_reg[3]/R
                            (rising edge-triggered cell FDRE clocked by core_clk  {rise@0.000ns fall@5.000ns period=10.000ns})
  Path Group:             core_clk
  Path Type:              Setup (Max at Slow Process Corner)
  Requirement:            10.000ns  (core_clk rise@10.000ns - core_clk rise@0.000ns)
  Data Path Delay:        8.967ns  (logic 4.232ns (47.195%)  route 4.735ns (52.805%))
  Logic Levels:           21  (CARRY4=16 LUT1=1 LUT2=1 LUT3=2 LUT6=1)
  Clock Path Skew:        -0.049ns (DCD - SCD + CPR)
    Destination Clock Delay (DCD):    0.924ns = ( 10.924 - 10.000 ) 
    Source Clock Delay      (SCD):    0.973ns
    Clock Pessimism Removal (CPR):    0.000ns
  Clock Uncertainty:      0.035ns  ((TSJ^2 + TIJ^2)^1/2 + DJ) / 2 + PE
    Total System Jitter     (TSJ):    0.071ns
    Total Input Jitter      (TIJ):    0.000ns
    Discrete Jitter          (DJ):    0.000ns
    Phase Error              (PE):    0.000ns

    Location             Delay type                Incr(ns)  Path(ns)    Netlist Resource(s)
  -------------------------------------------------------------------    -------------------
                         (clock core_clk rise edge)
                                                      0.000     0.000 r  <hidden>
                                                      0.000     0.000 r  clk_i
                         net (fo=799, unset)          0.973     0.973    clk_i
                         FDRE                                         r  destination_base_q_reg[4]/C
  -------------------------------------------------------------------    -------------------
                         FDRE (Prop_fdre_C_Q)         0.518     1.491 f  destination_base_q_reg[4]/Q
                         net (fo=2, unplaced)         0.752     2.243    row_multiplier/horizontal_copy_q_reg_i_13_0[4]
                         LUT3 (Prop_lut3_I0_O)        0.295     2.538 r  row_multiplier/horizontal_copy_q_i_211/O
                         net (fo=2, unplaced)         0.650     3.188    row_multiplier/horizontal_copy_q_i_211_n_0
                         CARRY4 (Prop_carry4_DI[1]_CO[3])
                                                      0.520     3.708 r  row_multiplier/horizontal_copy_q_reg_i_199/CO[3]
                         net (fo=1, unplaced)         0.000     3.708    row_multiplier/horizontal_copy_q_reg_i_199_n_0
                         CARRY4 (Prop_carry4_CI_CO[3])
                                                      0.117     3.825 r  row_multiplier/horizontal_copy_q_reg_i_186/CO[3]
                         net (fo=1, unplaced)         0.000     3.825    row_multiplier/horizontal_copy_q_reg_i_186_n_0
                         CARRY4 (Prop_carry4_CI_CO[3])
                                                      0.117     3.942 r  row_multiplier/horizontal_copy_q_reg_i_172/CO[3]
                         net (fo=1, unplaced)         0.000     3.942    row_multiplier/horizontal_copy_q_reg_i_172_n_0
                         CARRY4 (Prop_carry4_CI_CO[3])
                                                      0.117     4.059 r  row_multiplier/horizontal_copy_q_reg_i_158/CO[3]
                         net (fo=1, unplaced)         0.000     4.059    row_multiplier/horizontal_copy_q_reg_i_158_n_0
                         CARRY4 (Prop_carry4_CI_CO[3])
                                                      0.117     4.176 r  row_multiplier/horizontal_copy_q_reg_i_144/CO[3]
                         net (fo=1, unplaced)         0.000     4.176    row_multiplier/horizontal_copy_q_reg_i_144_n_0
                         CARRY4 (Prop_carry4_CI_CO[3])
                                                      0.117     4.293 r  row_multiplier/horizontal_copy_q_reg_i_130/CO[3]
                         net (fo=1, unplaced)         0.000     4.293    row_multiplier/horizontal_copy_q_reg_i_130_n_0
                         CARRY4 (Prop_carry4_CI_CO[3])
                                                      0.117     4.410 r  row_multiplier/horizontal_copy_q_reg_i_116/CO[3]
                         net (fo=1, unplaced)         0.000     4.410    row_multiplier/horizontal_copy_q_reg_i_116_n_0
                         CARRY4 (Prop_carry4_CI_CO[3])
                                                      0.117     4.527 r  row_multiplier/horizontal_copy_q_reg_i_102/CO[3]
                         net (fo=1, unplaced)         0.000     4.527    row_multiplier/horizontal_copy_q_reg_i_102_n_0
                         CARRY4 (Prop_carry4_CI_CO[3])
                                                      0.117     4.644 r  row_multiplier/horizontal_copy_q_reg_i_88/CO[3]
                         net (fo=1, unplaced)         0.000     4.644    row_multiplier/horizontal_copy_q_reg_i_88_n_0
                         CARRY4 (Prop_carry4_CI_CO[3])
                                                      0.117     4.761 r  row_multiplier/horizontal_copy_q_reg_i_74/CO[3]
                         net (fo=1, unplaced)         0.000     4.761    row_multiplier/horizontal_copy_q_reg_i_74_n_0
                         CARRY4 (Prop_carry4_CI_CO[3])
                                                      0.117     4.878 r  row_multiplier/horizontal_copy_q_reg_i_60/CO[3]
                         net (fo=1, unplaced)         0.000     4.878    row_multiplier/horizontal_copy_q_reg_i_60_n_0
                         CARRY4 (Prop_carry4_CI_CO[3])
                                                      0.117     4.995 r  row_multiplier/horizontal_copy_q_reg_i_46/CO[3]
                         net (fo=1, unplaced)         0.000     4.995    row_multiplier/horizontal_copy_q_reg_i_46_n_0
                         CARRY4 (Prop_carry4_CI_CO[3])
                                                      0.117     5.112 r  row_multiplier/horizontal_copy_q_reg_i_32/CO[3]
                         net (fo=1, unplaced)         0.000     5.112    row_multiplier/horizontal_copy_q_reg_i_32_n_0
                         CARRY4 (Prop_carry4_CI_CO[3])
                                                      0.117     5.229 r  row_multiplier/horizontal_copy_q_reg_i_19/CO[3]
                         net (fo=1, unplaced)         0.000     5.229    row_multiplier/horizontal_copy_q_reg_i_19_n_0
                         CARRY4 (Prop_carry4_CI_O[3])
                                                      0.331     5.560 f  row_multiplier/horizontal_copy_q_reg_i_13/O[3]
                         net (fo=1, unplaced)         0.618     6.178    row_multiplier/horizontal_copy_q_reg_i_13_n_4
                         LUT1 (Prop_lut1_I0_O)        0.307     6.485 r  row_multiplier/horizontal_copy_q_i_4/O
                         net (fo=1, unplaced)         0.000     6.485    row_multiplier/horizontal_copy_q_i_4_n_0
                         CARRY4 (Prop_carry4_S[3]_CO[3])
                                                      0.376     6.861 r  row_multiplier/horizontal_copy_q_reg_i_2/CO[3]
                         net (fo=6, unplaced)         0.950     7.811    row_multiplier_n_4
                         LUT3 (Prop_lut3_I1_O)        0.116     7.927 r  write_beat_q[8]_i_3/O
                         net (fo=1, unplaced)         0.449     8.376    write_beat_q[8]_i_3_n_0
                         LUT6 (Prop_lut6_I2_O)        0.124     8.500 r  write_beat_q[8]_i_1/O
                         net (fo=27, unplaced)        0.516     9.016    write_beat_q[0]
                         LUT2 (Prop_lut2_I0_O)        0.124     9.140 r  write_beat_q[5]_i_1/O
                         net (fo=4, unplaced)         0.800     9.940    write_beat_q[5]_i_1_n_0
                         FDRE                                         r  write_beat_q_reg[3]/R
  -------------------------------------------------------------------    -------------------

                         (clock core_clk rise edge)
                                                     10.000    10.000 r  <hidden>
                                                      0.000    10.000 r  clk_i
                         net (fo=799, unset)          0.924    10.924    clk_i
                         FDRE                                         r  write_beat_q_reg[3]/C
                         clock pessimism              0.000    10.924    <hidden>
                         clock uncertainty           -0.035    10.889    <hidden>
                         FDRE (Setup_fdre_C_R)       -0.524    10.365    write_beat_q_reg[3]
  -------------------------------------------------------------------
                         required time                         10.365    <hidden>
                         arrival time                          -9.940    <hidden>
  -------------------------------------------------------------------
                         slack                                  0.425    <hidden>

Slack (MET) :             0.425ns  (required time - arrival time)
  Source:                 destination_base_q_reg[4]/C
                            (rising edge-triggered cell FDRE clocked by core_clk  {rise@0.000ns fall@5.000ns period=10.000ns})
  Destination:            write_beat_q_reg[4]/R
                            (rising edge-triggered cell FDRE clocked by core_clk  {rise@0.000ns fall@5.000ns period=10.000ns})
  Path Group:             core_clk
  Path Type:              Setup (Max at Slow Process Corner)
  Requirement:            10.000ns  (core_clk rise@10.000ns - core_clk rise@0.000ns)
  Data Path Delay:        8.967ns  (logic 4.232ns (47.195%)  route 4.735ns (52.805%))
  Logic Levels:           21  (CARRY4=16 LUT1=1 LUT2=1 LUT3=2 LUT6=1)
  Clock Path Skew:        -0.049ns (DCD - SCD + CPR)
    Destination Clock Delay (DCD):    0.924ns = ( 10.924 - 10.000 ) 
    Source Clock Delay      (SCD):    0.973ns
    Clock Pessimism Removal (CPR):    0.000ns
  Clock Uncertainty:      0.035ns  ((TSJ^2 + TIJ^2)^1/2 + DJ) / 2 + PE
    Total System Jitter     (TSJ):    0.071ns
    Total Input Jitter      (TIJ):    0.000ns
    Discrete Jitter          (DJ):    0.000ns
    Phase Error              (PE):    0.000ns

    Location             Delay type                Incr(ns)  Path(ns)    Netlist Resource(s)
  -------------------------------------------------------------------    -------------------
                         (clock core_clk rise edge)
                                                      0.000     0.000 r  <hidden>
                                                      0.000     0.000 r  clk_i
                         net (fo=799, unset)          0.973     0.973    clk_i
                         FDRE                                         r  destination_base_q_reg[4]/C
  -------------------------------------------------------------------    -------------------
                         FDRE (Prop_fdre_C_Q)         0.518     1.491 f  destination_base_q_reg[4]/Q
                         net (fo=2, unplaced)         0.752     2.243    row_multiplier/horizontal_copy_q_reg_i_13_0[4]
                         LUT3 (Prop_lut3_I0_O)        0.295     2.538 r  row_multiplier/horizontal_copy_q_i_211/O
                         net (fo=2, unplaced)         0.650     3.188    row_multiplier/horizontal_copy_q_i_211_n_0
                         CARRY4 (Prop_carry4_DI[1]_CO[3])
                                                      0.520     3.708 r  row_multiplier/horizontal_copy_q_reg_i_199/CO[3]
                         net (fo=1, unplaced)         0.000     3.708    row_multiplier/horizontal_copy_q_reg_i_199_n_0
                         CARRY4 (Prop_carry4_CI_CO[3])
                                                      0.117     3.825 r  row_multiplier/horizontal_copy_q_reg_i_186/CO[3]
                         net (fo=1, unplaced)         0.000     3.825    row_multiplier/horizontal_copy_q_reg_i_186_n_0
                         CARRY4 (Prop_carry4_CI_CO[3])
                                                      0.117     3.942 r  row_multiplier/horizontal_copy_q_reg_i_172/CO[3]
                         net (fo=1, unplaced)         0.000     3.942    row_multiplier/horizontal_copy_q_reg_i_172_n_0
                         CARRY4 (Prop_carry4_CI_CO[3])
                                                      0.117     4.059 r  row_multiplier/horizontal_copy_q_reg_i_158/CO[3]
                         net (fo=1, unplaced)         0.000     4.059    row_multiplier/horizontal_copy_q_reg_i_158_n_0
                         CARRY4 (Prop_carry4_CI_CO[3])
                                                      0.117     4.176 r  row_multiplier/horizontal_copy_q_reg_i_144/CO[3]
                         net (fo=1, unplaced)         0.000     4.176    row_multiplier/horizontal_copy_q_reg_i_144_n_0
                         CARRY4 (Prop_carry4_CI_CO[3])
                                                      0.117     4.293 r  row_multiplier/horizontal_copy_q_reg_i_130/CO[3]
                         net (fo=1, unplaced)         0.000     4.293    row_multiplier/horizontal_copy_q_reg_i_130_n_0
                         CARRY4 (Prop_carry4_CI_CO[3])
                                                      0.117     4.410 r  row_multiplier/horizontal_copy_q_reg_i_116/CO[3]
                         net (fo=1, unplaced)         0.000     4.410    row_multiplier/horizontal_copy_q_reg_i_116_n_0
                         CARRY4 (Prop_carry4_CI_CO[3])
                                                      0.117     4.527 r  row_multiplier/horizontal_copy_q_reg_i_102/CO[3]
                         net (fo=1, unplaced)         0.000     4.527    row_multiplier/horizontal_copy_q_reg_i_102_n_0
                         CARRY4 (Prop_carry4_CI_CO[3])
                                                      0.117     4.644 r  row_multiplier/horizontal_copy_q_reg_i_88/CO[3]
                         net (fo=1, unplaced)         0.000     4.644    row_multiplier/horizontal_copy_q_reg_i_88_n_0
                         CARRY4 (Prop_carry4_CI_CO[3])
                                                      0.117     4.761 r  row_multiplier/horizontal_copy_q_reg_i_74/CO[3]
                         net (fo=1, unplaced)         0.000     4.761    row_multiplier/horizontal_copy_q_reg_i_74_n_0
                         CARRY4 (Prop_carry4_CI_CO[3])
                                                      0.117     4.878 r  row_multiplier/horizontal_copy_q_reg_i_60/CO[3]
                         net (fo=1, unplaced)         0.000     4.878    row_multiplier/horizontal_copy_q_reg_i_60_n_0
                         CARRY4 (Prop_carry4_CI_CO[3])
                                                      0.117     4.995 r  row_multiplier/horizontal_copy_q_reg_i_46/CO[3]
                         net (fo=1, unplaced)         0.000     4.995    row_multiplier/horizontal_copy_q_reg_i_46_n_0
                         CARRY4 (Prop_carry4_CI_CO[3])
                                                      0.117     5.112 r  row_multiplier/horizontal_copy_q_reg_i_32/CO[3]
                         net (fo=1, unplaced)         0.000     5.112    row_multiplier/horizontal_copy_q_reg_i_32_n_0
                         CARRY4 (Prop_carry4_CI_CO[3])
                                                      0.117     5.229 r  row_multiplier/horizontal_copy_q_reg_i_19/CO[3]
                         net (fo=1, unplaced)         0.000     5.229    row_multiplier/horizontal_copy_q_reg_i_19_n_0
                         CARRY4 (Prop_carry4_CI_O[3])
                                                      0.331     5.560 f  row_multiplier/horizontal_copy_q_reg_i_13/O[3]
                         net (fo=1, unplaced)         0.618     6.178    row_multiplier/horizontal_copy_q_reg_i_13_n_4
                         LUT1 (Prop_lut1_I0_O)        0.307     6.485 r  row_multiplier/horizontal_copy_q_i_4/O
                         net (fo=1, unplaced)         0.000     6.485    row_multiplier/horizontal_copy_q_i_4_n_0
                         CARRY4 (Prop_carry4_S[3]_CO[3])
                                                      0.376     6.861 r  row_multiplier/horizontal_copy_q_reg_i_2/CO[3]
                         net (fo=6, unplaced)         0.950     7.811    row_multiplier_n_4
                         LUT3 (Prop_lut3_I1_O)        0.116     7.927 r  write_beat_q[8]_i_3/O
                         net (fo=1, unplaced)         0.449     8.376    write_beat_q[8]_i_3_n_0
                         LUT6 (Prop_lut6_I2_O)        0.124     8.500 r  write_beat_q[8]_i_1/O
                         net (fo=27, unplaced)        0.516     9.016    write_beat_q[0]
                         LUT2 (Prop_lut2_I0_O)        0.124     9.140 r  write_beat_q[5]_i_1/O
                         net (fo=4, unplaced)         0.800     9.940    write_beat_q[5]_i_1_n_0
                         FDRE                                         r  write_beat_q_reg[4]/R
  -------------------------------------------------------------------    -------------------

                         (clock core_clk rise edge)
                                                     10.000    10.000 r  <hidden>
                                                      0.000    10.000 r  clk_i
                         net (fo=799, unset)          0.924    10.924    clk_i
                         FDRE                                         r  write_beat_q_reg[4]/C
                         clock pessimism              0.000    10.924    <hidden>
                         clock uncertainty           -0.035    10.889    <hidden>
                         FDRE (Setup_fdre_C_R)       -0.524    10.365    write_beat_q_reg[4]
  -------------------------------------------------------------------
                         required time                         10.365    <hidden>
                         arrival time                          -9.940    <hidden>
  -------------------------------------------------------------------
                         slack                                  0.425    <hidden>

Slack (MET) :             0.425ns  (required time - arrival time)
  Source:                 destination_base_q_reg[4]/C
                            (rising edge-triggered cell FDRE clocked by core_clk  {rise@0.000ns fall@5.000ns period=10.000ns})
  Destination:            write_beat_q_reg[5]/R
                            (rising edge-triggered cell FDRE clocked by core_clk  {rise@0.000ns fall@5.000ns period=10.000ns})
  Path Group:             core_clk
  Path Type:              Setup (Max at Slow Process Corner)
  Requirement:            10.000ns  (core_clk rise@10.000ns - core_clk rise@0.000ns)
  Data Path Delay:        8.967ns  (logic 4.232ns (47.195%)  route 4.735ns (52.805%))
  Logic Levels:           21  (CARRY4=16 LUT1=1 LUT2=1 LUT3=2 LUT6=1)
  Clock Path Skew:        -0.049ns (DCD - SCD + CPR)
    Destination Clock Delay (DCD):    0.924ns = ( 10.924 - 10.000 ) 
    Source Clock Delay      (SCD):    0.973ns
    Clock Pessimism Removal (CPR):    0.000ns
  Clock Uncertainty:      0.035ns  ((TSJ^2 + TIJ^2)^1/2 + DJ) / 2 + PE
    Total System Jitter     (TSJ):    0.071ns
    Total Input Jitter      (TIJ):    0.000ns
    Discrete Jitter          (DJ):    0.000ns
    Phase Error              (PE):    0.000ns

    Location             Delay type                Incr(ns)  Path(ns)    Netlist Resource(s)
  -------------------------------------------------------------------    -------------------
                         (clock core_clk rise edge)
                                                      0.000     0.000 r  <hidden>
                                                      0.000     0.000 r  clk_i
                         net (fo=799, unset)          0.973     0.973    clk_i
                         FDRE                                         r  destination_base_q_reg[4]/C
  -------------------------------------------------------------------    -------------------
                         FDRE (Prop_fdre_C_Q)         0.518     1.491 f  destination_base_q_reg[4]/Q
                         net (fo=2, unplaced)         0.752     2.243    row_multiplier/horizontal_copy_q_reg_i_13_0[4]
                         LUT3 (Prop_lut3_I0_O)        0.295     2.538 r  row_multiplier/horizontal_copy_q_i_211/O
                         net (fo=2, unplaced)         0.650     3.188    row_multiplier/horizontal_copy_q_i_211_n_0
                         CARRY4 (Prop_carry4_DI[1]_CO[3])
                                                      0.520     3.708 r  row_multiplier/horizontal_copy_q_reg_i_199/CO[3]
                         net (fo=1, unplaced)         0.000     3.708    row_multiplier/horizontal_copy_q_reg_i_199_n_0
                         CARRY4 (Prop_carry4_CI_CO[3])
                                                      0.117     3.825 r  row_multiplier/horizontal_copy_q_reg_i_186/CO[3]
                         net (fo=1, unplaced)         0.000     3.825    row_multiplier/horizontal_copy_q_reg_i_186_n_0
                         CARRY4 (Prop_carry4_CI_CO[3])
                                                      0.117     3.942 r  row_multiplier/horizontal_copy_q_reg_i_172/CO[3]
                         net (fo=1, unplaced)         0.000     3.942    row_multiplier/horizontal_copy_q_reg_i_172_n_0
                         CARRY4 (Prop_carry4_CI_CO[3])
                                                      0.117     4.059 r  row_multiplier/horizontal_copy_q_reg_i_158/CO[3]
                         net (fo=1, unplaced)         0.000     4.059    row_multiplier/horizontal_copy_q_reg_i_158_n_0
                         CARRY4 (Prop_carry4_CI_CO[3])
                                                      0.117     4.176 r  row_multiplier/horizontal_copy_q_reg_i_144/CO[3]
                         net (fo=1, unplaced)         0.000     4.176    row_multiplier/horizontal_copy_q_reg_i_144_n_0
                         CARRY4 (Prop_carry4_CI_CO[3])
                                                      0.117     4.293 r  row_multiplier/horizontal_copy_q_reg_i_130/CO[3]
                         net (fo=1, unplaced)         0.000     4.293    row_multiplier/horizontal_copy_q_reg_i_130_n_0
                         CARRY4 (Prop_carry4_CI_CO[3])
                                                      0.117     4.410 r  row_multiplier/horizontal_copy_q_reg_i_116/CO[3]
                         net (fo=1, unplaced)         0.000     4.410    row_multiplier/horizontal_copy_q_reg_i_116_n_0
                         CARRY4 (Prop_carry4_CI_CO[3])
                                                      0.117     4.527 r  row_multiplier/horizontal_copy_q_reg_i_102/CO[3]
                         net (fo=1, unplaced)         0.000     4.527    row_multiplier/horizontal_copy_q_reg_i_102_n_0
                         CARRY4 (Prop_carry4_CI_CO[3])
                                                      0.117     4.644 r  row_multiplier/horizontal_copy_q_reg_i_88/CO[3]
                         net (fo=1, unplaced)         0.000     4.644    row_multiplier/horizontal_copy_q_reg_i_88_n_0
                         CARRY4 (Prop_carry4_CI_CO[3])
                                                      0.117     4.761 r  row_multiplier/horizontal_copy_q_reg_i_74/CO[3]
                         net (fo=1, unplaced)         0.000     4.761    row_multiplier/horizontal_copy_q_reg_i_74_n_0
                         CARRY4 (Prop_carry4_CI_CO[3])
                                                      0.117     4.878 r  row_multiplier/horizontal_copy_q_reg_i_60/CO[3]
                         net (fo=1, unplaced)         0.000     4.878    row_multiplier/horizontal_copy_q_reg_i_60_n_0
                         CARRY4 (Prop_carry4_CI_CO[3])
                                                      0.117     4.995 r  row_multiplier/horizontal_copy_q_reg_i_46/CO[3]
                         net (fo=1, unplaced)         0.000     4.995    row_multiplier/horizontal_copy_q_reg_i_46_n_0
                         CARRY4 (Prop_carry4_CI_CO[3])
                                                      0.117     5.112 r  row_multiplier/horizontal_copy_q_reg_i_32/CO[3]
                         net (fo=1, unplaced)         0.000     5.112    row_multiplier/horizontal_copy_q_reg_i_32_n_0
                         CARRY4 (Prop_carry4_CI_CO[3])
                                                      0.117     5.229 r  row_multiplier/horizontal_copy_q_reg_i_19/CO[3]
                         net (fo=1, unplaced)         0.000     5.229    row_multiplier/horizontal_copy_q_reg_i_19_n_0
                         CARRY4 (Prop_carry4_CI_O[3])
                                                      0.331     5.560 f  row_multiplier/horizontal_copy_q_reg_i_13/O[3]
                         net (fo=1, unplaced)         0.618     6.178    row_multiplier/horizontal_copy_q_reg_i_13_n_4
                         LUT1 (Prop_lut1_I0_O)        0.307     6.485 r  row_multiplier/horizontal_copy_q_i_4/O
                         net (fo=1, unplaced)         0.000     6.485    row_multiplier/horizontal_copy_q_i_4_n_0
                         CARRY4 (Prop_carry4_S[3]_CO[3])
                                                      0.376     6.861 r  row_multiplier/horizontal_copy_q_reg_i_2/CO[3]
                         net (fo=6, unplaced)         0.950     7.811    row_multiplier_n_4
                         LUT3 (Prop_lut3_I1_O)        0.116     7.927 r  write_beat_q[8]_i_3/O
                         net (fo=1, unplaced)         0.449     8.376    write_beat_q[8]_i_3_n_0
                         LUT6 (Prop_lut6_I2_O)        0.124     8.500 r  write_beat_q[8]_i_1/O
                         net (fo=27, unplaced)        0.516     9.016    write_beat_q[0]
                         LUT2 (Prop_lut2_I0_O)        0.124     9.140 r  write_beat_q[5]_i_1/O
                         net (fo=4, unplaced)         0.800     9.940    write_beat_q[5]_i_1_n_0
                         FDRE                                         r  write_beat_q_reg[5]/R
  -------------------------------------------------------------------    -------------------

                         (clock core_clk rise edge)
                                                     10.000    10.000 r  <hidden>
                                                      0.000    10.000 r  clk_i
                         net (fo=799, unset)          0.924    10.924    clk_i
                         FDRE                                         r  write_beat_q_reg[5]/C
                         clock pessimism              0.000    10.924    <hidden>
                         clock uncertainty           -0.035    10.889    <hidden>
                         FDRE (Setup_fdre_C_R)       -0.524    10.365    write_beat_q_reg[5]
  -------------------------------------------------------------------
                         required time                         10.365    <hidden>
                         arrival time                          -9.940    <hidden>
  -------------------------------------------------------------------
                         slack                                  0.425    <hidden>

Slack (MET) :             0.438ns  (required time - arrival time)
  Source:                 destination_base_q_reg[4]/C
                            (rising edge-triggered cell FDRE clocked by core_clk  {rise@0.000ns fall@5.000ns period=10.000ns})
  Destination:            beat_in_pixel_q_reg[4]/R
                            (rising edge-triggered cell FDRE clocked by core_clk  {rise@0.000ns fall@5.000ns period=10.000ns})
  Path Group:             core_clk
  Path Type:              Setup (Max at Slow Process Corner)
  Requirement:            10.000ns  (core_clk rise@10.000ns - core_clk rise@0.000ns)
  Data Path Delay:        8.954ns  (logic 4.232ns (47.264%)  route 4.722ns (52.736%))
  Logic Levels:           21  (CARRY4=16 LUT1=1 LUT3=3 LUT6=1)
  Clock Path Skew:        -0.049ns (DCD - SCD + CPR)
    Destination Clock Delay (DCD):    0.924ns = ( 10.924 - 10.000 ) 
    Source Clock Delay      (SCD):    0.973ns
    Clock Pessimism Removal (CPR):    0.000ns
  Clock Uncertainty:      0.035ns  ((TSJ^2 + TIJ^2)^1/2 + DJ) / 2 + PE
    Total System Jitter     (TSJ):    0.071ns
    Total Input Jitter      (TIJ):    0.000ns
    Discrete Jitter          (DJ):    0.000ns
    Phase Error              (PE):    0.000ns

    Location             Delay type                Incr(ns)  Path(ns)    Netlist Resource(s)
  -------------------------------------------------------------------    -------------------
                         (clock core_clk rise edge)
                                                      0.000     0.000 r  <hidden>
                                                      0.000     0.000 r  clk_i
                         net (fo=799, unset)          0.973     0.973    clk_i
                         FDRE                                         r  destination_base_q_reg[4]/C
  -------------------------------------------------------------------    -------------------
                         FDRE (Prop_fdre_C_Q)         0.518     1.491 f  destination_base_q_reg[4]/Q
                         net (fo=2, unplaced)         0.752     2.243    row_multiplier/horizontal_copy_q_reg_i_13_0[4]
                         LUT3 (Prop_lut3_I0_O)        0.295     2.538 r  row_multiplier/horizontal_copy_q_i_211/O
                         net (fo=2, unplaced)         0.650     3.188    row_multiplier/horizontal_copy_q_i_211_n_0
                         CARRY4 (Prop_carry4_DI[1]_CO[3])
                                                      0.520     3.708 r  row_multiplier/horizontal_copy_q_reg_i_199/CO[3]
                         net (fo=1, unplaced)         0.000     3.708    row_multiplier/horizontal_copy_q_reg_i_199_n_0
                         CARRY4 (Prop_carry4_CI_CO[3])
                                                      0.117     3.825 r  row_multiplier/horizontal_copy_q_reg_i_186/CO[3]
                         net (fo=1, unplaced)         0.000     3.825    row_multiplier/horizontal_copy_q_reg_i_186_n_0
                         CARRY4 (Prop_carry4_CI_CO[3])
                                                      0.117     3.942 r  row_multiplier/horizontal_copy_q_reg_i_172/CO[3]
                         net (fo=1, unplaced)         0.000     3.942    row_multiplier/horizontal_copy_q_reg_i_172_n_0
                         CARRY4 (Prop_carry4_CI_CO[3])
                                                      0.117     4.059 r  row_multiplier/horizontal_copy_q_reg_i_158/CO[3]
                         net (fo=1, unplaced)         0.000     4.059    row_multiplier/horizontal_copy_q_reg_i_158_n_0
                         CARRY4 (Prop_carry4_CI_CO[3])
                                                      0.117     4.176 r  row_multiplier/horizontal_copy_q_reg_i_144/CO[3]
                         net (fo=1, unplaced)         0.000     4.176    row_multiplier/horizontal_copy_q_reg_i_144_n_0
                         CARRY4 (Prop_carry4_CI_CO[3])
                                                      0.117     4.293 r  row_multiplier/horizontal_copy_q_reg_i_130/CO[3]
                         net (fo=1, unplaced)         0.000     4.293    row_multiplier/horizontal_copy_q_reg_i_130_n_0
                         CARRY4 (Prop_carry4_CI_CO[3])
                                                      0.117     4.410 r  row_multiplier/horizontal_copy_q_reg_i_116/CO[3]
                         net (fo=1, unplaced)         0.000     4.410    row_multiplier/horizontal_copy_q_reg_i_116_n_0
                         CARRY4 (Prop_carry4_CI_CO[3])
                                                      0.117     4.527 r  row_multiplier/horizontal_copy_q_reg_i_102/CO[3]
                         net (fo=1, unplaced)         0.000     4.527    row_multiplier/horizontal_copy_q_reg_i_102_n_0
                         CARRY4 (Prop_carry4_CI_CO[3])
                                                      0.117     4.644 r  row_multiplier/horizontal_copy_q_reg_i_88/CO[3]
                         net (fo=1, unplaced)         0.000     4.644    row_multiplier/horizontal_copy_q_reg_i_88_n_0
                         CARRY4 (Prop_carry4_CI_CO[3])
                                                      0.117     4.761 r  row_multiplier/horizontal_copy_q_reg_i_74/CO[3]
                         net (fo=1, unplaced)         0.000     4.761    row_multiplier/horizontal_copy_q_reg_i_74_n_0
                         CARRY4 (Prop_carry4_CI_CO[3])
                                                      0.117     4.878 r  row_multiplier/horizontal_copy_q_reg_i_60/CO[3]
                         net (fo=1, unplaced)         0.000     4.878    row_multiplier/horizontal_copy_q_reg_i_60_n_0
                         CARRY4 (Prop_carry4_CI_CO[3])
                                                      0.117     4.995 r  row_multiplier/horizontal_copy_q_reg_i_46/CO[3]
                         net (fo=1, unplaced)         0.000     4.995    row_multiplier/horizontal_copy_q_reg_i_46_n_0
                         CARRY4 (Prop_carry4_CI_CO[3])
                                                      0.117     5.112 r  row_multiplier/horizontal_copy_q_reg_i_32/CO[3]
                         net (fo=1, unplaced)         0.000     5.112    row_multiplier/horizontal_copy_q_reg_i_32_n_0
                         CARRY4 (Prop_carry4_CI_CO[3])
                                                      0.117     5.229 r  row_multiplier/horizontal_copy_q_reg_i_19/CO[3]
                         net (fo=1, unplaced)         0.000     5.229    row_multiplier/horizontal_copy_q_reg_i_19_n_0
                         CARRY4 (Prop_carry4_CI_O[3])
                                                      0.331     5.560 f  row_multiplier/horizontal_copy_q_reg_i_13/O[3]
                         net (fo=1, unplaced)         0.618     6.178    row_multiplier/horizontal_copy_q_reg_i_13_n_4
                         LUT1 (Prop_lut1_I0_O)        0.307     6.485 r  row_multiplier/horizontal_copy_q_i_4/O
                         net (fo=1, unplaced)         0.000     6.485    row_multiplier/horizontal_copy_q_i_4_n_0
                         CARRY4 (Prop_carry4_S[3]_CO[3])
                                                      0.376     6.861 r  row_multiplier/horizontal_copy_q_reg_i_2/CO[3]
                         net (fo=6, unplaced)         0.950     7.811    row_multiplier_n_4
                         LUT3 (Prop_lut3_I1_O)        0.116     7.927 r  write_beat_q[8]_i_3/O
                         net (fo=1, unplaced)         0.449     8.376    write_beat_q[8]_i_3_n_0
                         LUT6 (Prop_lut6_I2_O)        0.124     8.500 r  write_beat_q[8]_i_1/O
                         net (fo=27, unplaced)        0.516     9.016    write_beat_q[0]
                         LUT3 (Prop_lut3_I2_O)        0.124     9.140 r  beat_in_pixel_q[5]_i_1/O
                         net (fo=2, unplaced)         0.787     9.927    beat_in_pixel_q[5]_i_1_n_0
                         FDRE                                         r  beat_in_pixel_q_reg[4]/R
  -------------------------------------------------------------------    -------------------

                         (clock core_clk rise edge)
                                                     10.000    10.000 r  <hidden>
                                                      0.000    10.000 r  clk_i
                         net (fo=799, unset)          0.924    10.924    clk_i
                         FDRE                                         r  beat_in_pixel_q_reg[4]/C
                         clock pessimism              0.000    10.924    <hidden>
                         clock uncertainty           -0.035    10.889    <hidden>
                         FDRE (Setup_fdre_C_R)       -0.524    10.365    beat_in_pixel_q_reg[4]
  -------------------------------------------------------------------
                         required time                         10.365    <hidden>
                         arrival time                          -9.927    <hidden>
  -------------------------------------------------------------------
                         slack                                  0.438    <hidden>

Slack (MET) :             0.438ns  (required time - arrival time)
  Source:                 destination_base_q_reg[4]/C
                            (rising edge-triggered cell FDRE clocked by core_clk  {rise@0.000ns fall@5.000ns period=10.000ns})
  Destination:            beat_in_pixel_q_reg[5]/R
                            (rising edge-triggered cell FDRE clocked by core_clk  {rise@0.000ns fall@5.000ns period=10.000ns})
  Path Group:             core_clk
  Path Type:              Setup (Max at Slow Process Corner)
  Requirement:            10.000ns  (core_clk rise@10.000ns - core_clk rise@0.000ns)
  Data Path Delay:        8.954ns  (logic 4.232ns (47.264%)  route 4.722ns (52.736%))
  Logic Levels:           21  (CARRY4=16 LUT1=1 LUT3=3 LUT6=1)
  Clock Path Skew:        -0.049ns (DCD - SCD + CPR)
    Destination Clock Delay (DCD):    0.924ns = ( 10.924 - 10.000 ) 
    Source Clock Delay      (SCD):    0.973ns
    Clock Pessimism Removal (CPR):    0.000ns
  Clock Uncertainty:      0.035ns  ((TSJ^2 + TIJ^2)^1/2 + DJ) / 2 + PE
    Total System Jitter     (TSJ):    0.071ns
    Total Input Jitter      (TIJ):    0.000ns
    Discrete Jitter          (DJ):    0.000ns
    Phase Error              (PE):    0.000ns

    Location             Delay type                Incr(ns)  Path(ns)    Netlist Resource(s)
  -------------------------------------------------------------------    -------------------
                         (clock core_clk rise edge)
                                                      0.000     0.000 r  <hidden>
                                                      0.000     0.000 r  clk_i
                         net (fo=799, unset)          0.973     0.973    clk_i
                         FDRE                                         r  destination_base_q_reg[4]/C
  -------------------------------------------------------------------    -------------------
                         FDRE (Prop_fdre_C_Q)         0.518     1.491 f  destination_base_q_reg[4]/Q
                         net (fo=2, unplaced)         0.752     2.243    row_multiplier/horizontal_copy_q_reg_i_13_0[4]
                         LUT3 (Prop_lut3_I0_O)        0.295     2.538 r  row_multiplier/horizontal_copy_q_i_211/O
                         net (fo=2, unplaced)         0.650     3.188    row_multiplier/horizontal_copy_q_i_211_n_0
                         CARRY4 (Prop_carry4_DI[1]_CO[3])
                                                      0.520     3.708 r  row_multiplier/horizontal_copy_q_reg_i_199/CO[3]
                         net (fo=1, unplaced)         0.000     3.708    row_multiplier/horizontal_copy_q_reg_i_199_n_0
                         CARRY4 (Prop_carry4_CI_CO[3])
                                                      0.117     3.825 r  row_multiplier/horizontal_copy_q_reg_i_186/CO[3]
                         net (fo=1, unplaced)         0.000     3.825    row_multiplier/horizontal_copy_q_reg_i_186_n_0
                         CARRY4 (Prop_carry4_CI_CO[3])
                                                      0.117     3.942 r  row_multiplier/horizontal_copy_q_reg_i_172/CO[3]
                         net (fo=1, unplaced)         0.000     3.942    row_multiplier/horizontal_copy_q_reg_i_172_n_0
                         CARRY4 (Prop_carry4_CI_CO[3])
                                                      0.117     4.059 r  row_multiplier/horizontal_copy_q_reg_i_158/CO[3]
                         net (fo=1, unplaced)         0.000     4.059    row_multiplier/horizontal_copy_q_reg_i_158_n_0
                         CARRY4 (Prop_carry4_CI_CO[3])
                                                      0.117     4.176 r  row_multiplier/horizontal_copy_q_reg_i_144/CO[3]
                         net (fo=1, unplaced)         0.000     4.176    row_multiplier/horizontal_copy_q_reg_i_144_n_0
                         CARRY4 (Prop_carry4_CI_CO[3])
                                                      0.117     4.293 r  row_multiplier/horizontal_copy_q_reg_i_130/CO[3]
                         net (fo=1, unplaced)         0.000     4.293    row_multiplier/horizontal_copy_q_reg_i_130_n_0
                         CARRY4 (Prop_carry4_CI_CO[3])
                                                      0.117     4.410 r  row_multiplier/horizontal_copy_q_reg_i_116/CO[3]
                         net (fo=1, unplaced)         0.000     4.410    row_multiplier/horizontal_copy_q_reg_i_116_n_0
                         CARRY4 (Prop_carry4_CI_CO[3])
                                                      0.117     4.527 r  row_multiplier/horizontal_copy_q_reg_i_102/CO[3]
                         net (fo=1, unplaced)         0.000     4.527    row_multiplier/horizontal_copy_q_reg_i_102_n_0
                         CARRY4 (Prop_carry4_CI_CO[3])
                                                      0.117     4.644 r  row_multiplier/horizontal_copy_q_reg_i_88/CO[3]
                         net (fo=1, unplaced)         0.000     4.644    row_multiplier/horizontal_copy_q_reg_i_88_n_0
                         CARRY4 (Prop_carry4_CI_CO[3])
                                                      0.117     4.761 r  row_multiplier/horizontal_copy_q_reg_i_74/CO[3]
                         net (fo=1, unplaced)         0.000     4.761    row_multiplier/horizontal_copy_q_reg_i_74_n_0
                         CARRY4 (Prop_carry4_CI_CO[3])
                                                      0.117     4.878 r  row_multiplier/horizontal_copy_q_reg_i_60/CO[3]
                         net (fo=1, unplaced)         0.000     4.878    row_multiplier/horizontal_copy_q_reg_i_60_n_0
                         CARRY4 (Prop_carry4_CI_CO[3])
                                                      0.117     4.995 r  row_multiplier/horizontal_copy_q_reg_i_46/CO[3]
                         net (fo=1, unplaced)         0.000     4.995    row_multiplier/horizontal_copy_q_reg_i_46_n_0
                         CARRY4 (Prop_carry4_CI_CO[3])
                                                      0.117     5.112 r  row_multiplier/horizontal_copy_q_reg_i_32/CO[3]
                         net (fo=1, unplaced)         0.000     5.112    row_multiplier/horizontal_copy_q_reg_i_32_n_0
                         CARRY4 (Prop_carry4_CI_CO[3])
                                                      0.117     5.229 r  row_multiplier/horizontal_copy_q_reg_i_19/CO[3]
                         net (fo=1, unplaced)         0.000     5.229    row_multiplier/horizontal_copy_q_reg_i_19_n_0
                         CARRY4 (Prop_carry4_CI_O[3])
                                                      0.331     5.560 f  row_multiplier/horizontal_copy_q_reg_i_13/O[3]
                         net (fo=1, unplaced)         0.618     6.178    row_multiplier/horizontal_copy_q_reg_i_13_n_4
                         LUT1 (Prop_lut1_I0_O)        0.307     6.485 r  row_multiplier/horizontal_copy_q_i_4/O
                         net (fo=1, unplaced)         0.000     6.485    row_multiplier/horizontal_copy_q_i_4_n_0
                         CARRY4 (Prop_carry4_S[3]_CO[3])
                                                      0.376     6.861 r  row_multiplier/horizontal_copy_q_reg_i_2/CO[3]
                         net (fo=6, unplaced)         0.950     7.811    row_multiplier_n_4
                         LUT3 (Prop_lut3_I1_O)        0.116     7.927 r  write_beat_q[8]_i_3/O
                         net (fo=1, unplaced)         0.449     8.376    write_beat_q[8]_i_3_n_0
                         LUT6 (Prop_lut6_I2_O)        0.124     8.500 r  write_beat_q[8]_i_1/O
                         net (fo=27, unplaced)        0.516     9.016    write_beat_q[0]
                         LUT3 (Prop_lut3_I2_O)        0.124     9.140 r  beat_in_pixel_q[5]_i_1/O
                         net (fo=2, unplaced)         0.787     9.927    beat_in_pixel_q[5]_i_1_n_0
                         FDRE                                         r  beat_in_pixel_q_reg[5]/R
  -------------------------------------------------------------------    -------------------

                         (clock core_clk rise edge)
                                                     10.000    10.000 r  <hidden>
                                                      0.000    10.000 r  clk_i
                         net (fo=799, unset)          0.924    10.924    clk_i
                         FDRE                                         r  beat_in_pixel_q_reg[5]/C
                         clock pessimism              0.000    10.924    <hidden>
                         clock uncertainty           -0.035    10.889    <hidden>
                         FDRE (Setup_fdre_C_R)       -0.524    10.365    beat_in_pixel_q_reg[5]
  -------------------------------------------------------------------
                         required time                         10.365    <hidden>
                         arrival time                          -9.927    <hidden>
  -------------------------------------------------------------------
                         slack                                  0.438    <hidden>

Slack (MET) :             0.824ns  (required time - arrival time)
  Source:                 source_base_q_reg[3]/C
                            (rising edge-triggered cell FDRE clocked by core_clk  {rise@0.000ns fall@5.000ns period=10.000ns})
  Destination:            read_beat_q_reg[1]/R
                            (rising edge-triggered cell FDRE clocked by core_clk  {rise@0.000ns fall@5.000ns period=10.000ns})
  Path Group:             core_clk
  Path Type:              Setup (Max at Slow Process Corner)
  Requirement:            10.000ns  (core_clk rise@10.000ns - core_clk rise@0.000ns)
  Data Path Delay:        8.568ns  (logic 4.490ns (52.404%)  route 4.078ns (47.596%))
  Logic Levels:           21  (CARRY4=16 LUT1=1 LUT3=2 LUT4=1 LUT6=1)
  Clock Path Skew:        -0.049ns (DCD - SCD + CPR)
    Destination Clock Delay (DCD):    0.924ns = ( 10.924 - 10.000 ) 
    Source Clock Delay      (SCD):    0.973ns
    Clock Pessimism Removal (CPR):    0.000ns
  Clock Uncertainty:      0.035ns  ((TSJ^2 + TIJ^2)^1/2 + DJ) / 2 + PE
    Total System Jitter     (TSJ):    0.071ns
    Total Input Jitter      (TIJ):    0.000ns
    Discrete Jitter          (DJ):    0.000ns
    Phase Error              (PE):    0.000ns

    Location             Delay type                Incr(ns)  Path(ns)    Netlist Resource(s)
  -------------------------------------------------------------------    -------------------
                         (clock core_clk rise edge)
                                                      0.000     0.000 r  <hidden>
                                                      0.000     0.000 r  clk_i
                         net (fo=799, unset)          0.973     0.973    clk_i
                         FDRE                                         r  source_base_q_reg[3]/C
  -------------------------------------------------------------------    -------------------
                         FDRE (Prop_fdre_C_Q)         0.518     1.491 f  source_base_q_reg[3]/Q
                         net (fo=2, unplaced)         0.752     2.243    row_multiplier/read_beat_q_reg[0]_i_16_0[3]
                         LUT3 (Prop_lut3_I0_O)        0.321     2.564 r  row_multiplier/read_beat_q[0]_i_215/O
                         net (fo=2, unplaced)         0.485     3.049    row_multiplier/read_beat_q[0]_i_215_n_0
                         LUT4 (Prop_lut4_I3_O)        0.355     3.404 r  row_multiplier/read_beat_q[0]_i_219/O
                         net (fo=1, unplaced)         0.000     3.404    row_multiplier/read_beat_q[0]_i_219_n_0
                         CARRY4 (Prop_carry4_S[0]_CO[3])
                                                      0.513     3.917 r  row_multiplier/read_beat_q_reg[0]_i_202/CO[3]
                         net (fo=1, unplaced)         0.000     3.917    row_multiplier/read_beat_q_reg[0]_i_202_n_0
                         CARRY4 (Prop_carry4_CI_CO[3])
                                                      0.117     4.034 r  row_multiplier/read_beat_q_reg[0]_i_189/CO[3]
                         net (fo=1, unplaced)         0.000     4.034    row_multiplier/read_beat_q_reg[0]_i_189_n_0
                         CARRY4 (Prop_carry4_CI_CO[3])
                                                      0.117     4.151 r  row_multiplier/read_beat_q_reg[0]_i_175/CO[3]
                         net (fo=1, unplaced)         0.000     4.151    row_multiplier/read_beat_q_reg[0]_i_175_n_0
                         CARRY4 (Prop_carry4_CI_CO[3])
                                                      0.117     4.268 r  row_multiplier/read_beat_q_reg[0]_i_161/CO[3]
                         net (fo=1, unplaced)         0.000     4.268    row_multiplier/read_beat_q_reg[0]_i_161_n_0
                         CARRY4 (Prop_carry4_CI_CO[3])
                                                      0.117     4.385 r  row_multiplier/read_beat_q_reg[0]_i_147/CO[3]
                         net (fo=1, unplaced)         0.000     4.385    row_multiplier/read_beat_q_reg[0]_i_147_n_0
                         CARRY4 (Prop_carry4_CI_CO[3])
                                                      0.117     4.502 r  row_multiplier/read_beat_q_reg[0]_i_133/CO[3]
                         net (fo=1, unplaced)         0.000     4.502    row_multiplier/read_beat_q_reg[0]_i_133_n_0
                         CARRY4 (Prop_carry4_CI_CO[3])
                                                      0.117     4.619 r  row_multiplier/read_beat_q_reg[0]_i_119/CO[3]
                         net (fo=1, unplaced)         0.000     4.619    row_multiplier/read_beat_q_reg[0]_i_119_n_0
                         CARRY4 (Prop_carry4_CI_CO[3])
                                                      0.117     4.736 r  row_multiplier/read_beat_q_reg[0]_i_105/CO[3]
                         net (fo=1, unplaced)         0.000     4.736    row_multiplier/read_beat_q_reg[0]_i_105_n_0
                         CARRY4 (Prop_carry4_CI_CO[3])
                                                      0.117     4.853 r  row_multiplier/read_beat_q_reg[0]_i_91/CO[3]
                         net (fo=1, unplaced)         0.000     4.853    row_multiplier/read_beat_q_reg[0]_i_91_n_0
                         CARRY4 (Prop_carry4_CI_CO[3])
                                                      0.117     4.970 r  row_multiplier/read_beat_q_reg[0]_i_77/CO[3]
                         net (fo=1, unplaced)         0.000     4.970    row_multiplier/read_beat_q_reg[0]_i_77_n_0
                         CARRY4 (Prop_carry4_CI_CO[3])
                                                      0.117     5.087 r  row_multiplier/read_beat_q_reg[0]_i_63/CO[3]
                         net (fo=1, unplaced)         0.000     5.087    row_multiplier/read_beat_q_reg[0]_i_63_n_0
                         CARRY4 (Prop_carry4_CI_CO[3])
                                                      0.117     5.204 r  row_multiplier/read_beat_q_reg[0]_i_49/CO[3]
                         net (fo=1, unplaced)         0.000     5.204    row_multiplier/read_beat_q_reg[0]_i_49_n_0
                         CARRY4 (Prop_carry4_CI_CO[3])
                                                      0.117     5.321 r  row_multiplier/read_beat_q_reg[0]_i_35/CO[3]
                         net (fo=1, unplaced)         0.000     5.321    row_multiplier/read_beat_q_reg[0]_i_35_n_0
                         CARRY4 (Prop_carry4_CI_CO[3])
                                                      0.117     5.438 r  row_multiplier/read_beat_q_reg[0]_i_22/CO[3]
                         net (fo=1, unplaced)         0.000     5.438    row_multiplier/read_beat_q_reg[0]_i_22_n_0
                         CARRY4 (Prop_carry4_CI_O[3])
                                                      0.331     5.769 f  row_multiplier/read_beat_q_reg[0]_i_16/O[3]
                         net (fo=1, unplaced)         0.618     6.387    row_multiplier/read_beat_q_reg[0]_i_16_n_4
                         LUT1 (Prop_lut1_I0_O)        0.307     6.694 r  row_multiplier/read_beat_q[0]_i_7/O
                         net (fo=1, unplaced)         0.000     6.694    row_multiplier/p_0_in[63]
                         CARRY4 (Prop_carry4_S[3]_CO[3])
                                                      0.376     7.070 r  row_multiplier/read_beat_q_reg[0]_i_5/CO[3]
                         net (fo=4, unplaced)         0.942     8.012    row_multiplier_n_12
                         LUT3 (Prop_lut3_I2_O)        0.124     8.136 r  read_beat_q[0]_i_4/O
                         net (fo=3, unplaced)         0.467     8.603    read_beat_q[0]_i_4_n_0
                         LUT6 (Prop_lut6_I4_O)        0.124     8.727 r  read_beat_q[8]_i_1/O
                         net (fo=8, unplaced)         0.814     9.541    read_beat_q[8]_i_1_n_0
                         FDRE                                         r  read_beat_q_reg[1]/R
  -------------------------------------------------------------------    -------------------

                         (clock core_clk rise edge)
                                                     10.000    10.000 r  <hidden>
                                                      0.000    10.000 r  clk_i
                         net (fo=799, unset)          0.924    10.924    clk_i
                         FDRE                                         r  read_beat_q_reg[1]/C
                         clock pessimism              0.000    10.924    <hidden>
                         clock uncertainty           -0.035    10.889    <hidden>
                         FDRE (Setup_fdre_C_R)       -0.524    10.365    read_beat_q_reg[1]
  -------------------------------------------------------------------
                         required time                         10.365    <hidden>
                         arrival time                          -9.541    <hidden>
  -------------------------------------------------------------------
                         slack                                  0.824    <hidden>

Slack (MET) :             0.824ns  (required time - arrival time)
  Source:                 source_base_q_reg[3]/C
                            (rising edge-triggered cell FDRE clocked by core_clk  {rise@0.000ns fall@5.000ns period=10.000ns})
  Destination:            read_beat_q_reg[2]/R
                            (rising edge-triggered cell FDRE clocked by core_clk  {rise@0.000ns fall@5.000ns period=10.000ns})
  Path Group:             core_clk
  Path Type:              Setup (Max at Slow Process Corner)
  Requirement:            10.000ns  (core_clk rise@10.000ns - core_clk rise@0.000ns)
  Data Path Delay:        8.568ns  (logic 4.490ns (52.404%)  route 4.078ns (47.596%))
  Logic Levels:           21  (CARRY4=16 LUT1=1 LUT3=2 LUT4=1 LUT6=1)
  Clock Path Skew:        -0.049ns (DCD - SCD + CPR)
    Destination Clock Delay (DCD):    0.924ns = ( 10.924 - 10.000 ) 
    Source Clock Delay      (SCD):    0.973ns
    Clock Pessimism Removal (CPR):    0.000ns
  Clock Uncertainty:      0.035ns  ((TSJ^2 + TIJ^2)^1/2 + DJ) / 2 + PE
    Total System Jitter     (TSJ):    0.071ns
    Total Input Jitter      (TIJ):    0.000ns
    Discrete Jitter          (DJ):    0.000ns
    Phase Error              (PE):    0.000ns

    Location             Delay type                Incr(ns)  Path(ns)    Netlist Resource(s)
  -------------------------------------------------------------------    -------------------
                         (clock core_clk rise edge)
                                                      0.000     0.000 r  <hidden>
                                                      0.000     0.000 r  clk_i
                         net (fo=799, unset)          0.973     0.973    clk_i
                         FDRE                                         r  source_base_q_reg[3]/C
  -------------------------------------------------------------------    -------------------
                         FDRE (Prop_fdre_C_Q)         0.518     1.491 f  source_base_q_reg[3]/Q
                         net (fo=2, unplaced)         0.752     2.243    row_multiplier/read_beat_q_reg[0]_i_16_0[3]
                         LUT3 (Prop_lut3_I0_O)        0.321     2.564 r  row_multiplier/read_beat_q[0]_i_215/O
                         net (fo=2, unplaced)         0.485     3.049    row_multiplier/read_beat_q[0]_i_215_n_0
                         LUT4 (Prop_lut4_I3_O)        0.355     3.404 r  row_multiplier/read_beat_q[0]_i_219/O
                         net (fo=1, unplaced)         0.000     3.404    row_multiplier/read_beat_q[0]_i_219_n_0
                         CARRY4 (Prop_carry4_S[0]_CO[3])
                                                      0.513     3.917 r  row_multiplier/read_beat_q_reg[0]_i_202/CO[3]
                         net (fo=1, unplaced)         0.000     3.917    row_multiplier/read_beat_q_reg[0]_i_202_n_0
                         CARRY4 (Prop_carry4_CI_CO[3])
                                                      0.117     4.034 r  row_multiplier/read_beat_q_reg[0]_i_189/CO[3]
                         net (fo=1, unplaced)         0.000     4.034    row_multiplier/read_beat_q_reg[0]_i_189_n_0
                         CARRY4 (Prop_carry4_CI_CO[3])
                                                      0.117     4.151 r  row_multiplier/read_beat_q_reg[0]_i_175/CO[3]
                         net (fo=1, unplaced)         0.000     4.151    row_multiplier/read_beat_q_reg[0]_i_175_n_0
                         CARRY4 (Prop_carry4_CI_CO[3])
                                                      0.117     4.268 r  row_multiplier/read_beat_q_reg[0]_i_161/CO[3]
                         net (fo=1, unplaced)         0.000     4.268    row_multiplier/read_beat_q_reg[0]_i_161_n_0
                         CARRY4 (Prop_carry4_CI_CO[3])
                                                      0.117     4.385 r  row_multiplier/read_beat_q_reg[0]_i_147/CO[3]
                         net (fo=1, unplaced)         0.000     4.385    row_multiplier/read_beat_q_reg[0]_i_147_n_0
                         CARRY4 (Prop_carry4_CI_CO[3])
                                                      0.117     4.502 r  row_multiplier/read_beat_q_reg[0]_i_133/CO[3]
                         net (fo=1, unplaced)         0.000     4.502    row_multiplier/read_beat_q_reg[0]_i_133_n_0
                         CARRY4 (Prop_carry4_CI_CO[3])
                                                      0.117     4.619 r  row_multiplier/read_beat_q_reg[0]_i_119/CO[3]
                         net (fo=1, unplaced)         0.000     4.619    row_multiplier/read_beat_q_reg[0]_i_119_n_0
                         CARRY4 (Prop_carry4_CI_CO[3])
                                                      0.117     4.736 r  row_multiplier/read_beat_q_reg[0]_i_105/CO[3]
                         net (fo=1, unplaced)         0.000     4.736    row_multiplier/read_beat_q_reg[0]_i_105_n_0
                         CARRY4 (Prop_carry4_CI_CO[3])
                                                      0.117     4.853 r  row_multiplier/read_beat_q_reg[0]_i_91/CO[3]
                         net (fo=1, unplaced)         0.000     4.853    row_multiplier/read_beat_q_reg[0]_i_91_n_0
                         CARRY4 (Prop_carry4_CI_CO[3])
                                                      0.117     4.970 r  row_multiplier/read_beat_q_reg[0]_i_77/CO[3]
                         net (fo=1, unplaced)         0.000     4.970    row_multiplier/read_beat_q_reg[0]_i_77_n_0
                         CARRY4 (Prop_carry4_CI_CO[3])
                                                      0.117     5.087 r  row_multiplier/read_beat_q_reg[0]_i_63/CO[3]
                         net (fo=1, unplaced)         0.000     5.087    row_multiplier/read_beat_q_reg[0]_i_63_n_0
                         CARRY4 (Prop_carry4_CI_CO[3])
                                                      0.117     5.204 r  row_multiplier/read_beat_q_reg[0]_i_49/CO[3]
                         net (fo=1, unplaced)         0.000     5.204    row_multiplier/read_beat_q_reg[0]_i_49_n_0
                         CARRY4 (Prop_carry4_CI_CO[3])
                                                      0.117     5.321 r  row_multiplier/read_beat_q_reg[0]_i_35/CO[3]
                         net (fo=1, unplaced)         0.000     5.321    row_multiplier/read_beat_q_reg[0]_i_35_n_0
                         CARRY4 (Prop_carry4_CI_CO[3])
                                                      0.117     5.438 r  row_multiplier/read_beat_q_reg[0]_i_22/CO[3]
                         net (fo=1, unplaced)         0.000     5.438    row_multiplier/read_beat_q_reg[0]_i_22_n_0
                         CARRY4 (Prop_carry4_CI_O[3])
                                                      0.331     5.769 f  row_multiplier/read_beat_q_reg[0]_i_16/O[3]
                         net (fo=1, unplaced)         0.618     6.387    row_multiplier/read_beat_q_reg[0]_i_16_n_4
                         LUT1 (Prop_lut1_I0_O)        0.307     6.694 r  row_multiplier/read_beat_q[0]_i_7/O
                         net (fo=1, unplaced)         0.000     6.694    row_multiplier/p_0_in[63]
                         CARRY4 (Prop_carry4_S[3]_CO[3])
                                                      0.376     7.070 r  row_multiplier/read_beat_q_reg[0]_i_5/CO[3]
                         net (fo=4, unplaced)         0.942     8.012    row_multiplier_n_12
                         LUT3 (Prop_lut3_I2_O)        0.124     8.136 r  read_beat_q[0]_i_4/O
                         net (fo=3, unplaced)         0.467     8.603    read_beat_q[0]_i_4_n_0
                         LUT6 (Prop_lut6_I4_O)        0.124     8.727 r  read_beat_q[8]_i_1/O
                         net (fo=8, unplaced)         0.814     9.541    read_beat_q[8]_i_1_n_0
                         FDRE                                         r  read_beat_q_reg[2]/R
  -------------------------------------------------------------------    -------------------

                         (clock core_clk rise edge)
                                                     10.000    10.000 r  <hidden>
                                                      0.000    10.000 r  clk_i
                         net (fo=799, unset)          0.924    10.924    clk_i
                         FDRE                                         r  read_beat_q_reg[2]/C
                         clock pessimism              0.000    10.924    <hidden>
                         clock uncertainty           -0.035    10.889    <hidden>
                         FDRE (Setup_fdre_C_R)       -0.524    10.365    read_beat_q_reg[2]
  -------------------------------------------------------------------
                         required time                         10.365    <hidden>
                         arrival time                          -9.541    <hidden>
  -------------------------------------------------------------------
                         slack                                  0.824    <hidden>

Slack (MET) :             0.824ns  (required time - arrival time)
  Source:                 source_base_q_reg[3]/C
                            (rising edge-triggered cell FDRE clocked by core_clk  {rise@0.000ns fall@5.000ns period=10.000ns})
  Destination:            read_beat_q_reg[3]/R
                            (rising edge-triggered cell FDRE clocked by core_clk  {rise@0.000ns fall@5.000ns period=10.000ns})
  Path Group:             core_clk
  Path Type:              Setup (Max at Slow Process Corner)
  Requirement:            10.000ns  (core_clk rise@10.000ns - core_clk rise@0.000ns)
  Data Path Delay:        8.568ns  (logic 4.490ns (52.404%)  route 4.078ns (47.596%))
  Logic Levels:           21  (CARRY4=16 LUT1=1 LUT3=2 LUT4=1 LUT6=1)
  Clock Path Skew:        -0.049ns (DCD - SCD + CPR)
    Destination Clock Delay (DCD):    0.924ns = ( 10.924 - 10.000 ) 
    Source Clock Delay      (SCD):    0.973ns
    Clock Pessimism Removal (CPR):    0.000ns
  Clock Uncertainty:      0.035ns  ((TSJ^2 + TIJ^2)^1/2 + DJ) / 2 + PE
    Total System Jitter     (TSJ):    0.071ns
    Total Input Jitter      (TIJ):    0.000ns
    Discrete Jitter          (DJ):    0.000ns
    Phase Error              (PE):    0.000ns

    Location             Delay type                Incr(ns)  Path(ns)    Netlist Resource(s)
  -------------------------------------------------------------------    -------------------
                         (clock core_clk rise edge)
                                                      0.000     0.000 r  <hidden>
                                                      0.000     0.000 r  clk_i
                         net (fo=799, unset)          0.973     0.973    clk_i
                         FDRE                                         r  source_base_q_reg[3]/C
  -------------------------------------------------------------------    -------------------
                         FDRE (Prop_fdre_C_Q)         0.518     1.491 f  source_base_q_reg[3]/Q
                         net (fo=2, unplaced)         0.752     2.243    row_multiplier/read_beat_q_reg[0]_i_16_0[3]
                         LUT3 (Prop_lut3_I0_O)        0.321     2.564 r  row_multiplier/read_beat_q[0]_i_215/O
                         net (fo=2, unplaced)         0.485     3.049    row_multiplier/read_beat_q[0]_i_215_n_0
                         LUT4 (Prop_lut4_I3_O)        0.355     3.404 r  row_multiplier/read_beat_q[0]_i_219/O
                         net (fo=1, unplaced)         0.000     3.404    row_multiplier/read_beat_q[0]_i_219_n_0
                         CARRY4 (Prop_carry4_S[0]_CO[3])
                                                      0.513     3.917 r  row_multiplier/read_beat_q_reg[0]_i_202/CO[3]
                         net (fo=1, unplaced)         0.000     3.917    row_multiplier/read_beat_q_reg[0]_i_202_n_0
                         CARRY4 (Prop_carry4_CI_CO[3])
                                                      0.117     4.034 r  row_multiplier/read_beat_q_reg[0]_i_189/CO[3]
                         net (fo=1, unplaced)         0.000     4.034    row_multiplier/read_beat_q_reg[0]_i_189_n_0
                         CARRY4 (Prop_carry4_CI_CO[3])
                                                      0.117     4.151 r  row_multiplier/read_beat_q_reg[0]_i_175/CO[3]
                         net (fo=1, unplaced)         0.000     4.151    row_multiplier/read_beat_q_reg[0]_i_175_n_0
                         CARRY4 (Prop_carry4_CI_CO[3])
                                                      0.117     4.268 r  row_multiplier/read_beat_q_reg[0]_i_161/CO[3]
                         net (fo=1, unplaced)         0.000     4.268    row_multiplier/read_beat_q_reg[0]_i_161_n_0
                         CARRY4 (Prop_carry4_CI_CO[3])
                                                      0.117     4.385 r  row_multiplier/read_beat_q_reg[0]_i_147/CO[3]
                         net (fo=1, unplaced)         0.000     4.385    row_multiplier/read_beat_q_reg[0]_i_147_n_0
                         CARRY4 (Prop_carry4_CI_CO[3])
                                                      0.117     4.502 r  row_multiplier/read_beat_q_reg[0]_i_133/CO[3]
                         net (fo=1, unplaced)         0.000     4.502    row_multiplier/read_beat_q_reg[0]_i_133_n_0
                         CARRY4 (Prop_carry4_CI_CO[3])
                                                      0.117     4.619 r  row_multiplier/read_beat_q_reg[0]_i_119/CO[3]
                         net (fo=1, unplaced)         0.000     4.619    row_multiplier/read_beat_q_reg[0]_i_119_n_0
                         CARRY4 (Prop_carry4_CI_CO[3])
                                                      0.117     4.736 r  row_multiplier/read_beat_q_reg[0]_i_105/CO[3]
                         net (fo=1, unplaced)         0.000     4.736    row_multiplier/read_beat_q_reg[0]_i_105_n_0
                         CARRY4 (Prop_carry4_CI_CO[3])
                                                      0.117     4.853 r  row_multiplier/read_beat_q_reg[0]_i_91/CO[3]
                         net (fo=1, unplaced)         0.000     4.853    row_multiplier/read_beat_q_reg[0]_i_91_n_0
                         CARRY4 (Prop_carry4_CI_CO[3])
                                                      0.117     4.970 r  row_multiplier/read_beat_q_reg[0]_i_77/CO[3]
                         net (fo=1, unplaced)         0.000     4.970    row_multiplier/read_beat_q_reg[0]_i_77_n_0
                         CARRY4 (Prop_carry4_CI_CO[3])
                                                      0.117     5.087 r  row_multiplier/read_beat_q_reg[0]_i_63/CO[3]
                         net (fo=1, unplaced)         0.000     5.087    row_multiplier/read_beat_q_reg[0]_i_63_n_0
                         CARRY4 (Prop_carry4_CI_CO[3])
                                                      0.117     5.204 r  row_multiplier/read_beat_q_reg[0]_i_49/CO[3]
                         net (fo=1, unplaced)         0.000     5.204    row_multiplier/read_beat_q_reg[0]_i_49_n_0
                         CARRY4 (Prop_carry4_CI_CO[3])
                                                      0.117     5.321 r  row_multiplier/read_beat_q_reg[0]_i_35/CO[3]
                         net (fo=1, unplaced)         0.000     5.321    row_multiplier/read_beat_q_reg[0]_i_35_n_0
                         CARRY4 (Prop_carry4_CI_CO[3])
                                                      0.117     5.438 r  row_multiplier/read_beat_q_reg[0]_i_22/CO[3]
                         net (fo=1, unplaced)         0.000     5.438    row_multiplier/read_beat_q_reg[0]_i_22_n_0
                         CARRY4 (Prop_carry4_CI_O[3])
                                                      0.331     5.769 f  row_multiplier/read_beat_q_reg[0]_i_16/O[3]
                         net (fo=1, unplaced)         0.618     6.387    row_multiplier/read_beat_q_reg[0]_i_16_n_4
                         LUT1 (Prop_lut1_I0_O)        0.307     6.694 r  row_multiplier/read_beat_q[0]_i_7/O
                         net (fo=1, unplaced)         0.000     6.694    row_multiplier/p_0_in[63]
                         CARRY4 (Prop_carry4_S[3]_CO[3])
                                                      0.376     7.070 r  row_multiplier/read_beat_q_reg[0]_i_5/CO[3]
                         net (fo=4, unplaced)         0.942     8.012    row_multiplier_n_12
                         LUT3 (Prop_lut3_I2_O)        0.124     8.136 r  read_beat_q[0]_i_4/O
                         net (fo=3, unplaced)         0.467     8.603    read_beat_q[0]_i_4_n_0
                         LUT6 (Prop_lut6_I4_O)        0.124     8.727 r  read_beat_q[8]_i_1/O
                         net (fo=8, unplaced)         0.814     9.541    read_beat_q[8]_i_1_n_0
                         FDRE                                         r  read_beat_q_reg[3]/R
  -------------------------------------------------------------------    -------------------

                         (clock core_clk rise edge)
                                                     10.000    10.000 r  <hidden>
                                                      0.000    10.000 r  clk_i
                         net (fo=799, unset)          0.924    10.924    clk_i
                         FDRE                                         r  read_beat_q_reg[3]/C
                         clock pessimism              0.000    10.924    <hidden>
                         clock uncertainty           -0.035    10.889    <hidden>
                         FDRE (Setup_fdre_C_R)       -0.524    10.365    read_beat_q_reg[3]
  -------------------------------------------------------------------
                         required time                         10.365    <hidden>
                         arrival time                          -9.541    <hidden>
  -------------------------------------------------------------------
                         slack                                  0.824    <hidden>

Slack (MET) :             0.824ns  (required time - arrival time)
  Source:                 source_base_q_reg[3]/C
                            (rising edge-triggered cell FDRE clocked by core_clk  {rise@0.000ns fall@5.000ns period=10.000ns})
  Destination:            read_beat_q_reg[4]/R
                            (rising edge-triggered cell FDRE clocked by core_clk  {rise@0.000ns fall@5.000ns period=10.000ns})
  Path Group:             core_clk
  Path Type:              Setup (Max at Slow Process Corner)
  Requirement:            10.000ns  (core_clk rise@10.000ns - core_clk rise@0.000ns)
  Data Path Delay:        8.568ns  (logic 4.490ns (52.404%)  route 4.078ns (47.596%))
  Logic Levels:           21  (CARRY4=16 LUT1=1 LUT3=2 LUT4=1 LUT6=1)
  Clock Path Skew:        -0.049ns (DCD - SCD + CPR)
    Destination Clock Delay (DCD):    0.924ns = ( 10.924 - 10.000 ) 
    Source Clock Delay      (SCD):    0.973ns
    Clock Pessimism Removal (CPR):    0.000ns
  Clock Uncertainty:      0.035ns  ((TSJ^2 + TIJ^2)^1/2 + DJ) / 2 + PE
    Total System Jitter     (TSJ):    0.071ns
    Total Input Jitter      (TIJ):    0.000ns
    Discrete Jitter          (DJ):    0.000ns
    Phase Error              (PE):    0.000ns

    Location             Delay type                Incr(ns)  Path(ns)    Netlist Resource(s)
  -------------------------------------------------------------------    -------------------
                         (clock core_clk rise edge)
                                                      0.000     0.000 r  <hidden>
                                                      0.000     0.000 r  clk_i
                         net (fo=799, unset)          0.973     0.973    clk_i
                         FDRE                                         r  source_base_q_reg[3]/C
  -------------------------------------------------------------------    -------------------
                         FDRE (Prop_fdre_C_Q)         0.518     1.491 f  source_base_q_reg[3]/Q
                         net (fo=2, unplaced)         0.752     2.243    row_multiplier/read_beat_q_reg[0]_i_16_0[3]
                         LUT3 (Prop_lut3_I0_O)        0.321     2.564 r  row_multiplier/read_beat_q[0]_i_215/O
                         net (fo=2, unplaced)         0.485     3.049    row_multiplier/read_beat_q[0]_i_215_n_0
                         LUT4 (Prop_lut4_I3_O)        0.355     3.404 r  row_multiplier/read_beat_q[0]_i_219/O
                         net (fo=1, unplaced)         0.000     3.404    row_multiplier/read_beat_q[0]_i_219_n_0
                         CARRY4 (Prop_carry4_S[0]_CO[3])
                                                      0.513     3.917 r  row_multiplier/read_beat_q_reg[0]_i_202/CO[3]
                         net (fo=1, unplaced)         0.000     3.917    row_multiplier/read_beat_q_reg[0]_i_202_n_0
                         CARRY4 (Prop_carry4_CI_CO[3])
                                                      0.117     4.034 r  row_multiplier/read_beat_q_reg[0]_i_189/CO[3]
                         net (fo=1, unplaced)         0.000     4.034    row_multiplier/read_beat_q_reg[0]_i_189_n_0
                         CARRY4 (Prop_carry4_CI_CO[3])
                                                      0.117     4.151 r  row_multiplier/read_beat_q_reg[0]_i_175/CO[3]
                         net (fo=1, unplaced)         0.000     4.151    row_multiplier/read_beat_q_reg[0]_i_175_n_0
                         CARRY4 (Prop_carry4_CI_CO[3])
                                                      0.117     4.268 r  row_multiplier/read_beat_q_reg[0]_i_161/CO[3]
                         net (fo=1, unplaced)         0.000     4.268    row_multiplier/read_beat_q_reg[0]_i_161_n_0
                         CARRY4 (Prop_carry4_CI_CO[3])
                                                      0.117     4.385 r  row_multiplier/read_beat_q_reg[0]_i_147/CO[3]
                         net (fo=1, unplaced)         0.000     4.385    row_multiplier/read_beat_q_reg[0]_i_147_n_0
                         CARRY4 (Prop_carry4_CI_CO[3])
                                                      0.117     4.502 r  row_multiplier/read_beat_q_reg[0]_i_133/CO[3]
                         net (fo=1, unplaced)         0.000     4.502    row_multiplier/read_beat_q_reg[0]_i_133_n_0
                         CARRY4 (Prop_carry4_CI_CO[3])
                                                      0.117     4.619 r  row_multiplier/read_beat_q_reg[0]_i_119/CO[3]
                         net (fo=1, unplaced)         0.000     4.619    row_multiplier/read_beat_q_reg[0]_i_119_n_0
                         CARRY4 (Prop_carry4_CI_CO[3])
                                                      0.117     4.736 r  row_multiplier/read_beat_q_reg[0]_i_105/CO[3]
                         net (fo=1, unplaced)         0.000     4.736    row_multiplier/read_beat_q_reg[0]_i_105_n_0
                         CARRY4 (Prop_carry4_CI_CO[3])
                                                      0.117     4.853 r  row_multiplier/read_beat_q_reg[0]_i_91/CO[3]
                         net (fo=1, unplaced)         0.000     4.853    row_multiplier/read_beat_q_reg[0]_i_91_n_0
                         CARRY4 (Prop_carry4_CI_CO[3])
                                                      0.117     4.970 r  row_multiplier/read_beat_q_reg[0]_i_77/CO[3]
                         net (fo=1, unplaced)         0.000     4.970    row_multiplier/read_beat_q_reg[0]_i_77_n_0
                         CARRY4 (Prop_carry4_CI_CO[3])
                                                      0.117     5.087 r  row_multiplier/read_beat_q_reg[0]_i_63/CO[3]
                         net (fo=1, unplaced)         0.000     5.087    row_multiplier/read_beat_q_reg[0]_i_63_n_0
                         CARRY4 (Prop_carry4_CI_CO[3])
                                                      0.117     5.204 r  row_multiplier/read_beat_q_reg[0]_i_49/CO[3]
                         net (fo=1, unplaced)         0.000     5.204    row_multiplier/read_beat_q_reg[0]_i_49_n_0
                         CARRY4 (Prop_carry4_CI_CO[3])
                                                      0.117     5.321 r  row_multiplier/read_beat_q_reg[0]_i_35/CO[3]
                         net (fo=1, unplaced)         0.000     5.321    row_multiplier/read_beat_q_reg[0]_i_35_n_0
                         CARRY4 (Prop_carry4_CI_CO[3])
                                                      0.117     5.438 r  row_multiplier/read_beat_q_reg[0]_i_22/CO[3]
                         net (fo=1, unplaced)         0.000     5.438    row_multiplier/read_beat_q_reg[0]_i_22_n_0
                         CARRY4 (Prop_carry4_CI_O[3])
                                                      0.331     5.769 f  row_multiplier/read_beat_q_reg[0]_i_16/O[3]
                         net (fo=1, unplaced)         0.618     6.387    row_multiplier/read_beat_q_reg[0]_i_16_n_4
                         LUT1 (Prop_lut1_I0_O)        0.307     6.694 r  row_multiplier/read_beat_q[0]_i_7/O
                         net (fo=1, unplaced)         0.000     6.694    row_multiplier/p_0_in[63]
                         CARRY4 (Prop_carry4_S[3]_CO[3])
                                                      0.376     7.070 r  row_multiplier/read_beat_q_reg[0]_i_5/CO[3]
                         net (fo=4, unplaced)         0.942     8.012    row_multiplier_n_12
                         LUT3 (Prop_lut3_I2_O)        0.124     8.136 r  read_beat_q[0]_i_4/O
                         net (fo=3, unplaced)         0.467     8.603    read_beat_q[0]_i_4_n_0
                         LUT6 (Prop_lut6_I4_O)        0.124     8.727 r  read_beat_q[8]_i_1/O
                         net (fo=8, unplaced)         0.814     9.541    read_beat_q[8]_i_1_n_0
                         FDRE                                         r  read_beat_q_reg[4]/R
  -------------------------------------------------------------------    -------------------

                         (clock core_clk rise edge)
                                                     10.000    10.000 r  <hidden>
                                                      0.000    10.000 r  clk_i
                         net (fo=799, unset)          0.924    10.924    clk_i
                         FDRE                                         r  read_beat_q_reg[4]/C
                         clock pessimism              0.000    10.924    <hidden>
                         clock uncertainty           -0.035    10.889    <hidden>
                         FDRE (Setup_fdre_C_R)       -0.524    10.365    read_beat_q_reg[4]
  -------------------------------------------------------------------
                         required time                         10.365    <hidden>
                         arrival time                          -9.541    <hidden>
  -------------------------------------------------------------------
                         slack                                  0.824    <hidden>

Slack (MET) :             0.824ns  (required time - arrival time)
  Source:                 source_base_q_reg[3]/C
                            (rising edge-triggered cell FDRE clocked by core_clk  {rise@0.000ns fall@5.000ns period=10.000ns})
  Destination:            read_beat_q_reg[5]/R
                            (rising edge-triggered cell FDRE clocked by core_clk  {rise@0.000ns fall@5.000ns period=10.000ns})
  Path Group:             core_clk
  Path Type:              Setup (Max at Slow Process Corner)
  Requirement:            10.000ns  (core_clk rise@10.000ns - core_clk rise@0.000ns)
  Data Path Delay:        8.568ns  (logic 4.490ns (52.404%)  route 4.078ns (47.596%))
  Logic Levels:           21  (CARRY4=16 LUT1=1 LUT3=2 LUT4=1 LUT6=1)
  Clock Path Skew:        -0.049ns (DCD - SCD + CPR)
    Destination Clock Delay (DCD):    0.924ns = ( 10.924 - 10.000 ) 
    Source Clock Delay      (SCD):    0.973ns
    Clock Pessimism Removal (CPR):    0.000ns
  Clock Uncertainty:      0.035ns  ((TSJ^2 + TIJ^2)^1/2 + DJ) / 2 + PE
    Total System Jitter     (TSJ):    0.071ns
    Total Input Jitter      (TIJ):    0.000ns
    Discrete Jitter          (DJ):    0.000ns
    Phase Error              (PE):    0.000ns

    Location             Delay type                Incr(ns)  Path(ns)    Netlist Resource(s)
  -------------------------------------------------------------------    -------------------
                         (clock core_clk rise edge)
                                                      0.000     0.000 r  <hidden>
                                                      0.000     0.000 r  clk_i
                         net (fo=799, unset)          0.973     0.973    clk_i
                         FDRE                                         r  source_base_q_reg[3]/C
  -------------------------------------------------------------------    -------------------
                         FDRE (Prop_fdre_C_Q)         0.518     1.491 f  source_base_q_reg[3]/Q
                         net (fo=2, unplaced)         0.752     2.243    row_multiplier/read_beat_q_reg[0]_i_16_0[3]
                         LUT3 (Prop_lut3_I0_O)        0.321     2.564 r  row_multiplier/read_beat_q[0]_i_215/O
                         net (fo=2, unplaced)         0.485     3.049    row_multiplier/read_beat_q[0]_i_215_n_0
                         LUT4 (Prop_lut4_I3_O)        0.355     3.404 r  row_multiplier/read_beat_q[0]_i_219/O
                         net (fo=1, unplaced)         0.000     3.404    row_multiplier/read_beat_q[0]_i_219_n_0
                         CARRY4 (Prop_carry4_S[0]_CO[3])
                                                      0.513     3.917 r  row_multiplier/read_beat_q_reg[0]_i_202/CO[3]
                         net (fo=1, unplaced)         0.000     3.917    row_multiplier/read_beat_q_reg[0]_i_202_n_0
                         CARRY4 (Prop_carry4_CI_CO[3])
                                                      0.117     4.034 r  row_multiplier/read_beat_q_reg[0]_i_189/CO[3]
                         net (fo=1, unplaced)         0.000     4.034    row_multiplier/read_beat_q_reg[0]_i_189_n_0
                         CARRY4 (Prop_carry4_CI_CO[3])
                                                      0.117     4.151 r  row_multiplier/read_beat_q_reg[0]_i_175/CO[3]
                         net (fo=1, unplaced)         0.000     4.151    row_multiplier/read_beat_q_reg[0]_i_175_n_0
                         CARRY4 (Prop_carry4_CI_CO[3])
                                                      0.117     4.268 r  row_multiplier/read_beat_q_reg[0]_i_161/CO[3]
                         net (fo=1, unplaced)         0.000     4.268    row_multiplier/read_beat_q_reg[0]_i_161_n_0
                         CARRY4 (Prop_carry4_CI_CO[3])
                                                      0.117     4.385 r  row_multiplier/read_beat_q_reg[0]_i_147/CO[3]
                         net (fo=1, unplaced)         0.000     4.385    row_multiplier/read_beat_q_reg[0]_i_147_n_0
                         CARRY4 (Prop_carry4_CI_CO[3])
                                                      0.117     4.502 r  row_multiplier/read_beat_q_reg[0]_i_133/CO[3]
                         net (fo=1, unplaced)         0.000     4.502    row_multiplier/read_beat_q_reg[0]_i_133_n_0
                         CARRY4 (Prop_carry4_CI_CO[3])
                                                      0.117     4.619 r  row_multiplier/read_beat_q_reg[0]_i_119/CO[3]
                         net (fo=1, unplaced)         0.000     4.619    row_multiplier/read_beat_q_reg[0]_i_119_n_0
                         CARRY4 (Prop_carry4_CI_CO[3])
                                                      0.117     4.736 r  row_multiplier/read_beat_q_reg[0]_i_105/CO[3]
                         net (fo=1, unplaced)         0.000     4.736    row_multiplier/read_beat_q_reg[0]_i_105_n_0
                         CARRY4 (Prop_carry4_CI_CO[3])
                                                      0.117     4.853 r  row_multiplier/read_beat_q_reg[0]_i_91/CO[3]
                         net (fo=1, unplaced)         0.000     4.853    row_multiplier/read_beat_q_reg[0]_i_91_n_0
                         CARRY4 (Prop_carry4_CI_CO[3])
                                                      0.117     4.970 r  row_multiplier/read_beat_q_reg[0]_i_77/CO[3]
                         net (fo=1, unplaced)         0.000     4.970    row_multiplier/read_beat_q_reg[0]_i_77_n_0
                         CARRY4 (Prop_carry4_CI_CO[3])
                                                      0.117     5.087 r  row_multiplier/read_beat_q_reg[0]_i_63/CO[3]
                         net (fo=1, unplaced)         0.000     5.087    row_multiplier/read_beat_q_reg[0]_i_63_n_0
                         CARRY4 (Prop_carry4_CI_CO[3])
                                                      0.117     5.204 r  row_multiplier/read_beat_q_reg[0]_i_49/CO[3]
                         net (fo=1, unplaced)         0.000     5.204    row_multiplier/read_beat_q_reg[0]_i_49_n_0
                         CARRY4 (Prop_carry4_CI_CO[3])
                                                      0.117     5.321 r  row_multiplier/read_beat_q_reg[0]_i_35/CO[3]
                         net (fo=1, unplaced)         0.000     5.321    row_multiplier/read_beat_q_reg[0]_i_35_n_0
                         CARRY4 (Prop_carry4_CI_CO[3])
                                                      0.117     5.438 r  row_multiplier/read_beat_q_reg[0]_i_22/CO[3]
                         net (fo=1, unplaced)         0.000     5.438    row_multiplier/read_beat_q_reg[0]_i_22_n_0
                         CARRY4 (Prop_carry4_CI_O[3])
                                                      0.331     5.769 f  row_multiplier/read_beat_q_reg[0]_i_16/O[3]
                         net (fo=1, unplaced)         0.618     6.387    row_multiplier/read_beat_q_reg[0]_i_16_n_4
                         LUT1 (Prop_lut1_I0_O)        0.307     6.694 r  row_multiplier/read_beat_q[0]_i_7/O
                         net (fo=1, unplaced)         0.000     6.694    row_multiplier/p_0_in[63]
                         CARRY4 (Prop_carry4_S[3]_CO[3])
                                                      0.376     7.070 r  row_multiplier/read_beat_q_reg[0]_i_5/CO[3]
                         net (fo=4, unplaced)         0.942     8.012    row_multiplier_n_12
                         LUT3 (Prop_lut3_I2_O)        0.124     8.136 r  read_beat_q[0]_i_4/O
                         net (fo=3, unplaced)         0.467     8.603    read_beat_q[0]_i_4_n_0
                         LUT6 (Prop_lut6_I4_O)        0.124     8.727 r  read_beat_q[8]_i_1/O
                         net (fo=8, unplaced)         0.814     9.541    read_beat_q[8]_i_1_n_0
                         FDRE                                         r  read_beat_q_reg[5]/R
  -------------------------------------------------------------------    -------------------

                         (clock core_clk rise edge)
                                                     10.000    10.000 r  <hidden>
                                                      0.000    10.000 r  clk_i
                         net (fo=799, unset)          0.924    10.924    clk_i
                         FDRE                                         r  read_beat_q_reg[5]/C
                         clock pessimism              0.000    10.924    <hidden>
                         clock uncertainty           -0.035    10.889    <hidden>
                         FDRE (Setup_fdre_C_R)       -0.524    10.365    read_beat_q_reg[5]
  -------------------------------------------------------------------
                         required time                         10.365    <hidden>
                         arrival time                          -9.541    <hidden>
  -------------------------------------------------------------------
                         slack                                  0.824    <hidden>

Slack (MET) :             0.824ns  (required time - arrival time)
  Source:                 source_base_q_reg[3]/C
                            (rising edge-triggered cell FDRE clocked by core_clk  {rise@0.000ns fall@5.000ns period=10.000ns})
  Destination:            read_beat_q_reg[6]/R
                            (rising edge-triggered cell FDRE clocked by core_clk  {rise@0.000ns fall@5.000ns period=10.000ns})
  Path Group:             core_clk
  Path Type:              Setup (Max at Slow Process Corner)
  Requirement:            10.000ns  (core_clk rise@10.000ns - core_clk rise@0.000ns)
  Data Path Delay:        8.568ns  (logic 4.490ns (52.404%)  route 4.078ns (47.596%))
  Logic Levels:           21  (CARRY4=16 LUT1=1 LUT3=2 LUT4=1 LUT6=1)
  Clock Path Skew:        -0.049ns (DCD - SCD + CPR)
    Destination Clock Delay (DCD):    0.924ns = ( 10.924 - 10.000 ) 
    Source Clock Delay      (SCD):    0.973ns
    Clock Pessimism Removal (CPR):    0.000ns
  Clock Uncertainty:      0.035ns  ((TSJ^2 + TIJ^2)^1/2 + DJ) / 2 + PE
    Total System Jitter     (TSJ):    0.071ns
    Total Input Jitter      (TIJ):    0.000ns
    Discrete Jitter          (DJ):    0.000ns
    Phase Error              (PE):    0.000ns

    Location             Delay type                Incr(ns)  Path(ns)    Netlist Resource(s)
  -------------------------------------------------------------------    -------------------
                         (clock core_clk rise edge)
                                                      0.000     0.000 r  <hidden>
                                                      0.000     0.000 r  clk_i
                         net (fo=799, unset)          0.973     0.973    clk_i
                         FDRE                                         r  source_base_q_reg[3]/C
  -------------------------------------------------------------------    -------------------
                         FDRE (Prop_fdre_C_Q)         0.518     1.491 f  source_base_q_reg[3]/Q
                         net (fo=2, unplaced)         0.752     2.243    row_multiplier/read_beat_q_reg[0]_i_16_0[3]
                         LUT3 (Prop_lut3_I0_O)        0.321     2.564 r  row_multiplier/read_beat_q[0]_i_215/O
                         net (fo=2, unplaced)         0.485     3.049    row_multiplier/read_beat_q[0]_i_215_n_0
                         LUT4 (Prop_lut4_I3_O)        0.355     3.404 r  row_multiplier/read_beat_q[0]_i_219/O
                         net (fo=1, unplaced)         0.000     3.404    row_multiplier/read_beat_q[0]_i_219_n_0
                         CARRY4 (Prop_carry4_S[0]_CO[3])
                                                      0.513     3.917 r  row_multiplier/read_beat_q_reg[0]_i_202/CO[3]
                         net (fo=1, unplaced)         0.000     3.917    row_multiplier/read_beat_q_reg[0]_i_202_n_0
                         CARRY4 (Prop_carry4_CI_CO[3])
                                                      0.117     4.034 r  row_multiplier/read_beat_q_reg[0]_i_189/CO[3]
                         net (fo=1, unplaced)         0.000     4.034    row_multiplier/read_beat_q_reg[0]_i_189_n_0
                         CARRY4 (Prop_carry4_CI_CO[3])
                                                      0.117     4.151 r  row_multiplier/read_beat_q_reg[0]_i_175/CO[3]
                         net (fo=1, unplaced)         0.000     4.151    row_multiplier/read_beat_q_reg[0]_i_175_n_0
                         CARRY4 (Prop_carry4_CI_CO[3])
                                                      0.117     4.268 r  row_multiplier/read_beat_q_reg[0]_i_161/CO[3]
                         net (fo=1, unplaced)         0.000     4.268    row_multiplier/read_beat_q_reg[0]_i_161_n_0
                         CARRY4 (Prop_carry4_CI_CO[3])
                                                      0.117     4.385 r  row_multiplier/read_beat_q_reg[0]_i_147/CO[3]
                         net (fo=1, unplaced)         0.000     4.385    row_multiplier/read_beat_q_reg[0]_i_147_n_0
                         CARRY4 (Prop_carry4_CI_CO[3])
                                                      0.117     4.502 r  row_multiplier/read_beat_q_reg[0]_i_133/CO[3]
                         net (fo=1, unplaced)         0.000     4.502    row_multiplier/read_beat_q_reg[0]_i_133_n_0
                         CARRY4 (Prop_carry4_CI_CO[3])
                                                      0.117     4.619 r  row_multiplier/read_beat_q_reg[0]_i_119/CO[3]
                         net (fo=1, unplaced)         0.000     4.619    row_multiplier/read_beat_q_reg[0]_i_119_n_0
                         CARRY4 (Prop_carry4_CI_CO[3])
                                                      0.117     4.736 r  row_multiplier/read_beat_q_reg[0]_i_105/CO[3]
                         net (fo=1, unplaced)         0.000     4.736    row_multiplier/read_beat_q_reg[0]_i_105_n_0
                         CARRY4 (Prop_carry4_CI_CO[3])
                                                      0.117     4.853 r  row_multiplier/read_beat_q_reg[0]_i_91/CO[3]
                         net (fo=1, unplaced)         0.000     4.853    row_multiplier/read_beat_q_reg[0]_i_91_n_0
                         CARRY4 (Prop_carry4_CI_CO[3])
                                                      0.117     4.970 r  row_multiplier/read_beat_q_reg[0]_i_77/CO[3]
                         net (fo=1, unplaced)         0.000     4.970    row_multiplier/read_beat_q_reg[0]_i_77_n_0
                         CARRY4 (Prop_carry4_CI_CO[3])
                                                      0.117     5.087 r  row_multiplier/read_beat_q_reg[0]_i_63/CO[3]
                         net (fo=1, unplaced)         0.000     5.087    row_multiplier/read_beat_q_reg[0]_i_63_n_0
                         CARRY4 (Prop_carry4_CI_CO[3])
                                                      0.117     5.204 r  row_multiplier/read_beat_q_reg[0]_i_49/CO[3]
                         net (fo=1, unplaced)         0.000     5.204    row_multiplier/read_beat_q_reg[0]_i_49_n_0
                         CARRY4 (Prop_carry4_CI_CO[3])
                                                      0.117     5.321 r  row_multiplier/read_beat_q_reg[0]_i_35/CO[3]
                         net (fo=1, unplaced)         0.000     5.321    row_multiplier/read_beat_q_reg[0]_i_35_n_0
                         CARRY4 (Prop_carry4_CI_CO[3])
                                                      0.117     5.438 r  row_multiplier/read_beat_q_reg[0]_i_22/CO[3]
                         net (fo=1, unplaced)         0.000     5.438    row_multiplier/read_beat_q_reg[0]_i_22_n_0
                         CARRY4 (Prop_carry4_CI_O[3])
                                                      0.331     5.769 f  row_multiplier/read_beat_q_reg[0]_i_16/O[3]
                         net (fo=1, unplaced)         0.618     6.387    row_multiplier/read_beat_q_reg[0]_i_16_n_4
                         LUT1 (Prop_lut1_I0_O)        0.307     6.694 r  row_multiplier/read_beat_q[0]_i_7/O
                         net (fo=1, unplaced)         0.000     6.694    row_multiplier/p_0_in[63]
                         CARRY4 (Prop_carry4_S[3]_CO[3])
                                                      0.376     7.070 r  row_multiplier/read_beat_q_reg[0]_i_5/CO[3]
                         net (fo=4, unplaced)         0.942     8.012    row_multiplier_n_12
                         LUT3 (Prop_lut3_I2_O)        0.124     8.136 r  read_beat_q[0]_i_4/O
                         net (fo=3, unplaced)         0.467     8.603    read_beat_q[0]_i_4_n_0
                         LUT6 (Prop_lut6_I4_O)        0.124     8.727 r  read_beat_q[8]_i_1/O
                         net (fo=8, unplaced)         0.814     9.541    read_beat_q[8]_i_1_n_0
                         FDRE                                         r  read_beat_q_reg[6]/R
  -------------------------------------------------------------------    -------------------

                         (clock core_clk rise edge)
                                                     10.000    10.000 r  <hidden>
                                                      0.000    10.000 r  clk_i
                         net (fo=799, unset)          0.924    10.924    clk_i
                         FDRE                                         r  read_beat_q_reg[6]/C
                         clock pessimism              0.000    10.924    <hidden>
                         clock uncertainty           -0.035    10.889    <hidden>
                         FDRE (Setup_fdre_C_R)       -0.524    10.365    read_beat_q_reg[6]
  -------------------------------------------------------------------
                         required time                         10.365    <hidden>
                         arrival time                          -9.541    <hidden>
  -------------------------------------------------------------------
                         slack                                  0.824    <hidden>

Slack (MET) :             0.824ns  (required time - arrival time)
  Source:                 source_base_q_reg[3]/C
                            (rising edge-triggered cell FDRE clocked by core_clk  {rise@0.000ns fall@5.000ns period=10.000ns})
  Destination:            read_beat_q_reg[7]/R
                            (rising edge-triggered cell FDRE clocked by core_clk  {rise@0.000ns fall@5.000ns period=10.000ns})
  Path Group:             core_clk
  Path Type:              Setup (Max at Slow Process Corner)
  Requirement:            10.000ns  (core_clk rise@10.000ns - core_clk rise@0.000ns)
  Data Path Delay:        8.568ns  (logic 4.490ns (52.404%)  route 4.078ns (47.596%))
  Logic Levels:           21  (CARRY4=16 LUT1=1 LUT3=2 LUT4=1 LUT6=1)
  Clock Path Skew:        -0.049ns (DCD - SCD + CPR)
    Destination Clock Delay (DCD):    0.924ns = ( 10.924 - 10.000 ) 
    Source Clock Delay      (SCD):    0.973ns
    Clock Pessimism Removal (CPR):    0.000ns
  Clock Uncertainty:      0.035ns  ((TSJ^2 + TIJ^2)^1/2 + DJ) / 2 + PE
    Total System Jitter     (TSJ):    0.071ns
    Total Input Jitter      (TIJ):    0.000ns
    Discrete Jitter          (DJ):    0.000ns
    Phase Error              (PE):    0.000ns

    Location             Delay type                Incr(ns)  Path(ns)    Netlist Resource(s)
  -------------------------------------------------------------------    -------------------
                         (clock core_clk rise edge)
                                                      0.000     0.000 r  <hidden>
                                                      0.000     0.000 r  clk_i
                         net (fo=799, unset)          0.973     0.973    clk_i
                         FDRE                                         r  source_base_q_reg[3]/C
  -------------------------------------------------------------------    -------------------
                         FDRE (Prop_fdre_C_Q)         0.518     1.491 f  source_base_q_reg[3]/Q
                         net (fo=2, unplaced)         0.752     2.243    row_multiplier/read_beat_q_reg[0]_i_16_0[3]
                         LUT3 (Prop_lut3_I0_O)        0.321     2.564 r  row_multiplier/read_beat_q[0]_i_215/O
                         net (fo=2, unplaced)         0.485     3.049    row_multiplier/read_beat_q[0]_i_215_n_0
                         LUT4 (Prop_lut4_I3_O)        0.355     3.404 r  row_multiplier/read_beat_q[0]_i_219/O
                         net (fo=1, unplaced)         0.000     3.404    row_multiplier/read_beat_q[0]_i_219_n_0
                         CARRY4 (Prop_carry4_S[0]_CO[3])
                                                      0.513     3.917 r  row_multiplier/read_beat_q_reg[0]_i_202/CO[3]
                         net (fo=1, unplaced)         0.000     3.917    row_multiplier/read_beat_q_reg[0]_i_202_n_0
                         CARRY4 (Prop_carry4_CI_CO[3])
                                                      0.117     4.034 r  row_multiplier/read_beat_q_reg[0]_i_189/CO[3]
                         net (fo=1, unplaced)         0.000     4.034    row_multiplier/read_beat_q_reg[0]_i_189_n_0
                         CARRY4 (Prop_carry4_CI_CO[3])
                                                      0.117     4.151 r  row_multiplier/read_beat_q_reg[0]_i_175/CO[3]
                         net (fo=1, unplaced)         0.000     4.151    row_multiplier/read_beat_q_reg[0]_i_175_n_0
                         CARRY4 (Prop_carry4_CI_CO[3])
                                                      0.117     4.268 r  row_multiplier/read_beat_q_reg[0]_i_161/CO[3]
                         net (fo=1, unplaced)         0.000     4.268    row_multiplier/read_beat_q_reg[0]_i_161_n_0
                         CARRY4 (Prop_carry4_CI_CO[3])
                                                      0.117     4.385 r  row_multiplier/read_beat_q_reg[0]_i_147/CO[3]
                         net (fo=1, unplaced)         0.000     4.385    row_multiplier/read_beat_q_reg[0]_i_147_n_0
                         CARRY4 (Prop_carry4_CI_CO[3])
                                                      0.117     4.502 r  row_multiplier/read_beat_q_reg[0]_i_133/CO[3]
                         net (fo=1, unplaced)         0.000     4.502    row_multiplier/read_beat_q_reg[0]_i_133_n_0
                         CARRY4 (Prop_carry4_CI_CO[3])
                                                      0.117     4.619 r  row_multiplier/read_beat_q_reg[0]_i_119/CO[3]
                         net (fo=1, unplaced)         0.000     4.619    row_multiplier/read_beat_q_reg[0]_i_119_n_0
                         CARRY4 (Prop_carry4_CI_CO[3])
                                                      0.117     4.736 r  row_multiplier/read_beat_q_reg[0]_i_105/CO[3]
                         net (fo=1, unplaced)         0.000     4.736    row_multiplier/read_beat_q_reg[0]_i_105_n_0
                         CARRY4 (Prop_carry4_CI_CO[3])
                                                      0.117     4.853 r  row_multiplier/read_beat_q_reg[0]_i_91/CO[3]
                         net (fo=1, unplaced)         0.000     4.853    row_multiplier/read_beat_q_reg[0]_i_91_n_0
                         CARRY4 (Prop_carry4_CI_CO[3])
                                                      0.117     4.970 r  row_multiplier/read_beat_q_reg[0]_i_77/CO[3]
                         net (fo=1, unplaced)         0.000     4.970    row_multiplier/read_beat_q_reg[0]_i_77_n_0
                         CARRY4 (Prop_carry4_CI_CO[3])
                                                      0.117     5.087 r  row_multiplier/read_beat_q_reg[0]_i_63/CO[3]
                         net (fo=1, unplaced)         0.000     5.087    row_multiplier/read_beat_q_reg[0]_i_63_n_0
                         CARRY4 (Prop_carry4_CI_CO[3])
                                                      0.117     5.204 r  row_multiplier/read_beat_q_reg[0]_i_49/CO[3]
                         net (fo=1, unplaced)         0.000     5.204    row_multiplier/read_beat_q_reg[0]_i_49_n_0
                         CARRY4 (Prop_carry4_CI_CO[3])
                                                      0.117     5.321 r  row_multiplier/read_beat_q_reg[0]_i_35/CO[3]
                         net (fo=1, unplaced)         0.000     5.321    row_multiplier/read_beat_q_reg[0]_i_35_n_0
                         CARRY4 (Prop_carry4_CI_CO[3])
                                                      0.117     5.438 r  row_multiplier/read_beat_q_reg[0]_i_22/CO[3]
                         net (fo=1, unplaced)         0.000     5.438    row_multiplier/read_beat_q_reg[0]_i_22_n_0
                         CARRY4 (Prop_carry4_CI_O[3])
                                                      0.331     5.769 f  row_multiplier/read_beat_q_reg[0]_i_16/O[3]
                         net (fo=1, unplaced)         0.618     6.387    row_multiplier/read_beat_q_reg[0]_i_16_n_4
                         LUT1 (Prop_lut1_I0_O)        0.307     6.694 r  row_multiplier/read_beat_q[0]_i_7/O
                         net (fo=1, unplaced)         0.000     6.694    row_multiplier/p_0_in[63]
                         CARRY4 (Prop_carry4_S[3]_CO[3])
                                                      0.376     7.070 r  row_multiplier/read_beat_q_reg[0]_i_5/CO[3]
                         net (fo=4, unplaced)         0.942     8.012    row_multiplier_n_12
                         LUT3 (Prop_lut3_I2_O)        0.124     8.136 r  read_beat_q[0]_i_4/O
                         net (fo=3, unplaced)         0.467     8.603    read_beat_q[0]_i_4_n_0
                         LUT6 (Prop_lut6_I4_O)        0.124     8.727 r  read_beat_q[8]_i_1/O
                         net (fo=8, unplaced)         0.814     9.541    read_beat_q[8]_i_1_n_0
                         FDRE                                         r  read_beat_q_reg[7]/R
  -------------------------------------------------------------------    -------------------

                         (clock core_clk rise edge)
                                                     10.000    10.000 r  <hidden>
                                                      0.000    10.000 r  clk_i
                         net (fo=799, unset)          0.924    10.924    clk_i
                         FDRE                                         r  read_beat_q_reg[7]/C
                         clock pessimism              0.000    10.924    <hidden>
                         clock uncertainty           -0.035    10.889    <hidden>
                         FDRE (Setup_fdre_C_R)       -0.524    10.365    read_beat_q_reg[7]
  -------------------------------------------------------------------
                         required time                         10.365    <hidden>
                         arrival time                          -9.541    <hidden>
  -------------------------------------------------------------------
                         slack                                  0.824    <hidden>

Slack (MET) :             0.824ns  (required time - arrival time)
  Source:                 source_base_q_reg[3]/C
                            (rising edge-triggered cell FDRE clocked by core_clk  {rise@0.000ns fall@5.000ns period=10.000ns})
  Destination:            read_beat_q_reg[8]/R
                            (rising edge-triggered cell FDRE clocked by core_clk  {rise@0.000ns fall@5.000ns period=10.000ns})
  Path Group:             core_clk
  Path Type:              Setup (Max at Slow Process Corner)
  Requirement:            10.000ns  (core_clk rise@10.000ns - core_clk rise@0.000ns)
  Data Path Delay:        8.568ns  (logic 4.490ns (52.404%)  route 4.078ns (47.596%))
  Logic Levels:           21  (CARRY4=16 LUT1=1 LUT3=2 LUT4=1 LUT6=1)
  Clock Path Skew:        -0.049ns (DCD - SCD + CPR)
    Destination Clock Delay (DCD):    0.924ns = ( 10.924 - 10.000 ) 
    Source Clock Delay      (SCD):    0.973ns
    Clock Pessimism Removal (CPR):    0.000ns
  Clock Uncertainty:      0.035ns  ((TSJ^2 + TIJ^2)^1/2 + DJ) / 2 + PE
    Total System Jitter     (TSJ):    0.071ns
    Total Input Jitter      (TIJ):    0.000ns
    Discrete Jitter          (DJ):    0.000ns
    Phase Error              (PE):    0.000ns

    Location             Delay type                Incr(ns)  Path(ns)    Netlist Resource(s)
  -------------------------------------------------------------------    -------------------
                         (clock core_clk rise edge)
                                                      0.000     0.000 r  <hidden>
                                                      0.000     0.000 r  clk_i
                         net (fo=799, unset)          0.973     0.973    clk_i
                         FDRE                                         r  source_base_q_reg[3]/C
  -------------------------------------------------------------------    -------------------
                         FDRE (Prop_fdre_C_Q)         0.518     1.491 f  source_base_q_reg[3]/Q
                         net (fo=2, unplaced)         0.752     2.243    row_multiplier/read_beat_q_reg[0]_i_16_0[3]
                         LUT3 (Prop_lut3_I0_O)        0.321     2.564 r  row_multiplier/read_beat_q[0]_i_215/O
                         net (fo=2, unplaced)         0.485     3.049    row_multiplier/read_beat_q[0]_i_215_n_0
                         LUT4 (Prop_lut4_I3_O)        0.355     3.404 r  row_multiplier/read_beat_q[0]_i_219/O
                         net (fo=1, unplaced)         0.000     3.404    row_multiplier/read_beat_q[0]_i_219_n_0
                         CARRY4 (Prop_carry4_S[0]_CO[3])
                                                      0.513     3.917 r  row_multiplier/read_beat_q_reg[0]_i_202/CO[3]
                         net (fo=1, unplaced)         0.000     3.917    row_multiplier/read_beat_q_reg[0]_i_202_n_0
                         CARRY4 (Prop_carry4_CI_CO[3])
                                                      0.117     4.034 r  row_multiplier/read_beat_q_reg[0]_i_189/CO[3]
                         net (fo=1, unplaced)         0.000     4.034    row_multiplier/read_beat_q_reg[0]_i_189_n_0
                         CARRY4 (Prop_carry4_CI_CO[3])
                                                      0.117     4.151 r  row_multiplier/read_beat_q_reg[0]_i_175/CO[3]
                         net (fo=1, unplaced)         0.000     4.151    row_multiplier/read_beat_q_reg[0]_i_175_n_0
                         CARRY4 (Prop_carry4_CI_CO[3])
                                                      0.117     4.268 r  row_multiplier/read_beat_q_reg[0]_i_161/CO[3]
                         net (fo=1, unplaced)         0.000     4.268    row_multiplier/read_beat_q_reg[0]_i_161_n_0
                         CARRY4 (Prop_carry4_CI_CO[3])
                                                      0.117     4.385 r  row_multiplier/read_beat_q_reg[0]_i_147/CO[3]
                         net (fo=1, unplaced)         0.000     4.385    row_multiplier/read_beat_q_reg[0]_i_147_n_0
                         CARRY4 (Prop_carry4_CI_CO[3])
                                                      0.117     4.502 r  row_multiplier/read_beat_q_reg[0]_i_133/CO[3]
                         net (fo=1, unplaced)         0.000     4.502    row_multiplier/read_beat_q_reg[0]_i_133_n_0
                         CARRY4 (Prop_carry4_CI_CO[3])
                                                      0.117     4.619 r  row_multiplier/read_beat_q_reg[0]_i_119/CO[3]
                         net (fo=1, unplaced)         0.000     4.619    row_multiplier/read_beat_q_reg[0]_i_119_n_0
                         CARRY4 (Prop_carry4_CI_CO[3])
                                                      0.117     4.736 r  row_multiplier/read_beat_q_reg[0]_i_105/CO[3]
                         net (fo=1, unplaced)         0.000     4.736    row_multiplier/read_beat_q_reg[0]_i_105_n_0
                         CARRY4 (Prop_carry4_CI_CO[3])
                                                      0.117     4.853 r  row_multiplier/read_beat_q_reg[0]_i_91/CO[3]
                         net (fo=1, unplaced)         0.000     4.853    row_multiplier/read_beat_q_reg[0]_i_91_n_0
                         CARRY4 (Prop_carry4_CI_CO[3])
                                                      0.117     4.970 r  row_multiplier/read_beat_q_reg[0]_i_77/CO[3]
                         net (fo=1, unplaced)         0.000     4.970    row_multiplier/read_beat_q_reg[0]_i_77_n_0
                         CARRY4 (Prop_carry4_CI_CO[3])
                                                      0.117     5.087 r  row_multiplier/read_beat_q_reg[0]_i_63/CO[3]
                         net (fo=1, unplaced)         0.000     5.087    row_multiplier/read_beat_q_reg[0]_i_63_n_0
                         CARRY4 (Prop_carry4_CI_CO[3])
                                                      0.117     5.204 r  row_multiplier/read_beat_q_reg[0]_i_49/CO[3]
                         net (fo=1, unplaced)         0.000     5.204    row_multiplier/read_beat_q_reg[0]_i_49_n_0
                         CARRY4 (Prop_carry4_CI_CO[3])
                                                      0.117     5.321 r  row_multiplier/read_beat_q_reg[0]_i_35/CO[3]
                         net (fo=1, unplaced)         0.000     5.321    row_multiplier/read_beat_q_reg[0]_i_35_n_0
                         CARRY4 (Prop_carry4_CI_CO[3])
                                                      0.117     5.438 r  row_multiplier/read_beat_q_reg[0]_i_22/CO[3]
                         net (fo=1, unplaced)         0.000     5.438    row_multiplier/read_beat_q_reg[0]_i_22_n_0
                         CARRY4 (Prop_carry4_CI_O[3])
                                                      0.331     5.769 f  row_multiplier/read_beat_q_reg[0]_i_16/O[3]
                         net (fo=1, unplaced)         0.618     6.387    row_multiplier/read_beat_q_reg[0]_i_16_n_4
                         LUT1 (Prop_lut1_I0_O)        0.307     6.694 r  row_multiplier/read_beat_q[0]_i_7/O
                         net (fo=1, unplaced)         0.000     6.694    row_multiplier/p_0_in[63]
                         CARRY4 (Prop_carry4_S[3]_CO[3])
                                                      0.376     7.070 r  row_multiplier/read_beat_q_reg[0]_i_5/CO[3]
                         net (fo=4, unplaced)         0.942     8.012    row_multiplier_n_12
                         LUT3 (Prop_lut3_I2_O)        0.124     8.136 r  read_beat_q[0]_i_4/O
                         net (fo=3, unplaced)         0.467     8.603    read_beat_q[0]_i_4_n_0
                         LUT6 (Prop_lut6_I4_O)        0.124     8.727 r  read_beat_q[8]_i_1/O
                         net (fo=8, unplaced)         0.814     9.541    read_beat_q[8]_i_1_n_0
                         FDRE                                         r  read_beat_q_reg[8]/R
  -------------------------------------------------------------------    -------------------

                         (clock core_clk rise edge)
                                                     10.000    10.000 r  <hidden>
                                                      0.000    10.000 r  clk_i
                         net (fo=799, unset)          0.924    10.924    clk_i
                         FDRE                                         r  read_beat_q_reg[8]/C
                         clock pessimism              0.000    10.924    <hidden>
                         clock uncertainty           -0.035    10.889    <hidden>
                         FDRE (Setup_fdre_C_R)       -0.524    10.365    read_beat_q_reg[8]
  -------------------------------------------------------------------
                         required time                         10.365    <hidden>
                         arrival time                          -9.541    <hidden>
  -------------------------------------------------------------------
                         slack                                  0.824    <hidden>

Slack (MET) :             0.938ns  (required time - arrival time)
  Source:                 source_base_q_reg[3]/C
                            (rising edge-triggered cell FDRE clocked by core_clk  {rise@0.000ns fall@5.000ns period=10.000ns})
  Destination:            error_reason_o_reg[0]/CE
                            (rising edge-triggered cell FDCE clocked by core_clk  {rise@0.000ns fall@5.000ns period=10.000ns})
  Path Group:             core_clk
  Path Type:              Setup (Max at Slow Process Corner)
  Requirement:            10.000ns  (core_clk rise@10.000ns - core_clk rise@0.000ns)
  Data Path Delay:        8.809ns  (logic 4.606ns (52.287%)  route 4.203ns (47.713%))
  Logic Levels:           22  (CARRY4=16 LUT1=1 LUT3=1 LUT4=2 LUT6=2)
  Clock Path Skew:        -0.049ns (DCD - SCD + CPR)
    Destination Clock Delay (DCD):    0.924ns = ( 10.924 - 10.000 ) 
    Source Clock Delay      (SCD):    0.973ns
    Clock Pessimism Removal (CPR):    0.000ns
  Clock Uncertainty:      0.035ns  ((TSJ^2 + TIJ^2)^1/2 + DJ) / 2 + PE
    Total System Jitter     (TSJ):    0.071ns
    Total Input Jitter      (TIJ):    0.000ns
    Discrete Jitter          (DJ):    0.000ns
    Phase Error              (PE):    0.000ns

    Location             Delay type                Incr(ns)  Path(ns)    Netlist Resource(s)
  -------------------------------------------------------------------    -------------------
                         (clock core_clk rise edge)
                                                      0.000     0.000 r  <hidden>
                                                      0.000     0.000 r  clk_i
                         net (fo=799, unset)          0.973     0.973    clk_i
                         FDRE                                         r  source_base_q_reg[3]/C
  -------------------------------------------------------------------    -------------------
                         FDRE (Prop_fdre_C_Q)         0.518     1.491 f  source_base_q_reg[3]/Q
                         net (fo=2, unplaced)         0.752     2.243    row_multiplier/read_beat_q_reg[0]_i_16_0[3]
                         LUT3 (Prop_lut3_I0_O)        0.321     2.564 r  row_multiplier/read_beat_q[0]_i_215/O
                         net (fo=2, unplaced)         0.485     3.049    row_multiplier/read_beat_q[0]_i_215_n_0
                         LUT4 (Prop_lut4_I3_O)        0.355     3.404 r  row_multiplier/read_beat_q[0]_i_219/O
                         net (fo=1, unplaced)         0.000     3.404    row_multiplier/read_beat_q[0]_i_219_n_0
                         CARRY4 (Prop_carry4_S[0]_CO[3])
                                                      0.513     3.917 r  row_multiplier/read_beat_q_reg[0]_i_202/CO[3]
                         net (fo=1, unplaced)         0.000     3.917    row_multiplier/read_beat_q_reg[0]_i_202_n_0
                         CARRY4 (Prop_carry4_CI_CO[3])
                                                      0.117     4.034 r  row_multiplier/read_beat_q_reg[0]_i_189/CO[3]
                         net (fo=1, unplaced)         0.000     4.034    row_multiplier/read_beat_q_reg[0]_i_189_n_0
                         CARRY4 (Prop_carry4_CI_CO[3])
                                                      0.117     4.151 r  row_multiplier/read_beat_q_reg[0]_i_175/CO[3]
                         net (fo=1, unplaced)         0.000     4.151    row_multiplier/read_beat_q_reg[0]_i_175_n_0
                         CARRY4 (Prop_carry4_CI_CO[3])
                                                      0.117     4.268 r  row_multiplier/read_beat_q_reg[0]_i_161/CO[3]
                         net (fo=1, unplaced)         0.000     4.268    row_multiplier/read_beat_q_reg[0]_i_161_n_0
                         CARRY4 (Prop_carry4_CI_CO[3])
                                                      0.117     4.385 r  row_multiplier/read_beat_q_reg[0]_i_147/CO[3]
                         net (fo=1, unplaced)         0.000     4.385    row_multiplier/read_beat_q_reg[0]_i_147_n_0
                         CARRY4 (Prop_carry4_CI_CO[3])
                                                      0.117     4.502 r  row_multiplier/read_beat_q_reg[0]_i_133/CO[3]
                         net (fo=1, unplaced)         0.000     4.502    row_multiplier/read_beat_q_reg[0]_i_133_n_0
                         CARRY4 (Prop_carry4_CI_CO[3])
                                                      0.117     4.619 r  row_multiplier/read_beat_q_reg[0]_i_119/CO[3]
                         net (fo=1, unplaced)         0.000     4.619    row_multiplier/read_beat_q_reg[0]_i_119_n_0
                         CARRY4 (Prop_carry4_CI_CO[3])
                                                      0.117     4.736 r  row_multiplier/read_beat_q_reg[0]_i_105/CO[3]
                         net (fo=1, unplaced)         0.000     4.736    row_multiplier/read_beat_q_reg[0]_i_105_n_0
                         CARRY4 (Prop_carry4_CI_CO[3])
                                                      0.117     4.853 r  row_multiplier/read_beat_q_reg[0]_i_91/CO[3]
                         net (fo=1, unplaced)         0.000     4.853    row_multiplier/read_beat_q_reg[0]_i_91_n_0
                         CARRY4 (Prop_carry4_CI_CO[3])
                                                      0.117     4.970 r  row_multiplier/read_beat_q_reg[0]_i_77/CO[3]
                         net (fo=1, unplaced)         0.000     4.970    row_multiplier/read_beat_q_reg[0]_i_77_n_0
                         CARRY4 (Prop_carry4_CI_CO[3])
                                                      0.117     5.087 r  row_multiplier/read_beat_q_reg[0]_i_63/CO[3]
                         net (fo=1, unplaced)         0.000     5.087    row_multiplier/read_beat_q_reg[0]_i_63_n_0
                         CARRY4 (Prop_carry4_CI_CO[3])
                                                      0.117     5.204 r  row_multiplier/read_beat_q_reg[0]_i_49/CO[3]
                         net (fo=1, unplaced)         0.000     5.204    row_multiplier/read_beat_q_reg[0]_i_49_n_0
                         CARRY4 (Prop_carry4_CI_CO[3])
                                                      0.117     5.321 r  row_multiplier/read_beat_q_reg[0]_i_35/CO[3]
                         net (fo=1, unplaced)         0.000     5.321    row_multiplier/read_beat_q_reg[0]_i_35_n_0
                         CARRY4 (Prop_carry4_CI_CO[3])
                                                      0.117     5.438 r  row_multiplier/read_beat_q_reg[0]_i_22/CO[3]
                         net (fo=1, unplaced)         0.000     5.438    row_multiplier/read_beat_q_reg[0]_i_22_n_0
                         CARRY4 (Prop_carry4_CI_O[3])
                                                      0.331     5.769 f  row_multiplier/read_beat_q_reg[0]_i_16/O[3]
                         net (fo=1, unplaced)         0.618     6.387    row_multiplier/read_beat_q_reg[0]_i_16_n_4
                         LUT1 (Prop_lut1_I0_O)        0.307     6.694 r  row_multiplier/read_beat_q[0]_i_7/O
                         net (fo=1, unplaced)         0.000     6.694    row_multiplier/p_0_in[63]
                         CARRY4 (Prop_carry4_S[3]_CO[3])
                                                      0.376     7.070 f  row_multiplier/read_beat_q_reg[0]_i_5/CO[3]
                         net (fo=4, unplaced)         0.942     8.012    row_multiplier/read_beat_q[0]_i_10_0[0]
                         LUT4 (Prop_lut4_I0_O)        0.116     8.128 r  row_multiplier/state_q[3]_i_6/O
                         net (fo=2, unplaced)         0.460     8.588    row_multiplier/state_q[3]_i_6_n_0
                         LUT6 (Prop_lut6_I4_O)        0.124     8.712 r  row_multiplier/error_reason_o[3]_i_4/O
                         net (fo=1, unplaced)         0.449     9.161    row_multiplier/error_reason_o[3]_i_4_n_0
                         LUT6 (Prop_lut6_I1_O)        0.124     9.285 r  row_multiplier/error_reason_o[3]_i_1/O
                         net (fo=4, unplaced)         0.497     9.782    row_multiplier_n_6
                         FDCE                                         r  error_reason_o_reg[0]/CE
  -------------------------------------------------------------------    -------------------

                         (clock core_clk rise edge)
                                                     10.000    10.000 r  <hidden>
                                                      0.000    10.000 r  clk_i
                         net (fo=799, unset)          0.924    10.924    clk_i
                         FDCE                                         r  error_reason_o_reg[0]/C
                         clock pessimism              0.000    10.924    <hidden>
                         clock uncertainty           -0.035    10.889    <hidden>
                         FDCE (Setup_fdce_C_CE)      -0.169    10.720    error_reason_o_reg[0]
  -------------------------------------------------------------------
                         required time                         10.720    <hidden>
                         arrival time                          -9.782    <hidden>
  -------------------------------------------------------------------
                         slack                                  0.938    <hidden>

Slack (MET) :             0.938ns  (required time - arrival time)
  Source:                 source_base_q_reg[3]/C
                            (rising edge-triggered cell FDRE clocked by core_clk  {rise@0.000ns fall@5.000ns period=10.000ns})
  Destination:            error_reason_o_reg[1]/CE
                            (rising edge-triggered cell FDCE clocked by core_clk  {rise@0.000ns fall@5.000ns period=10.000ns})
  Path Group:             core_clk
  Path Type:              Setup (Max at Slow Process Corner)
  Requirement:            10.000ns  (core_clk rise@10.000ns - core_clk rise@0.000ns)
  Data Path Delay:        8.809ns  (logic 4.606ns (52.287%)  route 4.203ns (47.713%))
  Logic Levels:           22  (CARRY4=16 LUT1=1 LUT3=1 LUT4=2 LUT6=2)
  Clock Path Skew:        -0.049ns (DCD - SCD + CPR)
    Destination Clock Delay (DCD):    0.924ns = ( 10.924 - 10.000 ) 
    Source Clock Delay      (SCD):    0.973ns
    Clock Pessimism Removal (CPR):    0.000ns
  Clock Uncertainty:      0.035ns  ((TSJ^2 + TIJ^2)^1/2 + DJ) / 2 + PE
    Total System Jitter     (TSJ):    0.071ns
    Total Input Jitter      (TIJ):    0.000ns
    Discrete Jitter          (DJ):    0.000ns
    Phase Error              (PE):    0.000ns

    Location             Delay type                Incr(ns)  Path(ns)    Netlist Resource(s)
  -------------------------------------------------------------------    -------------------
                         (clock core_clk rise edge)
                                                      0.000     0.000 r  <hidden>
                                                      0.000     0.000 r  clk_i
                         net (fo=799, unset)          0.973     0.973    clk_i
                         FDRE                                         r  source_base_q_reg[3]/C
  -------------------------------------------------------------------    -------------------
                         FDRE (Prop_fdre_C_Q)         0.518     1.491 f  source_base_q_reg[3]/Q
                         net (fo=2, unplaced)         0.752     2.243    row_multiplier/read_beat_q_reg[0]_i_16_0[3]
                         LUT3 (Prop_lut3_I0_O)        0.321     2.564 r  row_multiplier/read_beat_q[0]_i_215/O
                         net (fo=2, unplaced)         0.485     3.049    row_multiplier/read_beat_q[0]_i_215_n_0
                         LUT4 (Prop_lut4_I3_O)        0.355     3.404 r  row_multiplier/read_beat_q[0]_i_219/O
                         net (fo=1, unplaced)         0.000     3.404    row_multiplier/read_beat_q[0]_i_219_n_0
                         CARRY4 (Prop_carry4_S[0]_CO[3])
                                                      0.513     3.917 r  row_multiplier/read_beat_q_reg[0]_i_202/CO[3]
                         net (fo=1, unplaced)         0.000     3.917    row_multiplier/read_beat_q_reg[0]_i_202_n_0
                         CARRY4 (Prop_carry4_CI_CO[3])
                                                      0.117     4.034 r  row_multiplier/read_beat_q_reg[0]_i_189/CO[3]
                         net (fo=1, unplaced)         0.000     4.034    row_multiplier/read_beat_q_reg[0]_i_189_n_0
                         CARRY4 (Prop_carry4_CI_CO[3])
                                                      0.117     4.151 r  row_multiplier/read_beat_q_reg[0]_i_175/CO[3]
                         net (fo=1, unplaced)         0.000     4.151    row_multiplier/read_beat_q_reg[0]_i_175_n_0
                         CARRY4 (Prop_carry4_CI_CO[3])
                                                      0.117     4.268 r  row_multiplier/read_beat_q_reg[0]_i_161/CO[3]
                         net (fo=1, unplaced)         0.000     4.268    row_multiplier/read_beat_q_reg[0]_i_161_n_0
                         CARRY4 (Prop_carry4_CI_CO[3])
                                                      0.117     4.385 r  row_multiplier/read_beat_q_reg[0]_i_147/CO[3]
                         net (fo=1, unplaced)         0.000     4.385    row_multiplier/read_beat_q_reg[0]_i_147_n_0
                         CARRY4 (Prop_carry4_CI_CO[3])
                                                      0.117     4.502 r  row_multiplier/read_beat_q_reg[0]_i_133/CO[3]
                         net (fo=1, unplaced)         0.000     4.502    row_multiplier/read_beat_q_reg[0]_i_133_n_0
                         CARRY4 (Prop_carry4_CI_CO[3])
                                                      0.117     4.619 r  row_multiplier/read_beat_q_reg[0]_i_119/CO[3]
                         net (fo=1, unplaced)         0.000     4.619    row_multiplier/read_beat_q_reg[0]_i_119_n_0
                         CARRY4 (Prop_carry4_CI_CO[3])
                                                      0.117     4.736 r  row_multiplier/read_beat_q_reg[0]_i_105/CO[3]
                         net (fo=1, unplaced)         0.000     4.736    row_multiplier/read_beat_q_reg[0]_i_105_n_0
                         CARRY4 (Prop_carry4_CI_CO[3])
                                                      0.117     4.853 r  row_multiplier/read_beat_q_reg[0]_i_91/CO[3]
                         net (fo=1, unplaced)         0.000     4.853    row_multiplier/read_beat_q_reg[0]_i_91_n_0
                         CARRY4 (Prop_carry4_CI_CO[3])
                                                      0.117     4.970 r  row_multiplier/read_beat_q_reg[0]_i_77/CO[3]
                         net (fo=1, unplaced)         0.000     4.970    row_multiplier/read_beat_q_reg[0]_i_77_n_0
                         CARRY4 (Prop_carry4_CI_CO[3])
                                                      0.117     5.087 r  row_multiplier/read_beat_q_reg[0]_i_63/CO[3]
                         net (fo=1, unplaced)         0.000     5.087    row_multiplier/read_beat_q_reg[0]_i_63_n_0
                         CARRY4 (Prop_carry4_CI_CO[3])
                                                      0.117     5.204 r  row_multiplier/read_beat_q_reg[0]_i_49/CO[3]
                         net (fo=1, unplaced)         0.000     5.204    row_multiplier/read_beat_q_reg[0]_i_49_n_0
                         CARRY4 (Prop_carry4_CI_CO[3])
                                                      0.117     5.321 r  row_multiplier/read_beat_q_reg[0]_i_35/CO[3]
                         net (fo=1, unplaced)         0.000     5.321    row_multiplier/read_beat_q_reg[0]_i_35_n_0
                         CARRY4 (Prop_carry4_CI_CO[3])
                                                      0.117     5.438 r  row_multiplier/read_beat_q_reg[0]_i_22/CO[3]
                         net (fo=1, unplaced)         0.000     5.438    row_multiplier/read_beat_q_reg[0]_i_22_n_0
                         CARRY4 (Prop_carry4_CI_O[3])
                                                      0.331     5.769 f  row_multiplier/read_beat_q_reg[0]_i_16/O[3]
                         net (fo=1, unplaced)         0.618     6.387    row_multiplier/read_beat_q_reg[0]_i_16_n_4
                         LUT1 (Prop_lut1_I0_O)        0.307     6.694 r  row_multiplier/read_beat_q[0]_i_7/O
                         net (fo=1, unplaced)         0.000     6.694    row_multiplier/p_0_in[63]
                         CARRY4 (Prop_carry4_S[3]_CO[3])
                                                      0.376     7.070 f  row_multiplier/read_beat_q_reg[0]_i_5/CO[3]
                         net (fo=4, unplaced)         0.942     8.012    row_multiplier/read_beat_q[0]_i_10_0[0]
                         LUT4 (Prop_lut4_I0_O)        0.116     8.128 r  row_multiplier/state_q[3]_i_6/O
                         net (fo=2, unplaced)         0.460     8.588    row_multiplier/state_q[3]_i_6_n_0
                         LUT6 (Prop_lut6_I4_O)        0.124     8.712 r  row_multiplier/error_reason_o[3]_i_4/O
                         net (fo=1, unplaced)         0.449     9.161    row_multiplier/error_reason_o[3]_i_4_n_0
                         LUT6 (Prop_lut6_I1_O)        0.124     9.285 r  row_multiplier/error_reason_o[3]_i_1/O
                         net (fo=4, unplaced)         0.497     9.782    row_multiplier_n_6
                         FDCE                                         r  error_reason_o_reg[1]/CE
  -------------------------------------------------------------------    -------------------

                         (clock core_clk rise edge)
                                                     10.000    10.000 r  <hidden>
                                                      0.000    10.000 r  clk_i
                         net (fo=799, unset)          0.924    10.924    clk_i
                         FDCE                                         r  error_reason_o_reg[1]/C
                         clock pessimism              0.000    10.924    <hidden>
                         clock uncertainty           -0.035    10.889    <hidden>
                         FDCE (Setup_fdce_C_CE)      -0.169    10.720    error_reason_o_reg[1]
  -------------------------------------------------------------------
                         required time                         10.720    <hidden>
                         arrival time                          -9.782    <hidden>
  -------------------------------------------------------------------
                         slack                                  0.938    <hidden>

Slack (MET) :             0.938ns  (required time - arrival time)
  Source:                 source_base_q_reg[3]/C
                            (rising edge-triggered cell FDRE clocked by core_clk  {rise@0.000ns fall@5.000ns period=10.000ns})
  Destination:            error_reason_o_reg[2]/CE
                            (rising edge-triggered cell FDCE clocked by core_clk  {rise@0.000ns fall@5.000ns period=10.000ns})
  Path Group:             core_clk
  Path Type:              Setup (Max at Slow Process Corner)
  Requirement:            10.000ns  (core_clk rise@10.000ns - core_clk rise@0.000ns)
  Data Path Delay:        8.809ns  (logic 4.606ns (52.287%)  route 4.203ns (47.713%))
  Logic Levels:           22  (CARRY4=16 LUT1=1 LUT3=1 LUT4=2 LUT6=2)
  Clock Path Skew:        -0.049ns (DCD - SCD + CPR)
    Destination Clock Delay (DCD):    0.924ns = ( 10.924 - 10.000 ) 
    Source Clock Delay      (SCD):    0.973ns
    Clock Pessimism Removal (CPR):    0.000ns
  Clock Uncertainty:      0.035ns  ((TSJ^2 + TIJ^2)^1/2 + DJ) / 2 + PE
    Total System Jitter     (TSJ):    0.071ns
    Total Input Jitter      (TIJ):    0.000ns
    Discrete Jitter          (DJ):    0.000ns
    Phase Error              (PE):    0.000ns

    Location             Delay type                Incr(ns)  Path(ns)    Netlist Resource(s)
  -------------------------------------------------------------------    -------------------
                         (clock core_clk rise edge)
                                                      0.000     0.000 r  <hidden>
                                                      0.000     0.000 r  clk_i
                         net (fo=799, unset)          0.973     0.973    clk_i
                         FDRE                                         r  source_base_q_reg[3]/C
  -------------------------------------------------------------------    -------------------
                         FDRE (Prop_fdre_C_Q)         0.518     1.491 f  source_base_q_reg[3]/Q
                         net (fo=2, unplaced)         0.752     2.243    row_multiplier/read_beat_q_reg[0]_i_16_0[3]
                         LUT3 (Prop_lut3_I0_O)        0.321     2.564 r  row_multiplier/read_beat_q[0]_i_215/O
                         net (fo=2, unplaced)         0.485     3.049    row_multiplier/read_beat_q[0]_i_215_n_0
                         LUT4 (Prop_lut4_I3_O)        0.355     3.404 r  row_multiplier/read_beat_q[0]_i_219/O
                         net (fo=1, unplaced)         0.000     3.404    row_multiplier/read_beat_q[0]_i_219_n_0
                         CARRY4 (Prop_carry4_S[0]_CO[3])
                                                      0.513     3.917 r  row_multiplier/read_beat_q_reg[0]_i_202/CO[3]
                         net (fo=1, unplaced)         0.000     3.917    row_multiplier/read_beat_q_reg[0]_i_202_n_0
                         CARRY4 (Prop_carry4_CI_CO[3])
                                                      0.117     4.034 r  row_multiplier/read_beat_q_reg[0]_i_189/CO[3]
                         net (fo=1, unplaced)         0.000     4.034    row_multiplier/read_beat_q_reg[0]_i_189_n_0
                         CARRY4 (Prop_carry4_CI_CO[3])
                                                      0.117     4.151 r  row_multiplier/read_beat_q_reg[0]_i_175/CO[3]
                         net (fo=1, unplaced)         0.000     4.151    row_multiplier/read_beat_q_reg[0]_i_175_n_0
                         CARRY4 (Prop_carry4_CI_CO[3])
                                                      0.117     4.268 r  row_multiplier/read_beat_q_reg[0]_i_161/CO[3]
                         net (fo=1, unplaced)         0.000     4.268    row_multiplier/read_beat_q_reg[0]_i_161_n_0
                         CARRY4 (Prop_carry4_CI_CO[3])
                                                      0.117     4.385 r  row_multiplier/read_beat_q_reg[0]_i_147/CO[3]
                         net (fo=1, unplaced)         0.000     4.385    row_multiplier/read_beat_q_reg[0]_i_147_n_0
                         CARRY4 (Prop_carry4_CI_CO[3])
                                                      0.117     4.502 r  row_multiplier/read_beat_q_reg[0]_i_133/CO[3]
                         net (fo=1, unplaced)         0.000     4.502    row_multiplier/read_beat_q_reg[0]_i_133_n_0
                         CARRY4 (Prop_carry4_CI_CO[3])
                                                      0.117     4.619 r  row_multiplier/read_beat_q_reg[0]_i_119/CO[3]
                         net (fo=1, unplaced)         0.000     4.619    row_multiplier/read_beat_q_reg[0]_i_119_n_0
                         CARRY4 (Prop_carry4_CI_CO[3])
                                                      0.117     4.736 r  row_multiplier/read_beat_q_reg[0]_i_105/CO[3]
                         net (fo=1, unplaced)         0.000     4.736    row_multiplier/read_beat_q_reg[0]_i_105_n_0
                         CARRY4 (Prop_carry4_CI_CO[3])
                                                      0.117     4.853 r  row_multiplier/read_beat_q_reg[0]_i_91/CO[3]
                         net (fo=1, unplaced)         0.000     4.853    row_multiplier/read_beat_q_reg[0]_i_91_n_0
                         CARRY4 (Prop_carry4_CI_CO[3])
                                                      0.117     4.970 r  row_multiplier/read_beat_q_reg[0]_i_77/CO[3]
                         net (fo=1, unplaced)         0.000     4.970    row_multiplier/read_beat_q_reg[0]_i_77_n_0
                         CARRY4 (Prop_carry4_CI_CO[3])
                                                      0.117     5.087 r  row_multiplier/read_beat_q_reg[0]_i_63/CO[3]
                         net (fo=1, unplaced)         0.000     5.087    row_multiplier/read_beat_q_reg[0]_i_63_n_0
                         CARRY4 (Prop_carry4_CI_CO[3])
                                                      0.117     5.204 r  row_multiplier/read_beat_q_reg[0]_i_49/CO[3]
                         net (fo=1, unplaced)         0.000     5.204    row_multiplier/read_beat_q_reg[0]_i_49_n_0
                         CARRY4 (Prop_carry4_CI_CO[3])
                                                      0.117     5.321 r  row_multiplier/read_beat_q_reg[0]_i_35/CO[3]
                         net (fo=1, unplaced)         0.000     5.321    row_multiplier/read_beat_q_reg[0]_i_35_n_0
                         CARRY4 (Prop_carry4_CI_CO[3])
                                                      0.117     5.438 r  row_multiplier/read_beat_q_reg[0]_i_22/CO[3]
                         net (fo=1, unplaced)         0.000     5.438    row_multiplier/read_beat_q_reg[0]_i_22_n_0
                         CARRY4 (Prop_carry4_CI_O[3])
                                                      0.331     5.769 f  row_multiplier/read_beat_q_reg[0]_i_16/O[3]
                         net (fo=1, unplaced)         0.618     6.387    row_multiplier/read_beat_q_reg[0]_i_16_n_4
                         LUT1 (Prop_lut1_I0_O)        0.307     6.694 r  row_multiplier/read_beat_q[0]_i_7/O
                         net (fo=1, unplaced)         0.000     6.694    row_multiplier/p_0_in[63]
                         CARRY4 (Prop_carry4_S[3]_CO[3])
                                                      0.376     7.070 f  row_multiplier/read_beat_q_reg[0]_i_5/CO[3]
                         net (fo=4, unplaced)         0.942     8.012    row_multiplier/read_beat_q[0]_i_10_0[0]
                         LUT4 (Prop_lut4_I0_O)        0.116     8.128 r  row_multiplier/state_q[3]_i_6/O
                         net (fo=2, unplaced)         0.460     8.588    row_multiplier/state_q[3]_i_6_n_0
                         LUT6 (Prop_lut6_I4_O)        0.124     8.712 r  row_multiplier/error_reason_o[3]_i_4/O
                         net (fo=1, unplaced)         0.449     9.161    row_multiplier/error_reason_o[3]_i_4_n_0
                         LUT6 (Prop_lut6_I1_O)        0.124     9.285 r  row_multiplier/error_reason_o[3]_i_1/O
                         net (fo=4, unplaced)         0.497     9.782    row_multiplier_n_6
                         FDCE                                         r  error_reason_o_reg[2]/CE
  -------------------------------------------------------------------    -------------------

                         (clock core_clk rise edge)
                                                     10.000    10.000 r  <hidden>
                                                      0.000    10.000 r  clk_i
                         net (fo=799, unset)          0.924    10.924    clk_i
                         FDCE                                         r  error_reason_o_reg[2]/C
                         clock pessimism              0.000    10.924    <hidden>
                         clock uncertainty           -0.035    10.889    <hidden>
                         FDCE (Setup_fdce_C_CE)      -0.169    10.720    error_reason_o_reg[2]
  -------------------------------------------------------------------
                         required time                         10.720    <hidden>
                         arrival time                          -9.782    <hidden>
  -------------------------------------------------------------------
                         slack                                  0.938    <hidden>

Slack (MET) :             0.938ns  (required time - arrival time)
  Source:                 source_base_q_reg[3]/C
                            (rising edge-triggered cell FDRE clocked by core_clk  {rise@0.000ns fall@5.000ns period=10.000ns})
  Destination:            error_reason_o_reg[3]/CE
                            (rising edge-triggered cell FDCE clocked by core_clk  {rise@0.000ns fall@5.000ns period=10.000ns})
  Path Group:             core_clk
  Path Type:              Setup (Max at Slow Process Corner)
  Requirement:            10.000ns  (core_clk rise@10.000ns - core_clk rise@0.000ns)
  Data Path Delay:        8.809ns  (logic 4.606ns (52.287%)  route 4.203ns (47.713%))
  Logic Levels:           22  (CARRY4=16 LUT1=1 LUT3=1 LUT4=2 LUT6=2)
  Clock Path Skew:        -0.049ns (DCD - SCD + CPR)
    Destination Clock Delay (DCD):    0.924ns = ( 10.924 - 10.000 ) 
    Source Clock Delay      (SCD):    0.973ns
    Clock Pessimism Removal (CPR):    0.000ns
  Clock Uncertainty:      0.035ns  ((TSJ^2 + TIJ^2)^1/2 + DJ) / 2 + PE
    Total System Jitter     (TSJ):    0.071ns
    Total Input Jitter      (TIJ):    0.000ns
    Discrete Jitter          (DJ):    0.000ns
    Phase Error              (PE):    0.000ns

    Location             Delay type                Incr(ns)  Path(ns)    Netlist Resource(s)
  -------------------------------------------------------------------    -------------------
                         (clock core_clk rise edge)
                                                      0.000     0.000 r  <hidden>
                                                      0.000     0.000 r  clk_i
                         net (fo=799, unset)          0.973     0.973    clk_i
                         FDRE                                         r  source_base_q_reg[3]/C
  -------------------------------------------------------------------    -------------------
                         FDRE (Prop_fdre_C_Q)         0.518     1.491 f  source_base_q_reg[3]/Q
                         net (fo=2, unplaced)         0.752     2.243    row_multiplier/read_beat_q_reg[0]_i_16_0[3]
                         LUT3 (Prop_lut3_I0_O)        0.321     2.564 r  row_multiplier/read_beat_q[0]_i_215/O
                         net (fo=2, unplaced)         0.485     3.049    row_multiplier/read_beat_q[0]_i_215_n_0
                         LUT4 (Prop_lut4_I3_O)        0.355     3.404 r  row_multiplier/read_beat_q[0]_i_219/O
                         net (fo=1, unplaced)         0.000     3.404    row_multiplier/read_beat_q[0]_i_219_n_0
                         CARRY4 (Prop_carry4_S[0]_CO[3])
                                                      0.513     3.917 r  row_multiplier/read_beat_q_reg[0]_i_202/CO[3]
                         net (fo=1, unplaced)         0.000     3.917    row_multiplier/read_beat_q_reg[0]_i_202_n_0
                         CARRY4 (Prop_carry4_CI_CO[3])
                                                      0.117     4.034 r  row_multiplier/read_beat_q_reg[0]_i_189/CO[3]
                         net (fo=1, unplaced)         0.000     4.034    row_multiplier/read_beat_q_reg[0]_i_189_n_0
                         CARRY4 (Prop_carry4_CI_CO[3])
                                                      0.117     4.151 r  row_multiplier/read_beat_q_reg[0]_i_175/CO[3]
                         net (fo=1, unplaced)         0.000     4.151    row_multiplier/read_beat_q_reg[0]_i_175_n_0
                         CARRY4 (Prop_carry4_CI_CO[3])
                                                      0.117     4.268 r  row_multiplier/read_beat_q_reg[0]_i_161/CO[3]
                         net (fo=1, unplaced)         0.000     4.268    row_multiplier/read_beat_q_reg[0]_i_161_n_0
                         CARRY4 (Prop_carry4_CI_CO[3])
                                                      0.117     4.385 r  row_multiplier/read_beat_q_reg[0]_i_147/CO[3]
                         net (fo=1, unplaced)         0.000     4.385    row_multiplier/read_beat_q_reg[0]_i_147_n_0
                         CARRY4 (Prop_carry4_CI_CO[3])
                                                      0.117     4.502 r  row_multiplier/read_beat_q_reg[0]_i_133/CO[3]
                         net (fo=1, unplaced)         0.000     4.502    row_multiplier/read_beat_q_reg[0]_i_133_n_0
                         CARRY4 (Prop_carry4_CI_CO[3])
                                                      0.117     4.619 r  row_multiplier/read_beat_q_reg[0]_i_119/CO[3]
                         net (fo=1, unplaced)         0.000     4.619    row_multiplier/read_beat_q_reg[0]_i_119_n_0
                         CARRY4 (Prop_carry4_CI_CO[3])
                                                      0.117     4.736 r  row_multiplier/read_beat_q_reg[0]_i_105/CO[3]
                         net (fo=1, unplaced)         0.000     4.736    row_multiplier/read_beat_q_reg[0]_i_105_n_0
                         CARRY4 (Prop_carry4_CI_CO[3])
                                                      0.117     4.853 r  row_multiplier/read_beat_q_reg[0]_i_91/CO[3]
                         net (fo=1, unplaced)         0.000     4.853    row_multiplier/read_beat_q_reg[0]_i_91_n_0
                         CARRY4 (Prop_carry4_CI_CO[3])
                                                      0.117     4.970 r  row_multiplier/read_beat_q_reg[0]_i_77/CO[3]
                         net (fo=1, unplaced)         0.000     4.970    row_multiplier/read_beat_q_reg[0]_i_77_n_0
                         CARRY4 (Prop_carry4_CI_CO[3])
                                                      0.117     5.087 r  row_multiplier/read_beat_q_reg[0]_i_63/CO[3]
                         net (fo=1, unplaced)         0.000     5.087    row_multiplier/read_beat_q_reg[0]_i_63_n_0
                         CARRY4 (Prop_carry4_CI_CO[3])
                                                      0.117     5.204 r  row_multiplier/read_beat_q_reg[0]_i_49/CO[3]
                         net (fo=1, unplaced)         0.000     5.204    row_multiplier/read_beat_q_reg[0]_i_49_n_0
                         CARRY4 (Prop_carry4_CI_CO[3])
                                                      0.117     5.321 r  row_multiplier/read_beat_q_reg[0]_i_35/CO[3]
                         net (fo=1, unplaced)         0.000     5.321    row_multiplier/read_beat_q_reg[0]_i_35_n_0
                         CARRY4 (Prop_carry4_CI_CO[3])
                                                      0.117     5.438 r  row_multiplier/read_beat_q_reg[0]_i_22/CO[3]
                         net (fo=1, unplaced)         0.000     5.438    row_multiplier/read_beat_q_reg[0]_i_22_n_0
                         CARRY4 (Prop_carry4_CI_O[3])
                                                      0.331     5.769 f  row_multiplier/read_beat_q_reg[0]_i_16/O[3]
                         net (fo=1, unplaced)         0.618     6.387    row_multiplier/read_beat_q_reg[0]_i_16_n_4
                         LUT1 (Prop_lut1_I0_O)        0.307     6.694 r  row_multiplier/read_beat_q[0]_i_7/O
                         net (fo=1, unplaced)         0.000     6.694    row_multiplier/p_0_in[63]
                         CARRY4 (Prop_carry4_S[3]_CO[3])
                                                      0.376     7.070 f  row_multiplier/read_beat_q_reg[0]_i_5/CO[3]
                         net (fo=4, unplaced)         0.942     8.012    row_multiplier/read_beat_q[0]_i_10_0[0]
                         LUT4 (Prop_lut4_I0_O)        0.116     8.128 r  row_multiplier/state_q[3]_i_6/O
                         net (fo=2, unplaced)         0.460     8.588    row_multiplier/state_q[3]_i_6_n_0
                         LUT6 (Prop_lut6_I4_O)        0.124     8.712 r  row_multiplier/error_reason_o[3]_i_4/O
                         net (fo=1, unplaced)         0.449     9.161    row_multiplier/error_reason_o[3]_i_4_n_0
                         LUT6 (Prop_lut6_I1_O)        0.124     9.285 r  row_multiplier/error_reason_o[3]_i_1/O
                         net (fo=4, unplaced)         0.497     9.782    row_multiplier_n_6
                         FDCE                                         r  error_reason_o_reg[3]/CE
  -------------------------------------------------------------------    -------------------

                         (clock core_clk rise edge)
                                                     10.000    10.000 r  <hidden>
                                                      0.000    10.000 r  clk_i
                         net (fo=799, unset)          0.924    10.924    clk_i
                         FDCE                                         r  error_reason_o_reg[3]/C
                         clock pessimism              0.000    10.924    <hidden>
                         clock uncertainty           -0.035    10.889    <hidden>
                         FDCE (Setup_fdce_C_CE)      -0.169    10.720    error_reason_o_reg[3]
  -------------------------------------------------------------------
                         required time                         10.720    <hidden>
                         arrival time                          -9.782    <hidden>
  -------------------------------------------------------------------
                         slack                                  0.938    <hidden>

Slack (MET) :             1.479ns  (required time - arrival time)
  Source:                 source_base_q_reg[3]/C
                            (rising edge-triggered cell FDRE clocked by core_clk  {rise@0.000ns fall@5.000ns period=10.000ns})
  Destination:            read_beat_q_reg[0]/CE
                            (rising edge-triggered cell FDRE clocked by core_clk  {rise@0.000ns fall@5.000ns period=10.000ns})
  Path Group:             core_clk
  Path Type:              Setup (Max at Slow Process Corner)
  Requirement:            10.000ns  (core_clk rise@10.000ns - core_clk rise@0.000ns)
  Data Path Delay:        8.268ns  (logic 4.490ns (54.306%)  route 3.778ns (45.694%))
  Logic Levels:           21  (CARRY4=16 LUT1=1 LUT3=2 LUT4=1 LUT5=1)
  Clock Path Skew:        -0.049ns (DCD - SCD + CPR)
    Destination Clock Delay (DCD):    0.924ns = ( 10.924 - 10.000 ) 
    Source Clock Delay      (SCD):    0.973ns
    Clock Pessimism Removal (CPR):    0.000ns
  Clock Uncertainty:      0.035ns  ((TSJ^2 + TIJ^2)^1/2 + DJ) / 2 + PE
    Total System Jitter     (TSJ):    0.071ns
    Total Input Jitter      (TIJ):    0.000ns
    Discrete Jitter          (DJ):    0.000ns
    Phase Error              (PE):    0.000ns

    Location             Delay type                Incr(ns)  Path(ns)    Netlist Resource(s)
  -------------------------------------------------------------------    -------------------
                         (clock core_clk rise edge)
                                                      0.000     0.000 r  <hidden>
                                                      0.000     0.000 r  clk_i
                         net (fo=799, unset)          0.973     0.973    clk_i
                         FDRE                                         r  source_base_q_reg[3]/C
  -------------------------------------------------------------------    -------------------
                         FDRE (Prop_fdre_C_Q)         0.518     1.491 f  source_base_q_reg[3]/Q
                         net (fo=2, unplaced)         0.752     2.243    row_multiplier/read_beat_q_reg[0]_i_16_0[3]
                         LUT3 (Prop_lut3_I0_O)        0.321     2.564 r  row_multiplier/read_beat_q[0]_i_215/O
                         net (fo=2, unplaced)         0.485     3.049    row_multiplier/read_beat_q[0]_i_215_n_0
                         LUT4 (Prop_lut4_I3_O)        0.355     3.404 r  row_multiplier/read_beat_q[0]_i_219/O
                         net (fo=1, unplaced)         0.000     3.404    row_multiplier/read_beat_q[0]_i_219_n_0
                         CARRY4 (Prop_carry4_S[0]_CO[3])
                                                      0.513     3.917 r  row_multiplier/read_beat_q_reg[0]_i_202/CO[3]
                         net (fo=1, unplaced)         0.000     3.917    row_multiplier/read_beat_q_reg[0]_i_202_n_0
                         CARRY4 (Prop_carry4_CI_CO[3])
                                                      0.117     4.034 r  row_multiplier/read_beat_q_reg[0]_i_189/CO[3]
                         net (fo=1, unplaced)         0.000     4.034    row_multiplier/read_beat_q_reg[0]_i_189_n_0
                         CARRY4 (Prop_carry4_CI_CO[3])
                                                      0.117     4.151 r  row_multiplier/read_beat_q_reg[0]_i_175/CO[3]
                         net (fo=1, unplaced)         0.000     4.151    row_multiplier/read_beat_q_reg[0]_i_175_n_0
                         CARRY4 (Prop_carry4_CI_CO[3])
                                                      0.117     4.268 r  row_multiplier/read_beat_q_reg[0]_i_161/CO[3]
                         net (fo=1, unplaced)         0.000     4.268    row_multiplier/read_beat_q_reg[0]_i_161_n_0
                         CARRY4 (Prop_carry4_CI_CO[3])
                                                      0.117     4.385 r  row_multiplier/read_beat_q_reg[0]_i_147/CO[3]
                         net (fo=1, unplaced)         0.000     4.385    row_multiplier/read_beat_q_reg[0]_i_147_n_0
                         CARRY4 (Prop_carry4_CI_CO[3])
                                                      0.117     4.502 r  row_multiplier/read_beat_q_reg[0]_i_133/CO[3]
                         net (fo=1, unplaced)         0.000     4.502    row_multiplier/read_beat_q_reg[0]_i_133_n_0
                         CARRY4 (Prop_carry4_CI_CO[3])
                                                      0.117     4.619 r  row_multiplier/read_beat_q_reg[0]_i_119/CO[3]
                         net (fo=1, unplaced)         0.000     4.619    row_multiplier/read_beat_q_reg[0]_i_119_n_0
                         CARRY4 (Prop_carry4_CI_CO[3])
                                                      0.117     4.736 r  row_multiplier/read_beat_q_reg[0]_i_105/CO[3]
                         net (fo=1, unplaced)         0.000     4.736    row_multiplier/read_beat_q_reg[0]_i_105_n_0
                         CARRY4 (Prop_carry4_CI_CO[3])
                                                      0.117     4.853 r  row_multiplier/read_beat_q_reg[0]_i_91/CO[3]
                         net (fo=1, unplaced)         0.000     4.853    row_multiplier/read_beat_q_reg[0]_i_91_n_0
                         CARRY4 (Prop_carry4_CI_CO[3])
                                                      0.117     4.970 r  row_multiplier/read_beat_q_reg[0]_i_77/CO[3]
                         net (fo=1, unplaced)         0.000     4.970    row_multiplier/read_beat_q_reg[0]_i_77_n_0
                         CARRY4 (Prop_carry4_CI_CO[3])
                                                      0.117     5.087 r  row_multiplier/read_beat_q_reg[0]_i_63/CO[3]
                         net (fo=1, unplaced)         0.000     5.087    row_multiplier/read_beat_q_reg[0]_i_63_n_0
                         CARRY4 (Prop_carry4_CI_CO[3])
                                                      0.117     5.204 r  row_multiplier/read_beat_q_reg[0]_i_49/CO[3]
                         net (fo=1, unplaced)         0.000     5.204    row_multiplier/read_beat_q_reg[0]_i_49_n_0
                         CARRY4 (Prop_carry4_CI_CO[3])
                                                      0.117     5.321 r  row_multiplier/read_beat_q_reg[0]_i_35/CO[3]
                         net (fo=1, unplaced)         0.000     5.321    row_multiplier/read_beat_q_reg[0]_i_35_n_0
                         CARRY4 (Prop_carry4_CI_CO[3])
                                                      0.117     5.438 r  row_multiplier/read_beat_q_reg[0]_i_22/CO[3]
                         net (fo=1, unplaced)         0.000     5.438    row_multiplier/read_beat_q_reg[0]_i_22_n_0
                         CARRY4 (Prop_carry4_CI_O[3])
                                                      0.331     5.769 f  row_multiplier/read_beat_q_reg[0]_i_16/O[3]
                         net (fo=1, unplaced)         0.618     6.387    row_multiplier/read_beat_q_reg[0]_i_16_n_4
                         LUT1 (Prop_lut1_I0_O)        0.307     6.694 r  row_multiplier/read_beat_q[0]_i_7/O
                         net (fo=1, unplaced)         0.000     6.694    row_multiplier/p_0_in[63]
                         CARRY4 (Prop_carry4_S[3]_CO[3])
                                                      0.376     7.070 r  row_multiplier/read_beat_q_reg[0]_i_5/CO[3]
                         net (fo=4, unplaced)         0.942     8.012    row_multiplier_n_12
                         LUT3 (Prop_lut3_I2_O)        0.124     8.136 r  read_beat_q[0]_i_4/O
                         net (fo=3, unplaced)         0.467     8.603    read_beat_q[0]_i_4_n_0
                         LUT5 (Prop_lut5_I4_O)        0.124     8.727 r  read_beat_q[0]_i_1/O
                         net (fo=9, unplaced)         0.514     9.241    read_beat_q[0]
                         FDRE                                         r  read_beat_q_reg[0]/CE
  -------------------------------------------------------------------    -------------------

                         (clock core_clk rise edge)
                                                     10.000    10.000 r  <hidden>
                                                      0.000    10.000 r  clk_i
                         net (fo=799, unset)          0.924    10.924    clk_i
                         FDRE                                         r  read_beat_q_reg[0]/C
                         clock pessimism              0.000    10.924    <hidden>
                         clock uncertainty           -0.035    10.889    <hidden>
                         FDRE (Setup_fdre_C_CE)      -0.169    10.720    read_beat_q_reg[0]
  -------------------------------------------------------------------
                         required time                         10.720    <hidden>
                         arrival time                          -9.241    <hidden>
  -------------------------------------------------------------------
                         slack                                  1.479    <hidden>

Slack (MET) :             1.479ns  (required time - arrival time)
  Source:                 source_base_q_reg[3]/C
                            (rising edge-triggered cell FDRE clocked by core_clk  {rise@0.000ns fall@5.000ns period=10.000ns})
  Destination:            read_beat_q_reg[1]/CE
                            (rising edge-triggered cell FDRE clocked by core_clk  {rise@0.000ns fall@5.000ns period=10.000ns})
  Path Group:             core_clk
  Path Type:              Setup (Max at Slow Process Corner)
  Requirement:            10.000ns  (core_clk rise@10.000ns - core_clk rise@0.000ns)
  Data Path Delay:        8.268ns  (logic 4.490ns (54.306%)  route 3.778ns (45.694%))
  Logic Levels:           21  (CARRY4=16 LUT1=1 LUT3=2 LUT4=1 LUT5=1)
  Clock Path Skew:        -0.049ns (DCD - SCD + CPR)
    Destination Clock Delay (DCD):    0.924ns = ( 10.924 - 10.000 ) 
    Source Clock Delay      (SCD):    0.973ns
    Clock Pessimism Removal (CPR):    0.000ns
  Clock Uncertainty:      0.035ns  ((TSJ^2 + TIJ^2)^1/2 + DJ) / 2 + PE
    Total System Jitter     (TSJ):    0.071ns
    Total Input Jitter      (TIJ):    0.000ns
    Discrete Jitter          (DJ):    0.000ns
    Phase Error              (PE):    0.000ns

    Location             Delay type                Incr(ns)  Path(ns)    Netlist Resource(s)
  -------------------------------------------------------------------    -------------------
                         (clock core_clk rise edge)
                                                      0.000     0.000 r  <hidden>
                                                      0.000     0.000 r  clk_i
                         net (fo=799, unset)          0.973     0.973    clk_i
                         FDRE                                         r  source_base_q_reg[3]/C
  -------------------------------------------------------------------    -------------------
                         FDRE (Prop_fdre_C_Q)         0.518     1.491 f  source_base_q_reg[3]/Q
                         net (fo=2, unplaced)         0.752     2.243    row_multiplier/read_beat_q_reg[0]_i_16_0[3]
                         LUT3 (Prop_lut3_I0_O)        0.321     2.564 r  row_multiplier/read_beat_q[0]_i_215/O
                         net (fo=2, unplaced)         0.485     3.049    row_multiplier/read_beat_q[0]_i_215_n_0
                         LUT4 (Prop_lut4_I3_O)        0.355     3.404 r  row_multiplier/read_beat_q[0]_i_219/O
                         net (fo=1, unplaced)         0.000     3.404    row_multiplier/read_beat_q[0]_i_219_n_0
                         CARRY4 (Prop_carry4_S[0]_CO[3])
                                                      0.513     3.917 r  row_multiplier/read_beat_q_reg[0]_i_202/CO[3]
                         net (fo=1, unplaced)         0.000     3.917    row_multiplier/read_beat_q_reg[0]_i_202_n_0
                         CARRY4 (Prop_carry4_CI_CO[3])
                                                      0.117     4.034 r  row_multiplier/read_beat_q_reg[0]_i_189/CO[3]
                         net (fo=1, unplaced)         0.000     4.034    row_multiplier/read_beat_q_reg[0]_i_189_n_0
                         CARRY4 (Prop_carry4_CI_CO[3])
                                                      0.117     4.151 r  row_multiplier/read_beat_q_reg[0]_i_175/CO[3]
                         net (fo=1, unplaced)         0.000     4.151    row_multiplier/read_beat_q_reg[0]_i_175_n_0
                         CARRY4 (Prop_carry4_CI_CO[3])
                                                      0.117     4.268 r  row_multiplier/read_beat_q_reg[0]_i_161/CO[3]
                         net (fo=1, unplaced)         0.000     4.268    row_multiplier/read_beat_q_reg[0]_i_161_n_0
                         CARRY4 (Prop_carry4_CI_CO[3])
                                                      0.117     4.385 r  row_multiplier/read_beat_q_reg[0]_i_147/CO[3]
                         net (fo=1, unplaced)         0.000     4.385    row_multiplier/read_beat_q_reg[0]_i_147_n_0
                         CARRY4 (Prop_carry4_CI_CO[3])
                                                      0.117     4.502 r  row_multiplier/read_beat_q_reg[0]_i_133/CO[3]
                         net (fo=1, unplaced)         0.000     4.502    row_multiplier/read_beat_q_reg[0]_i_133_n_0
                         CARRY4 (Prop_carry4_CI_CO[3])
                                                      0.117     4.619 r  row_multiplier/read_beat_q_reg[0]_i_119/CO[3]
                         net (fo=1, unplaced)         0.000     4.619    row_multiplier/read_beat_q_reg[0]_i_119_n_0
                         CARRY4 (Prop_carry4_CI_CO[3])
                                                      0.117     4.736 r  row_multiplier/read_beat_q_reg[0]_i_105/CO[3]
                         net (fo=1, unplaced)         0.000     4.736    row_multiplier/read_beat_q_reg[0]_i_105_n_0
                         CARRY4 (Prop_carry4_CI_CO[3])
                                                      0.117     4.853 r  row_multiplier/read_beat_q_reg[0]_i_91/CO[3]
                         net (fo=1, unplaced)         0.000     4.853    row_multiplier/read_beat_q_reg[0]_i_91_n_0
                         CARRY4 (Prop_carry4_CI_CO[3])
                                                      0.117     4.970 r  row_multiplier/read_beat_q_reg[0]_i_77/CO[3]
                         net (fo=1, unplaced)         0.000     4.970    row_multiplier/read_beat_q_reg[0]_i_77_n_0
                         CARRY4 (Prop_carry4_CI_CO[3])
                                                      0.117     5.087 r  row_multiplier/read_beat_q_reg[0]_i_63/CO[3]
                         net (fo=1, unplaced)         0.000     5.087    row_multiplier/read_beat_q_reg[0]_i_63_n_0
                         CARRY4 (Prop_carry4_CI_CO[3])
                                                      0.117     5.204 r  row_multiplier/read_beat_q_reg[0]_i_49/CO[3]
                         net (fo=1, unplaced)         0.000     5.204    row_multiplier/read_beat_q_reg[0]_i_49_n_0
                         CARRY4 (Prop_carry4_CI_CO[3])
                                                      0.117     5.321 r  row_multiplier/read_beat_q_reg[0]_i_35/CO[3]
                         net (fo=1, unplaced)         0.000     5.321    row_multiplier/read_beat_q_reg[0]_i_35_n_0
                         CARRY4 (Prop_carry4_CI_CO[3])
                                                      0.117     5.438 r  row_multiplier/read_beat_q_reg[0]_i_22/CO[3]
                         net (fo=1, unplaced)         0.000     5.438    row_multiplier/read_beat_q_reg[0]_i_22_n_0
                         CARRY4 (Prop_carry4_CI_O[3])
                                                      0.331     5.769 f  row_multiplier/read_beat_q_reg[0]_i_16/O[3]
                         net (fo=1, unplaced)         0.618     6.387    row_multiplier/read_beat_q_reg[0]_i_16_n_4
                         LUT1 (Prop_lut1_I0_O)        0.307     6.694 r  row_multiplier/read_beat_q[0]_i_7/O
                         net (fo=1, unplaced)         0.000     6.694    row_multiplier/p_0_in[63]
                         CARRY4 (Prop_carry4_S[3]_CO[3])
                                                      0.376     7.070 r  row_multiplier/read_beat_q_reg[0]_i_5/CO[3]
                         net (fo=4, unplaced)         0.942     8.012    row_multiplier_n_12
                         LUT3 (Prop_lut3_I2_O)        0.124     8.136 r  read_beat_q[0]_i_4/O
                         net (fo=3, unplaced)         0.467     8.603    read_beat_q[0]_i_4_n_0
                         LUT5 (Prop_lut5_I4_O)        0.124     8.727 r  read_beat_q[0]_i_1/O
                         net (fo=9, unplaced)         0.514     9.241    read_beat_q[0]
                         FDRE                                         r  read_beat_q_reg[1]/CE
  -------------------------------------------------------------------    -------------------

                         (clock core_clk rise edge)
                                                     10.000    10.000 r  <hidden>
                                                      0.000    10.000 r  clk_i
                         net (fo=799, unset)          0.924    10.924    clk_i
                         FDRE                                         r  read_beat_q_reg[1]/C
                         clock pessimism              0.000    10.924    <hidden>
                         clock uncertainty           -0.035    10.889    <hidden>
                         FDRE (Setup_fdre_C_CE)      -0.169    10.720    read_beat_q_reg[1]
  -------------------------------------------------------------------
                         required time                         10.720    <hidden>
                         arrival time                          -9.241    <hidden>
  -------------------------------------------------------------------
                         slack                                  1.479    <hidden>





Pulse Width Checks
--------------------------------------------------------------------------------------
Clock Name:         core_clk
Waveform(ns):       { 0.000 5.000 }
Period(ns):         10.000
Sources:            { clk_i }

Check Type        Corner  Lib Pin             Reference Pin  Required(ns)  Actual(ns)  Slack(ns)  Location  Pin
Min Period        n/a     RAMB36E1/CLKARDCLK  n/a            2.944         10.000      7.056                row_buffer_reg/CLKARDCLK
Min Period        n/a     RAMB36E1/CLKBWRCLK  n/a            2.944         10.000      7.056                row_buffer_reg/CLKBWRCLK
Min Period        n/a     FDRE/C              n/a            1.000         10.000      9.000                beat_in_pixel_q_reg[0]/C
Min Period        n/a     FDRE/C              n/a            1.000         10.000      9.000                beat_in_pixel_q_reg[1]/C
Min Period        n/a     FDRE/C              n/a            1.000         10.000      9.000                beat_in_pixel_q_reg[2]/C
Min Period        n/a     FDRE/C              n/a            1.000         10.000      9.000                beat_in_pixel_q_reg[3]/C
Min Period        n/a     FDRE/C              n/a            1.000         10.000      9.000                beat_in_pixel_q_reg[4]/C
Min Period        n/a     FDRE/C              n/a            1.000         10.000      9.000                beat_in_pixel_q_reg[5]/C
Min Period        n/a     FDRE/C              n/a            1.000         10.000      9.000                beat_in_pixel_q_reg[6]/C
Min Period        n/a     FDRE/C              n/a            1.000         10.000      9.000                buffer_index_q_reg[0]/C
Min Period        n/a     FDRE/C              n/a            1.000         10.000      9.000                buffer_index_q_reg[1]/C
Min Period        n/a     FDRE/C              n/a            1.000         10.000      9.000                buffer_index_q_reg[2]/C
Min Period        n/a     FDRE/C              n/a            1.000         10.000      9.000                buffer_index_q_reg[3]/C
Min Period        n/a     FDRE/C              n/a            1.000         10.000      9.000                buffer_index_q_reg[4]/C
Min Period        n/a     FDRE/C              n/a            1.000         10.000      9.000                buffer_index_q_reg[5]/C
Min Period        n/a     FDRE/C              n/a            1.000         10.000      9.000                buffer_index_q_reg[6]/C
Min Period        n/a     FDRE/C              n/a            1.000         10.000      9.000                buffer_index_q_reg[7]/C
Min Period        n/a     FDCE/C              n/a            1.000         10.000      9.000                bytes_read_o_reg[10]/C
Min Period        n/a     FDCE/C              n/a            1.000         10.000      9.000                bytes_read_o_reg[11]/C
Min Period        n/a     FDCE/C              n/a            1.000         10.000      9.000                bytes_read_o_reg[12]/C
Low Pulse Width   Slow    FDRE/C              n/a            0.500         5.000       4.500                beat_in_pixel_q_reg[0]/C
Low Pulse Width   Fast    FDRE/C              n/a            0.500         5.000       4.500                beat_in_pixel_q_reg[0]/C
Low Pulse Width   Slow    FDRE/C              n/a            0.500         5.000       4.500                beat_in_pixel_q_reg[1]/C
Low Pulse Width   Fast    FDRE/C              n/a            0.500         5.000       4.500                beat_in_pixel_q_reg[1]/C
Low Pulse Width   Slow    FDRE/C              n/a            0.500         5.000       4.500                beat_in_pixel_q_reg[2]/C
Low Pulse Width   Fast    FDRE/C              n/a            0.500         5.000       4.500                beat_in_pixel_q_reg[2]/C
Low Pulse Width   Slow    FDRE/C              n/a            0.500         5.000       4.500                beat_in_pixel_q_reg[3]/C
Low Pulse Width   Fast    FDRE/C              n/a            0.500         5.000       4.500                beat_in_pixel_q_reg[3]/C
Low Pulse Width   Slow    FDRE/C              n/a            0.500         5.000       4.500                beat_in_pixel_q_reg[4]/C
Low Pulse Width   Fast    FDRE/C              n/a            0.500         5.000       4.500                beat_in_pixel_q_reg[4]/C
Low Pulse Width   Slow    FDRE/C              n/a            0.500         5.000       4.500                beat_in_pixel_q_reg[5]/C
Low Pulse Width   Fast    FDRE/C              n/a            0.500         5.000       4.500                beat_in_pixel_q_reg[5]/C
Low Pulse Width   Slow    FDRE/C              n/a            0.500         5.000       4.500                beat_in_pixel_q_reg[6]/C
Low Pulse Width   Fast    FDRE/C              n/a            0.500         5.000       4.500                beat_in_pixel_q_reg[6]/C
Low Pulse Width   Slow    FDRE/C              n/a            0.500         5.000       4.500                buffer_index_q_reg[0]/C
Low Pulse Width   Fast    FDRE/C              n/a            0.500         5.000       4.500                buffer_index_q_reg[0]/C
Low Pulse Width   Slow    FDRE/C              n/a            0.500         5.000       4.500                buffer_index_q_reg[1]/C
Low Pulse Width   Fast    FDRE/C              n/a            0.500         5.000       4.500                buffer_index_q_reg[1]/C
Low Pulse Width   Slow    FDRE/C              n/a            0.500         5.000       4.500                buffer_index_q_reg[2]/C
Low Pulse Width   Fast    FDRE/C              n/a            0.500         5.000       4.500                buffer_index_q_reg[2]/C
High Pulse Width  Slow    FDRE/C              n/a            0.500         5.000       4.500                beat_in_pixel_q_reg[0]/C
High Pulse Width  Fast    FDRE/C              n/a            0.500         5.000       4.500                beat_in_pixel_q_reg[0]/C
High Pulse Width  Slow    FDRE/C              n/a            0.500         5.000       4.500                beat_in_pixel_q_reg[1]/C
High Pulse Width  Fast    FDRE/C              n/a            0.500         5.000       4.500                beat_in_pixel_q_reg[1]/C
High Pulse Width  Slow    FDRE/C              n/a            0.500         5.000       4.500                beat_in_pixel_q_reg[2]/C
High Pulse Width  Fast    FDRE/C              n/a            0.500         5.000       4.500                beat_in_pixel_q_reg[2]/C
High Pulse Width  Slow    FDRE/C              n/a            0.500         5.000       4.500                beat_in_pixel_q_reg[3]/C
High Pulse Width  Fast    FDRE/C              n/a            0.500         5.000       4.500                beat_in_pixel_q_reg[3]/C
High Pulse Width  Slow    FDRE/C              n/a            0.500         5.000       4.500                beat_in_pixel_q_reg[4]/C
High Pulse Width  Fast    FDRE/C              n/a            0.500         5.000       4.500                beat_in_pixel_q_reg[4]/C
High Pulse Width  Slow    FDRE/C              n/a            0.500         5.000       4.500                beat_in_pixel_q_reg[5]/C
High Pulse Width  Fast    FDRE/C              n/a            0.500         5.000       4.500                beat_in_pixel_q_reg[5]/C
High Pulse Width  Slow    FDRE/C              n/a            0.500         5.000       4.500                beat_in_pixel_q_reg[6]/C
High Pulse Width  Fast    FDRE/C              n/a            0.500         5.000       4.500                beat_in_pixel_q_reg[6]/C
High Pulse Width  Slow    FDRE/C              n/a            0.500         5.000       4.500                buffer_index_q_reg[0]/C
High Pulse Width  Fast    FDRE/C              n/a            0.500         5.000       4.500                buffer_index_q_reg[0]/C
High Pulse Width  Slow    FDRE/C              n/a            0.500         5.000       4.500                buffer_index_q_reg[1]/C
High Pulse Width  Fast    FDRE/C              n/a            0.500         5.000       4.500                buffer_index_q_reg[1]/C
High Pulse Width  Slow    FDRE/C              n/a            0.500         5.000       4.500                buffer_index_q_reg[2]/C
High Pulse Width  Fast    FDRE/C              n/a            0.500         5.000       4.500                buffer_index_q_reg[2]/C



