Copyright 1986-2022 Xilinx, Inc. All Rights Reserved. Copyright 2022-2026 Advanced Micro Devices, Inc. All Rights Reserved.
-----------------------------------------------------------------------------------------------------------------------------------------------
| Tool Version : Vivado v.2026.1 (win64) Build 6511674 Tue Jun 16 11:02:23 MDT 2026
| Date         : Tue Sep 15 01:02:25 2026
| Host         : RAW2332 running 64-bit major release  (build 9200)
| Command      : report_methodology -file D:/WORKBUDDY/STEM/npu-stem-repo/hardware/reports/vivado_2026_1/npu_conv2d_controller/methodology.rpt
| Design       : npu_conv2d_controller
| Device       : xc7z020clg400-1
| Speed File   : -1
| Design State : Synthesized
-----------------------------------------------------------------------------------------------------------------------------------------------

Report Methodology

Table of Contents
-----------------
1. REPORT SUMMARY
2. REPORT DETAILS

1. REPORT SUMMARY
-----------------
            Netlist: npu_conv2d_controller
          Floorplan: design_1
      Design limits: <entire design considered>
             Max checks: <unlimited>
             Checks found: 1036
+-----------+----------+-------------------------------+--------+
| Rule      | Severity | Description                   | Checks |
+-----------+----------+-------------------------------+--------+
| TIMING-16 | Warning  | Large setup violation         | 36     |
| TIMING-18 | Warning  | Missing input or output delay | 1000   |
+-----------+----------+-------------------------------+--------+

2. REPORT DETAILS
-----------------
TIMING-16#1 Warning
Large setup violation  
There is a large setup violation of -1.014 ns between tile_w_q_reg[2]/C (clocked by core_clk) and activation_address_q_reg[22]/D (clocked by core_clk). Large setup violations at the end of those stages might be difficult to fix during the post-placement implementation flow and could be the result of non-optimal XDC constraints or non-optimal design architecture
Related violations: <none>

TIMING-16#2 Warning
Large setup violation  
There is a large setup violation of -1.014 ns between tile_w_q_reg[2]/C (clocked by core_clk) and activation_pixel_base_q_reg[22]/D (clocked by core_clk). Large setup violations at the end of those stages might be difficult to fix during the post-placement implementation flow and could be the result of non-optimal XDC constraints or non-optimal design architecture
Related violations: <none>

TIMING-16#3 Warning
Large setup violation  
There is a large setup violation of -1.027 ns between tile_w_q_reg[2]/C (clocked by core_clk) and activation_pixel_base_q_reg[15]/D (clocked by core_clk). Large setup violations at the end of those stages might be difficult to fix during the post-placement implementation flow and could be the result of non-optimal XDC constraints or non-optimal design architecture
Related violations: <none>

TIMING-16#4 Warning
Large setup violation  
There is a large setup violation of -1.065 ns between tile_w_q_reg[2]/C (clocked by core_clk) and activation_address_q_reg[8]/D (clocked by core_clk). Large setup violations at the end of those stages might be difficult to fix during the post-placement implementation flow and could be the result of non-optimal XDC constraints or non-optimal design architecture
Related violations: <none>

TIMING-16#5 Warning
Large setup violation  
There is a large setup violation of -1.077 ns between tile_w_q_reg[2]/C (clocked by core_clk) and activation_pixel_base_q_reg[25]/D (clocked by core_clk). Large setup violations at the end of those stages might be difficult to fix during the post-placement implementation flow and could be the result of non-optimal XDC constraints or non-optimal design architecture
Related violations: <none>

TIMING-16#6 Warning
Large setup violation  
There is a large setup violation of -1.077 ns between tile_w_q_reg[2]/C (clocked by core_clk) and activation_pixel_base_q_reg[28]/D (clocked by core_clk). Large setup violations at the end of those stages might be difficult to fix during the post-placement implementation flow and could be the result of non-optimal XDC constraints or non-optimal design architecture
Related violations: <none>

TIMING-16#7 Warning
Large setup violation  
There is a large setup violation of -1.119 ns between tile_w_q_reg[2]/C (clocked by core_clk) and activation_address_q_reg[6]/D (clocked by core_clk). Large setup violations at the end of those stages might be difficult to fix during the post-placement implementation flow and could be the result of non-optimal XDC constraints or non-optimal design architecture
Related violations: <none>

TIMING-16#8 Warning
Large setup violation  
There is a large setup violation of -1.131 ns between tile_w_q_reg[2]/C (clocked by core_clk) and activation_pixel_base_q_reg[26]/D (clocked by core_clk). Large setup violations at the end of those stages might be difficult to fix during the post-placement implementation flow and could be the result of non-optimal XDC constraints or non-optimal design architecture
Related violations: <none>

TIMING-16#9 Warning
Large setup violation  
There is a large setup violation of -1.144 ns between tile_w_q_reg[2]/C (clocked by core_clk) and activation_pixel_base_q_reg[19]/D (clocked by core_clk). Large setup violations at the end of those stages might be difficult to fix during the post-placement implementation flow and could be the result of non-optimal XDC constraints or non-optimal design architecture
Related violations: <none>

TIMING-16#10 Warning
Large setup violation  
There is a large setup violation of -1.182 ns between tile_w_q_reg[2]/C (clocked by core_clk) and activation_address_q_reg[12]/D (clocked by core_clk). Large setup violations at the end of those stages might be difficult to fix during the post-placement implementation flow and could be the result of non-optimal XDC constraints or non-optimal design architecture
Related violations: <none>

TIMING-16#11 Warning
Large setup violation  
There is a large setup violation of -1.182 ns between tile_w_q_reg[2]/C (clocked by core_clk) and activation_address_q_reg[9]/D (clocked by core_clk). Large setup violations at the end of those stages might be difficult to fix during the post-placement implementation flow and could be the result of non-optimal XDC constraints or non-optimal design architecture
Related violations: <none>

TIMING-16#12 Warning
Large setup violation  
There is a large setup violation of -1.186 ns between tile_w_q_reg[2]/C (clocked by core_clk) and activation_pixel_base_q_reg[29]/D (clocked by core_clk). Large setup violations at the end of those stages might be difficult to fix during the post-placement implementation flow and could be the result of non-optimal XDC constraints or non-optimal design architecture
Related violations: <none>

TIMING-16#13 Warning
Large setup violation  
There is a large setup violation of -1.236 ns between tile_w_q_reg[2]/C (clocked by core_clk) and activation_address_q_reg[10]/D (clocked by core_clk). Large setup violations at the end of those stages might be difficult to fix during the post-placement implementation flow and could be the result of non-optimal XDC constraints or non-optimal design architecture
Related violations: <none>

TIMING-16#14 Warning
Large setup violation  
There is a large setup violation of -1.248 ns between tile_w_q_reg[2]/C (clocked by core_clk) and activation_pixel_base_q_reg[30]/D (clocked by core_clk). Large setup violations at the end of those stages might be difficult to fix during the post-placement implementation flow and could be the result of non-optimal XDC constraints or non-optimal design architecture
Related violations: <none>

TIMING-16#15 Warning
Large setup violation  
There is a large setup violation of -1.261 ns between tile_w_q_reg[2]/C (clocked by core_clk) and activation_pixel_base_q_reg[23]/D (clocked by core_clk). Large setup violations at the end of those stages might be difficult to fix during the post-placement implementation flow and could be the result of non-optimal XDC constraints or non-optimal design architecture
Related violations: <none>

TIMING-16#16 Warning
Large setup violation  
There is a large setup violation of -1.299 ns between tile_w_q_reg[2]/C (clocked by core_clk) and activation_address_q_reg[16]/D (clocked by core_clk). Large setup violations at the end of those stages might be difficult to fix during the post-placement implementation flow and could be the result of non-optimal XDC constraints or non-optimal design architecture
Related violations: <none>

TIMING-16#17 Warning
Large setup violation  
There is a large setup violation of -1.353 ns between tile_w_q_reg[2]/C (clocked by core_clk) and activation_address_q_reg[14]/D (clocked by core_clk). Large setup violations at the end of those stages might be difficult to fix during the post-placement implementation flow and could be the result of non-optimal XDC constraints or non-optimal design architecture
Related violations: <none>

TIMING-16#18 Warning
Large setup violation  
There is a large setup violation of -1.366 ns between tile_w_q_reg[2]/C (clocked by core_clk) and activation_address_q_reg[7]/D (clocked by core_clk). Large setup violations at the end of those stages might be difficult to fix during the post-placement implementation flow and could be the result of non-optimal XDC constraints or non-optimal design architecture
Related violations: <none>

TIMING-16#19 Warning
Large setup violation  
There is a large setup violation of -1.378 ns between tile_w_q_reg[2]/C (clocked by core_clk) and activation_pixel_base_q_reg[27]/D (clocked by core_clk). Large setup violations at the end of those stages might be difficult to fix during the post-placement implementation flow and could be the result of non-optimal XDC constraints or non-optimal design architecture
Related violations: <none>

TIMING-16#20 Warning
Large setup violation  
There is a large setup violation of -1.416 ns between tile_w_q_reg[2]/C (clocked by core_clk) and activation_address_q_reg[20]/D (clocked by core_clk). Large setup violations at the end of those stages might be difficult to fix during the post-placement implementation flow and could be the result of non-optimal XDC constraints or non-optimal design architecture
Related violations: <none>

TIMING-16#21 Warning
Large setup violation  
There is a large setup violation of -1.470 ns between tile_w_q_reg[2]/C (clocked by core_clk) and activation_address_q_reg[18]/D (clocked by core_clk). Large setup violations at the end of those stages might be difficult to fix during the post-placement implementation flow and could be the result of non-optimal XDC constraints or non-optimal design architecture
Related violations: <none>

TIMING-16#22 Warning
Large setup violation  
There is a large setup violation of -1.483 ns between tile_w_q_reg[2]/C (clocked by core_clk) and activation_address_q_reg[11]/D (clocked by core_clk). Large setup violations at the end of those stages might be difficult to fix during the post-placement implementation flow and could be the result of non-optimal XDC constraints or non-optimal design architecture
Related violations: <none>

TIMING-16#23 Warning
Large setup violation  
There is a large setup violation of -1.495 ns between tile_w_q_reg[2]/C (clocked by core_clk) and activation_address_q_reg[31]/D (clocked by core_clk). Large setup violations at the end of those stages might be difficult to fix during the post-placement implementation flow and could be the result of non-optimal XDC constraints or non-optimal design architecture
Related violations: <none>

TIMING-16#24 Warning
Large setup violation  
There is a large setup violation of -1.495 ns between tile_w_q_reg[2]/C (clocked by core_clk) and activation_pixel_base_q_reg[31]/D (clocked by core_clk). Large setup violations at the end of those stages might be difficult to fix during the post-placement implementation flow and could be the result of non-optimal XDC constraints or non-optimal design architecture
Related violations: <none>

TIMING-16#25 Warning
Large setup violation  
There is a large setup violation of -1.533 ns between tile_w_q_reg[2]/C (clocked by core_clk) and activation_address_q_reg[21]/D (clocked by core_clk). Large setup violations at the end of those stages might be difficult to fix during the post-placement implementation flow and could be the result of non-optimal XDC constraints or non-optimal design architecture
Related violations: <none>

TIMING-16#26 Warning
Large setup violation  
There is a large setup violation of -1.533 ns between tile_w_q_reg[2]/C (clocked by core_clk) and activation_address_q_reg[24]/D (clocked by core_clk). Large setup violations at the end of those stages might be difficult to fix during the post-placement implementation flow and could be the result of non-optimal XDC constraints or non-optimal design architecture
Related violations: <none>

TIMING-16#27 Warning
Large setup violation  
There is a large setup violation of -1.600 ns between tile_w_q_reg[2]/C (clocked by core_clk) and activation_address_q_reg[15]/D (clocked by core_clk). Large setup violations at the end of those stages might be difficult to fix during the post-placement implementation flow and could be the result of non-optimal XDC constraints or non-optimal design architecture
Related violations: <none>

TIMING-16#28 Warning
Large setup violation  
There is a large setup violation of -1.650 ns between tile_w_q_reg[2]/C (clocked by core_clk) and activation_address_q_reg[25]/D (clocked by core_clk). Large setup violations at the end of those stages might be difficult to fix during the post-placement implementation flow and could be the result of non-optimal XDC constraints or non-optimal design architecture
Related violations: <none>

TIMING-16#29 Warning
Large setup violation  
There is a large setup violation of -1.650 ns between tile_w_q_reg[2]/C (clocked by core_clk) and activation_address_q_reg[28]/D (clocked by core_clk). Large setup violations at the end of those stages might be difficult to fix during the post-placement implementation flow and could be the result of non-optimal XDC constraints or non-optimal design architecture
Related violations: <none>

TIMING-16#30 Warning
Large setup violation  
There is a large setup violation of -1.704 ns between tile_w_q_reg[2]/C (clocked by core_clk) and activation_address_q_reg[26]/D (clocked by core_clk). Large setup violations at the end of those stages might be difficult to fix during the post-placement implementation flow and could be the result of non-optimal XDC constraints or non-optimal design architecture
Related violations: <none>

TIMING-16#31 Warning
Large setup violation  
There is a large setup violation of -1.717 ns between tile_w_q_reg[2]/C (clocked by core_clk) and activation_address_q_reg[19]/D (clocked by core_clk). Large setup violations at the end of those stages might be difficult to fix during the post-placement implementation flow and could be the result of non-optimal XDC constraints or non-optimal design architecture
Related violations: <none>

TIMING-16#32 Warning
Large setup violation  
There is a large setup violation of -1.821 ns between tile_w_q_reg[2]/C (clocked by core_clk) and activation_address_q_reg[30]/D (clocked by core_clk). Large setup violations at the end of those stages might be difficult to fix during the post-placement implementation flow and could be the result of non-optimal XDC constraints or non-optimal design architecture
Related violations: <none>

TIMING-16#33 Warning
Large setup violation  
There is a large setup violation of -1.834 ns between tile_w_q_reg[2]/C (clocked by core_clk) and activation_address_q_reg[23]/D (clocked by core_clk). Large setup violations at the end of those stages might be difficult to fix during the post-placement implementation flow and could be the result of non-optimal XDC constraints or non-optimal design architecture
Related violations: <none>

TIMING-16#34 Warning
Large setup violation  
There is a large setup violation of -1.872 ns between tile_w_q_reg[2]/C (clocked by core_clk) and activation_address_q_reg[13]/D (clocked by core_clk). Large setup violations at the end of those stages might be difficult to fix during the post-placement implementation flow and could be the result of non-optimal XDC constraints or non-optimal design architecture
Related violations: <none>

TIMING-16#35 Warning
Large setup violation  
There is a large setup violation of -1.951 ns between tile_w_q_reg[2]/C (clocked by core_clk) and activation_address_q_reg[27]/D (clocked by core_clk). Large setup violations at the end of those stages might be difficult to fix during the post-placement implementation flow and could be the result of non-optimal XDC constraints or non-optimal design architecture
Related violations: <none>

TIMING-16#36 Warning
Large setup violation  
There is a large setup violation of -2.340 ns between tile_w_q_reg[2]/C (clocked by core_clk) and activation_address_q_reg[29]/D (clocked by core_clk). Large setup violations at the end of those stages might be difficult to fix during the post-placement implementation flow and could be the result of non-optimal XDC constraints or non-optimal design architecture
Related violations: <none>

TIMING-18#1 Warning
Missing input or output delay  
An input delay is missing on activation_bank_i relative to the rising and/or falling clock edge(s) of core_clk.
Related violations: <none>

TIMING-18#2 Warning
Missing input or output delay  
An input delay is missing on activation_read_data_i[0] relative to the rising and/or falling clock edge(s) of core_clk.
Related violations: <none>

TIMING-18#3 Warning
Missing input or output delay  
An input delay is missing on activation_read_data_i[100] relative to the rising and/or falling clock edge(s) of core_clk.
Related violations: <none>

TIMING-18#4 Warning
Missing input or output delay  
An input delay is missing on activation_read_data_i[101] relative to the rising and/or falling clock edge(s) of core_clk.
Related violations: <none>

TIMING-18#5 Warning
Missing input or output delay  
An input delay is missing on activation_read_data_i[102] relative to the rising and/or falling clock edge(s) of core_clk.
Related violations: <none>

TIMING-18#6 Warning
Missing input or output delay  
An input delay is missing on activation_read_data_i[103] relative to the rising and/or falling clock edge(s) of core_clk.
Related violations: <none>

TIMING-18#7 Warning
Missing input or output delay  
An input delay is missing on activation_read_data_i[104] relative to the rising and/or falling clock edge(s) of core_clk.
Related violations: <none>

TIMING-18#8 Warning
Missing input or output delay  
An input delay is missing on activation_read_data_i[105] relative to the rising and/or falling clock edge(s) of core_clk.
Related violations: <none>

TIMING-18#9 Warning
Missing input or output delay  
An input delay is missing on activation_read_data_i[106] relative to the rising and/or falling clock edge(s) of core_clk.
Related violations: <none>

TIMING-18#10 Warning
Missing input or output delay  
An input delay is missing on activation_read_data_i[107] relative to the rising and/or falling clock edge(s) of core_clk.
Related violations: <none>

TIMING-18#11 Warning
Missing input or output delay  
An input delay is missing on activation_read_data_i[108] relative to the rising and/or falling clock edge(s) of core_clk.
Related violations: <none>

TIMING-18#12 Warning
Missing input or output delay  
An input delay is missing on activation_read_data_i[109] relative to the rising and/or falling clock edge(s) of core_clk.
Related violations: <none>

TIMING-18#13 Warning
Missing input or output delay  
An input delay is missing on activation_read_data_i[10] relative to the rising and/or falling clock edge(s) of core_clk.
Related violations: <none>

TIMING-18#14 Warning
Missing input or output delay  
An input delay is missing on activation_read_data_i[110] relative to the rising and/or falling clock edge(s) of core_clk.
Related violations: <none>

TIMING-18#15 Warning
Missing input or output delay  
An input delay is missing on activation_read_data_i[111] relative to the rising and/or falling clock edge(s) of core_clk.
Related violations: <none>

TIMING-18#16 Warning
Missing input or output delay  
An input delay is missing on activation_read_data_i[112] relative to the rising and/or falling clock edge(s) of core_clk.
Related violations: <none>

TIMING-18#17 Warning
Missing input or output delay  
An input delay is missing on activation_read_data_i[113] relative to the rising and/or falling clock edge(s) of core_clk.
Related violations: <none>

TIMING-18#18 Warning
Missing input or output delay  
An input delay is missing on activation_read_data_i[114] relative to the rising and/or falling clock edge(s) of core_clk.
Related violations: <none>

TIMING-18#19 Warning
Missing input or output delay  
An input delay is missing on activation_read_data_i[115] relative to the rising and/or falling clock edge(s) of core_clk.
Related violations: <none>

TIMING-18#20 Warning
Missing input or output delay  
An input delay is missing on activation_read_data_i[116] relative to the rising and/or falling clock edge(s) of core_clk.
Related violations: <none>

TIMING-18#21 Warning
Missing input or output delay  
An input delay is missing on activation_read_data_i[117] relative to the rising and/or falling clock edge(s) of core_clk.
Related violations: <none>

TIMING-18#22 Warning
Missing input or output delay  
An input delay is missing on activation_read_data_i[118] relative to the rising and/or falling clock edge(s) of core_clk.
Related violations: <none>

TIMING-18#23 Warning
Missing input or output delay  
An input delay is missing on activation_read_data_i[119] relative to the rising and/or falling clock edge(s) of core_clk.
Related violations: <none>

TIMING-18#24 Warning
Missing input or output delay  
An input delay is missing on activation_read_data_i[11] relative to the rising and/or falling clock edge(s) of core_clk.
Related violations: <none>

TIMING-18#25 Warning
Missing input or output delay  
An input delay is missing on activation_read_data_i[120] relative to the rising and/or falling clock edge(s) of core_clk.
Related violations: <none>

TIMING-18#26 Warning
Missing input or output delay  
An input delay is missing on activation_read_data_i[121] relative to the rising and/or falling clock edge(s) of core_clk.
Related violations: <none>

TIMING-18#27 Warning
Missing input or output delay  
An input delay is missing on activation_read_data_i[122] relative to the rising and/or falling clock edge(s) of core_clk.
Related violations: <none>

TIMING-18#28 Warning
Missing input or output delay  
An input delay is missing on activation_read_data_i[123] relative to the rising and/or falling clock edge(s) of core_clk.
Related violations: <none>

TIMING-18#29 Warning
Missing input or output delay  
An input delay is missing on activation_read_data_i[124] relative to the rising and/or falling clock edge(s) of core_clk.
Related violations: <none>

TIMING-18#30 Warning
Missing input or output delay  
An input delay is missing on activation_read_data_i[125] relative to the rising and/or falling clock edge(s) of core_clk.
Related violations: <none>

TIMING-18#31 Warning
Missing input or output delay  
An input delay is missing on activation_read_data_i[126] relative to the rising and/or falling clock edge(s) of core_clk.
Related violations: <none>

TIMING-18#32 Warning
Missing input or output delay  
An input delay is missing on activation_read_data_i[127] relative to the rising and/or falling clock edge(s) of core_clk.
Related violations: <none>

TIMING-18#33 Warning
Missing input or output delay  
An input delay is missing on activation_read_data_i[12] relative to the rising and/or falling clock edge(s) of core_clk.
Related violations: <none>

TIMING-18#34 Warning
Missing input or output delay  
An input delay is missing on activation_read_data_i[13] relative to the rising and/or falling clock edge(s) of core_clk.
Related violations: <none>

TIMING-18#35 Warning
Missing input or output delay  
An input delay is missing on activation_read_data_i[14] relative to the rising and/or falling clock edge(s) of core_clk.
Related violations: <none>

TIMING-18#36 Warning
Missing input or output delay  
An input delay is missing on activation_read_data_i[15] relative to the rising and/or falling clock edge(s) of core_clk.
Related violations: <none>

TIMING-18#37 Warning
Missing input or output delay  
An input delay is missing on activation_read_data_i[16] relative to the rising and/or falling clock edge(s) of core_clk.
Related violations: <none>

TIMING-18#38 Warning
Missing input or output delay  
An input delay is missing on activation_read_data_i[17] relative to the rising and/or falling clock edge(s) of core_clk.
Related violations: <none>

TIMING-18#39 Warning
Missing input or output delay  
An input delay is missing on activation_read_data_i[18] relative to the rising and/or falling clock edge(s) of core_clk.
Related violations: <none>

TIMING-18#40 Warning
Missing input or output delay  
An input delay is missing on activation_read_data_i[19] relative to the rising and/or falling clock edge(s) of core_clk.
Related violations: <none>

TIMING-18#41 Warning
Missing input or output delay  
An input delay is missing on activation_read_data_i[1] relative to the rising and/or falling clock edge(s) of core_clk.
Related violations: <none>

TIMING-18#42 Warning
Missing input or output delay  
An input delay is missing on activation_read_data_i[20] relative to the rising and/or falling clock edge(s) of core_clk.
Related violations: <none>

TIMING-18#43 Warning
Missing input or output delay  
An input delay is missing on activation_read_data_i[21] relative to the rising and/or falling clock edge(s) of core_clk.
Related violations: <none>

TIMING-18#44 Warning
Missing input or output delay  
An input delay is missing on activation_read_data_i[22] relative to the rising and/or falling clock edge(s) of core_clk.
Related violations: <none>

TIMING-18#45 Warning
Missing input or output delay  
An input delay is missing on activation_read_data_i[23] relative to the rising and/or falling clock edge(s) of core_clk.
Related violations: <none>

TIMING-18#46 Warning
Missing input or output delay  
An input delay is missing on activation_read_data_i[24] relative to the rising and/or falling clock edge(s) of core_clk.
Related violations: <none>

TIMING-18#47 Warning
Missing input or output delay  
An input delay is missing on activation_read_data_i[25] relative to the rising and/or falling clock edge(s) of core_clk.
Related violations: <none>

TIMING-18#48 Warning
Missing input or output delay  
An input delay is missing on activation_read_data_i[26] relative to the rising and/or falling clock edge(s) of core_clk.
Related violations: <none>

TIMING-18#49 Warning
Missing input or output delay  
An input delay is missing on activation_read_data_i[27] relative to the rising and/or falling clock edge(s) of core_clk.
Related violations: <none>

TIMING-18#50 Warning
Missing input or output delay  
An input delay is missing on activation_read_data_i[28] relative to the rising and/or falling clock edge(s) of core_clk.
Related violations: <none>

TIMING-18#51 Warning
Missing input or output delay  
An input delay is missing on activation_read_data_i[29] relative to the rising and/or falling clock edge(s) of core_clk.
Related violations: <none>

TIMING-18#52 Warning
Missing input or output delay  
An input delay is missing on activation_read_data_i[2] relative to the rising and/or falling clock edge(s) of core_clk.
Related violations: <none>

TIMING-18#53 Warning
Missing input or output delay  
An input delay is missing on activation_read_data_i[30] relative to the rising and/or falling clock edge(s) of core_clk.
Related violations: <none>

TIMING-18#54 Warning
Missing input or output delay  
An input delay is missing on activation_read_data_i[31] relative to the rising and/or falling clock edge(s) of core_clk.
Related violations: <none>

TIMING-18#55 Warning
Missing input or output delay  
An input delay is missing on activation_read_data_i[32] relative to the rising and/or falling clock edge(s) of core_clk.
Related violations: <none>

TIMING-18#56 Warning
Missing input or output delay  
An input delay is missing on activation_read_data_i[33] relative to the rising and/or falling clock edge(s) of core_clk.
Related violations: <none>

TIMING-18#57 Warning
Missing input or output delay  
An input delay is missing on activation_read_data_i[34] relative to the rising and/or falling clock edge(s) of core_clk.
Related violations: <none>

TIMING-18#58 Warning
Missing input or output delay  
An input delay is missing on activation_read_data_i[35] relative to the rising and/or falling clock edge(s) of core_clk.
Related violations: <none>

TIMING-18#59 Warning
Missing input or output delay  
An input delay is missing on activation_read_data_i[36] relative to the rising and/or falling clock edge(s) of core_clk.
Related violations: <none>

TIMING-18#60 Warning
Missing input or output delay  
An input delay is missing on activation_read_data_i[37] relative to the rising and/or falling clock edge(s) of core_clk.
Related violations: <none>

TIMING-18#61 Warning
Missing input or output delay  
An input delay is missing on activation_read_data_i[38] relative to the rising and/or falling clock edge(s) of core_clk.
Related violations: <none>

TIMING-18#62 Warning
Missing input or output delay  
An input delay is missing on activation_read_data_i[39] relative to the rising and/or falling clock edge(s) of core_clk.
Related violations: <none>

TIMING-18#63 Warning
Missing input or output delay  
An input delay is missing on activation_read_data_i[3] relative to the rising and/or falling clock edge(s) of core_clk.
Related violations: <none>

TIMING-18#64 Warning
Missing input or output delay  
An input delay is missing on activation_read_data_i[40] relative to the rising and/or falling clock edge(s) of core_clk.
Related violations: <none>

TIMING-18#65 Warning
Missing input or output delay  
An input delay is missing on activation_read_data_i[41] relative to the rising and/or falling clock edge(s) of core_clk.
Related violations: <none>

TIMING-18#66 Warning
Missing input or output delay  
An input delay is missing on activation_read_data_i[42] relative to the rising and/or falling clock edge(s) of core_clk.
Related violations: <none>

TIMING-18#67 Warning
Missing input or output delay  
An input delay is missing on activation_read_data_i[43] relative to the rising and/or falling clock edge(s) of core_clk.
Related violations: <none>

TIMING-18#68 Warning
Missing input or output delay  
An input delay is missing on activation_read_data_i[44] relative to the rising and/or falling clock edge(s) of core_clk.
Related violations: <none>

TIMING-18#69 Warning
Missing input or output delay  
An input delay is missing on activation_read_data_i[45] relative to the rising and/or falling clock edge(s) of core_clk.
Related violations: <none>

TIMING-18#70 Warning
Missing input or output delay  
An input delay is missing on activation_read_data_i[46] relative to the rising and/or falling clock edge(s) of core_clk.
Related violations: <none>

TIMING-18#71 Warning
Missing input or output delay  
An input delay is missing on activation_read_data_i[47] relative to the rising and/or falling clock edge(s) of core_clk.
Related violations: <none>

TIMING-18#72 Warning
Missing input or output delay  
An input delay is missing on activation_read_data_i[48] relative to the rising and/or falling clock edge(s) of core_clk.
Related violations: <none>

TIMING-18#73 Warning
Missing input or output delay  
An input delay is missing on activation_read_data_i[49] relative to the rising and/or falling clock edge(s) of core_clk.
Related violations: <none>

TIMING-18#74 Warning
Missing input or output delay  
An input delay is missing on activation_read_data_i[4] relative to the rising and/or falling clock edge(s) of core_clk.
Related violations: <none>

TIMING-18#75 Warning
Missing input or output delay  
An input delay is missing on activation_read_data_i[50] relative to the rising and/or falling clock edge(s) of core_clk.
Related violations: <none>

TIMING-18#76 Warning
Missing input or output delay  
An input delay is missing on activation_read_data_i[51] relative to the rising and/or falling clock edge(s) of core_clk.
Related violations: <none>

TIMING-18#77 Warning
Missing input or output delay  
An input delay is missing on activation_read_data_i[52] relative to the rising and/or falling clock edge(s) of core_clk.
Related violations: <none>

TIMING-18#78 Warning
Missing input or output delay  
An input delay is missing on activation_read_data_i[53] relative to the rising and/or falling clock edge(s) of core_clk.
Related violations: <none>

TIMING-18#79 Warning
Missing input or output delay  
An input delay is missing on activation_read_data_i[54] relative to the rising and/or falling clock edge(s) of core_clk.
Related violations: <none>

TIMING-18#80 Warning
Missing input or output delay  
An input delay is missing on activation_read_data_i[55] relative to the rising and/or falling clock edge(s) of core_clk.
Related violations: <none>

TIMING-18#81 Warning
Missing input or output delay  
An input delay is missing on activation_read_data_i[56] relative to the rising and/or falling clock edge(s) of core_clk.
Related violations: <none>

TIMING-18#82 Warning
Missing input or output delay  
An input delay is missing on activation_read_data_i[57] relative to the rising and/or falling clock edge(s) of core_clk.
Related violations: <none>

TIMING-18#83 Warning
Missing input or output delay  
An input delay is missing on activation_read_data_i[58] relative to the rising and/or falling clock edge(s) of core_clk.
Related violations: <none>

TIMING-18#84 Warning
Missing input or output delay  
An input delay is missing on activation_read_data_i[59] relative to the rising and/or falling clock edge(s) of core_clk.
Related violations: <none>

TIMING-18#85 Warning
Missing input or output delay  
An input delay is missing on activation_read_data_i[5] relative to the rising and/or falling clock edge(s) of core_clk.
Related violations: <none>

TIMING-18#86 Warning
Missing input or output delay  
An input delay is missing on activation_read_data_i[60] relative to the rising and/or falling clock edge(s) of core_clk.
Related violations: <none>

TIMING-18#87 Warning
Missing input or output delay  
An input delay is missing on activation_read_data_i[61] relative to the rising and/or falling clock edge(s) of core_clk.
Related violations: <none>

TIMING-18#88 Warning
Missing input or output delay  
An input delay is missing on activation_read_data_i[62] relative to the rising and/or falling clock edge(s) of core_clk.
Related violations: <none>

TIMING-18#89 Warning
Missing input or output delay  
An input delay is missing on activation_read_data_i[63] relative to the rising and/or falling clock edge(s) of core_clk.
Related violations: <none>

TIMING-18#90 Warning
Missing input or output delay  
An input delay is missing on activation_read_data_i[64] relative to the rising and/or falling clock edge(s) of core_clk.
Related violations: <none>

TIMING-18#91 Warning
Missing input or output delay  
An input delay is missing on activation_read_data_i[65] relative to the rising and/or falling clock edge(s) of core_clk.
Related violations: <none>

TIMING-18#92 Warning
Missing input or output delay  
An input delay is missing on activation_read_data_i[66] relative to the rising and/or falling clock edge(s) of core_clk.
Related violations: <none>

TIMING-18#93 Warning
Missing input or output delay  
An input delay is missing on activation_read_data_i[67] relative to the rising and/or falling clock edge(s) of core_clk.
Related violations: <none>

TIMING-18#94 Warning
Missing input or output delay  
An input delay is missing on activation_read_data_i[68] relative to the rising and/or falling clock edge(s) of core_clk.
Related violations: <none>

TIMING-18#95 Warning
Missing input or output delay  
An input delay is missing on activation_read_data_i[69] relative to the rising and/or falling clock edge(s) of core_clk.
Related violations: <none>

TIMING-18#96 Warning
Missing input or output delay  
An input delay is missing on activation_read_data_i[6] relative to the rising and/or falling clock edge(s) of core_clk.
Related violations: <none>

TIMING-18#97 Warning
Missing input or output delay  
An input delay is missing on activation_read_data_i[70] relative to the rising and/or falling clock edge(s) of core_clk.
Related violations: <none>

TIMING-18#98 Warning
Missing input or output delay  
An input delay is missing on activation_read_data_i[71] relative to the rising and/or falling clock edge(s) of core_clk.
Related violations: <none>

TIMING-18#99 Warning
Missing input or output delay  
An input delay is missing on activation_read_data_i[72] relative to the rising and/or falling clock edge(s) of core_clk.
Related violations: <none>

TIMING-18#100 Warning
Missing input or output delay  
An input delay is missing on activation_read_data_i[73] relative to the rising and/or falling clock edge(s) of core_clk.
Related violations: <none>

TIMING-18#101 Warning
Missing input or output delay  
An input delay is missing on activation_read_data_i[74] relative to the rising and/or falling clock edge(s) of core_clk.
Related violations: <none>

TIMING-18#102 Warning
Missing input or output delay  
An input delay is missing on activation_read_data_i[75] relative to the rising and/or falling clock edge(s) of core_clk.
Related violations: <none>

TIMING-18#103 Warning
Missing input or output delay  
An input delay is missing on activation_read_data_i[76] relative to the rising and/or falling clock edge(s) of core_clk.
Related violations: <none>

TIMING-18#104 Warning
Missing input or output delay  
An input delay is missing on activation_read_data_i[77] relative to the rising and/or falling clock edge(s) of core_clk.
Related violations: <none>

TIMING-18#105 Warning
Missing input or output delay  
An input delay is missing on activation_read_data_i[78] relative to the rising and/or falling clock edge(s) of core_clk.
Related violations: <none>

TIMING-18#106 Warning
Missing input or output delay  
An input delay is missing on activation_read_data_i[79] relative to the rising and/or falling clock edge(s) of core_clk.
Related violations: <none>

TIMING-18#107 Warning
Missing input or output delay  
An input delay is missing on activation_read_data_i[7] relative to the rising and/or falling clock edge(s) of core_clk.
Related violations: <none>

TIMING-18#108 Warning
Missing input or output delay  
An input delay is missing on activation_read_data_i[80] relative to the rising and/or falling clock edge(s) of core_clk.
Related violations: <none>

TIMING-18#109 Warning
Missing input or output delay  
An input delay is missing on activation_read_data_i[81] relative to the rising and/or falling clock edge(s) of core_clk.
Related violations: <none>

TIMING-18#110 Warning
Missing input or output delay  
An input delay is missing on activation_read_data_i[82] relative to the rising and/or falling clock edge(s) of core_clk.
Related violations: <none>

TIMING-18#111 Warning
Missing input or output delay  
An input delay is missing on activation_read_data_i[83] relative to the rising and/or falling clock edge(s) of core_clk.
Related violations: <none>

TIMING-18#112 Warning
Missing input or output delay  
An input delay is missing on activation_read_data_i[84] relative to the rising and/or falling clock edge(s) of core_clk.
Related violations: <none>

TIMING-18#113 Warning
Missing input or output delay  
An input delay is missing on activation_read_data_i[85] relative to the rising and/or falling clock edge(s) of core_clk.
Related violations: <none>

TIMING-18#114 Warning
Missing input or output delay  
An input delay is missing on activation_read_data_i[86] relative to the rising and/or falling clock edge(s) of core_clk.
Related violations: <none>

TIMING-18#115 Warning
Missing input or output delay  
An input delay is missing on activation_read_data_i[87] relative to the rising and/or falling clock edge(s) of core_clk.
Related violations: <none>

TIMING-18#116 Warning
Missing input or output delay  
An input delay is missing on activation_read_data_i[88] relative to the rising and/or falling clock edge(s) of core_clk.
Related violations: <none>

TIMING-18#117 Warning
Missing input or output delay  
An input delay is missing on activation_read_data_i[89] relative to the rising and/or falling clock edge(s) of core_clk.
Related violations: <none>

TIMING-18#118 Warning
Missing input or output delay  
An input delay is missing on activation_read_data_i[8] relative to the rising and/or falling clock edge(s) of core_clk.
Related violations: <none>

TIMING-18#119 Warning
Missing input or output delay  
An input delay is missing on activation_read_data_i[90] relative to the rising and/or falling clock edge(s) of core_clk.
Related violations: <none>

TIMING-18#120 Warning
Missing input or output delay  
An input delay is missing on activation_read_data_i[91] relative to the rising and/or falling clock edge(s) of core_clk.
Related violations: <none>

TIMING-18#121 Warning
Missing input or output delay  
An input delay is missing on activation_read_data_i[92] relative to the rising and/or falling clock edge(s) of core_clk.
Related violations: <none>

TIMING-18#122 Warning
Missing input or output delay  
An input delay is missing on activation_read_data_i[93] relative to the rising and/or falling clock edge(s) of core_clk.
Related violations: <none>

TIMING-18#123 Warning
Missing input or output delay  
An input delay is missing on activation_read_data_i[94] relative to the rising and/or falling clock edge(s) of core_clk.
Related violations: <none>

TIMING-18#124 Warning
Missing input or output delay  
An input delay is missing on activation_read_data_i[95] relative to the rising and/or falling clock edge(s) of core_clk.
Related violations: <none>

TIMING-18#125 Warning
Missing input or output delay  
An input delay is missing on activation_read_data_i[96] relative to the rising and/or falling clock edge(s) of core_clk.
Related violations: <none>

TIMING-18#126 Warning
Missing input or output delay  
An input delay is missing on activation_read_data_i[97] relative to the rising and/or falling clock edge(s) of core_clk.
Related violations: <none>

TIMING-18#127 Warning
Missing input or output delay  
An input delay is missing on activation_read_data_i[98] relative to the rising and/or falling clock edge(s) of core_clk.
Related violations: <none>

TIMING-18#128 Warning
Missing input or output delay  
An input delay is missing on activation_read_data_i[99] relative to the rising and/or falling clock edge(s) of core_clk.
Related violations: <none>

TIMING-18#129 Warning
Missing input or output delay  
An input delay is missing on activation_read_data_i[9] relative to the rising and/or falling clock edge(s) of core_clk.
Related violations: <none>

TIMING-18#130 Warning
Missing input or output delay  
An input delay is missing on completion_event_i[0] relative to the rising and/or falling clock edge(s) of core_clk.
Related violations: <none>

TIMING-18#131 Warning
Missing input or output delay  
An input delay is missing on completion_event_i[1] relative to the rising and/or falling clock edge(s) of core_clk.
Related violations: <none>

TIMING-18#132 Warning
Missing input or output delay  
An input delay is missing on completion_event_i[2] relative to the rising and/or falling clock edge(s) of core_clk.
Related violations: <none>

TIMING-18#133 Warning
Missing input or output delay  
An input delay is missing on completion_event_i[3] relative to the rising and/or falling clock edge(s) of core_clk.
Related violations: <none>

TIMING-18#134 Warning
Missing input or output delay  
An input delay is missing on completion_event_i[4] relative to the rising and/or falling clock edge(s) of core_clk.
Related violations: <none>

TIMING-18#135 Warning
Missing input or output delay  
An input delay is missing on completion_event_i[5] relative to the rising and/or falling clock edge(s) of core_clk.
Related violations: <none>

TIMING-18#136 Warning
Missing input or output delay  
An input delay is missing on completion_event_i[6] relative to the rising and/or falling clock edge(s) of core_clk.
Related violations: <none>

TIMING-18#137 Warning
Missing input or output delay  
An input delay is missing on completion_event_i[7] relative to the rising and/or falling clock edge(s) of core_clk.
Related violations: <none>

TIMING-18#138 Warning
Missing input or output delay  
An input delay is missing on operator_desc_bits_i[0] relative to the rising and/or falling clock edge(s) of core_clk.
Related violations: <none>

TIMING-18#139 Warning
Missing input or output delay  
An input delay is missing on operator_desc_bits_i[100] relative to the rising and/or falling clock edge(s) of core_clk.
Related violations: <none>

TIMING-18#140 Warning
Missing input or output delay  
An input delay is missing on operator_desc_bits_i[101] relative to the rising and/or falling clock edge(s) of core_clk.
Related violations: <none>

TIMING-18#141 Warning
Missing input or output delay  
An input delay is missing on operator_desc_bits_i[102] relative to the rising and/or falling clock edge(s) of core_clk.
Related violations: <none>

TIMING-18#142 Warning
Missing input or output delay  
An input delay is missing on operator_desc_bits_i[103] relative to the rising and/or falling clock edge(s) of core_clk.
Related violations: <none>

TIMING-18#143 Warning
Missing input or output delay  
An input delay is missing on operator_desc_bits_i[104] relative to the rising and/or falling clock edge(s) of core_clk.
Related violations: <none>

TIMING-18#144 Warning
Missing input or output delay  
An input delay is missing on operator_desc_bits_i[105] relative to the rising and/or falling clock edge(s) of core_clk.
Related violations: <none>

TIMING-18#145 Warning
Missing input or output delay  
An input delay is missing on operator_desc_bits_i[106] relative to the rising and/or falling clock edge(s) of core_clk.
Related violations: <none>

TIMING-18#146 Warning
Missing input or output delay  
An input delay is missing on operator_desc_bits_i[107] relative to the rising and/or falling clock edge(s) of core_clk.
Related violations: <none>

TIMING-18#147 Warning
Missing input or output delay  
An input delay is missing on operator_desc_bits_i[108] relative to the rising and/or falling clock edge(s) of core_clk.
Related violations: <none>

TIMING-18#148 Warning
Missing input or output delay  
An input delay is missing on operator_desc_bits_i[109] relative to the rising and/or falling clock edge(s) of core_clk.
Related violations: <none>

TIMING-18#149 Warning
Missing input or output delay  
An input delay is missing on operator_desc_bits_i[10] relative to the rising and/or falling clock edge(s) of core_clk.
Related violations: <none>

TIMING-18#150 Warning
Missing input or output delay  
An input delay is missing on operator_desc_bits_i[110] relative to the rising and/or falling clock edge(s) of core_clk.
Related violations: <none>

TIMING-18#151 Warning
Missing input or output delay  
An input delay is missing on operator_desc_bits_i[111] relative to the rising and/or falling clock edge(s) of core_clk.
Related violations: <none>

TIMING-18#152 Warning
Missing input or output delay  
An input delay is missing on operator_desc_bits_i[112] relative to the rising and/or falling clock edge(s) of core_clk.
Related violations: <none>

TIMING-18#153 Warning
Missing input or output delay  
An input delay is missing on operator_desc_bits_i[113] relative to the rising and/or falling clock edge(s) of core_clk.
Related violations: <none>

TIMING-18#154 Warning
Missing input or output delay  
An input delay is missing on operator_desc_bits_i[114] relative to the rising and/or falling clock edge(s) of core_clk.
Related violations: <none>

TIMING-18#155 Warning
Missing input or output delay  
An input delay is missing on operator_desc_bits_i[115] relative to the rising and/or falling clock edge(s) of core_clk.
Related violations: <none>

TIMING-18#156 Warning
Missing input or output delay  
An input delay is missing on operator_desc_bits_i[116] relative to the rising and/or falling clock edge(s) of core_clk.
Related violations: <none>

TIMING-18#157 Warning
Missing input or output delay  
An input delay is missing on operator_desc_bits_i[117] relative to the rising and/or falling clock edge(s) of core_clk.
Related violations: <none>

TIMING-18#158 Warning
Missing input or output delay  
An input delay is missing on operator_desc_bits_i[118] relative to the rising and/or falling clock edge(s) of core_clk.
Related violations: <none>

TIMING-18#159 Warning
Missing input or output delay  
An input delay is missing on operator_desc_bits_i[119] relative to the rising and/or falling clock edge(s) of core_clk.
Related violations: <none>

TIMING-18#160 Warning
Missing input or output delay  
An input delay is missing on operator_desc_bits_i[11] relative to the rising and/or falling clock edge(s) of core_clk.
Related violations: <none>

TIMING-18#161 Warning
Missing input or output delay  
An input delay is missing on operator_desc_bits_i[120] relative to the rising and/or falling clock edge(s) of core_clk.
Related violations: <none>

TIMING-18#162 Warning
Missing input or output delay  
An input delay is missing on operator_desc_bits_i[121] relative to the rising and/or falling clock edge(s) of core_clk.
Related violations: <none>

TIMING-18#163 Warning
Missing input or output delay  
An input delay is missing on operator_desc_bits_i[122] relative to the rising and/or falling clock edge(s) of core_clk.
Related violations: <none>

TIMING-18#164 Warning
Missing input or output delay  
An input delay is missing on operator_desc_bits_i[123] relative to the rising and/or falling clock edge(s) of core_clk.
Related violations: <none>

TIMING-18#165 Warning
Missing input or output delay  
An input delay is missing on operator_desc_bits_i[124] relative to the rising and/or falling clock edge(s) of core_clk.
Related violations: <none>

TIMING-18#166 Warning
Missing input or output delay  
An input delay is missing on operator_desc_bits_i[125] relative to the rising and/or falling clock edge(s) of core_clk.
Related violations: <none>

TIMING-18#167 Warning
Missing input or output delay  
An input delay is missing on operator_desc_bits_i[126] relative to the rising and/or falling clock edge(s) of core_clk.
Related violations: <none>

TIMING-18#168 Warning
Missing input or output delay  
An input delay is missing on operator_desc_bits_i[127] relative to the rising and/or falling clock edge(s) of core_clk.
Related violations: <none>

TIMING-18#169 Warning
Missing input or output delay  
An input delay is missing on operator_desc_bits_i[128] relative to the rising and/or falling clock edge(s) of core_clk.
Related violations: <none>

TIMING-18#170 Warning
Missing input or output delay  
An input delay is missing on operator_desc_bits_i[129] relative to the rising and/or falling clock edge(s) of core_clk.
Related violations: <none>

TIMING-18#171 Warning
Missing input or output delay  
An input delay is missing on operator_desc_bits_i[12] relative to the rising and/or falling clock edge(s) of core_clk.
Related violations: <none>

TIMING-18#172 Warning
Missing input or output delay  
An input delay is missing on operator_desc_bits_i[130] relative to the rising and/or falling clock edge(s) of core_clk.
Related violations: <none>

TIMING-18#173 Warning
Missing input or output delay  
An input delay is missing on operator_desc_bits_i[131] relative to the rising and/or falling clock edge(s) of core_clk.
Related violations: <none>

TIMING-18#174 Warning
Missing input or output delay  
An input delay is missing on operator_desc_bits_i[132] relative to the rising and/or falling clock edge(s) of core_clk.
Related violations: <none>

TIMING-18#175 Warning
Missing input or output delay  
An input delay is missing on operator_desc_bits_i[133] relative to the rising and/or falling clock edge(s) of core_clk.
Related violations: <none>

TIMING-18#176 Warning
Missing input or output delay  
An input delay is missing on operator_desc_bits_i[134] relative to the rising and/or falling clock edge(s) of core_clk.
Related violations: <none>

TIMING-18#177 Warning
Missing input or output delay  
An input delay is missing on operator_desc_bits_i[135] relative to the rising and/or falling clock edge(s) of core_clk.
Related violations: <none>

TIMING-18#178 Warning
Missing input or output delay  
An input delay is missing on operator_desc_bits_i[136] relative to the rising and/or falling clock edge(s) of core_clk.
Related violations: <none>

TIMING-18#179 Warning
Missing input or output delay  
An input delay is missing on operator_desc_bits_i[137] relative to the rising and/or falling clock edge(s) of core_clk.
Related violations: <none>

TIMING-18#180 Warning
Missing input or output delay  
An input delay is missing on operator_desc_bits_i[138] relative to the rising and/or falling clock edge(s) of core_clk.
Related violations: <none>

TIMING-18#181 Warning
Missing input or output delay  
An input delay is missing on operator_desc_bits_i[139] relative to the rising and/or falling clock edge(s) of core_clk.
Related violations: <none>

TIMING-18#182 Warning
Missing input or output delay  
An input delay is missing on operator_desc_bits_i[13] relative to the rising and/or falling clock edge(s) of core_clk.
Related violations: <none>

TIMING-18#183 Warning
Missing input or output delay  
An input delay is missing on operator_desc_bits_i[140] relative to the rising and/or falling clock edge(s) of core_clk.
Related violations: <none>

TIMING-18#184 Warning
Missing input or output delay  
An input delay is missing on operator_desc_bits_i[141] relative to the rising and/or falling clock edge(s) of core_clk.
Related violations: <none>

TIMING-18#185 Warning
Missing input or output delay  
An input delay is missing on operator_desc_bits_i[142] relative to the rising and/or falling clock edge(s) of core_clk.
Related violations: <none>

TIMING-18#186 Warning
Missing input or output delay  
An input delay is missing on operator_desc_bits_i[143] relative to the rising and/or falling clock edge(s) of core_clk.
Related violations: <none>

TIMING-18#187 Warning
Missing input or output delay  
An input delay is missing on operator_desc_bits_i[144] relative to the rising and/or falling clock edge(s) of core_clk.
Related violations: <none>

TIMING-18#188 Warning
Missing input or output delay  
An input delay is missing on operator_desc_bits_i[145] relative to the rising and/or falling clock edge(s) of core_clk.
Related violations: <none>

TIMING-18#189 Warning
Missing input or output delay  
An input delay is missing on operator_desc_bits_i[146] relative to the rising and/or falling clock edge(s) of core_clk.
Related violations: <none>

TIMING-18#190 Warning
Missing input or output delay  
An input delay is missing on operator_desc_bits_i[147] relative to the rising and/or falling clock edge(s) of core_clk.
Related violations: <none>

TIMING-18#191 Warning
Missing input or output delay  
An input delay is missing on operator_desc_bits_i[148] relative to the rising and/or falling clock edge(s) of core_clk.
Related violations: <none>

TIMING-18#192 Warning
Missing input or output delay  
An input delay is missing on operator_desc_bits_i[149] relative to the rising and/or falling clock edge(s) of core_clk.
Related violations: <none>

TIMING-18#193 Warning
Missing input or output delay  
An input delay is missing on operator_desc_bits_i[14] relative to the rising and/or falling clock edge(s) of core_clk.
Related violations: <none>

TIMING-18#194 Warning
Missing input or output delay  
An input delay is missing on operator_desc_bits_i[150] relative to the rising and/or falling clock edge(s) of core_clk.
Related violations: <none>

TIMING-18#195 Warning
Missing input or output delay  
An input delay is missing on operator_desc_bits_i[151] relative to the rising and/or falling clock edge(s) of core_clk.
Related violations: <none>

TIMING-18#196 Warning
Missing input or output delay  
An input delay is missing on operator_desc_bits_i[152] relative to the rising and/or falling clock edge(s) of core_clk.
Related violations: <none>

TIMING-18#197 Warning
Missing input or output delay  
An input delay is missing on operator_desc_bits_i[153] relative to the rising and/or falling clock edge(s) of core_clk.
Related violations: <none>

TIMING-18#198 Warning
Missing input or output delay  
An input delay is missing on operator_desc_bits_i[154] relative to the rising and/or falling clock edge(s) of core_clk.
Related violations: <none>

TIMING-18#199 Warning
Missing input or output delay  
An input delay is missing on operator_desc_bits_i[155] relative to the rising and/or falling clock edge(s) of core_clk.
Related violations: <none>

TIMING-18#200 Warning
Missing input or output delay  
An input delay is missing on operator_desc_bits_i[156] relative to the rising and/or falling clock edge(s) of core_clk.
Related violations: <none>

TIMING-18#201 Warning
Missing input or output delay  
An input delay is missing on operator_desc_bits_i[157] relative to the rising and/or falling clock edge(s) of core_clk.
Related violations: <none>

TIMING-18#202 Warning
Missing input or output delay  
An input delay is missing on operator_desc_bits_i[158] relative to the rising and/or falling clock edge(s) of core_clk.
Related violations: <none>

TIMING-18#203 Warning
Missing input or output delay  
An input delay is missing on operator_desc_bits_i[159] relative to the rising and/or falling clock edge(s) of core_clk.
Related violations: <none>

TIMING-18#204 Warning
Missing input or output delay  
An input delay is missing on operator_desc_bits_i[15] relative to the rising and/or falling clock edge(s) of core_clk.
Related violations: <none>

TIMING-18#205 Warning
Missing input or output delay  
An input delay is missing on operator_desc_bits_i[160] relative to the rising and/or falling clock edge(s) of core_clk.
Related violations: <none>

TIMING-18#206 Warning
Missing input or output delay  
An input delay is missing on operator_desc_bits_i[161] relative to the rising and/or falling clock edge(s) of core_clk.
Related violations: <none>

TIMING-18#207 Warning
Missing input or output delay  
An input delay is missing on operator_desc_bits_i[162] relative to the rising and/or falling clock edge(s) of core_clk.
Related violations: <none>

TIMING-18#208 Warning
Missing input or output delay  
An input delay is missing on operator_desc_bits_i[163] relative to the rising and/or falling clock edge(s) of core_clk.
Related violations: <none>

TIMING-18#209 Warning
Missing input or output delay  
An input delay is missing on operator_desc_bits_i[164] relative to the rising and/or falling clock edge(s) of core_clk.
Related violations: <none>

TIMING-18#210 Warning
Missing input or output delay  
An input delay is missing on operator_desc_bits_i[165] relative to the rising and/or falling clock edge(s) of core_clk.
Related violations: <none>

TIMING-18#211 Warning
Missing input or output delay  
An input delay is missing on operator_desc_bits_i[166] relative to the rising and/or falling clock edge(s) of core_clk.
Related violations: <none>

TIMING-18#212 Warning
Missing input or output delay  
An input delay is missing on operator_desc_bits_i[167] relative to the rising and/or falling clock edge(s) of core_clk.
Related violations: <none>

TIMING-18#213 Warning
Missing input or output delay  
An input delay is missing on operator_desc_bits_i[168] relative to the rising and/or falling clock edge(s) of core_clk.
Related violations: <none>

TIMING-18#214 Warning
Missing input or output delay  
An input delay is missing on operator_desc_bits_i[169] relative to the rising and/or falling clock edge(s) of core_clk.
Related violations: <none>

TIMING-18#215 Warning
Missing input or output delay  
An input delay is missing on operator_desc_bits_i[16] relative to the rising and/or falling clock edge(s) of core_clk.
Related violations: <none>

TIMING-18#216 Warning
Missing input or output delay  
An input delay is missing on operator_desc_bits_i[170] relative to the rising and/or falling clock edge(s) of core_clk.
Related violations: <none>

TIMING-18#217 Warning
Missing input or output delay  
An input delay is missing on operator_desc_bits_i[171] relative to the rising and/or falling clock edge(s) of core_clk.
Related violations: <none>

TIMING-18#218 Warning
Missing input or output delay  
An input delay is missing on operator_desc_bits_i[172] relative to the rising and/or falling clock edge(s) of core_clk.
Related violations: <none>

TIMING-18#219 Warning
Missing input or output delay  
An input delay is missing on operator_desc_bits_i[173] relative to the rising and/or falling clock edge(s) of core_clk.
Related violations: <none>

TIMING-18#220 Warning
Missing input or output delay  
An input delay is missing on operator_desc_bits_i[174] relative to the rising and/or falling clock edge(s) of core_clk.
Related violations: <none>

TIMING-18#221 Warning
Missing input or output delay  
An input delay is missing on operator_desc_bits_i[175] relative to the rising and/or falling clock edge(s) of core_clk.
Related violations: <none>

TIMING-18#222 Warning
Missing input or output delay  
An input delay is missing on operator_desc_bits_i[176] relative to the rising and/or falling clock edge(s) of core_clk.
Related violations: <none>

TIMING-18#223 Warning
Missing input or output delay  
An input delay is missing on operator_desc_bits_i[177] relative to the rising and/or falling clock edge(s) of core_clk.
Related violations: <none>

TIMING-18#224 Warning
Missing input or output delay  
An input delay is missing on operator_desc_bits_i[178] relative to the rising and/or falling clock edge(s) of core_clk.
Related violations: <none>

TIMING-18#225 Warning
Missing input or output delay  
An input delay is missing on operator_desc_bits_i[179] relative to the rising and/or falling clock edge(s) of core_clk.
Related violations: <none>

TIMING-18#226 Warning
Missing input or output delay  
An input delay is missing on operator_desc_bits_i[17] relative to the rising and/or falling clock edge(s) of core_clk.
Related violations: <none>

TIMING-18#227 Warning
Missing input or output delay  
An input delay is missing on operator_desc_bits_i[180] relative to the rising and/or falling clock edge(s) of core_clk.
Related violations: <none>

TIMING-18#228 Warning
Missing input or output delay  
An input delay is missing on operator_desc_bits_i[181] relative to the rising and/or falling clock edge(s) of core_clk.
Related violations: <none>

TIMING-18#229 Warning
Missing input or output delay  
An input delay is missing on operator_desc_bits_i[182] relative to the rising and/or falling clock edge(s) of core_clk.
Related violations: <none>

TIMING-18#230 Warning
Missing input or output delay  
An input delay is missing on operator_desc_bits_i[183] relative to the rising and/or falling clock edge(s) of core_clk.
Related violations: <none>

TIMING-18#231 Warning
Missing input or output delay  
An input delay is missing on operator_desc_bits_i[184] relative to the rising and/or falling clock edge(s) of core_clk.
Related violations: <none>

TIMING-18#232 Warning
Missing input or output delay  
An input delay is missing on operator_desc_bits_i[185] relative to the rising and/or falling clock edge(s) of core_clk.
Related violations: <none>

TIMING-18#233 Warning
Missing input or output delay  
An input delay is missing on operator_desc_bits_i[186] relative to the rising and/or falling clock edge(s) of core_clk.
Related violations: <none>

TIMING-18#234 Warning
Missing input or output delay  
An input delay is missing on operator_desc_bits_i[187] relative to the rising and/or falling clock edge(s) of core_clk.
Related violations: <none>

TIMING-18#235 Warning
Missing input or output delay  
An input delay is missing on operator_desc_bits_i[188] relative to the rising and/or falling clock edge(s) of core_clk.
Related violations: <none>

TIMING-18#236 Warning
Missing input or output delay  
An input delay is missing on operator_desc_bits_i[189] relative to the rising and/or falling clock edge(s) of core_clk.
Related violations: <none>

TIMING-18#237 Warning
Missing input or output delay  
An input delay is missing on operator_desc_bits_i[18] relative to the rising and/or falling clock edge(s) of core_clk.
Related violations: <none>

TIMING-18#238 Warning
Missing input or output delay  
An input delay is missing on operator_desc_bits_i[190] relative to the rising and/or falling clock edge(s) of core_clk.
Related violations: <none>

TIMING-18#239 Warning
Missing input or output delay  
An input delay is missing on operator_desc_bits_i[191] relative to the rising and/or falling clock edge(s) of core_clk.
Related violations: <none>

TIMING-18#240 Warning
Missing input or output delay  
An input delay is missing on operator_desc_bits_i[192] relative to the rising and/or falling clock edge(s) of core_clk.
Related violations: <none>

TIMING-18#241 Warning
Missing input or output delay  
An input delay is missing on operator_desc_bits_i[193] relative to the rising and/or falling clock edge(s) of core_clk.
Related violations: <none>

TIMING-18#242 Warning
Missing input or output delay  
An input delay is missing on operator_desc_bits_i[194] relative to the rising and/or falling clock edge(s) of core_clk.
Related violations: <none>

TIMING-18#243 Warning
Missing input or output delay  
An input delay is missing on operator_desc_bits_i[195] relative to the rising and/or falling clock edge(s) of core_clk.
Related violations: <none>

TIMING-18#244 Warning
Missing input or output delay  
An input delay is missing on operator_desc_bits_i[196] relative to the rising and/or falling clock edge(s) of core_clk.
Related violations: <none>

TIMING-18#245 Warning
Missing input or output delay  
An input delay is missing on operator_desc_bits_i[197] relative to the rising and/or falling clock edge(s) of core_clk.
Related violations: <none>

TIMING-18#246 Warning
Missing input or output delay  
An input delay is missing on operator_desc_bits_i[198] relative to the rising and/or falling clock edge(s) of core_clk.
Related violations: <none>

TIMING-18#247 Warning
Missing input or output delay  
An input delay is missing on operator_desc_bits_i[199] relative to the rising and/or falling clock edge(s) of core_clk.
Related violations: <none>

TIMING-18#248 Warning
Missing input or output delay  
An input delay is missing on operator_desc_bits_i[19] relative to the rising and/or falling clock edge(s) of core_clk.
Related violations: <none>

TIMING-18#249 Warning
Missing input or output delay  
An input delay is missing on operator_desc_bits_i[1] relative to the rising and/or falling clock edge(s) of core_clk.
Related violations: <none>

TIMING-18#250 Warning
Missing input or output delay  
An input delay is missing on operator_desc_bits_i[200] relative to the rising and/or falling clock edge(s) of core_clk.
Related violations: <none>

TIMING-18#251 Warning
Missing input or output delay  
An input delay is missing on operator_desc_bits_i[201] relative to the rising and/or falling clock edge(s) of core_clk.
Related violations: <none>

TIMING-18#252 Warning
Missing input or output delay  
An input delay is missing on operator_desc_bits_i[202] relative to the rising and/or falling clock edge(s) of core_clk.
Related violations: <none>

TIMING-18#253 Warning
Missing input or output delay  
An input delay is missing on operator_desc_bits_i[203] relative to the rising and/or falling clock edge(s) of core_clk.
Related violations: <none>

TIMING-18#254 Warning
Missing input or output delay  
An input delay is missing on operator_desc_bits_i[204] relative to the rising and/or falling clock edge(s) of core_clk.
Related violations: <none>

TIMING-18#255 Warning
Missing input or output delay  
An input delay is missing on operator_desc_bits_i[205] relative to the rising and/or falling clock edge(s) of core_clk.
Related violations: <none>

TIMING-18#256 Warning
Missing input or output delay  
An input delay is missing on operator_desc_bits_i[206] relative to the rising and/or falling clock edge(s) of core_clk.
Related violations: <none>

TIMING-18#257 Warning
Missing input or output delay  
An input delay is missing on operator_desc_bits_i[207] relative to the rising and/or falling clock edge(s) of core_clk.
Related violations: <none>

TIMING-18#258 Warning
Missing input or output delay  
An input delay is missing on operator_desc_bits_i[208] relative to the rising and/or falling clock edge(s) of core_clk.
Related violations: <none>

TIMING-18#259 Warning
Missing input or output delay  
An input delay is missing on operator_desc_bits_i[209] relative to the rising and/or falling clock edge(s) of core_clk.
Related violations: <none>

TIMING-18#260 Warning
Missing input or output delay  
An input delay is missing on operator_desc_bits_i[20] relative to the rising and/or falling clock edge(s) of core_clk.
Related violations: <none>

TIMING-18#261 Warning
Missing input or output delay  
An input delay is missing on operator_desc_bits_i[210] relative to the rising and/or falling clock edge(s) of core_clk.
Related violations: <none>

TIMING-18#262 Warning
Missing input or output delay  
An input delay is missing on operator_desc_bits_i[211] relative to the rising and/or falling clock edge(s) of core_clk.
Related violations: <none>

TIMING-18#263 Warning
Missing input or output delay  
An input delay is missing on operator_desc_bits_i[212] relative to the rising and/or falling clock edge(s) of core_clk.
Related violations: <none>

TIMING-18#264 Warning
Missing input or output delay  
An input delay is missing on operator_desc_bits_i[213] relative to the rising and/or falling clock edge(s) of core_clk.
Related violations: <none>

TIMING-18#265 Warning
Missing input or output delay  
An input delay is missing on operator_desc_bits_i[214] relative to the rising and/or falling clock edge(s) of core_clk.
Related violations: <none>

TIMING-18#266 Warning
Missing input or output delay  
An input delay is missing on operator_desc_bits_i[215] relative to the rising and/or falling clock edge(s) of core_clk.
Related violations: <none>

TIMING-18#267 Warning
Missing input or output delay  
An input delay is missing on operator_desc_bits_i[216] relative to the rising and/or falling clock edge(s) of core_clk.
Related violations: <none>

TIMING-18#268 Warning
Missing input or output delay  
An input delay is missing on operator_desc_bits_i[217] relative to the rising and/or falling clock edge(s) of core_clk.
Related violations: <none>

TIMING-18#269 Warning
Missing input or output delay  
An input delay is missing on operator_desc_bits_i[218] relative to the rising and/or falling clock edge(s) of core_clk.
Related violations: <none>

TIMING-18#270 Warning
Missing input or output delay  
An input delay is missing on operator_desc_bits_i[219] relative to the rising and/or falling clock edge(s) of core_clk.
Related violations: <none>

TIMING-18#271 Warning
Missing input or output delay  
An input delay is missing on operator_desc_bits_i[21] relative to the rising and/or falling clock edge(s) of core_clk.
Related violations: <none>

TIMING-18#272 Warning
Missing input or output delay  
An input delay is missing on operator_desc_bits_i[220] relative to the rising and/or falling clock edge(s) of core_clk.
Related violations: <none>

TIMING-18#273 Warning
Missing input or output delay  
An input delay is missing on operator_desc_bits_i[221] relative to the rising and/or falling clock edge(s) of core_clk.
Related violations: <none>

TIMING-18#274 Warning
Missing input or output delay  
An input delay is missing on operator_desc_bits_i[222] relative to the rising and/or falling clock edge(s) of core_clk.
Related violations: <none>

TIMING-18#275 Warning
Missing input or output delay  
An input delay is missing on operator_desc_bits_i[223] relative to the rising and/or falling clock edge(s) of core_clk.
Related violations: <none>

TIMING-18#276 Warning
Missing input or output delay  
An input delay is missing on operator_desc_bits_i[224] relative to the rising and/or falling clock edge(s) of core_clk.
Related violations: <none>

TIMING-18#277 Warning
Missing input or output delay  
An input delay is missing on operator_desc_bits_i[225] relative to the rising and/or falling clock edge(s) of core_clk.
Related violations: <none>

TIMING-18#278 Warning
Missing input or output delay  
An input delay is missing on operator_desc_bits_i[226] relative to the rising and/or falling clock edge(s) of core_clk.
Related violations: <none>

TIMING-18#279 Warning
Missing input or output delay  
An input delay is missing on operator_desc_bits_i[227] relative to the rising and/or falling clock edge(s) of core_clk.
Related violations: <none>

TIMING-18#280 Warning
Missing input or output delay  
An input delay is missing on operator_desc_bits_i[228] relative to the rising and/or falling clock edge(s) of core_clk.
Related violations: <none>

TIMING-18#281 Warning
Missing input or output delay  
An input delay is missing on operator_desc_bits_i[229] relative to the rising and/or falling clock edge(s) of core_clk.
Related violations: <none>

TIMING-18#282 Warning
Missing input or output delay  
An input delay is missing on operator_desc_bits_i[22] relative to the rising and/or falling clock edge(s) of core_clk.
Related violations: <none>

TIMING-18#283 Warning
Missing input or output delay  
An input delay is missing on operator_desc_bits_i[230] relative to the rising and/or falling clock edge(s) of core_clk.
Related violations: <none>

TIMING-18#284 Warning
Missing input or output delay  
An input delay is missing on operator_desc_bits_i[231] relative to the rising and/or falling clock edge(s) of core_clk.
Related violations: <none>

TIMING-18#285 Warning
Missing input or output delay  
An input delay is missing on operator_desc_bits_i[232] relative to the rising and/or falling clock edge(s) of core_clk.
Related violations: <none>

TIMING-18#286 Warning
Missing input or output delay  
An input delay is missing on operator_desc_bits_i[233] relative to the rising and/or falling clock edge(s) of core_clk.
Related violations: <none>

TIMING-18#287 Warning
Missing input or output delay  
An input delay is missing on operator_desc_bits_i[234] relative to the rising and/or falling clock edge(s) of core_clk.
Related violations: <none>

TIMING-18#288 Warning
Missing input or output delay  
An input delay is missing on operator_desc_bits_i[235] relative to the rising and/or falling clock edge(s) of core_clk.
Related violations: <none>

TIMING-18#289 Warning
Missing input or output delay  
An input delay is missing on operator_desc_bits_i[236] relative to the rising and/or falling clock edge(s) of core_clk.
Related violations: <none>

TIMING-18#290 Warning
Missing input or output delay  
An input delay is missing on operator_desc_bits_i[237] relative to the rising and/or falling clock edge(s) of core_clk.
Related violations: <none>

TIMING-18#291 Warning
Missing input or output delay  
An input delay is missing on operator_desc_bits_i[238] relative to the rising and/or falling clock edge(s) of core_clk.
Related violations: <none>

TIMING-18#292 Warning
Missing input or output delay  
An input delay is missing on operator_desc_bits_i[239] relative to the rising and/or falling clock edge(s) of core_clk.
Related violations: <none>

TIMING-18#293 Warning
Missing input or output delay  
An input delay is missing on operator_desc_bits_i[23] relative to the rising and/or falling clock edge(s) of core_clk.
Related violations: <none>

TIMING-18#294 Warning
Missing input or output delay  
An input delay is missing on operator_desc_bits_i[240] relative to the rising and/or falling clock edge(s) of core_clk.
Related violations: <none>

TIMING-18#295 Warning
Missing input or output delay  
An input delay is missing on operator_desc_bits_i[241] relative to the rising and/or falling clock edge(s) of core_clk.
Related violations: <none>

TIMING-18#296 Warning
Missing input or output delay  
An input delay is missing on operator_desc_bits_i[242] relative to the rising and/or falling clock edge(s) of core_clk.
Related violations: <none>

TIMING-18#297 Warning
Missing input or output delay  
An input delay is missing on operator_desc_bits_i[243] relative to the rising and/or falling clock edge(s) of core_clk.
Related violations: <none>

TIMING-18#298 Warning
Missing input or output delay  
An input delay is missing on operator_desc_bits_i[244] relative to the rising and/or falling clock edge(s) of core_clk.
Related violations: <none>

TIMING-18#299 Warning
Missing input or output delay  
An input delay is missing on operator_desc_bits_i[245] relative to the rising and/or falling clock edge(s) of core_clk.
Related violations: <none>

TIMING-18#300 Warning
Missing input or output delay  
An input delay is missing on operator_desc_bits_i[246] relative to the rising and/or falling clock edge(s) of core_clk.
Related violations: <none>

TIMING-18#301 Warning
Missing input or output delay  
An input delay is missing on operator_desc_bits_i[247] relative to the rising and/or falling clock edge(s) of core_clk.
Related violations: <none>

TIMING-18#302 Warning
Missing input or output delay  
An input delay is missing on operator_desc_bits_i[248] relative to the rising and/or falling clock edge(s) of core_clk.
Related violations: <none>

TIMING-18#303 Warning
Missing input or output delay  
An input delay is missing on operator_desc_bits_i[249] relative to the rising and/or falling clock edge(s) of core_clk.
Related violations: <none>

TIMING-18#304 Warning
Missing input or output delay  
An input delay is missing on operator_desc_bits_i[24] relative to the rising and/or falling clock edge(s) of core_clk.
Related violations: <none>

TIMING-18#305 Warning
Missing input or output delay  
An input delay is missing on operator_desc_bits_i[250] relative to the rising and/or falling clock edge(s) of core_clk.
Related violations: <none>

TIMING-18#306 Warning
Missing input or output delay  
An input delay is missing on operator_desc_bits_i[251] relative to the rising and/or falling clock edge(s) of core_clk.
Related violations: <none>

TIMING-18#307 Warning
Missing input or output delay  
An input delay is missing on operator_desc_bits_i[252] relative to the rising and/or falling clock edge(s) of core_clk.
Related violations: <none>

TIMING-18#308 Warning
Missing input or output delay  
An input delay is missing on operator_desc_bits_i[253] relative to the rising and/or falling clock edge(s) of core_clk.
Related violations: <none>

TIMING-18#309 Warning
Missing input or output delay  
An input delay is missing on operator_desc_bits_i[254] relative to the rising and/or falling clock edge(s) of core_clk.
Related violations: <none>

TIMING-18#310 Warning
Missing input or output delay  
An input delay is missing on operator_desc_bits_i[255] relative to the rising and/or falling clock edge(s) of core_clk.
Related violations: <none>

TIMING-18#311 Warning
Missing input or output delay  
An input delay is missing on operator_desc_bits_i[256] relative to the rising and/or falling clock edge(s) of core_clk.
Related violations: <none>

TIMING-18#312 Warning
Missing input or output delay  
An input delay is missing on operator_desc_bits_i[257] relative to the rising and/or falling clock edge(s) of core_clk.
Related violations: <none>

TIMING-18#313 Warning
Missing input or output delay  
An input delay is missing on operator_desc_bits_i[258] relative to the rising and/or falling clock edge(s) of core_clk.
Related violations: <none>

TIMING-18#314 Warning
Missing input or output delay  
An input delay is missing on operator_desc_bits_i[259] relative to the rising and/or falling clock edge(s) of core_clk.
Related violations: <none>

TIMING-18#315 Warning
Missing input or output delay  
An input delay is missing on operator_desc_bits_i[25] relative to the rising and/or falling clock edge(s) of core_clk.
Related violations: <none>

TIMING-18#316 Warning
Missing input or output delay  
An input delay is missing on operator_desc_bits_i[260] relative to the rising and/or falling clock edge(s) of core_clk.
Related violations: <none>

TIMING-18#317 Warning
Missing input or output delay  
An input delay is missing on operator_desc_bits_i[261] relative to the rising and/or falling clock edge(s) of core_clk.
Related violations: <none>

TIMING-18#318 Warning
Missing input or output delay  
An input delay is missing on operator_desc_bits_i[262] relative to the rising and/or falling clock edge(s) of core_clk.
Related violations: <none>

TIMING-18#319 Warning
Missing input or output delay  
An input delay is missing on operator_desc_bits_i[263] relative to the rising and/or falling clock edge(s) of core_clk.
Related violations: <none>

TIMING-18#320 Warning
Missing input or output delay  
An input delay is missing on operator_desc_bits_i[264] relative to the rising and/or falling clock edge(s) of core_clk.
Related violations: <none>

TIMING-18#321 Warning
Missing input or output delay  
An input delay is missing on operator_desc_bits_i[265] relative to the rising and/or falling clock edge(s) of core_clk.
Related violations: <none>

TIMING-18#322 Warning
Missing input or output delay  
An input delay is missing on operator_desc_bits_i[266] relative to the rising and/or falling clock edge(s) of core_clk.
Related violations: <none>

TIMING-18#323 Warning
Missing input or output delay  
An input delay is missing on operator_desc_bits_i[267] relative to the rising and/or falling clock edge(s) of core_clk.
Related violations: <none>

TIMING-18#324 Warning
Missing input or output delay  
An input delay is missing on operator_desc_bits_i[268] relative to the rising and/or falling clock edge(s) of core_clk.
Related violations: <none>

TIMING-18#325 Warning
Missing input or output delay  
An input delay is missing on operator_desc_bits_i[269] relative to the rising and/or falling clock edge(s) of core_clk.
Related violations: <none>

TIMING-18#326 Warning
Missing input or output delay  
An input delay is missing on operator_desc_bits_i[26] relative to the rising and/or falling clock edge(s) of core_clk.
Related violations: <none>

TIMING-18#327 Warning
Missing input or output delay  
An input delay is missing on operator_desc_bits_i[270] relative to the rising and/or falling clock edge(s) of core_clk.
Related violations: <none>

TIMING-18#328 Warning
Missing input or output delay  
An input delay is missing on operator_desc_bits_i[271] relative to the rising and/or falling clock edge(s) of core_clk.
Related violations: <none>

TIMING-18#329 Warning
Missing input or output delay  
An input delay is missing on operator_desc_bits_i[272] relative to the rising and/or falling clock edge(s) of core_clk.
Related violations: <none>

TIMING-18#330 Warning
Missing input or output delay  
An input delay is missing on operator_desc_bits_i[273] relative to the rising and/or falling clock edge(s) of core_clk.
Related violations: <none>

TIMING-18#331 Warning
Missing input or output delay  
An input delay is missing on operator_desc_bits_i[274] relative to the rising and/or falling clock edge(s) of core_clk.
Related violations: <none>

TIMING-18#332 Warning
Missing input or output delay  
An input delay is missing on operator_desc_bits_i[275] relative to the rising and/or falling clock edge(s) of core_clk.
Related violations: <none>

TIMING-18#333 Warning
Missing input or output delay  
An input delay is missing on operator_desc_bits_i[276] relative to the rising and/or falling clock edge(s) of core_clk.
Related violations: <none>

TIMING-18#334 Warning
Missing input or output delay  
An input delay is missing on operator_desc_bits_i[277] relative to the rising and/or falling clock edge(s) of core_clk.
Related violations: <none>

TIMING-18#335 Warning
Missing input or output delay  
An input delay is missing on operator_desc_bits_i[278] relative to the rising and/or falling clock edge(s) of core_clk.
Related violations: <none>

TIMING-18#336 Warning
Missing input or output delay  
An input delay is missing on operator_desc_bits_i[279] relative to the rising and/or falling clock edge(s) of core_clk.
Related violations: <none>

TIMING-18#337 Warning
Missing input or output delay  
An input delay is missing on operator_desc_bits_i[27] relative to the rising and/or falling clock edge(s) of core_clk.
Related violations: <none>

TIMING-18#338 Warning
Missing input or output delay  
An input delay is missing on operator_desc_bits_i[280] relative to the rising and/or falling clock edge(s) of core_clk.
Related violations: <none>

TIMING-18#339 Warning
Missing input or output delay  
An input delay is missing on operator_desc_bits_i[281] relative to the rising and/or falling clock edge(s) of core_clk.
Related violations: <none>

TIMING-18#340 Warning
Missing input or output delay  
An input delay is missing on operator_desc_bits_i[282] relative to the rising and/or falling clock edge(s) of core_clk.
Related violations: <none>

TIMING-18#341 Warning
Missing input or output delay  
An input delay is missing on operator_desc_bits_i[283] relative to the rising and/or falling clock edge(s) of core_clk.
Related violations: <none>

TIMING-18#342 Warning
Missing input or output delay  
An input delay is missing on operator_desc_bits_i[284] relative to the rising and/or falling clock edge(s) of core_clk.
Related violations: <none>

TIMING-18#343 Warning
Missing input or output delay  
An input delay is missing on operator_desc_bits_i[285] relative to the rising and/or falling clock edge(s) of core_clk.
Related violations: <none>

TIMING-18#344 Warning
Missing input or output delay  
An input delay is missing on operator_desc_bits_i[286] relative to the rising and/or falling clock edge(s) of core_clk.
Related violations: <none>

TIMING-18#345 Warning
Missing input or output delay  
An input delay is missing on operator_desc_bits_i[287] relative to the rising and/or falling clock edge(s) of core_clk.
Related violations: <none>

TIMING-18#346 Warning
Missing input or output delay  
An input delay is missing on operator_desc_bits_i[288] relative to the rising and/or falling clock edge(s) of core_clk.
Related violations: <none>

TIMING-18#347 Warning
Missing input or output delay  
An input delay is missing on operator_desc_bits_i[289] relative to the rising and/or falling clock edge(s) of core_clk.
Related violations: <none>

TIMING-18#348 Warning
Missing input or output delay  
An input delay is missing on operator_desc_bits_i[28] relative to the rising and/or falling clock edge(s) of core_clk.
Related violations: <none>

TIMING-18#349 Warning
Missing input or output delay  
An input delay is missing on operator_desc_bits_i[290] relative to the rising and/or falling clock edge(s) of core_clk.
Related violations: <none>

TIMING-18#350 Warning
Missing input or output delay  
An input delay is missing on operator_desc_bits_i[291] relative to the rising and/or falling clock edge(s) of core_clk.
Related violations: <none>

TIMING-18#351 Warning
Missing input or output delay  
An input delay is missing on operator_desc_bits_i[292] relative to the rising and/or falling clock edge(s) of core_clk.
Related violations: <none>

TIMING-18#352 Warning
Missing input or output delay  
An input delay is missing on operator_desc_bits_i[293] relative to the rising and/or falling clock edge(s) of core_clk.
Related violations: <none>

TIMING-18#353 Warning
Missing input or output delay  
An input delay is missing on operator_desc_bits_i[294] relative to the rising and/or falling clock edge(s) of core_clk.
Related violations: <none>

TIMING-18#354 Warning
Missing input or output delay  
An input delay is missing on operator_desc_bits_i[295] relative to the rising and/or falling clock edge(s) of core_clk.
Related violations: <none>

TIMING-18#355 Warning
Missing input or output delay  
An input delay is missing on operator_desc_bits_i[296] relative to the rising and/or falling clock edge(s) of core_clk.
Related violations: <none>

TIMING-18#356 Warning
Missing input or output delay  
An input delay is missing on operator_desc_bits_i[297] relative to the rising and/or falling clock edge(s) of core_clk.
Related violations: <none>

TIMING-18#357 Warning
Missing input or output delay  
An input delay is missing on operator_desc_bits_i[298] relative to the rising and/or falling clock edge(s) of core_clk.
Related violations: <none>

TIMING-18#358 Warning
Missing input or output delay  
An input delay is missing on operator_desc_bits_i[299] relative to the rising and/or falling clock edge(s) of core_clk.
Related violations: <none>

TIMING-18#359 Warning
Missing input or output delay  
An input delay is missing on operator_desc_bits_i[29] relative to the rising and/or falling clock edge(s) of core_clk.
Related violations: <none>

TIMING-18#360 Warning
Missing input or output delay  
An input delay is missing on operator_desc_bits_i[2] relative to the rising and/or falling clock edge(s) of core_clk.
Related violations: <none>

TIMING-18#361 Warning
Missing input or output delay  
An input delay is missing on operator_desc_bits_i[300] relative to the rising and/or falling clock edge(s) of core_clk.
Related violations: <none>

TIMING-18#362 Warning
Missing input or output delay  
An input delay is missing on operator_desc_bits_i[301] relative to the rising and/or falling clock edge(s) of core_clk.
Related violations: <none>

TIMING-18#363 Warning
Missing input or output delay  
An input delay is missing on operator_desc_bits_i[302] relative to the rising and/or falling clock edge(s) of core_clk.
Related violations: <none>

TIMING-18#364 Warning
Missing input or output delay  
An input delay is missing on operator_desc_bits_i[303] relative to the rising and/or falling clock edge(s) of core_clk.
Related violations: <none>

TIMING-18#365 Warning
Missing input or output delay  
An input delay is missing on operator_desc_bits_i[304] relative to the rising and/or falling clock edge(s) of core_clk.
Related violations: <none>

TIMING-18#366 Warning
Missing input or output delay  
An input delay is missing on operator_desc_bits_i[305] relative to the rising and/or falling clock edge(s) of core_clk.
Related violations: <none>

TIMING-18#367 Warning
Missing input or output delay  
An input delay is missing on operator_desc_bits_i[306] relative to the rising and/or falling clock edge(s) of core_clk.
Related violations: <none>

TIMING-18#368 Warning
Missing input or output delay  
An input delay is missing on operator_desc_bits_i[307] relative to the rising and/or falling clock edge(s) of core_clk.
Related violations: <none>

TIMING-18#369 Warning
Missing input or output delay  
An input delay is missing on operator_desc_bits_i[308] relative to the rising and/or falling clock edge(s) of core_clk.
Related violations: <none>

TIMING-18#370 Warning
Missing input or output delay  
An input delay is missing on operator_desc_bits_i[309] relative to the rising and/or falling clock edge(s) of core_clk.
Related violations: <none>

TIMING-18#371 Warning
Missing input or output delay  
An input delay is missing on operator_desc_bits_i[30] relative to the rising and/or falling clock edge(s) of core_clk.
Related violations: <none>

TIMING-18#372 Warning
Missing input or output delay  
An input delay is missing on operator_desc_bits_i[310] relative to the rising and/or falling clock edge(s) of core_clk.
Related violations: <none>

TIMING-18#373 Warning
Missing input or output delay  
An input delay is missing on operator_desc_bits_i[311] relative to the rising and/or falling clock edge(s) of core_clk.
Related violations: <none>

TIMING-18#374 Warning
Missing input or output delay  
An input delay is missing on operator_desc_bits_i[312] relative to the rising and/or falling clock edge(s) of core_clk.
Related violations: <none>

TIMING-18#375 Warning
Missing input or output delay  
An input delay is missing on operator_desc_bits_i[313] relative to the rising and/or falling clock edge(s) of core_clk.
Related violations: <none>

TIMING-18#376 Warning
Missing input or output delay  
An input delay is missing on operator_desc_bits_i[314] relative to the rising and/or falling clock edge(s) of core_clk.
Related violations: <none>

TIMING-18#377 Warning
Missing input or output delay  
An input delay is missing on operator_desc_bits_i[315] relative to the rising and/or falling clock edge(s) of core_clk.
Related violations: <none>

TIMING-18#378 Warning
Missing input or output delay  
An input delay is missing on operator_desc_bits_i[316] relative to the rising and/or falling clock edge(s) of core_clk.
Related violations: <none>

TIMING-18#379 Warning
Missing input or output delay  
An input delay is missing on operator_desc_bits_i[317] relative to the rising and/or falling clock edge(s) of core_clk.
Related violations: <none>

TIMING-18#380 Warning
Missing input or output delay  
An input delay is missing on operator_desc_bits_i[318] relative to the rising and/or falling clock edge(s) of core_clk.
Related violations: <none>

TIMING-18#381 Warning
Missing input or output delay  
An input delay is missing on operator_desc_bits_i[319] relative to the rising and/or falling clock edge(s) of core_clk.
Related violations: <none>

TIMING-18#382 Warning
Missing input or output delay  
An input delay is missing on operator_desc_bits_i[31] relative to the rising and/or falling clock edge(s) of core_clk.
Related violations: <none>

TIMING-18#383 Warning
Missing input or output delay  
An input delay is missing on operator_desc_bits_i[320] relative to the rising and/or falling clock edge(s) of core_clk.
Related violations: <none>

TIMING-18#384 Warning
Missing input or output delay  
An input delay is missing on operator_desc_bits_i[321] relative to the rising and/or falling clock edge(s) of core_clk.
Related violations: <none>

TIMING-18#385 Warning
Missing input or output delay  
An input delay is missing on operator_desc_bits_i[322] relative to the rising and/or falling clock edge(s) of core_clk.
Related violations: <none>

TIMING-18#386 Warning
Missing input or output delay  
An input delay is missing on operator_desc_bits_i[323] relative to the rising and/or falling clock edge(s) of core_clk.
Related violations: <none>

TIMING-18#387 Warning
Missing input or output delay  
An input delay is missing on operator_desc_bits_i[324] relative to the rising and/or falling clock edge(s) of core_clk.
Related violations: <none>

TIMING-18#388 Warning
Missing input or output delay  
An input delay is missing on operator_desc_bits_i[325] relative to the rising and/or falling clock edge(s) of core_clk.
Related violations: <none>

TIMING-18#389 Warning
Missing input or output delay  
An input delay is missing on operator_desc_bits_i[326] relative to the rising and/or falling clock edge(s) of core_clk.
Related violations: <none>

TIMING-18#390 Warning
Missing input or output delay  
An input delay is missing on operator_desc_bits_i[327] relative to the rising and/or falling clock edge(s) of core_clk.
Related violations: <none>

TIMING-18#391 Warning
Missing input or output delay  
An input delay is missing on operator_desc_bits_i[328] relative to the rising and/or falling clock edge(s) of core_clk.
Related violations: <none>

TIMING-18#392 Warning
Missing input or output delay  
An input delay is missing on operator_desc_bits_i[329] relative to the rising and/or falling clock edge(s) of core_clk.
Related violations: <none>

TIMING-18#393 Warning
Missing input or output delay  
An input delay is missing on operator_desc_bits_i[32] relative to the rising and/or falling clock edge(s) of core_clk.
Related violations: <none>

TIMING-18#394 Warning
Missing input or output delay  
An input delay is missing on operator_desc_bits_i[330] relative to the rising and/or falling clock edge(s) of core_clk.
Related violations: <none>

TIMING-18#395 Warning
Missing input or output delay  
An input delay is missing on operator_desc_bits_i[331] relative to the rising and/or falling clock edge(s) of core_clk.
Related violations: <none>

TIMING-18#396 Warning
Missing input or output delay  
An input delay is missing on operator_desc_bits_i[332] relative to the rising and/or falling clock edge(s) of core_clk.
Related violations: <none>

TIMING-18#397 Warning
Missing input or output delay  
An input delay is missing on operator_desc_bits_i[333] relative to the rising and/or falling clock edge(s) of core_clk.
Related violations: <none>

TIMING-18#398 Warning
Missing input or output delay  
An input delay is missing on operator_desc_bits_i[334] relative to the rising and/or falling clock edge(s) of core_clk.
Related violations: <none>

TIMING-18#399 Warning
Missing input or output delay  
An input delay is missing on operator_desc_bits_i[335] relative to the rising and/or falling clock edge(s) of core_clk.
Related violations: <none>

TIMING-18#400 Warning
Missing input or output delay  
An input delay is missing on operator_desc_bits_i[336] relative to the rising and/or falling clock edge(s) of core_clk.
Related violations: <none>

TIMING-18#401 Warning
Missing input or output delay  
An input delay is missing on operator_desc_bits_i[337] relative to the rising and/or falling clock edge(s) of core_clk.
Related violations: <none>

TIMING-18#402 Warning
Missing input or output delay  
An input delay is missing on operator_desc_bits_i[338] relative to the rising and/or falling clock edge(s) of core_clk.
Related violations: <none>

TIMING-18#403 Warning
Missing input or output delay  
An input delay is missing on operator_desc_bits_i[339] relative to the rising and/or falling clock edge(s) of core_clk.
Related violations: <none>

TIMING-18#404 Warning
Missing input or output delay  
An input delay is missing on operator_desc_bits_i[33] relative to the rising and/or falling clock edge(s) of core_clk.
Related violations: <none>

TIMING-18#405 Warning
Missing input or output delay  
An input delay is missing on operator_desc_bits_i[340] relative to the rising and/or falling clock edge(s) of core_clk.
Related violations: <none>

TIMING-18#406 Warning
Missing input or output delay  
An input delay is missing on operator_desc_bits_i[341] relative to the rising and/or falling clock edge(s) of core_clk.
Related violations: <none>

TIMING-18#407 Warning
Missing input or output delay  
An input delay is missing on operator_desc_bits_i[342] relative to the rising and/or falling clock edge(s) of core_clk.
Related violations: <none>

TIMING-18#408 Warning
Missing input or output delay  
An input delay is missing on operator_desc_bits_i[343] relative to the rising and/or falling clock edge(s) of core_clk.
Related violations: <none>

TIMING-18#409 Warning
Missing input or output delay  
An input delay is missing on operator_desc_bits_i[344] relative to the rising and/or falling clock edge(s) of core_clk.
Related violations: <none>

TIMING-18#410 Warning
Missing input or output delay  
An input delay is missing on operator_desc_bits_i[345] relative to the rising and/or falling clock edge(s) of core_clk.
Related violations: <none>

TIMING-18#411 Warning
Missing input or output delay  
An input delay is missing on operator_desc_bits_i[346] relative to the rising and/or falling clock edge(s) of core_clk.
Related violations: <none>

TIMING-18#412 Warning
Missing input or output delay  
An input delay is missing on operator_desc_bits_i[347] relative to the rising and/or falling clock edge(s) of core_clk.
Related violations: <none>

TIMING-18#413 Warning
Missing input or output delay  
An input delay is missing on operator_desc_bits_i[348] relative to the rising and/or falling clock edge(s) of core_clk.
Related violations: <none>

TIMING-18#414 Warning
Missing input or output delay  
An input delay is missing on operator_desc_bits_i[349] relative to the rising and/or falling clock edge(s) of core_clk.
Related violations: <none>

TIMING-18#415 Warning
Missing input or output delay  
An input delay is missing on operator_desc_bits_i[34] relative to the rising and/or falling clock edge(s) of core_clk.
Related violations: <none>

TIMING-18#416 Warning
Missing input or output delay  
An input delay is missing on operator_desc_bits_i[350] relative to the rising and/or falling clock edge(s) of core_clk.
Related violations: <none>

TIMING-18#417 Warning
Missing input or output delay  
An input delay is missing on operator_desc_bits_i[351] relative to the rising and/or falling clock edge(s) of core_clk.
Related violations: <none>

TIMING-18#418 Warning
Missing input or output delay  
An input delay is missing on operator_desc_bits_i[352] relative to the rising and/or falling clock edge(s) of core_clk.
Related violations: <none>

TIMING-18#419 Warning
Missing input or output delay  
An input delay is missing on operator_desc_bits_i[353] relative to the rising and/or falling clock edge(s) of core_clk.
Related violations: <none>

TIMING-18#420 Warning
Missing input or output delay  
An input delay is missing on operator_desc_bits_i[354] relative to the rising and/or falling clock edge(s) of core_clk.
Related violations: <none>

TIMING-18#421 Warning
Missing input or output delay  
An input delay is missing on operator_desc_bits_i[355] relative to the rising and/or falling clock edge(s) of core_clk.
Related violations: <none>

TIMING-18#422 Warning
Missing input or output delay  
An input delay is missing on operator_desc_bits_i[356] relative to the rising and/or falling clock edge(s) of core_clk.
Related violations: <none>

TIMING-18#423 Warning
Missing input or output delay  
An input delay is missing on operator_desc_bits_i[357] relative to the rising and/or falling clock edge(s) of core_clk.
Related violations: <none>

TIMING-18#424 Warning
Missing input or output delay  
An input delay is missing on operator_desc_bits_i[358] relative to the rising and/or falling clock edge(s) of core_clk.
Related violations: <none>

TIMING-18#425 Warning
Missing input or output delay  
An input delay is missing on operator_desc_bits_i[359] relative to the rising and/or falling clock edge(s) of core_clk.
Related violations: <none>

TIMING-18#426 Warning
Missing input or output delay  
An input delay is missing on operator_desc_bits_i[35] relative to the rising and/or falling clock edge(s) of core_clk.
Related violations: <none>

TIMING-18#427 Warning
Missing input or output delay  
An input delay is missing on operator_desc_bits_i[360] relative to the rising and/or falling clock edge(s) of core_clk.
Related violations: <none>

TIMING-18#428 Warning
Missing input or output delay  
An input delay is missing on operator_desc_bits_i[361] relative to the rising and/or falling clock edge(s) of core_clk.
Related violations: <none>

TIMING-18#429 Warning
Missing input or output delay  
An input delay is missing on operator_desc_bits_i[362] relative to the rising and/or falling clock edge(s) of core_clk.
Related violations: <none>

TIMING-18#430 Warning
Missing input or output delay  
An input delay is missing on operator_desc_bits_i[363] relative to the rising and/or falling clock edge(s) of core_clk.
Related violations: <none>

TIMING-18#431 Warning
Missing input or output delay  
An input delay is missing on operator_desc_bits_i[364] relative to the rising and/or falling clock edge(s) of core_clk.
Related violations: <none>

TIMING-18#432 Warning
Missing input or output delay  
An input delay is missing on operator_desc_bits_i[365] relative to the rising and/or falling clock edge(s) of core_clk.
Related violations: <none>

TIMING-18#433 Warning
Missing input or output delay  
An input delay is missing on operator_desc_bits_i[366] relative to the rising and/or falling clock edge(s) of core_clk.
Related violations: <none>

TIMING-18#434 Warning
Missing input or output delay  
An input delay is missing on operator_desc_bits_i[367] relative to the rising and/or falling clock edge(s) of core_clk.
Related violations: <none>

TIMING-18#435 Warning
Missing input or output delay  
An input delay is missing on operator_desc_bits_i[368] relative to the rising and/or falling clock edge(s) of core_clk.
Related violations: <none>

TIMING-18#436 Warning
Missing input or output delay  
An input delay is missing on operator_desc_bits_i[369] relative to the rising and/or falling clock edge(s) of core_clk.
Related violations: <none>

TIMING-18#437 Warning
Missing input or output delay  
An input delay is missing on operator_desc_bits_i[36] relative to the rising and/or falling clock edge(s) of core_clk.
Related violations: <none>

TIMING-18#438 Warning
Missing input or output delay  
An input delay is missing on operator_desc_bits_i[370] relative to the rising and/or falling clock edge(s) of core_clk.
Related violations: <none>

TIMING-18#439 Warning
Missing input or output delay  
An input delay is missing on operator_desc_bits_i[371] relative to the rising and/or falling clock edge(s) of core_clk.
Related violations: <none>

TIMING-18#440 Warning
Missing input or output delay  
An input delay is missing on operator_desc_bits_i[372] relative to the rising and/or falling clock edge(s) of core_clk.
Related violations: <none>

TIMING-18#441 Warning
Missing input or output delay  
An input delay is missing on operator_desc_bits_i[373] relative to the rising and/or falling clock edge(s) of core_clk.
Related violations: <none>

TIMING-18#442 Warning
Missing input or output delay  
An input delay is missing on operator_desc_bits_i[374] relative to the rising and/or falling clock edge(s) of core_clk.
Related violations: <none>

TIMING-18#443 Warning
Missing input or output delay  
An input delay is missing on operator_desc_bits_i[375] relative to the rising and/or falling clock edge(s) of core_clk.
Related violations: <none>

TIMING-18#444 Warning
Missing input or output delay  
An input delay is missing on operator_desc_bits_i[376] relative to the rising and/or falling clock edge(s) of core_clk.
Related violations: <none>

TIMING-18#445 Warning
Missing input or output delay  
An input delay is missing on operator_desc_bits_i[377] relative to the rising and/or falling clock edge(s) of core_clk.
Related violations: <none>

TIMING-18#446 Warning
Missing input or output delay  
An input delay is missing on operator_desc_bits_i[378] relative to the rising and/or falling clock edge(s) of core_clk.
Related violations: <none>

TIMING-18#447 Warning
Missing input or output delay  
An input delay is missing on operator_desc_bits_i[379] relative to the rising and/or falling clock edge(s) of core_clk.
Related violations: <none>

TIMING-18#448 Warning
Missing input or output delay  
An input delay is missing on operator_desc_bits_i[37] relative to the rising and/or falling clock edge(s) of core_clk.
Related violations: <none>

TIMING-18#449 Warning
Missing input or output delay  
An input delay is missing on operator_desc_bits_i[380] relative to the rising and/or falling clock edge(s) of core_clk.
Related violations: <none>

TIMING-18#450 Warning
Missing input or output delay  
An input delay is missing on operator_desc_bits_i[381] relative to the rising and/or falling clock edge(s) of core_clk.
Related violations: <none>

TIMING-18#451 Warning
Missing input or output delay  
An input delay is missing on operator_desc_bits_i[382] relative to the rising and/or falling clock edge(s) of core_clk.
Related violations: <none>

TIMING-18#452 Warning
Missing input or output delay  
An input delay is missing on operator_desc_bits_i[383] relative to the rising and/or falling clock edge(s) of core_clk.
Related violations: <none>

TIMING-18#453 Warning
Missing input or output delay  
An input delay is missing on operator_desc_bits_i[384] relative to the rising and/or falling clock edge(s) of core_clk.
Related violations: <none>

TIMING-18#454 Warning
Missing input or output delay  
An input delay is missing on operator_desc_bits_i[385] relative to the rising and/or falling clock edge(s) of core_clk.
Related violations: <none>

TIMING-18#455 Warning
Missing input or output delay  
An input delay is missing on operator_desc_bits_i[386] relative to the rising and/or falling clock edge(s) of core_clk.
Related violations: <none>

TIMING-18#456 Warning
Missing input or output delay  
An input delay is missing on operator_desc_bits_i[387] relative to the rising and/or falling clock edge(s) of core_clk.
Related violations: <none>

TIMING-18#457 Warning
Missing input or output delay  
An input delay is missing on operator_desc_bits_i[388] relative to the rising and/or falling clock edge(s) of core_clk.
Related violations: <none>

TIMING-18#458 Warning
Missing input or output delay  
An input delay is missing on operator_desc_bits_i[389] relative to the rising and/or falling clock edge(s) of core_clk.
Related violations: <none>

TIMING-18#459 Warning
Missing input or output delay  
An input delay is missing on operator_desc_bits_i[38] relative to the rising and/or falling clock edge(s) of core_clk.
Related violations: <none>

TIMING-18#460 Warning
Missing input or output delay  
An input delay is missing on operator_desc_bits_i[390] relative to the rising and/or falling clock edge(s) of core_clk.
Related violations: <none>

TIMING-18#461 Warning
Missing input or output delay  
An input delay is missing on operator_desc_bits_i[391] relative to the rising and/or falling clock edge(s) of core_clk.
Related violations: <none>

TIMING-18#462 Warning
Missing input or output delay  
An input delay is missing on operator_desc_bits_i[392] relative to the rising and/or falling clock edge(s) of core_clk.
Related violations: <none>

TIMING-18#463 Warning
Missing input or output delay  
An input delay is missing on operator_desc_bits_i[393] relative to the rising and/or falling clock edge(s) of core_clk.
Related violations: <none>

TIMING-18#464 Warning
Missing input or output delay  
An input delay is missing on operator_desc_bits_i[394] relative to the rising and/or falling clock edge(s) of core_clk.
Related violations: <none>

TIMING-18#465 Warning
Missing input or output delay  
An input delay is missing on operator_desc_bits_i[395] relative to the rising and/or falling clock edge(s) of core_clk.
Related violations: <none>

TIMING-18#466 Warning
Missing input or output delay  
An input delay is missing on operator_desc_bits_i[396] relative to the rising and/or falling clock edge(s) of core_clk.
Related violations: <none>

TIMING-18#467 Warning
Missing input or output delay  
An input delay is missing on operator_desc_bits_i[397] relative to the rising and/or falling clock edge(s) of core_clk.
Related violations: <none>

TIMING-18#468 Warning
Missing input or output delay  
An input delay is missing on operator_desc_bits_i[398] relative to the rising and/or falling clock edge(s) of core_clk.
Related violations: <none>

TIMING-18#469 Warning
Missing input or output delay  
An input delay is missing on operator_desc_bits_i[399] relative to the rising and/or falling clock edge(s) of core_clk.
Related violations: <none>

TIMING-18#470 Warning
Missing input or output delay  
An input delay is missing on operator_desc_bits_i[39] relative to the rising and/or falling clock edge(s) of core_clk.
Related violations: <none>

TIMING-18#471 Warning
Missing input or output delay  
An input delay is missing on operator_desc_bits_i[3] relative to the rising and/or falling clock edge(s) of core_clk.
Related violations: <none>

TIMING-18#472 Warning
Missing input or output delay  
An input delay is missing on operator_desc_bits_i[400] relative to the rising and/or falling clock edge(s) of core_clk.
Related violations: <none>

TIMING-18#473 Warning
Missing input or output delay  
An input delay is missing on operator_desc_bits_i[401] relative to the rising and/or falling clock edge(s) of core_clk.
Related violations: <none>

TIMING-18#474 Warning
Missing input or output delay  
An input delay is missing on operator_desc_bits_i[402] relative to the rising and/or falling clock edge(s) of core_clk.
Related violations: <none>

TIMING-18#475 Warning
Missing input or output delay  
An input delay is missing on operator_desc_bits_i[403] relative to the rising and/or falling clock edge(s) of core_clk.
Related violations: <none>

TIMING-18#476 Warning
Missing input or output delay  
An input delay is missing on operator_desc_bits_i[404] relative to the rising and/or falling clock edge(s) of core_clk.
Related violations: <none>

TIMING-18#477 Warning
Missing input or output delay  
An input delay is missing on operator_desc_bits_i[405] relative to the rising and/or falling clock edge(s) of core_clk.
Related violations: <none>

TIMING-18#478 Warning
Missing input or output delay  
An input delay is missing on operator_desc_bits_i[406] relative to the rising and/or falling clock edge(s) of core_clk.
Related violations: <none>

TIMING-18#479 Warning
Missing input or output delay  
An input delay is missing on operator_desc_bits_i[407] relative to the rising and/or falling clock edge(s) of core_clk.
Related violations: <none>

TIMING-18#480 Warning
Missing input or output delay  
An input delay is missing on operator_desc_bits_i[408] relative to the rising and/or falling clock edge(s) of core_clk.
Related violations: <none>

TIMING-18#481 Warning
Missing input or output delay  
An input delay is missing on operator_desc_bits_i[409] relative to the rising and/or falling clock edge(s) of core_clk.
Related violations: <none>

TIMING-18#482 Warning
Missing input or output delay  
An input delay is missing on operator_desc_bits_i[40] relative to the rising and/or falling clock edge(s) of core_clk.
Related violations: <none>

TIMING-18#483 Warning
Missing input or output delay  
An input delay is missing on operator_desc_bits_i[410] relative to the rising and/or falling clock edge(s) of core_clk.
Related violations: <none>

TIMING-18#484 Warning
Missing input or output delay  
An input delay is missing on operator_desc_bits_i[411] relative to the rising and/or falling clock edge(s) of core_clk.
Related violations: <none>

TIMING-18#485 Warning
Missing input or output delay  
An input delay is missing on operator_desc_bits_i[412] relative to the rising and/or falling clock edge(s) of core_clk.
Related violations: <none>

TIMING-18#486 Warning
Missing input or output delay  
An input delay is missing on operator_desc_bits_i[413] relative to the rising and/or falling clock edge(s) of core_clk.
Related violations: <none>

TIMING-18#487 Warning
Missing input or output delay  
An input delay is missing on operator_desc_bits_i[414] relative to the rising and/or falling clock edge(s) of core_clk.
Related violations: <none>

TIMING-18#488 Warning
Missing input or output delay  
An input delay is missing on operator_desc_bits_i[415] relative to the rising and/or falling clock edge(s) of core_clk.
Related violations: <none>

TIMING-18#489 Warning
Missing input or output delay  
An input delay is missing on operator_desc_bits_i[416] relative to the rising and/or falling clock edge(s) of core_clk.
Related violations: <none>

TIMING-18#490 Warning
Missing input or output delay  
An input delay is missing on operator_desc_bits_i[417] relative to the rising and/or falling clock edge(s) of core_clk.
Related violations: <none>

TIMING-18#491 Warning
Missing input or output delay  
An input delay is missing on operator_desc_bits_i[418] relative to the rising and/or falling clock edge(s) of core_clk.
Related violations: <none>

TIMING-18#492 Warning
Missing input or output delay  
An input delay is missing on operator_desc_bits_i[419] relative to the rising and/or falling clock edge(s) of core_clk.
Related violations: <none>

TIMING-18#493 Warning
Missing input or output delay  
An input delay is missing on operator_desc_bits_i[41] relative to the rising and/or falling clock edge(s) of core_clk.
Related violations: <none>

TIMING-18#494 Warning
Missing input or output delay  
An input delay is missing on operator_desc_bits_i[420] relative to the rising and/or falling clock edge(s) of core_clk.
Related violations: <none>

TIMING-18#495 Warning
Missing input or output delay  
An input delay is missing on operator_desc_bits_i[421] relative to the rising and/or falling clock edge(s) of core_clk.
Related violations: <none>

TIMING-18#496 Warning
Missing input or output delay  
An input delay is missing on operator_desc_bits_i[422] relative to the rising and/or falling clock edge(s) of core_clk.
Related violations: <none>

TIMING-18#497 Warning
Missing input or output delay  
An input delay is missing on operator_desc_bits_i[423] relative to the rising and/or falling clock edge(s) of core_clk.
Related violations: <none>

TIMING-18#498 Warning
Missing input or output delay  
An input delay is missing on operator_desc_bits_i[424] relative to the rising and/or falling clock edge(s) of core_clk.
Related violations: <none>

TIMING-18#499 Warning
Missing input or output delay  
An input delay is missing on operator_desc_bits_i[425] relative to the rising and/or falling clock edge(s) of core_clk.
Related violations: <none>

TIMING-18#500 Warning
Missing input or output delay  
An input delay is missing on operator_desc_bits_i[426] relative to the rising and/or falling clock edge(s) of core_clk.
Related violations: <none>

TIMING-18#501 Warning
Missing input or output delay  
An input delay is missing on operator_desc_bits_i[427] relative to the rising and/or falling clock edge(s) of core_clk.
Related violations: <none>

TIMING-18#502 Warning
Missing input or output delay  
An input delay is missing on operator_desc_bits_i[428] relative to the rising and/or falling clock edge(s) of core_clk.
Related violations: <none>

TIMING-18#503 Warning
Missing input or output delay  
An input delay is missing on operator_desc_bits_i[429] relative to the rising and/or falling clock edge(s) of core_clk.
Related violations: <none>

TIMING-18#504 Warning
Missing input or output delay  
An input delay is missing on operator_desc_bits_i[42] relative to the rising and/or falling clock edge(s) of core_clk.
Related violations: <none>

TIMING-18#505 Warning
Missing input or output delay  
An input delay is missing on operator_desc_bits_i[430] relative to the rising and/or falling clock edge(s) of core_clk.
Related violations: <none>

TIMING-18#506 Warning
Missing input or output delay  
An input delay is missing on operator_desc_bits_i[431] relative to the rising and/or falling clock edge(s) of core_clk.
Related violations: <none>

TIMING-18#507 Warning
Missing input or output delay  
An input delay is missing on operator_desc_bits_i[432] relative to the rising and/or falling clock edge(s) of core_clk.
Related violations: <none>

TIMING-18#508 Warning
Missing input or output delay  
An input delay is missing on operator_desc_bits_i[433] relative to the rising and/or falling clock edge(s) of core_clk.
Related violations: <none>

TIMING-18#509 Warning
Missing input or output delay  
An input delay is missing on operator_desc_bits_i[434] relative to the rising and/or falling clock edge(s) of core_clk.
Related violations: <none>

TIMING-18#510 Warning
Missing input or output delay  
An input delay is missing on operator_desc_bits_i[435] relative to the rising and/or falling clock edge(s) of core_clk.
Related violations: <none>

TIMING-18#511 Warning
Missing input or output delay  
An input delay is missing on operator_desc_bits_i[436] relative to the rising and/or falling clock edge(s) of core_clk.
Related violations: <none>

TIMING-18#512 Warning
Missing input or output delay  
An input delay is missing on operator_desc_bits_i[437] relative to the rising and/or falling clock edge(s) of core_clk.
Related violations: <none>

TIMING-18#513 Warning
Missing input or output delay  
An input delay is missing on operator_desc_bits_i[438] relative to the rising and/or falling clock edge(s) of core_clk.
Related violations: <none>

TIMING-18#514 Warning
Missing input or output delay  
An input delay is missing on operator_desc_bits_i[439] relative to the rising and/or falling clock edge(s) of core_clk.
Related violations: <none>

TIMING-18#515 Warning
Missing input or output delay  
An input delay is missing on operator_desc_bits_i[43] relative to the rising and/or falling clock edge(s) of core_clk.
Related violations: <none>

TIMING-18#516 Warning
Missing input or output delay  
An input delay is missing on operator_desc_bits_i[440] relative to the rising and/or falling clock edge(s) of core_clk.
Related violations: <none>

TIMING-18#517 Warning
Missing input or output delay  
An input delay is missing on operator_desc_bits_i[441] relative to the rising and/or falling clock edge(s) of core_clk.
Related violations: <none>

TIMING-18#518 Warning
Missing input or output delay  
An input delay is missing on operator_desc_bits_i[442] relative to the rising and/or falling clock edge(s) of core_clk.
Related violations: <none>

TIMING-18#519 Warning
Missing input or output delay  
An input delay is missing on operator_desc_bits_i[443] relative to the rising and/or falling clock edge(s) of core_clk.
Related violations: <none>

TIMING-18#520 Warning
Missing input or output delay  
An input delay is missing on operator_desc_bits_i[444] relative to the rising and/or falling clock edge(s) of core_clk.
Related violations: <none>

TIMING-18#521 Warning
Missing input or output delay  
An input delay is missing on operator_desc_bits_i[445] relative to the rising and/or falling clock edge(s) of core_clk.
Related violations: <none>

TIMING-18#522 Warning
Missing input or output delay  
An input delay is missing on operator_desc_bits_i[446] relative to the rising and/or falling clock edge(s) of core_clk.
Related violations: <none>

TIMING-18#523 Warning
Missing input or output delay  
An input delay is missing on operator_desc_bits_i[447] relative to the rising and/or falling clock edge(s) of core_clk.
Related violations: <none>

TIMING-18#524 Warning
Missing input or output delay  
An input delay is missing on operator_desc_bits_i[448] relative to the rising and/or falling clock edge(s) of core_clk.
Related violations: <none>

TIMING-18#525 Warning
Missing input or output delay  
An input delay is missing on operator_desc_bits_i[449] relative to the rising and/or falling clock edge(s) of core_clk.
Related violations: <none>

TIMING-18#526 Warning
Missing input or output delay  
An input delay is missing on operator_desc_bits_i[44] relative to the rising and/or falling clock edge(s) of core_clk.
Related violations: <none>

TIMING-18#527 Warning
Missing input or output delay  
An input delay is missing on operator_desc_bits_i[450] relative to the rising and/or falling clock edge(s) of core_clk.
Related violations: <none>

TIMING-18#528 Warning
Missing input or output delay  
An input delay is missing on operator_desc_bits_i[451] relative to the rising and/or falling clock edge(s) of core_clk.
Related violations: <none>

TIMING-18#529 Warning
Missing input or output delay  
An input delay is missing on operator_desc_bits_i[452] relative to the rising and/or falling clock edge(s) of core_clk.
Related violations: <none>

TIMING-18#530 Warning
Missing input or output delay  
An input delay is missing on operator_desc_bits_i[453] relative to the rising and/or falling clock edge(s) of core_clk.
Related violations: <none>

TIMING-18#531 Warning
Missing input or output delay  
An input delay is missing on operator_desc_bits_i[454] relative to the rising and/or falling clock edge(s) of core_clk.
Related violations: <none>

TIMING-18#532 Warning
Missing input or output delay  
An input delay is missing on operator_desc_bits_i[455] relative to the rising and/or falling clock edge(s) of core_clk.
Related violations: <none>

TIMING-18#533 Warning
Missing input or output delay  
An input delay is missing on operator_desc_bits_i[456] relative to the rising and/or falling clock edge(s) of core_clk.
Related violations: <none>

TIMING-18#534 Warning
Missing input or output delay  
An input delay is missing on operator_desc_bits_i[457] relative to the rising and/or falling clock edge(s) of core_clk.
Related violations: <none>

TIMING-18#535 Warning
Missing input or output delay  
An input delay is missing on operator_desc_bits_i[458] relative to the rising and/or falling clock edge(s) of core_clk.
Related violations: <none>

TIMING-18#536 Warning
Missing input or output delay  
An input delay is missing on operator_desc_bits_i[459] relative to the rising and/or falling clock edge(s) of core_clk.
Related violations: <none>

TIMING-18#537 Warning
Missing input or output delay  
An input delay is missing on operator_desc_bits_i[45] relative to the rising and/or falling clock edge(s) of core_clk.
Related violations: <none>

TIMING-18#538 Warning
Missing input or output delay  
An input delay is missing on operator_desc_bits_i[460] relative to the rising and/or falling clock edge(s) of core_clk.
Related violations: <none>

TIMING-18#539 Warning
Missing input or output delay  
An input delay is missing on operator_desc_bits_i[461] relative to the rising and/or falling clock edge(s) of core_clk.
Related violations: <none>

TIMING-18#540 Warning
Missing input or output delay  
An input delay is missing on operator_desc_bits_i[462] relative to the rising and/or falling clock edge(s) of core_clk.
Related violations: <none>

TIMING-18#541 Warning
Missing input or output delay  
An input delay is missing on operator_desc_bits_i[463] relative to the rising and/or falling clock edge(s) of core_clk.
Related violations: <none>

TIMING-18#542 Warning
Missing input or output delay  
An input delay is missing on operator_desc_bits_i[464] relative to the rising and/or falling clock edge(s) of core_clk.
Related violations: <none>

TIMING-18#543 Warning
Missing input or output delay  
An input delay is missing on operator_desc_bits_i[465] relative to the rising and/or falling clock edge(s) of core_clk.
Related violations: <none>

TIMING-18#544 Warning
Missing input or output delay  
An input delay is missing on operator_desc_bits_i[466] relative to the rising and/or falling clock edge(s) of core_clk.
Related violations: <none>

TIMING-18#545 Warning
Missing input or output delay  
An input delay is missing on operator_desc_bits_i[467] relative to the rising and/or falling clock edge(s) of core_clk.
Related violations: <none>

TIMING-18#546 Warning
Missing input or output delay  
An input delay is missing on operator_desc_bits_i[468] relative to the rising and/or falling clock edge(s) of core_clk.
Related violations: <none>

TIMING-18#547 Warning
Missing input or output delay  
An input delay is missing on operator_desc_bits_i[469] relative to the rising and/or falling clock edge(s) of core_clk.
Related violations: <none>

TIMING-18#548 Warning
Missing input or output delay  
An input delay is missing on operator_desc_bits_i[46] relative to the rising and/or falling clock edge(s) of core_clk.
Related violations: <none>

TIMING-18#549 Warning
Missing input or output delay  
An input delay is missing on operator_desc_bits_i[470] relative to the rising and/or falling clock edge(s) of core_clk.
Related violations: <none>

TIMING-18#550 Warning
Missing input or output delay  
An input delay is missing on operator_desc_bits_i[471] relative to the rising and/or falling clock edge(s) of core_clk.
Related violations: <none>

TIMING-18#551 Warning
Missing input or output delay  
An input delay is missing on operator_desc_bits_i[472] relative to the rising and/or falling clock edge(s) of core_clk.
Related violations: <none>

TIMING-18#552 Warning
Missing input or output delay  
An input delay is missing on operator_desc_bits_i[473] relative to the rising and/or falling clock edge(s) of core_clk.
Related violations: <none>

TIMING-18#553 Warning
Missing input or output delay  
An input delay is missing on operator_desc_bits_i[474] relative to the rising and/or falling clock edge(s) of core_clk.
Related violations: <none>

TIMING-18#554 Warning
Missing input or output delay  
An input delay is missing on operator_desc_bits_i[475] relative to the rising and/or falling clock edge(s) of core_clk.
Related violations: <none>

TIMING-18#555 Warning
Missing input or output delay  
An input delay is missing on operator_desc_bits_i[476] relative to the rising and/or falling clock edge(s) of core_clk.
Related violations: <none>

TIMING-18#556 Warning
Missing input or output delay  
An input delay is missing on operator_desc_bits_i[477] relative to the rising and/or falling clock edge(s) of core_clk.
Related violations: <none>

TIMING-18#557 Warning
Missing input or output delay  
An input delay is missing on operator_desc_bits_i[478] relative to the rising and/or falling clock edge(s) of core_clk.
Related violations: <none>

TIMING-18#558 Warning
Missing input or output delay  
An input delay is missing on operator_desc_bits_i[479] relative to the rising and/or falling clock edge(s) of core_clk.
Related violations: <none>

TIMING-18#559 Warning
Missing input or output delay  
An input delay is missing on operator_desc_bits_i[47] relative to the rising and/or falling clock edge(s) of core_clk.
Related violations: <none>

TIMING-18#560 Warning
Missing input or output delay  
An input delay is missing on operator_desc_bits_i[480] relative to the rising and/or falling clock edge(s) of core_clk.
Related violations: <none>

TIMING-18#561 Warning
Missing input or output delay  
An input delay is missing on operator_desc_bits_i[481] relative to the rising and/or falling clock edge(s) of core_clk.
Related violations: <none>

TIMING-18#562 Warning
Missing input or output delay  
An input delay is missing on operator_desc_bits_i[482] relative to the rising and/or falling clock edge(s) of core_clk.
Related violations: <none>

TIMING-18#563 Warning
Missing input or output delay  
An input delay is missing on operator_desc_bits_i[483] relative to the rising and/or falling clock edge(s) of core_clk.
Related violations: <none>

TIMING-18#564 Warning
Missing input or output delay  
An input delay is missing on operator_desc_bits_i[484] relative to the rising and/or falling clock edge(s) of core_clk.
Related violations: <none>

TIMING-18#565 Warning
Missing input or output delay  
An input delay is missing on operator_desc_bits_i[485] relative to the rising and/or falling clock edge(s) of core_clk.
Related violations: <none>

TIMING-18#566 Warning
Missing input or output delay  
An input delay is missing on operator_desc_bits_i[486] relative to the rising and/or falling clock edge(s) of core_clk.
Related violations: <none>

TIMING-18#567 Warning
Missing input or output delay  
An input delay is missing on operator_desc_bits_i[487] relative to the rising and/or falling clock edge(s) of core_clk.
Related violations: <none>

TIMING-18#568 Warning
Missing input or output delay  
An input delay is missing on operator_desc_bits_i[488] relative to the rising and/or falling clock edge(s) of core_clk.
Related violations: <none>

TIMING-18#569 Warning
Missing input or output delay  
An input delay is missing on operator_desc_bits_i[489] relative to the rising and/or falling clock edge(s) of core_clk.
Related violations: <none>

TIMING-18#570 Warning
Missing input or output delay  
An input delay is missing on operator_desc_bits_i[48] relative to the rising and/or falling clock edge(s) of core_clk.
Related violations: <none>

TIMING-18#571 Warning
Missing input or output delay  
An input delay is missing on operator_desc_bits_i[490] relative to the rising and/or falling clock edge(s) of core_clk.
Related violations: <none>

TIMING-18#572 Warning
Missing input or output delay  
An input delay is missing on operator_desc_bits_i[491] relative to the rising and/or falling clock edge(s) of core_clk.
Related violations: <none>

TIMING-18#573 Warning
Missing input or output delay  
An input delay is missing on operator_desc_bits_i[492] relative to the rising and/or falling clock edge(s) of core_clk.
Related violations: <none>

TIMING-18#574 Warning
Missing input or output delay  
An input delay is missing on operator_desc_bits_i[493] relative to the rising and/or falling clock edge(s) of core_clk.
Related violations: <none>

TIMING-18#575 Warning
Missing input or output delay  
An input delay is missing on operator_desc_bits_i[494] relative to the rising and/or falling clock edge(s) of core_clk.
Related violations: <none>

TIMING-18#576 Warning
Missing input or output delay  
An input delay is missing on operator_desc_bits_i[495] relative to the rising and/or falling clock edge(s) of core_clk.
Related violations: <none>

TIMING-18#577 Warning
Missing input or output delay  
An input delay is missing on operator_desc_bits_i[496] relative to the rising and/or falling clock edge(s) of core_clk.
Related violations: <none>

TIMING-18#578 Warning
Missing input or output delay  
An input delay is missing on operator_desc_bits_i[497] relative to the rising and/or falling clock edge(s) of core_clk.
Related violations: <none>

TIMING-18#579 Warning
Missing input or output delay  
An input delay is missing on operator_desc_bits_i[498] relative to the rising and/or falling clock edge(s) of core_clk.
Related violations: <none>

TIMING-18#580 Warning
Missing input or output delay  
An input delay is missing on operator_desc_bits_i[499] relative to the rising and/or falling clock edge(s) of core_clk.
Related violations: <none>

TIMING-18#581 Warning
Missing input or output delay  
An input delay is missing on operator_desc_bits_i[49] relative to the rising and/or falling clock edge(s) of core_clk.
Related violations: <none>

TIMING-18#582 Warning
Missing input or output delay  
An input delay is missing on operator_desc_bits_i[4] relative to the rising and/or falling clock edge(s) of core_clk.
Related violations: <none>

TIMING-18#583 Warning
Missing input or output delay  
An input delay is missing on operator_desc_bits_i[500] relative to the rising and/or falling clock edge(s) of core_clk.
Related violations: <none>

TIMING-18#584 Warning
Missing input or output delay  
An input delay is missing on operator_desc_bits_i[501] relative to the rising and/or falling clock edge(s) of core_clk.
Related violations: <none>

TIMING-18#585 Warning
Missing input or output delay  
An input delay is missing on operator_desc_bits_i[502] relative to the rising and/or falling clock edge(s) of core_clk.
Related violations: <none>

TIMING-18#586 Warning
Missing input or output delay  
An input delay is missing on operator_desc_bits_i[503] relative to the rising and/or falling clock edge(s) of core_clk.
Related violations: <none>

TIMING-18#587 Warning
Missing input or output delay  
An input delay is missing on operator_desc_bits_i[504] relative to the rising and/or falling clock edge(s) of core_clk.
Related violations: <none>

TIMING-18#588 Warning
Missing input or output delay  
An input delay is missing on operator_desc_bits_i[505] relative to the rising and/or falling clock edge(s) of core_clk.
Related violations: <none>

TIMING-18#589 Warning
Missing input or output delay  
An input delay is missing on operator_desc_bits_i[506] relative to the rising and/or falling clock edge(s) of core_clk.
Related violations: <none>

TIMING-18#590 Warning
Missing input or output delay  
An input delay is missing on operator_desc_bits_i[507] relative to the rising and/or falling clock edge(s) of core_clk.
Related violations: <none>

TIMING-18#591 Warning
Missing input or output delay  
An input delay is missing on operator_desc_bits_i[508] relative to the rising and/or falling clock edge(s) of core_clk.
Related violations: <none>

TIMING-18#592 Warning
Missing input or output delay  
An input delay is missing on operator_desc_bits_i[509] relative to the rising and/or falling clock edge(s) of core_clk.
Related violations: <none>

TIMING-18#593 Warning
Missing input or output delay  
An input delay is missing on operator_desc_bits_i[50] relative to the rising and/or falling clock edge(s) of core_clk.
Related violations: <none>

TIMING-18#594 Warning
Missing input or output delay  
An input delay is missing on operator_desc_bits_i[510] relative to the rising and/or falling clock edge(s) of core_clk.
Related violations: <none>

TIMING-18#595 Warning
Missing input or output delay  
An input delay is missing on operator_desc_bits_i[511] relative to the rising and/or falling clock edge(s) of core_clk.
Related violations: <none>

TIMING-18#596 Warning
Missing input or output delay  
An input delay is missing on operator_desc_bits_i[51] relative to the rising and/or falling clock edge(s) of core_clk.
Related violations: <none>

TIMING-18#597 Warning
Missing input or output delay  
An input delay is missing on operator_desc_bits_i[52] relative to the rising and/or falling clock edge(s) of core_clk.
Related violations: <none>

TIMING-18#598 Warning
Missing input or output delay  
An input delay is missing on operator_desc_bits_i[53] relative to the rising and/or falling clock edge(s) of core_clk.
Related violations: <none>

TIMING-18#599 Warning
Missing input or output delay  
An input delay is missing on operator_desc_bits_i[54] relative to the rising and/or falling clock edge(s) of core_clk.
Related violations: <none>

TIMING-18#600 Warning
Missing input or output delay  
An input delay is missing on operator_desc_bits_i[55] relative to the rising and/or falling clock edge(s) of core_clk.
Related violations: <none>

TIMING-18#601 Warning
Missing input or output delay  
An input delay is missing on operator_desc_bits_i[56] relative to the rising and/or falling clock edge(s) of core_clk.
Related violations: <none>

TIMING-18#602 Warning
Missing input or output delay  
An input delay is missing on operator_desc_bits_i[57] relative to the rising and/or falling clock edge(s) of core_clk.
Related violations: <none>

TIMING-18#603 Warning
Missing input or output delay  
An input delay is missing on operator_desc_bits_i[58] relative to the rising and/or falling clock edge(s) of core_clk.
Related violations: <none>

TIMING-18#604 Warning
Missing input or output delay  
An input delay is missing on operator_desc_bits_i[59] relative to the rising and/or falling clock edge(s) of core_clk.
Related violations: <none>

TIMING-18#605 Warning
Missing input or output delay  
An input delay is missing on operator_desc_bits_i[5] relative to the rising and/or falling clock edge(s) of core_clk.
Related violations: <none>

TIMING-18#606 Warning
Missing input or output delay  
An input delay is missing on operator_desc_bits_i[60] relative to the rising and/or falling clock edge(s) of core_clk.
Related violations: <none>

TIMING-18#607 Warning
Missing input or output delay  
An input delay is missing on operator_desc_bits_i[61] relative to the rising and/or falling clock edge(s) of core_clk.
Related violations: <none>

TIMING-18#608 Warning
Missing input or output delay  
An input delay is missing on operator_desc_bits_i[62] relative to the rising and/or falling clock edge(s) of core_clk.
Related violations: <none>

TIMING-18#609 Warning
Missing input or output delay  
An input delay is missing on operator_desc_bits_i[63] relative to the rising and/or falling clock edge(s) of core_clk.
Related violations: <none>

TIMING-18#610 Warning
Missing input or output delay  
An input delay is missing on operator_desc_bits_i[64] relative to the rising and/or falling clock edge(s) of core_clk.
Related violations: <none>

TIMING-18#611 Warning
Missing input or output delay  
An input delay is missing on operator_desc_bits_i[65] relative to the rising and/or falling clock edge(s) of core_clk.
Related violations: <none>

TIMING-18#612 Warning
Missing input or output delay  
An input delay is missing on operator_desc_bits_i[66] relative to the rising and/or falling clock edge(s) of core_clk.
Related violations: <none>

TIMING-18#613 Warning
Missing input or output delay  
An input delay is missing on operator_desc_bits_i[67] relative to the rising and/or falling clock edge(s) of core_clk.
Related violations: <none>

TIMING-18#614 Warning
Missing input or output delay  
An input delay is missing on operator_desc_bits_i[68] relative to the rising and/or falling clock edge(s) of core_clk.
Related violations: <none>

TIMING-18#615 Warning
Missing input or output delay  
An input delay is missing on operator_desc_bits_i[69] relative to the rising and/or falling clock edge(s) of core_clk.
Related violations: <none>

TIMING-18#616 Warning
Missing input or output delay  
An input delay is missing on operator_desc_bits_i[6] relative to the rising and/or falling clock edge(s) of core_clk.
Related violations: <none>

TIMING-18#617 Warning
Missing input or output delay  
An input delay is missing on operator_desc_bits_i[70] relative to the rising and/or falling clock edge(s) of core_clk.
Related violations: <none>

TIMING-18#618 Warning
Missing input or output delay  
An input delay is missing on operator_desc_bits_i[71] relative to the rising and/or falling clock edge(s) of core_clk.
Related violations: <none>

TIMING-18#619 Warning
Missing input or output delay  
An input delay is missing on operator_desc_bits_i[72] relative to the rising and/or falling clock edge(s) of core_clk.
Related violations: <none>

TIMING-18#620 Warning
Missing input or output delay  
An input delay is missing on operator_desc_bits_i[73] relative to the rising and/or falling clock edge(s) of core_clk.
Related violations: <none>

TIMING-18#621 Warning
Missing input or output delay  
An input delay is missing on operator_desc_bits_i[74] relative to the rising and/or falling clock edge(s) of core_clk.
Related violations: <none>

TIMING-18#622 Warning
Missing input or output delay  
An input delay is missing on operator_desc_bits_i[75] relative to the rising and/or falling clock edge(s) of core_clk.
Related violations: <none>

TIMING-18#623 Warning
Missing input or output delay  
An input delay is missing on operator_desc_bits_i[76] relative to the rising and/or falling clock edge(s) of core_clk.
Related violations: <none>

TIMING-18#624 Warning
Missing input or output delay  
An input delay is missing on operator_desc_bits_i[77] relative to the rising and/or falling clock edge(s) of core_clk.
Related violations: <none>

TIMING-18#625 Warning
Missing input or output delay  
An input delay is missing on operator_desc_bits_i[78] relative to the rising and/or falling clock edge(s) of core_clk.
Related violations: <none>

TIMING-18#626 Warning
Missing input or output delay  
An input delay is missing on operator_desc_bits_i[79] relative to the rising and/or falling clock edge(s) of core_clk.
Related violations: <none>

TIMING-18#627 Warning
Missing input or output delay  
An input delay is missing on operator_desc_bits_i[7] relative to the rising and/or falling clock edge(s) of core_clk.
Related violations: <none>

TIMING-18#628 Warning
Missing input or output delay  
An input delay is missing on operator_desc_bits_i[80] relative to the rising and/or falling clock edge(s) of core_clk.
Related violations: <none>

TIMING-18#629 Warning
Missing input or output delay  
An input delay is missing on operator_desc_bits_i[81] relative to the rising and/or falling clock edge(s) of core_clk.
Related violations: <none>

TIMING-18#630 Warning
Missing input or output delay  
An input delay is missing on operator_desc_bits_i[82] relative to the rising and/or falling clock edge(s) of core_clk.
Related violations: <none>

TIMING-18#631 Warning
Missing input or output delay  
An input delay is missing on operator_desc_bits_i[83] relative to the rising and/or falling clock edge(s) of core_clk.
Related violations: <none>

TIMING-18#632 Warning
Missing input or output delay  
An input delay is missing on operator_desc_bits_i[84] relative to the rising and/or falling clock edge(s) of core_clk.
Related violations: <none>

TIMING-18#633 Warning
Missing input or output delay  
An input delay is missing on operator_desc_bits_i[85] relative to the rising and/or falling clock edge(s) of core_clk.
Related violations: <none>

TIMING-18#634 Warning
Missing input or output delay  
An input delay is missing on operator_desc_bits_i[86] relative to the rising and/or falling clock edge(s) of core_clk.
Related violations: <none>

TIMING-18#635 Warning
Missing input or output delay  
An input delay is missing on operator_desc_bits_i[87] relative to the rising and/or falling clock edge(s) of core_clk.
Related violations: <none>

TIMING-18#636 Warning
Missing input or output delay  
An input delay is missing on operator_desc_bits_i[88] relative to the rising and/or falling clock edge(s) of core_clk.
Related violations: <none>

TIMING-18#637 Warning
Missing input or output delay  
An input delay is missing on operator_desc_bits_i[89] relative to the rising and/or falling clock edge(s) of core_clk.
Related violations: <none>

TIMING-18#638 Warning
Missing input or output delay  
An input delay is missing on operator_desc_bits_i[8] relative to the rising and/or falling clock edge(s) of core_clk.
Related violations: <none>

TIMING-18#639 Warning
Missing input or output delay  
An input delay is missing on operator_desc_bits_i[90] relative to the rising and/or falling clock edge(s) of core_clk.
Related violations: <none>

TIMING-18#640 Warning
Missing input or output delay  
An input delay is missing on operator_desc_bits_i[91] relative to the rising and/or falling clock edge(s) of core_clk.
Related violations: <none>

TIMING-18#641 Warning
Missing input or output delay  
An input delay is missing on operator_desc_bits_i[92] relative to the rising and/or falling clock edge(s) of core_clk.
Related violations: <none>

TIMING-18#642 Warning
Missing input or output delay  
An input delay is missing on operator_desc_bits_i[93] relative to the rising and/or falling clock edge(s) of core_clk.
Related violations: <none>

TIMING-18#643 Warning
Missing input or output delay  
An input delay is missing on operator_desc_bits_i[94] relative to the rising and/or falling clock edge(s) of core_clk.
Related violations: <none>

TIMING-18#644 Warning
Missing input or output delay  
An input delay is missing on operator_desc_bits_i[95] relative to the rising and/or falling clock edge(s) of core_clk.
Related violations: <none>

TIMING-18#645 Warning
Missing input or output delay  
An input delay is missing on operator_desc_bits_i[96] relative to the rising and/or falling clock edge(s) of core_clk.
Related violations: <none>

TIMING-18#646 Warning
Missing input or output delay  
An input delay is missing on operator_desc_bits_i[97] relative to the rising and/or falling clock edge(s) of core_clk.
Related violations: <none>

TIMING-18#647 Warning
Missing input or output delay  
An input delay is missing on operator_desc_bits_i[98] relative to the rising and/or falling clock edge(s) of core_clk.
Related violations: <none>

TIMING-18#648 Warning
Missing input or output delay  
An input delay is missing on operator_desc_bits_i[99] relative to the rising and/or falling clock edge(s) of core_clk.
Related violations: <none>

TIMING-18#649 Warning
Missing input or output delay  
An input delay is missing on operator_desc_bits_i[9] relative to the rising and/or falling clock edge(s) of core_clk.
Related violations: <none>

TIMING-18#650 Warning
Missing input or output delay  
An input delay is missing on read_request_ready_i relative to the rising and/or falling clock edge(s) of core_clk.
Related violations: <none>

TIMING-18#651 Warning
Missing input or output delay  
An input delay is missing on read_response_valid_i relative to the rising and/or falling clock edge(s) of core_clk.
Related violations: <none>

TIMING-18#652 Warning
Missing input or output delay  
An input delay is missing on result_ready_i relative to the rising and/or falling clock edge(s) of core_clk.
Related violations: <none>

TIMING-18#653 Warning
Missing input or output delay  
An input delay is missing on rst_ni relative to the rising and/or falling clock edge(s) of core_clk.
Related violations: <none>

TIMING-18#654 Warning
Missing input or output delay  
An output delay is missing on activation_read_address_o[0] relative to the rising and/or falling clock edge(s) of core_clk.
Related violations: <none>

TIMING-18#655 Warning
Missing input or output delay  
An output delay is missing on activation_read_address_o[10] relative to the rising and/or falling clock edge(s) of core_clk.
Related violations: <none>

TIMING-18#656 Warning
Missing input or output delay  
An output delay is missing on activation_read_address_o[11] relative to the rising and/or falling clock edge(s) of core_clk.
Related violations: <none>

TIMING-18#657 Warning
Missing input or output delay  
An output delay is missing on activation_read_address_o[12] relative to the rising and/or falling clock edge(s) of core_clk.
Related violations: <none>

TIMING-18#658 Warning
Missing input or output delay  
An output delay is missing on activation_read_address_o[13] relative to the rising and/or falling clock edge(s) of core_clk.
Related violations: <none>

TIMING-18#659 Warning
Missing input or output delay  
An output delay is missing on activation_read_address_o[14] relative to the rising and/or falling clock edge(s) of core_clk.
Related violations: <none>

TIMING-18#660 Warning
Missing input or output delay  
An output delay is missing on activation_read_address_o[15] relative to the rising and/or falling clock edge(s) of core_clk.
Related violations: <none>

TIMING-18#661 Warning
Missing input or output delay  
An output delay is missing on activation_read_address_o[16] relative to the rising and/or falling clock edge(s) of core_clk.
Related violations: <none>

TIMING-18#662 Warning
Missing input or output delay  
An output delay is missing on activation_read_address_o[17] relative to the rising and/or falling clock edge(s) of core_clk.
Related violations: <none>

TIMING-18#663 Warning
Missing input or output delay  
An output delay is missing on activation_read_address_o[18] relative to the rising and/or falling clock edge(s) of core_clk.
Related violations: <none>

TIMING-18#664 Warning
Missing input or output delay  
An output delay is missing on activation_read_address_o[19] relative to the rising and/or falling clock edge(s) of core_clk.
Related violations: <none>

TIMING-18#665 Warning
Missing input or output delay  
An output delay is missing on activation_read_address_o[1] relative to the rising and/or falling clock edge(s) of core_clk.
Related violations: <none>

TIMING-18#666 Warning
Missing input or output delay  
An output delay is missing on activation_read_address_o[20] relative to the rising and/or falling clock edge(s) of core_clk.
Related violations: <none>

TIMING-18#667 Warning
Missing input or output delay  
An output delay is missing on activation_read_address_o[21] relative to the rising and/or falling clock edge(s) of core_clk.
Related violations: <none>

TIMING-18#668 Warning
Missing input or output delay  
An output delay is missing on activation_read_address_o[22] relative to the rising and/or falling clock edge(s) of core_clk.
Related violations: <none>

TIMING-18#669 Warning
Missing input or output delay  
An output delay is missing on activation_read_address_o[23] relative to the rising and/or falling clock edge(s) of core_clk.
Related violations: <none>

TIMING-18#670 Warning
Missing input or output delay  
An output delay is missing on activation_read_address_o[24] relative to the rising and/or falling clock edge(s) of core_clk.
Related violations: <none>

TIMING-18#671 Warning
Missing input or output delay  
An output delay is missing on activation_read_address_o[25] relative to the rising and/or falling clock edge(s) of core_clk.
Related violations: <none>

TIMING-18#672 Warning
Missing input or output delay  
An output delay is missing on activation_read_address_o[26] relative to the rising and/or falling clock edge(s) of core_clk.
Related violations: <none>

TIMING-18#673 Warning
Missing input or output delay  
An output delay is missing on activation_read_address_o[27] relative to the rising and/or falling clock edge(s) of core_clk.
Related violations: <none>

TIMING-18#674 Warning
Missing input or output delay  
An output delay is missing on activation_read_address_o[28] relative to the rising and/or falling clock edge(s) of core_clk.
Related violations: <none>

TIMING-18#675 Warning
Missing input or output delay  
An output delay is missing on activation_read_address_o[29] relative to the rising and/or falling clock edge(s) of core_clk.
Related violations: <none>

TIMING-18#676 Warning
Missing input or output delay  
An output delay is missing on activation_read_address_o[2] relative to the rising and/or falling clock edge(s) of core_clk.
Related violations: <none>

TIMING-18#677 Warning
Missing input or output delay  
An output delay is missing on activation_read_address_o[30] relative to the rising and/or falling clock edge(s) of core_clk.
Related violations: <none>

TIMING-18#678 Warning
Missing input or output delay  
An output delay is missing on activation_read_address_o[31] relative to the rising and/or falling clock edge(s) of core_clk.
Related violations: <none>

TIMING-18#679 Warning
Missing input or output delay  
An output delay is missing on activation_read_address_o[3] relative to the rising and/or falling clock edge(s) of core_clk.
Related violations: <none>

TIMING-18#680 Warning
Missing input or output delay  
An output delay is missing on activation_read_address_o[4] relative to the rising and/or falling clock edge(s) of core_clk.
Related violations: <none>

TIMING-18#681 Warning
Missing input or output delay  
An output delay is missing on activation_read_address_o[5] relative to the rising and/or falling clock edge(s) of core_clk.
Related violations: <none>

TIMING-18#682 Warning
Missing input or output delay  
An output delay is missing on activation_read_address_o[6] relative to the rising and/or falling clock edge(s) of core_clk.
Related violations: <none>

TIMING-18#683 Warning
Missing input or output delay  
An output delay is missing on activation_read_address_o[7] relative to the rising and/or falling clock edge(s) of core_clk.
Related violations: <none>

TIMING-18#684 Warning
Missing input or output delay  
An output delay is missing on activation_read_address_o[8] relative to the rising and/or falling clock edge(s) of core_clk.
Related violations: <none>

TIMING-18#685 Warning
Missing input or output delay  
An output delay is missing on activation_read_address_o[9] relative to the rising and/or falling clock edge(s) of core_clk.
Related violations: <none>

TIMING-18#686 Warning
Missing input or output delay  
An output delay is missing on activation_read_bank_o relative to the rising and/or falling clock edge(s) of core_clk.
Related violations: <none>

TIMING-18#687 Warning
Missing input or output delay  
An output delay is missing on busy_o relative to the rising and/or falling clock edge(s) of core_clk.
Related violations: <none>

TIMING-18#688 Warning
Missing input or output delay  
An output delay is missing on done_pulse_o relative to the rising and/or falling clock edge(s) of core_clk.
Related violations: <none>

TIMING-18#689 Warning
Missing input or output delay  
An output delay is missing on error_pulse_o relative to the rising and/or falling clock edge(s) of core_clk.
Related violations: <none>

TIMING-18#690 Warning
Missing input or output delay  
An output delay is missing on error_reason_o[0] relative to the rising and/or falling clock edge(s) of core_clk.
Related violations: <none>

TIMING-18#691 Warning
Missing input or output delay  
An output delay is missing on error_reason_o[1] relative to the rising and/or falling clock edge(s) of core_clk.
Related violations: <none>

TIMING-18#692 Warning
Missing input or output delay  
An output delay is missing on error_reason_o[2] relative to the rising and/or falling clock edge(s) of core_clk.
Related violations: <none>

TIMING-18#693 Warning
Missing input or output delay  
An output delay is missing on error_reason_o[3] relative to the rising and/or falling clock edge(s) of core_clk.
Related violations: <none>

TIMING-18#694 Warning
Missing input or output delay  
An output delay is missing on event_set_o[0] relative to the rising and/or falling clock edge(s) of core_clk.
Related violations: <none>

TIMING-18#695 Warning
Missing input or output delay  
An output delay is missing on event_set_o[1] relative to the rising and/or falling clock edge(s) of core_clk.
Related violations: <none>

TIMING-18#696 Warning
Missing input or output delay  
An output delay is missing on event_set_o[2] relative to the rising and/or falling clock edge(s) of core_clk.
Related violations: <none>

TIMING-18#697 Warning
Missing input or output delay  
An output delay is missing on event_set_o[3] relative to the rising and/or falling clock edge(s) of core_clk.
Related violations: <none>

TIMING-18#698 Warning
Missing input or output delay  
An output delay is missing on event_set_o[4] relative to the rising and/or falling clock edge(s) of core_clk.
Related violations: <none>

TIMING-18#699 Warning
Missing input or output delay  
An output delay is missing on event_set_o[5] relative to the rising and/or falling clock edge(s) of core_clk.
Related violations: <none>

TIMING-18#700 Warning
Missing input or output delay  
An output delay is missing on event_set_o[6] relative to the rising and/or falling clock edge(s) of core_clk.
Related violations: <none>

TIMING-18#701 Warning
Missing input or output delay  
An output delay is missing on event_set_o[7] relative to the rising and/or falling clock edge(s) of core_clk.
Related violations: <none>

TIMING-18#702 Warning
Missing input or output delay  
An output delay is missing on read_request_valid_o relative to the rising and/or falling clock edge(s) of core_clk.
Related violations: <none>

TIMING-18#703 Warning
Missing input or output delay  
An output delay is missing on read_response_ready_o relative to the rising and/or falling clock edge(s) of core_clk.
Related violations: <none>

TIMING-18#704 Warning
Missing input or output delay  
An output delay is missing on result_address_o[0] relative to the rising and/or falling clock edge(s) of core_clk.
Related violations: <none>

TIMING-18#705 Warning
Missing input or output delay  
An output delay is missing on result_address_o[10] relative to the rising and/or falling clock edge(s) of core_clk.
Related violations: <none>

TIMING-18#706 Warning
Missing input or output delay  
An output delay is missing on result_address_o[11] relative to the rising and/or falling clock edge(s) of core_clk.
Related violations: <none>

TIMING-18#707 Warning
Missing input or output delay  
An output delay is missing on result_address_o[12] relative to the rising and/or falling clock edge(s) of core_clk.
Related violations: <none>

TIMING-18#708 Warning
Missing input or output delay  
An output delay is missing on result_address_o[13] relative to the rising and/or falling clock edge(s) of core_clk.
Related violations: <none>

TIMING-18#709 Warning
Missing input or output delay  
An output delay is missing on result_address_o[14] relative to the rising and/or falling clock edge(s) of core_clk.
Related violations: <none>

TIMING-18#710 Warning
Missing input or output delay  
An output delay is missing on result_address_o[15] relative to the rising and/or falling clock edge(s) of core_clk.
Related violations: <none>

TIMING-18#711 Warning
Missing input or output delay  
An output delay is missing on result_address_o[16] relative to the rising and/or falling clock edge(s) of core_clk.
Related violations: <none>

TIMING-18#712 Warning
Missing input or output delay  
An output delay is missing on result_address_o[17] relative to the rising and/or falling clock edge(s) of core_clk.
Related violations: <none>

TIMING-18#713 Warning
Missing input or output delay  
An output delay is missing on result_address_o[18] relative to the rising and/or falling clock edge(s) of core_clk.
Related violations: <none>

TIMING-18#714 Warning
Missing input or output delay  
An output delay is missing on result_address_o[19] relative to the rising and/or falling clock edge(s) of core_clk.
Related violations: <none>

TIMING-18#715 Warning
Missing input or output delay  
An output delay is missing on result_address_o[1] relative to the rising and/or falling clock edge(s) of core_clk.
Related violations: <none>

TIMING-18#716 Warning
Missing input or output delay  
An output delay is missing on result_address_o[20] relative to the rising and/or falling clock edge(s) of core_clk.
Related violations: <none>

TIMING-18#717 Warning
Missing input or output delay  
An output delay is missing on result_address_o[21] relative to the rising and/or falling clock edge(s) of core_clk.
Related violations: <none>

TIMING-18#718 Warning
Missing input or output delay  
An output delay is missing on result_address_o[22] relative to the rising and/or falling clock edge(s) of core_clk.
Related violations: <none>

TIMING-18#719 Warning
Missing input or output delay  
An output delay is missing on result_address_o[23] relative to the rising and/or falling clock edge(s) of core_clk.
Related violations: <none>

TIMING-18#720 Warning
Missing input or output delay  
An output delay is missing on result_address_o[24] relative to the rising and/or falling clock edge(s) of core_clk.
Related violations: <none>

TIMING-18#721 Warning
Missing input or output delay  
An output delay is missing on result_address_o[25] relative to the rising and/or falling clock edge(s) of core_clk.
Related violations: <none>

TIMING-18#722 Warning
Missing input or output delay  
An output delay is missing on result_address_o[26] relative to the rising and/or falling clock edge(s) of core_clk.
Related violations: <none>

TIMING-18#723 Warning
Missing input or output delay  
An output delay is missing on result_address_o[27] relative to the rising and/or falling clock edge(s) of core_clk.
Related violations: <none>

TIMING-18#724 Warning
Missing input or output delay  
An output delay is missing on result_address_o[28] relative to the rising and/or falling clock edge(s) of core_clk.
Related violations: <none>

TIMING-18#725 Warning
Missing input or output delay  
An output delay is missing on result_address_o[29] relative to the rising and/or falling clock edge(s) of core_clk.
Related violations: <none>

TIMING-18#726 Warning
Missing input or output delay  
An output delay is missing on result_address_o[2] relative to the rising and/or falling clock edge(s) of core_clk.
Related violations: <none>

TIMING-18#727 Warning
Missing input or output delay  
An output delay is missing on result_address_o[30] relative to the rising and/or falling clock edge(s) of core_clk.
Related violations: <none>

TIMING-18#728 Warning
Missing input or output delay  
An output delay is missing on result_address_o[31] relative to the rising and/or falling clock edge(s) of core_clk.
Related violations: <none>

TIMING-18#729 Warning
Missing input or output delay  
An output delay is missing on result_address_o[3] relative to the rising and/or falling clock edge(s) of core_clk.
Related violations: <none>

TIMING-18#730 Warning
Missing input or output delay  
An output delay is missing on result_address_o[4] relative to the rising and/or falling clock edge(s) of core_clk.
Related violations: <none>

TIMING-18#731 Warning
Missing input or output delay  
An output delay is missing on result_address_o[5] relative to the rising and/or falling clock edge(s) of core_clk.
Related violations: <none>

TIMING-18#732 Warning
Missing input or output delay  
An output delay is missing on result_address_o[6] relative to the rising and/or falling clock edge(s) of core_clk.
Related violations: <none>

TIMING-18#733 Warning
Missing input or output delay  
An output delay is missing on result_address_o[7] relative to the rising and/or falling clock edge(s) of core_clk.
Related violations: <none>

TIMING-18#734 Warning
Missing input or output delay  
An output delay is missing on result_address_o[8] relative to the rising and/or falling clock edge(s) of core_clk.
Related violations: <none>

TIMING-18#735 Warning
Missing input or output delay  
An output delay is missing on result_address_o[9] relative to the rising and/or falling clock edge(s) of core_clk.
Related violations: <none>

TIMING-18#736 Warning
Missing input or output delay  
An output delay is missing on result_data_o[0] relative to the rising and/or falling clock edge(s) of core_clk.
Related violations: <none>

TIMING-18#737 Warning
Missing input or output delay  
An output delay is missing on result_data_o[100] relative to the rising and/or falling clock edge(s) of core_clk.
Related violations: <none>

TIMING-18#738 Warning
Missing input or output delay  
An output delay is missing on result_data_o[101] relative to the rising and/or falling clock edge(s) of core_clk.
Related violations: <none>

TIMING-18#739 Warning
Missing input or output delay  
An output delay is missing on result_data_o[102] relative to the rising and/or falling clock edge(s) of core_clk.
Related violations: <none>

TIMING-18#740 Warning
Missing input or output delay  
An output delay is missing on result_data_o[103] relative to the rising and/or falling clock edge(s) of core_clk.
Related violations: <none>

TIMING-18#741 Warning
Missing input or output delay  
An output delay is missing on result_data_o[104] relative to the rising and/or falling clock edge(s) of core_clk.
Related violations: <none>

TIMING-18#742 Warning
Missing input or output delay  
An output delay is missing on result_data_o[105] relative to the rising and/or falling clock edge(s) of core_clk.
Related violations: <none>

TIMING-18#743 Warning
Missing input or output delay  
An output delay is missing on result_data_o[106] relative to the rising and/or falling clock edge(s) of core_clk.
Related violations: <none>

TIMING-18#744 Warning
Missing input or output delay  
An output delay is missing on result_data_o[107] relative to the rising and/or falling clock edge(s) of core_clk.
Related violations: <none>

TIMING-18#745 Warning
Missing input or output delay  
An output delay is missing on result_data_o[108] relative to the rising and/or falling clock edge(s) of core_clk.
Related violations: <none>

TIMING-18#746 Warning
Missing input or output delay  
An output delay is missing on result_data_o[109] relative to the rising and/or falling clock edge(s) of core_clk.
Related violations: <none>

TIMING-18#747 Warning
Missing input or output delay  
An output delay is missing on result_data_o[10] relative to the rising and/or falling clock edge(s) of core_clk.
Related violations: <none>

TIMING-18#748 Warning
Missing input or output delay  
An output delay is missing on result_data_o[110] relative to the rising and/or falling clock edge(s) of core_clk.
Related violations: <none>

TIMING-18#749 Warning
Missing input or output delay  
An output delay is missing on result_data_o[111] relative to the rising and/or falling clock edge(s) of core_clk.
Related violations: <none>

TIMING-18#750 Warning
Missing input or output delay  
An output delay is missing on result_data_o[112] relative to the rising and/or falling clock edge(s) of core_clk.
Related violations: <none>

TIMING-18#751 Warning
Missing input or output delay  
An output delay is missing on result_data_o[113] relative to the rising and/or falling clock edge(s) of core_clk.
Related violations: <none>

TIMING-18#752 Warning
Missing input or output delay  
An output delay is missing on result_data_o[114] relative to the rising and/or falling clock edge(s) of core_clk.
Related violations: <none>

TIMING-18#753 Warning
Missing input or output delay  
An output delay is missing on result_data_o[115] relative to the rising and/or falling clock edge(s) of core_clk.
Related violations: <none>

TIMING-18#754 Warning
Missing input or output delay  
An output delay is missing on result_data_o[116] relative to the rising and/or falling clock edge(s) of core_clk.
Related violations: <none>

TIMING-18#755 Warning
Missing input or output delay  
An output delay is missing on result_data_o[117] relative to the rising and/or falling clock edge(s) of core_clk.
Related violations: <none>

TIMING-18#756 Warning
Missing input or output delay  
An output delay is missing on result_data_o[118] relative to the rising and/or falling clock edge(s) of core_clk.
Related violations: <none>

TIMING-18#757 Warning
Missing input or output delay  
An output delay is missing on result_data_o[119] relative to the rising and/or falling clock edge(s) of core_clk.
Related violations: <none>

TIMING-18#758 Warning
Missing input or output delay  
An output delay is missing on result_data_o[11] relative to the rising and/or falling clock edge(s) of core_clk.
Related violations: <none>

TIMING-18#759 Warning
Missing input or output delay  
An output delay is missing on result_data_o[120] relative to the rising and/or falling clock edge(s) of core_clk.
Related violations: <none>

TIMING-18#760 Warning
Missing input or output delay  
An output delay is missing on result_data_o[121] relative to the rising and/or falling clock edge(s) of core_clk.
Related violations: <none>

TIMING-18#761 Warning
Missing input or output delay  
An output delay is missing on result_data_o[122] relative to the rising and/or falling clock edge(s) of core_clk.
Related violations: <none>

TIMING-18#762 Warning
Missing input or output delay  
An output delay is missing on result_data_o[123] relative to the rising and/or falling clock edge(s) of core_clk.
Related violations: <none>

TIMING-18#763 Warning
Missing input or output delay  
An output delay is missing on result_data_o[124] relative to the rising and/or falling clock edge(s) of core_clk.
Related violations: <none>

TIMING-18#764 Warning
Missing input or output delay  
An output delay is missing on result_data_o[125] relative to the rising and/or falling clock edge(s) of core_clk.
Related violations: <none>

TIMING-18#765 Warning
Missing input or output delay  
An output delay is missing on result_data_o[126] relative to the rising and/or falling clock edge(s) of core_clk.
Related violations: <none>

TIMING-18#766 Warning
Missing input or output delay  
An output delay is missing on result_data_o[127] relative to the rising and/or falling clock edge(s) of core_clk.
Related violations: <none>

TIMING-18#767 Warning
Missing input or output delay  
An output delay is missing on result_data_o[128] relative to the rising and/or falling clock edge(s) of core_clk.
Related violations: <none>

TIMING-18#768 Warning
Missing input or output delay  
An output delay is missing on result_data_o[129] relative to the rising and/or falling clock edge(s) of core_clk.
Related violations: <none>

TIMING-18#769 Warning
Missing input or output delay  
An output delay is missing on result_data_o[12] relative to the rising and/or falling clock edge(s) of core_clk.
Related violations: <none>

TIMING-18#770 Warning
Missing input or output delay  
An output delay is missing on result_data_o[130] relative to the rising and/or falling clock edge(s) of core_clk.
Related violations: <none>

TIMING-18#771 Warning
Missing input or output delay  
An output delay is missing on result_data_o[131] relative to the rising and/or falling clock edge(s) of core_clk.
Related violations: <none>

TIMING-18#772 Warning
Missing input or output delay  
An output delay is missing on result_data_o[132] relative to the rising and/or falling clock edge(s) of core_clk.
Related violations: <none>

TIMING-18#773 Warning
Missing input or output delay  
An output delay is missing on result_data_o[133] relative to the rising and/or falling clock edge(s) of core_clk.
Related violations: <none>

TIMING-18#774 Warning
Missing input or output delay  
An output delay is missing on result_data_o[134] relative to the rising and/or falling clock edge(s) of core_clk.
Related violations: <none>

TIMING-18#775 Warning
Missing input or output delay  
An output delay is missing on result_data_o[135] relative to the rising and/or falling clock edge(s) of core_clk.
Related violations: <none>

TIMING-18#776 Warning
Missing input or output delay  
An output delay is missing on result_data_o[136] relative to the rising and/or falling clock edge(s) of core_clk.
Related violations: <none>

TIMING-18#777 Warning
Missing input or output delay  
An output delay is missing on result_data_o[137] relative to the rising and/or falling clock edge(s) of core_clk.
Related violations: <none>

TIMING-18#778 Warning
Missing input or output delay  
An output delay is missing on result_data_o[138] relative to the rising and/or falling clock edge(s) of core_clk.
Related violations: <none>

TIMING-18#779 Warning
Missing input or output delay  
An output delay is missing on result_data_o[139] relative to the rising and/or falling clock edge(s) of core_clk.
Related violations: <none>

TIMING-18#780 Warning
Missing input or output delay  
An output delay is missing on result_data_o[13] relative to the rising and/or falling clock edge(s) of core_clk.
Related violations: <none>

TIMING-18#781 Warning
Missing input or output delay  
An output delay is missing on result_data_o[140] relative to the rising and/or falling clock edge(s) of core_clk.
Related violations: <none>

TIMING-18#782 Warning
Missing input or output delay  
An output delay is missing on result_data_o[141] relative to the rising and/or falling clock edge(s) of core_clk.
Related violations: <none>

TIMING-18#783 Warning
Missing input or output delay  
An output delay is missing on result_data_o[142] relative to the rising and/or falling clock edge(s) of core_clk.
Related violations: <none>

TIMING-18#784 Warning
Missing input or output delay  
An output delay is missing on result_data_o[143] relative to the rising and/or falling clock edge(s) of core_clk.
Related violations: <none>

TIMING-18#785 Warning
Missing input or output delay  
An output delay is missing on result_data_o[144] relative to the rising and/or falling clock edge(s) of core_clk.
Related violations: <none>

TIMING-18#786 Warning
Missing input or output delay  
An output delay is missing on result_data_o[145] relative to the rising and/or falling clock edge(s) of core_clk.
Related violations: <none>

TIMING-18#787 Warning
Missing input or output delay  
An output delay is missing on result_data_o[146] relative to the rising and/or falling clock edge(s) of core_clk.
Related violations: <none>

TIMING-18#788 Warning
Missing input or output delay  
An output delay is missing on result_data_o[147] relative to the rising and/or falling clock edge(s) of core_clk.
Related violations: <none>

TIMING-18#789 Warning
Missing input or output delay  
An output delay is missing on result_data_o[148] relative to the rising and/or falling clock edge(s) of core_clk.
Related violations: <none>

TIMING-18#790 Warning
Missing input or output delay  
An output delay is missing on result_data_o[149] relative to the rising and/or falling clock edge(s) of core_clk.
Related violations: <none>

TIMING-18#791 Warning
Missing input or output delay  
An output delay is missing on result_data_o[14] relative to the rising and/or falling clock edge(s) of core_clk.
Related violations: <none>

TIMING-18#792 Warning
Missing input or output delay  
An output delay is missing on result_data_o[150] relative to the rising and/or falling clock edge(s) of core_clk.
Related violations: <none>

TIMING-18#793 Warning
Missing input or output delay  
An output delay is missing on result_data_o[151] relative to the rising and/or falling clock edge(s) of core_clk.
Related violations: <none>

TIMING-18#794 Warning
Missing input or output delay  
An output delay is missing on result_data_o[152] relative to the rising and/or falling clock edge(s) of core_clk.
Related violations: <none>

TIMING-18#795 Warning
Missing input or output delay  
An output delay is missing on result_data_o[153] relative to the rising and/or falling clock edge(s) of core_clk.
Related violations: <none>

TIMING-18#796 Warning
Missing input or output delay  
An output delay is missing on result_data_o[154] relative to the rising and/or falling clock edge(s) of core_clk.
Related violations: <none>

TIMING-18#797 Warning
Missing input or output delay  
An output delay is missing on result_data_o[155] relative to the rising and/or falling clock edge(s) of core_clk.
Related violations: <none>

TIMING-18#798 Warning
Missing input or output delay  
An output delay is missing on result_data_o[156] relative to the rising and/or falling clock edge(s) of core_clk.
Related violations: <none>

TIMING-18#799 Warning
Missing input or output delay  
An output delay is missing on result_data_o[157] relative to the rising and/or falling clock edge(s) of core_clk.
Related violations: <none>

TIMING-18#800 Warning
Missing input or output delay  
An output delay is missing on result_data_o[158] relative to the rising and/or falling clock edge(s) of core_clk.
Related violations: <none>

TIMING-18#801 Warning
Missing input or output delay  
An output delay is missing on result_data_o[159] relative to the rising and/or falling clock edge(s) of core_clk.
Related violations: <none>

TIMING-18#802 Warning
Missing input or output delay  
An output delay is missing on result_data_o[15] relative to the rising and/or falling clock edge(s) of core_clk.
Related violations: <none>

TIMING-18#803 Warning
Missing input or output delay  
An output delay is missing on result_data_o[160] relative to the rising and/or falling clock edge(s) of core_clk.
Related violations: <none>

TIMING-18#804 Warning
Missing input or output delay  
An output delay is missing on result_data_o[161] relative to the rising and/or falling clock edge(s) of core_clk.
Related violations: <none>

TIMING-18#805 Warning
Missing input or output delay  
An output delay is missing on result_data_o[162] relative to the rising and/or falling clock edge(s) of core_clk.
Related violations: <none>

TIMING-18#806 Warning
Missing input or output delay  
An output delay is missing on result_data_o[163] relative to the rising and/or falling clock edge(s) of core_clk.
Related violations: <none>

TIMING-18#807 Warning
Missing input or output delay  
An output delay is missing on result_data_o[164] relative to the rising and/or falling clock edge(s) of core_clk.
Related violations: <none>

TIMING-18#808 Warning
Missing input or output delay  
An output delay is missing on result_data_o[165] relative to the rising and/or falling clock edge(s) of core_clk.
Related violations: <none>

TIMING-18#809 Warning
Missing input or output delay  
An output delay is missing on result_data_o[166] relative to the rising and/or falling clock edge(s) of core_clk.
Related violations: <none>

TIMING-18#810 Warning
Missing input or output delay  
An output delay is missing on result_data_o[167] relative to the rising and/or falling clock edge(s) of core_clk.
Related violations: <none>

TIMING-18#811 Warning
Missing input or output delay  
An output delay is missing on result_data_o[168] relative to the rising and/or falling clock edge(s) of core_clk.
Related violations: <none>

TIMING-18#812 Warning
Missing input or output delay  
An output delay is missing on result_data_o[169] relative to the rising and/or falling clock edge(s) of core_clk.
Related violations: <none>

TIMING-18#813 Warning
Missing input or output delay  
An output delay is missing on result_data_o[16] relative to the rising and/or falling clock edge(s) of core_clk.
Related violations: <none>

TIMING-18#814 Warning
Missing input or output delay  
An output delay is missing on result_data_o[170] relative to the rising and/or falling clock edge(s) of core_clk.
Related violations: <none>

TIMING-18#815 Warning
Missing input or output delay  
An output delay is missing on result_data_o[171] relative to the rising and/or falling clock edge(s) of core_clk.
Related violations: <none>

TIMING-18#816 Warning
Missing input or output delay  
An output delay is missing on result_data_o[172] relative to the rising and/or falling clock edge(s) of core_clk.
Related violations: <none>

TIMING-18#817 Warning
Missing input or output delay  
An output delay is missing on result_data_o[173] relative to the rising and/or falling clock edge(s) of core_clk.
Related violations: <none>

TIMING-18#818 Warning
Missing input or output delay  
An output delay is missing on result_data_o[174] relative to the rising and/or falling clock edge(s) of core_clk.
Related violations: <none>

TIMING-18#819 Warning
Missing input or output delay  
An output delay is missing on result_data_o[175] relative to the rising and/or falling clock edge(s) of core_clk.
Related violations: <none>

TIMING-18#820 Warning
Missing input or output delay  
An output delay is missing on result_data_o[176] relative to the rising and/or falling clock edge(s) of core_clk.
Related violations: <none>

TIMING-18#821 Warning
Missing input or output delay  
An output delay is missing on result_data_o[177] relative to the rising and/or falling clock edge(s) of core_clk.
Related violations: <none>

TIMING-18#822 Warning
Missing input or output delay  
An output delay is missing on result_data_o[178] relative to the rising and/or falling clock edge(s) of core_clk.
Related violations: <none>

TIMING-18#823 Warning
Missing input or output delay  
An output delay is missing on result_data_o[179] relative to the rising and/or falling clock edge(s) of core_clk.
Related violations: <none>

TIMING-18#824 Warning
Missing input or output delay  
An output delay is missing on result_data_o[17] relative to the rising and/or falling clock edge(s) of core_clk.
Related violations: <none>

TIMING-18#825 Warning
Missing input or output delay  
An output delay is missing on result_data_o[180] relative to the rising and/or falling clock edge(s) of core_clk.
Related violations: <none>

TIMING-18#826 Warning
Missing input or output delay  
An output delay is missing on result_data_o[181] relative to the rising and/or falling clock edge(s) of core_clk.
Related violations: <none>

TIMING-18#827 Warning
Missing input or output delay  
An output delay is missing on result_data_o[182] relative to the rising and/or falling clock edge(s) of core_clk.
Related violations: <none>

TIMING-18#828 Warning
Missing input or output delay  
An output delay is missing on result_data_o[183] relative to the rising and/or falling clock edge(s) of core_clk.
Related violations: <none>

TIMING-18#829 Warning
Missing input or output delay  
An output delay is missing on result_data_o[184] relative to the rising and/or falling clock edge(s) of core_clk.
Related violations: <none>

TIMING-18#830 Warning
Missing input or output delay  
An output delay is missing on result_data_o[185] relative to the rising and/or falling clock edge(s) of core_clk.
Related violations: <none>

TIMING-18#831 Warning
Missing input or output delay  
An output delay is missing on result_data_o[186] relative to the rising and/or falling clock edge(s) of core_clk.
Related violations: <none>

TIMING-18#832 Warning
Missing input or output delay  
An output delay is missing on result_data_o[187] relative to the rising and/or falling clock edge(s) of core_clk.
Related violations: <none>

TIMING-18#833 Warning
Missing input or output delay  
An output delay is missing on result_data_o[188] relative to the rising and/or falling clock edge(s) of core_clk.
Related violations: <none>

TIMING-18#834 Warning
Missing input or output delay  
An output delay is missing on result_data_o[189] relative to the rising and/or falling clock edge(s) of core_clk.
Related violations: <none>

TIMING-18#835 Warning
Missing input or output delay  
An output delay is missing on result_data_o[18] relative to the rising and/or falling clock edge(s) of core_clk.
Related violations: <none>

TIMING-18#836 Warning
Missing input or output delay  
An output delay is missing on result_data_o[190] relative to the rising and/or falling clock edge(s) of core_clk.
Related violations: <none>

TIMING-18#837 Warning
Missing input or output delay  
An output delay is missing on result_data_o[191] relative to the rising and/or falling clock edge(s) of core_clk.
Related violations: <none>

TIMING-18#838 Warning
Missing input or output delay  
An output delay is missing on result_data_o[192] relative to the rising and/or falling clock edge(s) of core_clk.
Related violations: <none>

TIMING-18#839 Warning
Missing input or output delay  
An output delay is missing on result_data_o[193] relative to the rising and/or falling clock edge(s) of core_clk.
Related violations: <none>

TIMING-18#840 Warning
Missing input or output delay  
An output delay is missing on result_data_o[194] relative to the rising and/or falling clock edge(s) of core_clk.
Related violations: <none>

TIMING-18#841 Warning
Missing input or output delay  
An output delay is missing on result_data_o[195] relative to the rising and/or falling clock edge(s) of core_clk.
Related violations: <none>

TIMING-18#842 Warning
Missing input or output delay  
An output delay is missing on result_data_o[196] relative to the rising and/or falling clock edge(s) of core_clk.
Related violations: <none>

TIMING-18#843 Warning
Missing input or output delay  
An output delay is missing on result_data_o[197] relative to the rising and/or falling clock edge(s) of core_clk.
Related violations: <none>

TIMING-18#844 Warning
Missing input or output delay  
An output delay is missing on result_data_o[198] relative to the rising and/or falling clock edge(s) of core_clk.
Related violations: <none>

TIMING-18#845 Warning
Missing input or output delay  
An output delay is missing on result_data_o[199] relative to the rising and/or falling clock edge(s) of core_clk.
Related violations: <none>

TIMING-18#846 Warning
Missing input or output delay  
An output delay is missing on result_data_o[19] relative to the rising and/or falling clock edge(s) of core_clk.
Related violations: <none>

TIMING-18#847 Warning
Missing input or output delay  
An output delay is missing on result_data_o[1] relative to the rising and/or falling clock edge(s) of core_clk.
Related violations: <none>

TIMING-18#848 Warning
Missing input or output delay  
An output delay is missing on result_data_o[200] relative to the rising and/or falling clock edge(s) of core_clk.
Related violations: <none>

TIMING-18#849 Warning
Missing input or output delay  
An output delay is missing on result_data_o[201] relative to the rising and/or falling clock edge(s) of core_clk.
Related violations: <none>

TIMING-18#850 Warning
Missing input or output delay  
An output delay is missing on result_data_o[202] relative to the rising and/or falling clock edge(s) of core_clk.
Related violations: <none>

TIMING-18#851 Warning
Missing input or output delay  
An output delay is missing on result_data_o[203] relative to the rising and/or falling clock edge(s) of core_clk.
Related violations: <none>

TIMING-18#852 Warning
Missing input or output delay  
An output delay is missing on result_data_o[204] relative to the rising and/or falling clock edge(s) of core_clk.
Related violations: <none>

TIMING-18#853 Warning
Missing input or output delay  
An output delay is missing on result_data_o[205] relative to the rising and/or falling clock edge(s) of core_clk.
Related violations: <none>

TIMING-18#854 Warning
Missing input or output delay  
An output delay is missing on result_data_o[206] relative to the rising and/or falling clock edge(s) of core_clk.
Related violations: <none>

TIMING-18#855 Warning
Missing input or output delay  
An output delay is missing on result_data_o[207] relative to the rising and/or falling clock edge(s) of core_clk.
Related violations: <none>

TIMING-18#856 Warning
Missing input or output delay  
An output delay is missing on result_data_o[208] relative to the rising and/or falling clock edge(s) of core_clk.
Related violations: <none>

TIMING-18#857 Warning
Missing input or output delay  
An output delay is missing on result_data_o[209] relative to the rising and/or falling clock edge(s) of core_clk.
Related violations: <none>

TIMING-18#858 Warning
Missing input or output delay  
An output delay is missing on result_data_o[20] relative to the rising and/or falling clock edge(s) of core_clk.
Related violations: <none>

TIMING-18#859 Warning
Missing input or output delay  
An output delay is missing on result_data_o[210] relative to the rising and/or falling clock edge(s) of core_clk.
Related violations: <none>

TIMING-18#860 Warning
Missing input or output delay  
An output delay is missing on result_data_o[211] relative to the rising and/or falling clock edge(s) of core_clk.
Related violations: <none>

TIMING-18#861 Warning
Missing input or output delay  
An output delay is missing on result_data_o[212] relative to the rising and/or falling clock edge(s) of core_clk.
Related violations: <none>

TIMING-18#862 Warning
Missing input or output delay  
An output delay is missing on result_data_o[213] relative to the rising and/or falling clock edge(s) of core_clk.
Related violations: <none>

TIMING-18#863 Warning
Missing input or output delay  
An output delay is missing on result_data_o[214] relative to the rising and/or falling clock edge(s) of core_clk.
Related violations: <none>

TIMING-18#864 Warning
Missing input or output delay  
An output delay is missing on result_data_o[215] relative to the rising and/or falling clock edge(s) of core_clk.
Related violations: <none>

TIMING-18#865 Warning
Missing input or output delay  
An output delay is missing on result_data_o[216] relative to the rising and/or falling clock edge(s) of core_clk.
Related violations: <none>

TIMING-18#866 Warning
Missing input or output delay  
An output delay is missing on result_data_o[217] relative to the rising and/or falling clock edge(s) of core_clk.
Related violations: <none>

TIMING-18#867 Warning
Missing input or output delay  
An output delay is missing on result_data_o[218] relative to the rising and/or falling clock edge(s) of core_clk.
Related violations: <none>

TIMING-18#868 Warning
Missing input or output delay  
An output delay is missing on result_data_o[219] relative to the rising and/or falling clock edge(s) of core_clk.
Related violations: <none>

TIMING-18#869 Warning
Missing input or output delay  
An output delay is missing on result_data_o[21] relative to the rising and/or falling clock edge(s) of core_clk.
Related violations: <none>

TIMING-18#870 Warning
Missing input or output delay  
An output delay is missing on result_data_o[220] relative to the rising and/or falling clock edge(s) of core_clk.
Related violations: <none>

TIMING-18#871 Warning
Missing input or output delay  
An output delay is missing on result_data_o[221] relative to the rising and/or falling clock edge(s) of core_clk.
Related violations: <none>

TIMING-18#872 Warning
Missing input or output delay  
An output delay is missing on result_data_o[222] relative to the rising and/or falling clock edge(s) of core_clk.
Related violations: <none>

TIMING-18#873 Warning
Missing input or output delay  
An output delay is missing on result_data_o[223] relative to the rising and/or falling clock edge(s) of core_clk.
Related violations: <none>

TIMING-18#874 Warning
Missing input or output delay  
An output delay is missing on result_data_o[224] relative to the rising and/or falling clock edge(s) of core_clk.
Related violations: <none>

TIMING-18#875 Warning
Missing input or output delay  
An output delay is missing on result_data_o[225] relative to the rising and/or falling clock edge(s) of core_clk.
Related violations: <none>

TIMING-18#876 Warning
Missing input or output delay  
An output delay is missing on result_data_o[226] relative to the rising and/or falling clock edge(s) of core_clk.
Related violations: <none>

TIMING-18#877 Warning
Missing input or output delay  
An output delay is missing on result_data_o[227] relative to the rising and/or falling clock edge(s) of core_clk.
Related violations: <none>

TIMING-18#878 Warning
Missing input or output delay  
An output delay is missing on result_data_o[228] relative to the rising and/or falling clock edge(s) of core_clk.
Related violations: <none>

TIMING-18#879 Warning
Missing input or output delay  
An output delay is missing on result_data_o[229] relative to the rising and/or falling clock edge(s) of core_clk.
Related violations: <none>

TIMING-18#880 Warning
Missing input or output delay  
An output delay is missing on result_data_o[22] relative to the rising and/or falling clock edge(s) of core_clk.
Related violations: <none>

TIMING-18#881 Warning
Missing input or output delay  
An output delay is missing on result_data_o[230] relative to the rising and/or falling clock edge(s) of core_clk.
Related violations: <none>

TIMING-18#882 Warning
Missing input or output delay  
An output delay is missing on result_data_o[231] relative to the rising and/or falling clock edge(s) of core_clk.
Related violations: <none>

TIMING-18#883 Warning
Missing input or output delay  
An output delay is missing on result_data_o[232] relative to the rising and/or falling clock edge(s) of core_clk.
Related violations: <none>

TIMING-18#884 Warning
Missing input or output delay  
An output delay is missing on result_data_o[233] relative to the rising and/or falling clock edge(s) of core_clk.
Related violations: <none>

TIMING-18#885 Warning
Missing input or output delay  
An output delay is missing on result_data_o[234] relative to the rising and/or falling clock edge(s) of core_clk.
Related violations: <none>

TIMING-18#886 Warning
Missing input or output delay  
An output delay is missing on result_data_o[235] relative to the rising and/or falling clock edge(s) of core_clk.
Related violations: <none>

TIMING-18#887 Warning
Missing input or output delay  
An output delay is missing on result_data_o[236] relative to the rising and/or falling clock edge(s) of core_clk.
Related violations: <none>

TIMING-18#888 Warning
Missing input or output delay  
An output delay is missing on result_data_o[237] relative to the rising and/or falling clock edge(s) of core_clk.
Related violations: <none>

TIMING-18#889 Warning
Missing input or output delay  
An output delay is missing on result_data_o[238] relative to the rising and/or falling clock edge(s) of core_clk.
Related violations: <none>

TIMING-18#890 Warning
Missing input or output delay  
An output delay is missing on result_data_o[239] relative to the rising and/or falling clock edge(s) of core_clk.
Related violations: <none>

TIMING-18#891 Warning
Missing input or output delay  
An output delay is missing on result_data_o[23] relative to the rising and/or falling clock edge(s) of core_clk.
Related violations: <none>

TIMING-18#892 Warning
Missing input or output delay  
An output delay is missing on result_data_o[240] relative to the rising and/or falling clock edge(s) of core_clk.
Related violations: <none>

TIMING-18#893 Warning
Missing input or output delay  
An output delay is missing on result_data_o[241] relative to the rising and/or falling clock edge(s) of core_clk.
Related violations: <none>

TIMING-18#894 Warning
Missing input or output delay  
An output delay is missing on result_data_o[242] relative to the rising and/or falling clock edge(s) of core_clk.
Related violations: <none>

TIMING-18#895 Warning
Missing input or output delay  
An output delay is missing on result_data_o[243] relative to the rising and/or falling clock edge(s) of core_clk.
Related violations: <none>

TIMING-18#896 Warning
Missing input or output delay  
An output delay is missing on result_data_o[244] relative to the rising and/or falling clock edge(s) of core_clk.
Related violations: <none>

TIMING-18#897 Warning
Missing input or output delay  
An output delay is missing on result_data_o[245] relative to the rising and/or falling clock edge(s) of core_clk.
Related violations: <none>

TIMING-18#898 Warning
Missing input or output delay  
An output delay is missing on result_data_o[246] relative to the rising and/or falling clock edge(s) of core_clk.
Related violations: <none>

TIMING-18#899 Warning
Missing input or output delay  
An output delay is missing on result_data_o[247] relative to the rising and/or falling clock edge(s) of core_clk.
Related violations: <none>

TIMING-18#900 Warning
Missing input or output delay  
An output delay is missing on result_data_o[248] relative to the rising and/or falling clock edge(s) of core_clk.
Related violations: <none>

TIMING-18#901 Warning
Missing input or output delay  
An output delay is missing on result_data_o[249] relative to the rising and/or falling clock edge(s) of core_clk.
Related violations: <none>

TIMING-18#902 Warning
Missing input or output delay  
An output delay is missing on result_data_o[24] relative to the rising and/or falling clock edge(s) of core_clk.
Related violations: <none>

TIMING-18#903 Warning
Missing input or output delay  
An output delay is missing on result_data_o[250] relative to the rising and/or falling clock edge(s) of core_clk.
Related violations: <none>

TIMING-18#904 Warning
Missing input or output delay  
An output delay is missing on result_data_o[251] relative to the rising and/or falling clock edge(s) of core_clk.
Related violations: <none>

TIMING-18#905 Warning
Missing input or output delay  
An output delay is missing on result_data_o[252] relative to the rising and/or falling clock edge(s) of core_clk.
Related violations: <none>

TIMING-18#906 Warning
Missing input or output delay  
An output delay is missing on result_data_o[253] relative to the rising and/or falling clock edge(s) of core_clk.
Related violations: <none>

TIMING-18#907 Warning
Missing input or output delay  
An output delay is missing on result_data_o[254] relative to the rising and/or falling clock edge(s) of core_clk.
Related violations: <none>

TIMING-18#908 Warning
Missing input or output delay  
An output delay is missing on result_data_o[255] relative to the rising and/or falling clock edge(s) of core_clk.
Related violations: <none>

TIMING-18#909 Warning
Missing input or output delay  
An output delay is missing on result_data_o[25] relative to the rising and/or falling clock edge(s) of core_clk.
Related violations: <none>

TIMING-18#910 Warning
Missing input or output delay  
An output delay is missing on result_data_o[26] relative to the rising and/or falling clock edge(s) of core_clk.
Related violations: <none>

TIMING-18#911 Warning
Missing input or output delay  
An output delay is missing on result_data_o[27] relative to the rising and/or falling clock edge(s) of core_clk.
Related violations: <none>

TIMING-18#912 Warning
Missing input or output delay  
An output delay is missing on result_data_o[28] relative to the rising and/or falling clock edge(s) of core_clk.
Related violations: <none>

TIMING-18#913 Warning
Missing input or output delay  
An output delay is missing on result_data_o[29] relative to the rising and/or falling clock edge(s) of core_clk.
Related violations: <none>

TIMING-18#914 Warning
Missing input or output delay  
An output delay is missing on result_data_o[2] relative to the rising and/or falling clock edge(s) of core_clk.
Related violations: <none>

TIMING-18#915 Warning
Missing input or output delay  
An output delay is missing on result_data_o[30] relative to the rising and/or falling clock edge(s) of core_clk.
Related violations: <none>

TIMING-18#916 Warning
Missing input or output delay  
An output delay is missing on result_data_o[31] relative to the rising and/or falling clock edge(s) of core_clk.
Related violations: <none>

TIMING-18#917 Warning
Missing input or output delay  
An output delay is missing on result_data_o[32] relative to the rising and/or falling clock edge(s) of core_clk.
Related violations: <none>

TIMING-18#918 Warning
Missing input or output delay  
An output delay is missing on result_data_o[33] relative to the rising and/or falling clock edge(s) of core_clk.
Related violations: <none>

TIMING-18#919 Warning
Missing input or output delay  
An output delay is missing on result_data_o[34] relative to the rising and/or falling clock edge(s) of core_clk.
Related violations: <none>

TIMING-18#920 Warning
Missing input or output delay  
An output delay is missing on result_data_o[35] relative to the rising and/or falling clock edge(s) of core_clk.
Related violations: <none>

TIMING-18#921 Warning
Missing input or output delay  
An output delay is missing on result_data_o[36] relative to the rising and/or falling clock edge(s) of core_clk.
Related violations: <none>

TIMING-18#922 Warning
Missing input or output delay  
An output delay is missing on result_data_o[37] relative to the rising and/or falling clock edge(s) of core_clk.
Related violations: <none>

TIMING-18#923 Warning
Missing input or output delay  
An output delay is missing on result_data_o[38] relative to the rising and/or falling clock edge(s) of core_clk.
Related violations: <none>

TIMING-18#924 Warning
Missing input or output delay  
An output delay is missing on result_data_o[39] relative to the rising and/or falling clock edge(s) of core_clk.
Related violations: <none>

TIMING-18#925 Warning
Missing input or output delay  
An output delay is missing on result_data_o[3] relative to the rising and/or falling clock edge(s) of core_clk.
Related violations: <none>

TIMING-18#926 Warning
Missing input or output delay  
An output delay is missing on result_data_o[40] relative to the rising and/or falling clock edge(s) of core_clk.
Related violations: <none>

TIMING-18#927 Warning
Missing input or output delay  
An output delay is missing on result_data_o[41] relative to the rising and/or falling clock edge(s) of core_clk.
Related violations: <none>

TIMING-18#928 Warning
Missing input or output delay  
An output delay is missing on result_data_o[42] relative to the rising and/or falling clock edge(s) of core_clk.
Related violations: <none>

TIMING-18#929 Warning
Missing input or output delay  
An output delay is missing on result_data_o[43] relative to the rising and/or falling clock edge(s) of core_clk.
Related violations: <none>

TIMING-18#930 Warning
Missing input or output delay  
An output delay is missing on result_data_o[44] relative to the rising and/or falling clock edge(s) of core_clk.
Related violations: <none>

TIMING-18#931 Warning
Missing input or output delay  
An output delay is missing on result_data_o[45] relative to the rising and/or falling clock edge(s) of core_clk.
Related violations: <none>

TIMING-18#932 Warning
Missing input or output delay  
An output delay is missing on result_data_o[46] relative to the rising and/or falling clock edge(s) of core_clk.
Related violations: <none>

TIMING-18#933 Warning
Missing input or output delay  
An output delay is missing on result_data_o[47] relative to the rising and/or falling clock edge(s) of core_clk.
Related violations: <none>

TIMING-18#934 Warning
Missing input or output delay  
An output delay is missing on result_data_o[48] relative to the rising and/or falling clock edge(s) of core_clk.
Related violations: <none>

TIMING-18#935 Warning
Missing input or output delay  
An output delay is missing on result_data_o[49] relative to the rising and/or falling clock edge(s) of core_clk.
Related violations: <none>

TIMING-18#936 Warning
Missing input or output delay  
An output delay is missing on result_data_o[4] relative to the rising and/or falling clock edge(s) of core_clk.
Related violations: <none>

TIMING-18#937 Warning
Missing input or output delay  
An output delay is missing on result_data_o[50] relative to the rising and/or falling clock edge(s) of core_clk.
Related violations: <none>

TIMING-18#938 Warning
Missing input or output delay  
An output delay is missing on result_data_o[51] relative to the rising and/or falling clock edge(s) of core_clk.
Related violations: <none>

TIMING-18#939 Warning
Missing input or output delay  
An output delay is missing on result_data_o[52] relative to the rising and/or falling clock edge(s) of core_clk.
Related violations: <none>

TIMING-18#940 Warning
Missing input or output delay  
An output delay is missing on result_data_o[53] relative to the rising and/or falling clock edge(s) of core_clk.
Related violations: <none>

TIMING-18#941 Warning
Missing input or output delay  
An output delay is missing on result_data_o[54] relative to the rising and/or falling clock edge(s) of core_clk.
Related violations: <none>

TIMING-18#942 Warning
Missing input or output delay  
An output delay is missing on result_data_o[55] relative to the rising and/or falling clock edge(s) of core_clk.
Related violations: <none>

TIMING-18#943 Warning
Missing input or output delay  
An output delay is missing on result_data_o[56] relative to the rising and/or falling clock edge(s) of core_clk.
Related violations: <none>

TIMING-18#944 Warning
Missing input or output delay  
An output delay is missing on result_data_o[57] relative to the rising and/or falling clock edge(s) of core_clk.
Related violations: <none>

TIMING-18#945 Warning
Missing input or output delay  
An output delay is missing on result_data_o[58] relative to the rising and/or falling clock edge(s) of core_clk.
Related violations: <none>

TIMING-18#946 Warning
Missing input or output delay  
An output delay is missing on result_data_o[59] relative to the rising and/or falling clock edge(s) of core_clk.
Related violations: <none>

TIMING-18#947 Warning
Missing input or output delay  
An output delay is missing on result_data_o[5] relative to the rising and/or falling clock edge(s) of core_clk.
Related violations: <none>

TIMING-18#948 Warning
Missing input or output delay  
An output delay is missing on result_data_o[60] relative to the rising and/or falling clock edge(s) of core_clk.
Related violations: <none>

TIMING-18#949 Warning
Missing input or output delay  
An output delay is missing on result_data_o[61] relative to the rising and/or falling clock edge(s) of core_clk.
Related violations: <none>

TIMING-18#950 Warning
Missing input or output delay  
An output delay is missing on result_data_o[62] relative to the rising and/or falling clock edge(s) of core_clk.
Related violations: <none>

TIMING-18#951 Warning
Missing input or output delay  
An output delay is missing on result_data_o[63] relative to the rising and/or falling clock edge(s) of core_clk.
Related violations: <none>

TIMING-18#952 Warning
Missing input or output delay  
An output delay is missing on result_data_o[64] relative to the rising and/or falling clock edge(s) of core_clk.
Related violations: <none>

TIMING-18#953 Warning
Missing input or output delay  
An output delay is missing on result_data_o[65] relative to the rising and/or falling clock edge(s) of core_clk.
Related violations: <none>

TIMING-18#954 Warning
Missing input or output delay  
An output delay is missing on result_data_o[66] relative to the rising and/or falling clock edge(s) of core_clk.
Related violations: <none>

TIMING-18#955 Warning
Missing input or output delay  
An output delay is missing on result_data_o[67] relative to the rising and/or falling clock edge(s) of core_clk.
Related violations: <none>

TIMING-18#956 Warning
Missing input or output delay  
An output delay is missing on result_data_o[68] relative to the rising and/or falling clock edge(s) of core_clk.
Related violations: <none>

TIMING-18#957 Warning
Missing input or output delay  
An output delay is missing on result_data_o[69] relative to the rising and/or falling clock edge(s) of core_clk.
Related violations: <none>

TIMING-18#958 Warning
Missing input or output delay  
An output delay is missing on result_data_o[6] relative to the rising and/or falling clock edge(s) of core_clk.
Related violations: <none>

TIMING-18#959 Warning
Missing input or output delay  
An output delay is missing on result_data_o[70] relative to the rising and/or falling clock edge(s) of core_clk.
Related violations: <none>

TIMING-18#960 Warning
Missing input or output delay  
An output delay is missing on result_data_o[71] relative to the rising and/or falling clock edge(s) of core_clk.
Related violations: <none>

TIMING-18#961 Warning
Missing input or output delay  
An output delay is missing on result_data_o[72] relative to the rising and/or falling clock edge(s) of core_clk.
Related violations: <none>

TIMING-18#962 Warning
Missing input or output delay  
An output delay is missing on result_data_o[73] relative to the rising and/or falling clock edge(s) of core_clk.
Related violations: <none>

TIMING-18#963 Warning
Missing input or output delay  
An output delay is missing on result_data_o[74] relative to the rising and/or falling clock edge(s) of core_clk.
Related violations: <none>

TIMING-18#964 Warning
Missing input or output delay  
An output delay is missing on result_data_o[75] relative to the rising and/or falling clock edge(s) of core_clk.
Related violations: <none>

TIMING-18#965 Warning
Missing input or output delay  
An output delay is missing on result_data_o[76] relative to the rising and/or falling clock edge(s) of core_clk.
Related violations: <none>

TIMING-18#966 Warning
Missing input or output delay  
An output delay is missing on result_data_o[77] relative to the rising and/or falling clock edge(s) of core_clk.
Related violations: <none>

TIMING-18#967 Warning
Missing input or output delay  
An output delay is missing on result_data_o[78] relative to the rising and/or falling clock edge(s) of core_clk.
Related violations: <none>

TIMING-18#968 Warning
Missing input or output delay  
An output delay is missing on result_data_o[79] relative to the rising and/or falling clock edge(s) of core_clk.
Related violations: <none>

TIMING-18#969 Warning
Missing input or output delay  
An output delay is missing on result_data_o[7] relative to the rising and/or falling clock edge(s) of core_clk.
Related violations: <none>

TIMING-18#970 Warning
Missing input or output delay  
An output delay is missing on result_data_o[80] relative to the rising and/or falling clock edge(s) of core_clk.
Related violations: <none>

TIMING-18#971 Warning
Missing input or output delay  
An output delay is missing on result_data_o[81] relative to the rising and/or falling clock edge(s) of core_clk.
Related violations: <none>

TIMING-18#972 Warning
Missing input or output delay  
An output delay is missing on result_data_o[82] relative to the rising and/or falling clock edge(s) of core_clk.
Related violations: <none>

TIMING-18#973 Warning
Missing input or output delay  
An output delay is missing on result_data_o[83] relative to the rising and/or falling clock edge(s) of core_clk.
Related violations: <none>

TIMING-18#974 Warning
Missing input or output delay  
An output delay is missing on result_data_o[84] relative to the rising and/or falling clock edge(s) of core_clk.
Related violations: <none>

TIMING-18#975 Warning
Missing input or output delay  
An output delay is missing on result_data_o[85] relative to the rising and/or falling clock edge(s) of core_clk.
Related violations: <none>

TIMING-18#976 Warning
Missing input or output delay  
An output delay is missing on result_data_o[86] relative to the rising and/or falling clock edge(s) of core_clk.
Related violations: <none>

TIMING-18#977 Warning
Missing input or output delay  
An output delay is missing on result_data_o[87] relative to the rising and/or falling clock edge(s) of core_clk.
Related violations: <none>

TIMING-18#978 Warning
Missing input or output delay  
An output delay is missing on result_data_o[88] relative to the rising and/or falling clock edge(s) of core_clk.
Related violations: <none>

TIMING-18#979 Warning
Missing input or output delay  
An output delay is missing on result_data_o[89] relative to the rising and/or falling clock edge(s) of core_clk.
Related violations: <none>

TIMING-18#980 Warning
Missing input or output delay  
An output delay is missing on result_data_o[8] relative to the rising and/or falling clock edge(s) of core_clk.
Related violations: <none>

TIMING-18#981 Warning
Missing input or output delay  
An output delay is missing on result_data_o[90] relative to the rising and/or falling clock edge(s) of core_clk.
Related violations: <none>

TIMING-18#982 Warning
Missing input or output delay  
An output delay is missing on result_data_o[91] relative to the rising and/or falling clock edge(s) of core_clk.
Related violations: <none>

TIMING-18#983 Warning
Missing input or output delay  
An output delay is missing on result_data_o[92] relative to the rising and/or falling clock edge(s) of core_clk.
Related violations: <none>

TIMING-18#984 Warning
Missing input or output delay  
An output delay is missing on result_data_o[93] relative to the rising and/or falling clock edge(s) of core_clk.
Related violations: <none>

TIMING-18#985 Warning
Missing input or output delay  
An output delay is missing on result_data_o[94] relative to the rising and/or falling clock edge(s) of core_clk.
Related violations: <none>

TIMING-18#986 Warning
Missing input or output delay  
An output delay is missing on result_data_o[95] relative to the rising and/or falling clock edge(s) of core_clk.
Related violations: <none>

TIMING-18#987 Warning
Missing input or output delay  
An output delay is missing on result_data_o[96] relative to the rising and/or falling clock edge(s) of core_clk.
Related violations: <none>

TIMING-18#988 Warning
Missing input or output delay  
An output delay is missing on result_data_o[97] relative to the rising and/or falling clock edge(s) of core_clk.
Related violations: <none>

TIMING-18#989 Warning
Missing input or output delay  
An output delay is missing on result_data_o[98] relative to the rising and/or falling clock edge(s) of core_clk.
Related violations: <none>

TIMING-18#990 Warning
Missing input or output delay  
An output delay is missing on result_data_o[99] relative to the rising and/or falling clock edge(s) of core_clk.
Related violations: <none>

TIMING-18#991 Warning
Missing input or output delay  
An output delay is missing on result_data_o[9] relative to the rising and/or falling clock edge(s) of core_clk.
Related violations: <none>

TIMING-18#992 Warning
Missing input or output delay  
An output delay is missing on result_lane_mask_o[0] relative to the rising and/or falling clock edge(s) of core_clk.
Related violations: <none>

TIMING-18#993 Warning
Missing input or output delay  
An output delay is missing on result_lane_mask_o[1] relative to the rising and/or falling clock edge(s) of core_clk.
Related violations: <none>

TIMING-18#994 Warning
Missing input or output delay  
An output delay is missing on result_lane_mask_o[2] relative to the rising and/or falling clock edge(s) of core_clk.
Related violations: <none>

TIMING-18#995 Warning
Missing input or output delay  
An output delay is missing on result_lane_mask_o[3] relative to the rising and/or falling clock edge(s) of core_clk.
Related violations: <none>

TIMING-18#996 Warning
Missing input or output delay  
An output delay is missing on result_lane_mask_o[4] relative to the rising and/or falling clock edge(s) of core_clk.
Related violations: <none>

TIMING-18#997 Warning
Missing input or output delay  
An output delay is missing on result_lane_mask_o[5] relative to the rising and/or falling clock edge(s) of core_clk.
Related violations: <none>

TIMING-18#998 Warning
Missing input or output delay  
An output delay is missing on result_lane_mask_o[6] relative to the rising and/or falling clock edge(s) of core_clk.
Related violations: <none>

TIMING-18#999 Warning
Missing input or output delay  
An output delay is missing on result_lane_mask_o[7] relative to the rising and/or falling clock edge(s) of core_clk.
Related violations: <none>

TIMING-18#1000 Warning
Missing input or output delay  
An output delay is missing on result_valid_o relative to the rising and/or falling clock edge(s) of core_clk.
Related violations: <none>


