Copyright 1986-2022 Xilinx, Inc. All Rights Reserved. Copyright 2022-2026 Advanced Micro Devices, Inc. All Rights Reserved.
------------------------------------------------------------------------------------------------------------------------------------------------------------------------------------------
| Tool Version : Vivado v.2026.1 (win64) Build 6511674 Tue Jun 16 11:02:23 MDT 2026
| Date         : Tue Sep 15 01:02:27 2026
| Host         : RAW2332 running 64-bit major release  (build 9200)
| Command      : report_timing_summary -delay_type max -max_paths 20 -file D:/WORKBUDDY/STEM/npu-stem-repo/hardware/reports/vivado_2026_1/npu_conv2d_controller/timing_summary_100mhz.rpt
| Design       : npu_conv2d_controller
| Device       : 7z020-clg400
| Speed File   : -1  PRODUCTION 1.12 2019-11-22
| Design State : Synthesized
------------------------------------------------------------------------------------------------------------------------------------------------------------------------------------------

Timing Summary Report

------------------------------------------------------------------------------------------------
| Timer Settings
| --------------
------------------------------------------------------------------------------------------------

  Enable Multi Corner Analysis               :  Yes
  Enable Pessimism Removal                   :  Yes
  Pessimism Removal Resolution               :  Nearest Common Node
  Enable Input Delay Default Clock           :  No
  Enable Preset / Clear Arcs                 :  No
  Disable Flight Delays                      :  No
  Ignore I/O Paths                           :  No
  Timing Early Launch at Borrowing Latches   :  No
  Borrow Time for Max Delay Exceptions       :  Yes
  Merge Timing Exceptions                    :  Yes
  Inter-SLR Compensation                     :  Conservative

  Corner  Analyze    Analyze    
  Name    Max Paths  Min Paths  
  ------  ---------  ---------  
  Slow    Yes        Yes        
  Fast    Yes        Yes        


------------------------------------------------------------------------------------------------
| Report Methodology
| ------------------
------------------------------------------------------------------------------------------------

Rule       Severity  Description                    Violations  
---------  --------  -----------------------------  ----------  
TIMING-16  Warning   Large setup violation          36          
TIMING-18  Warning   Missing input or output delay  1000        

Note: This report is based on the most recent report_methodology run and may not be up-to-date. Run report_methodology on the current design for the latest report.



check_timing report

Table of Contents
-----------------
1. checking no_clock (0)
2. checking constant_clock (0)
3. checking pulse_width_clock (0)
4. checking unconstrained_internal_endpoints (0)
5. checking no_input_delay (928)
6. checking no_output_delay (368)
7. checking multiple_clock (0)
8. checking generated_clocks (0)
9. checking loops (0)
10. checking partial_input_delay (0)
11. checking partial_output_delay (0)
12. checking latch_loops (0)

1. checking no_clock (0)
------------------------
 There are 0 register/latch pins with no clock.


2. checking constant_clock (0)
------------------------------
 There are 0 register/latch pins with constant_clock.


3. checking pulse_width_clock (0)
---------------------------------
 There are 0 register/latch pins which need pulse_width check


4. checking unconstrained_internal_endpoints (0)
------------------------------------------------
 There are 0 pins that are not constrained for maximum delay.

 There are 0 pins that are not constrained for maximum delay due to constant clock.


5. checking no_input_delay (928)
--------------------------------
 There are 928 input ports with no input delay specified. (HIGH)

 There are 0 input ports with no input delay but user has a false path constraint.


6. checking no_output_delay (368)
---------------------------------
 There are 368 ports with no output delay specified. (HIGH)

 There are 0 ports with no output delay but user has a false path constraint

 There are 0 ports with no output delay but with a timing clock defined on it or propagating through it


7. checking multiple_clock (0)
------------------------------
 There are 0 register/latch pins with multiple clocks.


8. checking generated_clocks (0)
--------------------------------
 There are 0 generated clocks that are not connected to a clock source.


9. checking loops (0)
---------------------
 There are 0 combinational loops in the design.


10. checking partial_input_delay (0)
------------------------------------
 There are 0 input ports with partial input delay specified.


11. checking partial_output_delay (0)
-------------------------------------
 There are 0 ports with partial output delay specified.


12. checking latch_loops (0)
----------------------------
 There are 0 combinational latch loops in the design through latch input



------------------------------------------------------------------------------------------------
| Design Timing Summary
| ---------------------
------------------------------------------------------------------------------------------------

    WNS(ns)      TNS(ns)  TNS Failing Endpoints  TNS Total Endpoints     WPWS(ns)     TPWS(ns)  TPWS Failing Endpoints  TPWS Total Endpoints  
    -------      -------  ---------------------  -------------------     --------     --------  ----------------------  --------------------  
      2.660        0.000                      0                 5980        4.020        0.000                       0                  2718  


All user specified timing constraints are met.


------------------------------------------------------------------------------------------------
| Clock Summary
| -------------
------------------------------------------------------------------------------------------------

Clock     Waveform(ns)       Period(ns)      Frequency(MHz)
-----     ------------       ----------      --------------
core_clk  {0.000 5.000}      10.000          100.000         


------------------------------------------------------------------------------------------------
| Intra Clock Table
| -----------------
------------------------------------------------------------------------------------------------

Clock             WNS(ns)      TNS(ns)  TNS Failing Endpoints  TNS Total Endpoints     WPWS(ns)     TPWS(ns)  TPWS Failing Endpoints  TPWS Total Endpoints  
-----             -------      -------  ---------------------  -------------------     --------     --------  ----------------------  --------------------  
core_clk            2.660        0.000                      0                 5980        4.020        0.000                       0                  2718  


------------------------------------------------------------------------------------------------
| Inter Clock Table
| -----------------
------------------------------------------------------------------------------------------------

From Clock    To Clock          WNS(ns)      TNS(ns)  TNS Failing Endpoints  TNS Total Endpoints  
----------    --------          -------      -------  ---------------------  -------------------  


------------------------------------------------------------------------------------------------
| Other Path Groups Table
| -----------------------
------------------------------------------------------------------------------------------------

Path Group    From Clock    To Clock          WNS(ns)      TNS(ns)  TNS Failing Endpoints  TNS Total Endpoints  
----------    ----------    --------          -------      -------  ---------------------  -------------------  


------------------------------------------------------------------------------------------------
| Timing Details
| --------------
------------------------------------------------------------------------------------------------


---------------------------------------------------------------------------------------------------
From Clock:  core_clk
  To Clock:  core_clk

Setup :            0  Failing Endpoints,  Worst Slack        2.660ns,  Total Violation        0.000ns
Hold  :           NA  Failing Endpoints,  Worst Slack           NA  ,  Total Violation           NA
PW    :            0  Failing Endpoints,  Worst Slack        4.020ns,  Total Violation        0.000ns
---------------------------------------------------------------------------------------------------


Max Delay Paths
--------------------------------------------------------------------------------------
Slack (MET) :             2.660ns  (required time - arrival time)
  Source:                 tile_w_q_reg[2]/C
                            (rising edge-triggered cell FDRE clocked by core_clk  {rise@0.000ns fall@5.000ns period=10.000ns})
  Destination:            activation_address_q_reg[29]/D
                            (rising edge-triggered cell FDRE clocked by core_clk  {rise@0.000ns fall@5.000ns period=10.000ns})
  Path Group:             core_clk
  Path Type:              Setup (Max at Slow Process Corner)
  Requirement:            10.000ns  (core_clk rise@10.000ns - core_clk rise@0.000ns)
  Data Path Delay:        7.333ns  (logic 4.275ns (58.298%)  route 3.058ns (41.702%))
  Logic Levels:           17  (CARRY4=11 LUT3=2 LUT5=3 LUT6=1)
  Clock Path Skew:        -0.049ns (DCD - SCD + CPR)
    Destination Clock Delay (DCD):    0.924ns = ( 10.924 - 10.000 ) 
    Source Clock Delay      (SCD):    0.973ns
    Clock Pessimism Removal (CPR):    0.000ns
  Clock Uncertainty:      0.035ns  ((TSJ^2 + TIJ^2)^1/2 + DJ) / 2 + PE
    Total System Jitter     (TSJ):    0.071ns
    Total Input Jitter      (TIJ):    0.000ns
    Discrete Jitter          (DJ):    0.000ns
    Phase Error              (PE):    0.000ns

    Location             Delay type                Incr(ns)  Path(ns)    Netlist Resource(s)
  -------------------------------------------------------------------    -------------------
                         (clock core_clk rise edge)
                                                      0.000     0.000 r  <hidden>
                                                      0.000     0.000 r  clk_i
                         net (fo=2717, unset)         0.973     0.973    clk_i
                         FDRE                                         r  tile_w_q_reg[2]/C
  -------------------------------------------------------------------    -------------------
                         FDRE (Prop_fdre_C_Q)         0.518     1.491 r  tile_w_q_reg[2]/Q
                         net (fo=45, unplaced)        0.821     2.312    mac/result_address_q_reg[31]_i_3_0[2]
                         LUT3 (Prop_lut3_I0_O)        0.295     2.607 r  mac/result_address_q[31]_i_32/O
                         net (fo=4, unplaced)         0.473     3.080    mac_n_64
                         LUT5 (Prop_lut5_I2_O)        0.124     3.204 r  output_w_count_q[4]_i_16/O
                         net (fo=1, unplaced)         0.000     3.204    output_w_count_q[4]_i_16_n_0
                         CARRY4 (Prop_carry4_S[1]_CO[3])
                                                      0.533     3.737 r  output_w_count_q_reg[4]_i_9/CO[3]
                         net (fo=1, unplaced)         0.009     3.746    output_w_count_q_reg[4]_i_9_n_0
                         CARRY4 (Prop_carry4_CI_CO[3])
                                                      0.117     3.863 r  output_w_count_q_reg[4]_i_5/CO[3]
                         net (fo=1, unplaced)         0.000     3.863    output_w_count_q_reg[4]_i_5_n_0
                         CARRY4 (Prop_carry4_CI_CO[2])
                                                      0.252     4.115 r  output_w_count_q_reg[4]_i_4/CO[2]
                         net (fo=35, unplaced)        0.525     4.640    output_h_count_q1
                         LUT3 (Prop_lut3_I0_O)        0.310     4.950 r  activation_address_q[3]_i_7/O
                         net (fo=1, unplaced)         0.000     4.950    activation_address_q[3]_i_7_n_0
                         CARRY4 (Prop_carry4_S[1]_CO[3])
                                                      0.533     5.483 r  activation_address_q_reg[3]_i_3/CO[3]
                         net (fo=1, unplaced)         0.009     5.492    activation_address_q_reg[3]_i_3_n_0
                         CARRY4 (Prop_carry4_CI_CO[3])
                                                      0.117     5.609 r  activation_address_q_reg[5]_i_3/CO[3]
                         net (fo=1, unplaced)         0.000     5.609    activation_address_q_reg[5]_i_3_n_0
                         CARRY4 (Prop_carry4_CI_CO[3])
                                                      0.117     5.726 r  activation_pixel_base_q_reg[11]_i_2/CO[3]
                         net (fo=1, unplaced)         0.000     5.726    activation_pixel_base_q_reg[11]_i_2_n_0
                         CARRY4 (Prop_carry4_CI_CO[3])
                                                      0.117     5.843 r  activation_pixel_base_q_reg[15]_i_2/CO[3]
                         net (fo=1, unplaced)         0.000     5.843    activation_pixel_base_q_reg[15]_i_2_n_0
                         CARRY4 (Prop_carry4_CI_CO[3])
                                                      0.117     5.960 r  activation_address_q_reg[17]_i_3/CO[3]
                         net (fo=1, unplaced)         0.000     5.960    activation_address_q_reg[17]_i_3_n_0
                         CARRY4 (Prop_carry4_CI_CO[3])
                                                      0.117     6.077 r  activation_address_q_reg[22]_i_3/CO[3]
                         net (fo=1, unplaced)         0.000     6.077    activation_address_q_reg[22]_i_3_n_0
                         CARRY4 (Prop_carry4_CI_CO[3])
                                                      0.117     6.194 r  activation_pixel_base_q_reg[27]_i_2/CO[3]
                         net (fo=1, unplaced)         0.000     6.194    activation_pixel_base_q_reg[27]_i_2_n_0
                         CARRY4 (Prop_carry4_CI_O[1])
                                                      0.337     6.531 r  activation_address_q_reg[31]_i_8/O[1]
                         net (fo=2, unplaced)         0.323     6.854    activation_pixel_base_q1_out[29]
                         LUT5 (Prop_lut5_I2_O)        0.306     7.160 f  activation_address_q[29]_i_5/O
                         net (fo=1, unplaced)         0.449     7.609    activation_address_q[29]_i_5_n_0
                         LUT5 (Prop_lut5_I4_O)        0.124     7.733 r  activation_address_q[29]_i_2/O
                         net (fo=1, unplaced)         0.449     8.182    activation_address_q[29]_i_2_n_0
                         LUT6 (Prop_lut6_I0_O)        0.124     8.306 r  activation_address_q[29]_i_1/O
                         net (fo=1, unplaced)         0.000     8.306    activation_address_q[29]_i_1_n_0
                         FDRE                                         r  activation_address_q_reg[29]/D
  -------------------------------------------------------------------    -------------------

                         (clock core_clk rise edge)
                                                     10.000    10.000 r  <hidden>
                                                      0.000    10.000 r  clk_i
                         net (fo=2717, unset)         0.924    10.924    clk_i
                         FDRE                                         r  activation_address_q_reg[29]/C
                         clock pessimism              0.000    10.924    <hidden>
                         clock uncertainty           -0.035    10.889    <hidden>
                         FDRE (Setup_fdre_C_D)        0.077    10.966    activation_address_q_reg[29]
  -------------------------------------------------------------------
                         required time                         10.966    <hidden>
                         arrival time                          -8.306    <hidden>
  -------------------------------------------------------------------
                         slack                                  2.660    <hidden>

Slack (MET) :             3.049ns  (required time - arrival time)
  Source:                 tile_w_q_reg[2]/C
                            (rising edge-triggered cell FDRE clocked by core_clk  {rise@0.000ns fall@5.000ns period=10.000ns})
  Destination:            activation_address_q_reg[27]/D
                            (rising edge-triggered cell FDRE clocked by core_clk  {rise@0.000ns fall@5.000ns period=10.000ns})
  Path Group:             core_clk
  Path Type:              Setup (Max at Slow Process Corner)
  Requirement:            10.000ns  (core_clk rise@10.000ns - core_clk rise@0.000ns)
  Data Path Delay:        6.944ns  (logic 4.029ns (58.021%)  route 2.915ns (41.979%))
  Logic Levels:           15  (CARRY4=10 LUT3=2 LUT5=1 LUT6=2)
  Clock Path Skew:        -0.049ns (DCD - SCD + CPR)
    Destination Clock Delay (DCD):    0.924ns = ( 10.924 - 10.000 ) 
    Source Clock Delay      (SCD):    0.973ns
    Clock Pessimism Removal (CPR):    0.000ns
  Clock Uncertainty:      0.035ns  ((TSJ^2 + TIJ^2)^1/2 + DJ) / 2 + PE
    Total System Jitter     (TSJ):    0.071ns
    Total Input Jitter      (TIJ):    0.000ns
    Discrete Jitter          (DJ):    0.000ns
    Phase Error              (PE):    0.000ns

    Location             Delay type                Incr(ns)  Path(ns)    Netlist Resource(s)
  -------------------------------------------------------------------    -------------------
                         (clock core_clk rise edge)
                                                      0.000     0.000 r  <hidden>
                                                      0.000     0.000 r  clk_i
                         net (fo=2717, unset)         0.973     0.973    clk_i
                         FDRE                                         r  tile_w_q_reg[2]/C
  -------------------------------------------------------------------    -------------------
                         FDRE (Prop_fdre_C_Q)         0.518     1.491 r  tile_w_q_reg[2]/Q
                         net (fo=45, unplaced)        0.821     2.312    mac/result_address_q_reg[31]_i_3_0[2]
                         LUT3 (Prop_lut3_I0_O)        0.295     2.607 r  mac/result_address_q[31]_i_32/O
                         net (fo=4, unplaced)         0.473     3.080    mac_n_64
                         LUT5 (Prop_lut5_I2_O)        0.124     3.204 r  output_w_count_q[4]_i_16/O
                         net (fo=1, unplaced)         0.000     3.204    output_w_count_q[4]_i_16_n_0
                         CARRY4 (Prop_carry4_S[1]_CO[3])
                                                      0.533     3.737 r  output_w_count_q_reg[4]_i_9/CO[3]
                         net (fo=1, unplaced)         0.009     3.746    output_w_count_q_reg[4]_i_9_n_0
                         CARRY4 (Prop_carry4_CI_CO[3])
                                                      0.117     3.863 r  output_w_count_q_reg[4]_i_5/CO[3]
                         net (fo=1, unplaced)         0.000     3.863    output_w_count_q_reg[4]_i_5_n_0
                         CARRY4 (Prop_carry4_CI_CO[2])
                                                      0.252     4.115 r  output_w_count_q_reg[4]_i_4/CO[2]
                         net (fo=35, unplaced)        0.525     4.640    output_h_count_q1
                         LUT3 (Prop_lut3_I0_O)        0.310     4.950 r  activation_address_q[3]_i_7/O
                         net (fo=1, unplaced)         0.000     4.950    activation_address_q[3]_i_7_n_0
                         CARRY4 (Prop_carry4_S[1]_CO[3])
                                                      0.533     5.483 r  activation_address_q_reg[3]_i_3/CO[3]
                         net (fo=1, unplaced)         0.009     5.492    activation_address_q_reg[3]_i_3_n_0
                         CARRY4 (Prop_carry4_CI_CO[3])
                                                      0.117     5.609 r  activation_address_q_reg[5]_i_3/CO[3]
                         net (fo=1, unplaced)         0.000     5.609    activation_address_q_reg[5]_i_3_n_0
                         CARRY4 (Prop_carry4_CI_CO[3])
                                                      0.117     5.726 r  activation_pixel_base_q_reg[11]_i_2/CO[3]
                         net (fo=1, unplaced)         0.000     5.726    activation_pixel_base_q_reg[11]_i_2_n_0
                         CARRY4 (Prop_carry4_CI_CO[3])
                                                      0.117     5.843 r  activation_pixel_base_q_reg[15]_i_2/CO[3]
                         net (fo=1, unplaced)         0.000     5.843    activation_pixel_base_q_reg[15]_i_2_n_0
                         CARRY4 (Prop_carry4_CI_CO[3])
                                                      0.117     5.960 r  activation_address_q_reg[17]_i_3/CO[3]
                         net (fo=1, unplaced)         0.000     5.960    activation_address_q_reg[17]_i_3_n_0
                         CARRY4 (Prop_carry4_CI_CO[3])
                                                      0.117     6.077 r  activation_address_q_reg[22]_i_3/CO[3]
                         net (fo=1, unplaced)         0.000     6.077    activation_address_q_reg[22]_i_3_n_0
                         CARRY4 (Prop_carry4_CI_O[3])
                                                      0.331     6.408 r  activation_pixel_base_q_reg[27]_i_2/O[3]
                         net (fo=2, unplaced)         0.629     7.037    activation_pixel_base_q1_out[27]
                         LUT6 (Prop_lut6_I1_O)        0.307     7.344 r  activation_address_q[27]_i_3/O
                         net (fo=1, unplaced)         0.449     7.793    activation_address_q[27]_i_3_n_0
                         LUT6 (Prop_lut6_I2_O)        0.124     7.917 r  activation_address_q[27]_i_1/O
                         net (fo=1, unplaced)         0.000     7.917    activation_address_q[27]_i_1_n_0
                         FDRE                                         r  activation_address_q_reg[27]/D
  -------------------------------------------------------------------    -------------------

                         (clock core_clk rise edge)
                                                     10.000    10.000 r  <hidden>
                                                      0.000    10.000 r  clk_i
                         net (fo=2717, unset)         0.924    10.924    clk_i
                         FDRE                                         r  activation_address_q_reg[27]/C
                         clock pessimism              0.000    10.924    <hidden>
                         clock uncertainty           -0.035    10.889    <hidden>
                         FDRE (Setup_fdre_C_D)        0.077    10.966    activation_address_q_reg[27]
  -------------------------------------------------------------------
                         required time                         10.966    <hidden>
                         arrival time                          -7.917    <hidden>
  -------------------------------------------------------------------
                         slack                                  3.049    <hidden>

Slack (MET) :             3.128ns  (required time - arrival time)
  Source:                 tile_w_q_reg[2]/C
                            (rising edge-triggered cell FDRE clocked by core_clk  {rise@0.000ns fall@5.000ns period=10.000ns})
  Destination:            activation_address_q_reg[13]/D
                            (rising edge-triggered cell FDRE clocked by core_clk  {rise@0.000ns fall@5.000ns period=10.000ns})
  Path Group:             core_clk
  Path Type:              Setup (Max at Slow Process Corner)
  Requirement:            10.000ns  (core_clk rise@10.000ns - core_clk rise@0.000ns)
  Data Path Delay:        6.865ns  (logic 3.807ns (55.455%)  route 3.058ns (44.545%))
  Logic Levels:           13  (CARRY4=7 LUT3=2 LUT5=3 LUT6=1)
  Clock Path Skew:        -0.049ns (DCD - SCD + CPR)
    Destination Clock Delay (DCD):    0.924ns = ( 10.924 - 10.000 ) 
    Source Clock Delay      (SCD):    0.973ns
    Clock Pessimism Removal (CPR):    0.000ns
  Clock Uncertainty:      0.035ns  ((TSJ^2 + TIJ^2)^1/2 + DJ) / 2 + PE
    Total System Jitter     (TSJ):    0.071ns
    Total Input Jitter      (TIJ):    0.000ns
    Discrete Jitter          (DJ):    0.000ns
    Phase Error              (PE):    0.000ns

    Location             Delay type                Incr(ns)  Path(ns)    Netlist Resource(s)
  -------------------------------------------------------------------    -------------------
                         (clock core_clk rise edge)
                                                      0.000     0.000 r  <hidden>
                                                      0.000     0.000 r  clk_i
                         net (fo=2717, unset)         0.973     0.973    clk_i
                         FDRE                                         r  tile_w_q_reg[2]/C
  -------------------------------------------------------------------    -------------------
                         FDRE (Prop_fdre_C_Q)         0.518     1.491 r  tile_w_q_reg[2]/Q
                         net (fo=45, unplaced)        0.821     2.312    mac/result_address_q_reg[31]_i_3_0[2]
                         LUT3 (Prop_lut3_I0_O)        0.295     2.607 r  mac/result_address_q[31]_i_32/O
                         net (fo=4, unplaced)         0.473     3.080    mac_n_64
                         LUT5 (Prop_lut5_I2_O)        0.124     3.204 r  output_w_count_q[4]_i_16/O
                         net (fo=1, unplaced)         0.000     3.204    output_w_count_q[4]_i_16_n_0
                         CARRY4 (Prop_carry4_S[1]_CO[3])
                                                      0.533     3.737 r  output_w_count_q_reg[4]_i_9/CO[3]
                         net (fo=1, unplaced)         0.009     3.746    output_w_count_q_reg[4]_i_9_n_0
                         CARRY4 (Prop_carry4_CI_CO[3])
                                                      0.117     3.863 r  output_w_count_q_reg[4]_i_5/CO[3]
                         net (fo=1, unplaced)         0.000     3.863    output_w_count_q_reg[4]_i_5_n_0
                         CARRY4 (Prop_carry4_CI_CO[2])
                                                      0.252     4.115 r  output_w_count_q_reg[4]_i_4/CO[2]
                         net (fo=35, unplaced)        0.525     4.640    output_h_count_q1
                         LUT3 (Prop_lut3_I0_O)        0.310     4.950 r  activation_address_q[3]_i_7/O
                         net (fo=1, unplaced)         0.000     4.950    activation_address_q[3]_i_7_n_0
                         CARRY4 (Prop_carry4_S[1]_CO[3])
                                                      0.533     5.483 r  activation_address_q_reg[3]_i_3/CO[3]
                         net (fo=1, unplaced)         0.009     5.492    activation_address_q_reg[3]_i_3_n_0
                         CARRY4 (Prop_carry4_CI_CO[3])
                                                      0.117     5.609 r  activation_address_q_reg[5]_i_3/CO[3]
                         net (fo=1, unplaced)         0.000     5.609    activation_address_q_reg[5]_i_3_n_0
                         CARRY4 (Prop_carry4_CI_CO[3])
                                                      0.117     5.726 r  activation_pixel_base_q_reg[11]_i_2/CO[3]
                         net (fo=1, unplaced)         0.000     5.726    activation_pixel_base_q_reg[11]_i_2_n_0
                         CARRY4 (Prop_carry4_CI_O[1])
                                                      0.337     6.063 r  activation_pixel_base_q_reg[15]_i_2/O[1]
                         net (fo=2, unplaced)         0.323     6.386    activation_pixel_base_q1_out[13]
                         LUT5 (Prop_lut5_I2_O)        0.306     6.692 f  activation_address_q[13]_i_4/O
                         net (fo=1, unplaced)         0.449     7.141    activation_address_q[13]_i_4_n_0
                         LUT5 (Prop_lut5_I4_O)        0.124     7.265 r  activation_address_q[13]_i_2/O
                         net (fo=1, unplaced)         0.449     7.714    activation_address_q[13]_i_2_n_0
                         LUT6 (Prop_lut6_I0_O)        0.124     7.838 r  activation_address_q[13]_i_1/O
                         net (fo=1, unplaced)         0.000     7.838    activation_address_q[13]_i_1_n_0
                         FDRE                                         r  activation_address_q_reg[13]/D
  -------------------------------------------------------------------    -------------------

                         (clock core_clk rise edge)
                                                     10.000    10.000 r  <hidden>
                                                      0.000    10.000 r  clk_i
                         net (fo=2717, unset)         0.924    10.924    clk_i
                         FDRE                                         r  activation_address_q_reg[13]/C
                         clock pessimism              0.000    10.924    <hidden>
                         clock uncertainty           -0.035    10.889    <hidden>
                         FDRE (Setup_fdre_C_D)        0.077    10.966    activation_address_q_reg[13]
  -------------------------------------------------------------------
                         required time                         10.966    <hidden>
                         arrival time                          -7.838    <hidden>
  -------------------------------------------------------------------
                         slack                                  3.128    <hidden>

Slack (MET) :             3.166ns  (required time - arrival time)
  Source:                 tile_w_q_reg[2]/C
                            (rising edge-triggered cell FDRE clocked by core_clk  {rise@0.000ns fall@5.000ns period=10.000ns})
  Destination:            activation_address_q_reg[23]/D
                            (rising edge-triggered cell FDRE clocked by core_clk  {rise@0.000ns fall@5.000ns period=10.000ns})
  Path Group:             core_clk
  Path Type:              Setup (Max at Slow Process Corner)
  Requirement:            10.000ns  (core_clk rise@10.000ns - core_clk rise@0.000ns)
  Data Path Delay:        6.827ns  (logic 3.912ns (57.302%)  route 2.915ns (42.698%))
  Logic Levels:           14  (CARRY4=9 LUT3=2 LUT5=1 LUT6=2)
  Clock Path Skew:        -0.049ns (DCD - SCD + CPR)
    Destination Clock Delay (DCD):    0.924ns = ( 10.924 - 10.000 ) 
    Source Clock Delay      (SCD):    0.973ns
    Clock Pessimism Removal (CPR):    0.000ns
  Clock Uncertainty:      0.035ns  ((TSJ^2 + TIJ^2)^1/2 + DJ) / 2 + PE
    Total System Jitter     (TSJ):    0.071ns
    Total Input Jitter      (TIJ):    0.000ns
    Discrete Jitter          (DJ):    0.000ns
    Phase Error              (PE):    0.000ns

    Location             Delay type                Incr(ns)  Path(ns)    Netlist Resource(s)
  -------------------------------------------------------------------    -------------------
                         (clock core_clk rise edge)
                                                      0.000     0.000 r  <hidden>
                                                      0.000     0.000 r  clk_i
                         net (fo=2717, unset)         0.973     0.973    clk_i
                         FDRE                                         r  tile_w_q_reg[2]/C
  -------------------------------------------------------------------    -------------------
                         FDRE (Prop_fdre_C_Q)         0.518     1.491 r  tile_w_q_reg[2]/Q
                         net (fo=45, unplaced)        0.821     2.312    mac/result_address_q_reg[31]_i_3_0[2]
                         LUT3 (Prop_lut3_I0_O)        0.295     2.607 r  mac/result_address_q[31]_i_32/O
                         net (fo=4, unplaced)         0.473     3.080    mac_n_64
                         LUT5 (Prop_lut5_I2_O)        0.124     3.204 r  output_w_count_q[4]_i_16/O
                         net (fo=1, unplaced)         0.000     3.204    output_w_count_q[4]_i_16_n_0
                         CARRY4 (Prop_carry4_S[1]_CO[3])
                                                      0.533     3.737 r  output_w_count_q_reg[4]_i_9/CO[3]
                         net (fo=1, unplaced)         0.009     3.746    output_w_count_q_reg[4]_i_9_n_0
                         CARRY4 (Prop_carry4_CI_CO[3])
                                                      0.117     3.863 r  output_w_count_q_reg[4]_i_5/CO[3]
                         net (fo=1, unplaced)         0.000     3.863    output_w_count_q_reg[4]_i_5_n_0
                         CARRY4 (Prop_carry4_CI_CO[2])
                                                      0.252     4.115 r  output_w_count_q_reg[4]_i_4/CO[2]
                         net (fo=35, unplaced)        0.525     4.640    output_h_count_q1
                         LUT3 (Prop_lut3_I0_O)        0.310     4.950 r  activation_address_q[3]_i_7/O
                         net (fo=1, unplaced)         0.000     4.950    activation_address_q[3]_i_7_n_0
                         CARRY4 (Prop_carry4_S[1]_CO[3])
                                                      0.533     5.483 r  activation_address_q_reg[3]_i_3/CO[3]
                         net (fo=1, unplaced)         0.009     5.492    activation_address_q_reg[3]_i_3_n_0
                         CARRY4 (Prop_carry4_CI_CO[3])
                                                      0.117     5.609 r  activation_address_q_reg[5]_i_3/CO[3]
                         net (fo=1, unplaced)         0.000     5.609    activation_address_q_reg[5]_i_3_n_0
                         CARRY4 (Prop_carry4_CI_CO[3])
                                                      0.117     5.726 r  activation_pixel_base_q_reg[11]_i_2/CO[3]
                         net (fo=1, unplaced)         0.000     5.726    activation_pixel_base_q_reg[11]_i_2_n_0
                         CARRY4 (Prop_carry4_CI_CO[3])
                                                      0.117     5.843 r  activation_pixel_base_q_reg[15]_i_2/CO[3]
                         net (fo=1, unplaced)         0.000     5.843    activation_pixel_base_q_reg[15]_i_2_n_0
                         CARRY4 (Prop_carry4_CI_CO[3])
                                                      0.117     5.960 r  activation_address_q_reg[17]_i_3/CO[3]
                         net (fo=1, unplaced)         0.000     5.960    activation_address_q_reg[17]_i_3_n_0
                         CARRY4 (Prop_carry4_CI_O[3])
                                                      0.331     6.291 r  activation_address_q_reg[22]_i_3/O[3]
                         net (fo=2, unplaced)         0.629     6.920    activation_pixel_base_q1_out[23]
                         LUT6 (Prop_lut6_I1_O)        0.307     7.227 r  activation_address_q[23]_i_3/O
                         net (fo=1, unplaced)         0.449     7.676    activation_address_q[23]_i_3_n_0
                         LUT6 (Prop_lut6_I2_O)        0.124     7.800 r  activation_address_q[23]_i_1/O
                         net (fo=1, unplaced)         0.000     7.800    activation_address_q[23]_i_1_n_0
                         FDRE                                         r  activation_address_q_reg[23]/D
  -------------------------------------------------------------------    -------------------

                         (clock core_clk rise edge)
                                                     10.000    10.000 r  <hidden>
                                                      0.000    10.000 r  clk_i
                         net (fo=2717, unset)         0.924    10.924    clk_i
                         FDRE                                         r  activation_address_q_reg[23]/C
                         clock pessimism              0.000    10.924    <hidden>
                         clock uncertainty           -0.035    10.889    <hidden>
                         FDRE (Setup_fdre_C_D)        0.077    10.966    activation_address_q_reg[23]
  -------------------------------------------------------------------
                         required time                         10.966    <hidden>
                         arrival time                          -7.800    <hidden>
  -------------------------------------------------------------------
                         slack                                  3.166    <hidden>

Slack (MET) :             3.179ns  (required time - arrival time)
  Source:                 tile_w_q_reg[2]/C
                            (rising edge-triggered cell FDRE clocked by core_clk  {rise@0.000ns fall@5.000ns period=10.000ns})
  Destination:            activation_address_q_reg[30]/D
                            (rising edge-triggered cell FDRE clocked by core_clk  {rise@0.000ns fall@5.000ns period=10.000ns})
  Path Group:             core_clk
  Path Type:              Setup (Max at Slow Process Corner)
  Requirement:            10.000ns  (core_clk rise@10.000ns - core_clk rise@0.000ns)
  Data Path Delay:        6.814ns  (logic 4.065ns (59.657%)  route 2.749ns (40.343%))
  Logic Levels:           16  (CARRY4=11 LUT3=2 LUT5=1 LUT6=2)
  Clock Path Skew:        -0.049ns (DCD - SCD + CPR)
    Destination Clock Delay (DCD):    0.924ns = ( 10.924 - 10.000 ) 
    Source Clock Delay      (SCD):    0.973ns
    Clock Pessimism Removal (CPR):    0.000ns
  Clock Uncertainty:      0.035ns  ((TSJ^2 + TIJ^2)^1/2 + DJ) / 2 + PE
    Total System Jitter     (TSJ):    0.071ns
    Total Input Jitter      (TIJ):    0.000ns
    Discrete Jitter          (DJ):    0.000ns
    Phase Error              (PE):    0.000ns

    Location             Delay type                Incr(ns)  Path(ns)    Netlist Resource(s)
  -------------------------------------------------------------------    -------------------
                         (clock core_clk rise edge)
                                                      0.000     0.000 r  <hidden>
                                                      0.000     0.000 r  clk_i
                         net (fo=2717, unset)         0.973     0.973    clk_i
                         FDRE                                         r  tile_w_q_reg[2]/C
  -------------------------------------------------------------------    -------------------
                         FDRE (Prop_fdre_C_Q)         0.518     1.491 r  tile_w_q_reg[2]/Q
                         net (fo=45, unplaced)        0.821     2.312    mac/result_address_q_reg[31]_i_3_0[2]
                         LUT3 (Prop_lut3_I0_O)        0.295     2.607 r  mac/result_address_q[31]_i_32/O
                         net (fo=4, unplaced)         0.473     3.080    mac_n_64
                         LUT5 (Prop_lut5_I2_O)        0.124     3.204 r  output_w_count_q[4]_i_16/O
                         net (fo=1, unplaced)         0.000     3.204    output_w_count_q[4]_i_16_n_0
                         CARRY4 (Prop_carry4_S[1]_CO[3])
                                                      0.533     3.737 r  output_w_count_q_reg[4]_i_9/CO[3]
                         net (fo=1, unplaced)         0.009     3.746    output_w_count_q_reg[4]_i_9_n_0
                         CARRY4 (Prop_carry4_CI_CO[3])
                                                      0.117     3.863 r  output_w_count_q_reg[4]_i_5/CO[3]
                         net (fo=1, unplaced)         0.000     3.863    output_w_count_q_reg[4]_i_5_n_0
                         CARRY4 (Prop_carry4_CI_CO[2])
                                                      0.252     4.115 r  output_w_count_q_reg[4]_i_4/CO[2]
                         net (fo=35, unplaced)        0.525     4.640    output_h_count_q1
                         LUT3 (Prop_lut3_I0_O)        0.310     4.950 r  activation_address_q[3]_i_7/O
                         net (fo=1, unplaced)         0.000     4.950    activation_address_q[3]_i_7_n_0
                         CARRY4 (Prop_carry4_S[1]_CO[3])
                                                      0.533     5.483 r  activation_address_q_reg[3]_i_3/CO[3]
                         net (fo=1, unplaced)         0.009     5.492    activation_address_q_reg[3]_i_3_n_0
                         CARRY4 (Prop_carry4_CI_CO[3])
                                                      0.117     5.609 r  activation_address_q_reg[5]_i_3/CO[3]
                         net (fo=1, unplaced)         0.000     5.609    activation_address_q_reg[5]_i_3_n_0
                         CARRY4 (Prop_carry4_CI_CO[3])
                                                      0.117     5.726 r  activation_pixel_base_q_reg[11]_i_2/CO[3]
                         net (fo=1, unplaced)         0.000     5.726    activation_pixel_base_q_reg[11]_i_2_n_0
                         CARRY4 (Prop_carry4_CI_CO[3])
                                                      0.117     5.843 r  activation_pixel_base_q_reg[15]_i_2/CO[3]
                         net (fo=1, unplaced)         0.000     5.843    activation_pixel_base_q_reg[15]_i_2_n_0
                         CARRY4 (Prop_carry4_CI_CO[3])
                                                      0.117     5.960 r  activation_address_q_reg[17]_i_3/CO[3]
                         net (fo=1, unplaced)         0.000     5.960    activation_address_q_reg[17]_i_3_n_0
                         CARRY4 (Prop_carry4_CI_CO[3])
                                                      0.117     6.077 r  activation_address_q_reg[22]_i_3/CO[3]
                         net (fo=1, unplaced)         0.000     6.077    activation_address_q_reg[22]_i_3_n_0
                         CARRY4 (Prop_carry4_CI_CO[3])
                                                      0.117     6.194 r  activation_pixel_base_q_reg[27]_i_2/CO[3]
                         net (fo=1, unplaced)         0.000     6.194    activation_pixel_base_q_reg[27]_i_2_n_0
                         CARRY4 (Prop_carry4_CI_O[2])
                                                      0.256     6.450 r  activation_address_q_reg[31]_i_8/O[2]
                         net (fo=2, unplaced)         0.463     6.913    activation_pixel_base_q1_out[30]
                         LUT6 (Prop_lut6_I1_O)        0.301     7.214 r  activation_address_q[30]_i_2/O
                         net (fo=1, unplaced)         0.449     7.663    activation_address_q[30]_i_2_n_0
                         LUT6 (Prop_lut6_I2_O)        0.124     7.787 r  activation_address_q[30]_i_1/O
                         net (fo=1, unplaced)         0.000     7.787    activation_address_q[30]_i_1_n_0
                         FDRE                                         r  activation_address_q_reg[30]/D
  -------------------------------------------------------------------    -------------------

                         (clock core_clk rise edge)
                                                     10.000    10.000 r  <hidden>
                                                      0.000    10.000 r  clk_i
                         net (fo=2717, unset)         0.924    10.924    clk_i
                         FDRE                                         r  activation_address_q_reg[30]/C
                         clock pessimism              0.000    10.924    <hidden>
                         clock uncertainty           -0.035    10.889    <hidden>
                         FDRE (Setup_fdre_C_D)        0.077    10.966    activation_address_q_reg[30]
  -------------------------------------------------------------------
                         required time                         10.966    <hidden>
                         arrival time                          -7.787    <hidden>
  -------------------------------------------------------------------
                         slack                                  3.179    <hidden>

Slack (MET) :             3.283ns  (required time - arrival time)
  Source:                 tile_w_q_reg[2]/C
                            (rising edge-triggered cell FDRE clocked by core_clk  {rise@0.000ns fall@5.000ns period=10.000ns})
  Destination:            activation_address_q_reg[19]/D
                            (rising edge-triggered cell FDRE clocked by core_clk  {rise@0.000ns fall@5.000ns period=10.000ns})
  Path Group:             core_clk
  Path Type:              Setup (Max at Slow Process Corner)
  Requirement:            10.000ns  (core_clk rise@10.000ns - core_clk rise@0.000ns)
  Data Path Delay:        6.710ns  (logic 3.795ns (56.557%)  route 2.915ns (43.443%))
  Logic Levels:           13  (CARRY4=8 LUT3=2 LUT5=1 LUT6=2)
  Clock Path Skew:        -0.049ns (DCD - SCD + CPR)
    Destination Clock Delay (DCD):    0.924ns = ( 10.924 - 10.000 ) 
    Source Clock Delay      (SCD):    0.973ns
    Clock Pessimism Removal (CPR):    0.000ns
  Clock Uncertainty:      0.035ns  ((TSJ^2 + TIJ^2)^1/2 + DJ) / 2 + PE
    Total System Jitter     (TSJ):    0.071ns
    Total Input Jitter      (TIJ):    0.000ns
    Discrete Jitter          (DJ):    0.000ns
    Phase Error              (PE):    0.000ns

    Location             Delay type                Incr(ns)  Path(ns)    Netlist Resource(s)
  -------------------------------------------------------------------    -------------------
                         (clock core_clk rise edge)
                                                      0.000     0.000 r  <hidden>
                                                      0.000     0.000 r  clk_i
                         net (fo=2717, unset)         0.973     0.973    clk_i
                         FDRE                                         r  tile_w_q_reg[2]/C
  -------------------------------------------------------------------    -------------------
                         FDRE (Prop_fdre_C_Q)         0.518     1.491 r  tile_w_q_reg[2]/Q
                         net (fo=45, unplaced)        0.821     2.312    mac/result_address_q_reg[31]_i_3_0[2]
                         LUT3 (Prop_lut3_I0_O)        0.295     2.607 r  mac/result_address_q[31]_i_32/O
                         net (fo=4, unplaced)         0.473     3.080    mac_n_64
                         LUT5 (Prop_lut5_I2_O)        0.124     3.204 r  output_w_count_q[4]_i_16/O
                         net (fo=1, unplaced)         0.000     3.204    output_w_count_q[4]_i_16_n_0
                         CARRY4 (Prop_carry4_S[1]_CO[3])
                                                      0.533     3.737 r  output_w_count_q_reg[4]_i_9/CO[3]
                         net (fo=1, unplaced)         0.009     3.746    output_w_count_q_reg[4]_i_9_n_0
                         CARRY4 (Prop_carry4_CI_CO[3])
                                                      0.117     3.863 r  output_w_count_q_reg[4]_i_5/CO[3]
                         net (fo=1, unplaced)         0.000     3.863    output_w_count_q_reg[4]_i_5_n_0
                         CARRY4 (Prop_carry4_CI_CO[2])
                                                      0.252     4.115 r  output_w_count_q_reg[4]_i_4/CO[2]
                         net (fo=35, unplaced)        0.525     4.640    output_h_count_q1
                         LUT3 (Prop_lut3_I0_O)        0.310     4.950 r  activation_address_q[3]_i_7/O
                         net (fo=1, unplaced)         0.000     4.950    activation_address_q[3]_i_7_n_0
                         CARRY4 (Prop_carry4_S[1]_CO[3])
                                                      0.533     5.483 r  activation_address_q_reg[3]_i_3/CO[3]
                         net (fo=1, unplaced)         0.009     5.492    activation_address_q_reg[3]_i_3_n_0
                         CARRY4 (Prop_carry4_CI_CO[3])
                                                      0.117     5.609 r  activation_address_q_reg[5]_i_3/CO[3]
                         net (fo=1, unplaced)         0.000     5.609    activation_address_q_reg[5]_i_3_n_0
                         CARRY4 (Prop_carry4_CI_CO[3])
                                                      0.117     5.726 r  activation_pixel_base_q_reg[11]_i_2/CO[3]
                         net (fo=1, unplaced)         0.000     5.726    activation_pixel_base_q_reg[11]_i_2_n_0
                         CARRY4 (Prop_carry4_CI_CO[3])
                                                      0.117     5.843 r  activation_pixel_base_q_reg[15]_i_2/CO[3]
                         net (fo=1, unplaced)         0.000     5.843    activation_pixel_base_q_reg[15]_i_2_n_0
                         CARRY4 (Prop_carry4_CI_O[3])
                                                      0.331     6.174 r  activation_address_q_reg[17]_i_3/O[3]
                         net (fo=2, unplaced)         0.629     6.803    activation_pixel_base_q1_out[19]
                         LUT6 (Prop_lut6_I1_O)        0.307     7.110 r  activation_address_q[19]_i_3/O
                         net (fo=1, unplaced)         0.449     7.559    activation_address_q[19]_i_3_n_0
                         LUT6 (Prop_lut6_I2_O)        0.124     7.683 r  activation_address_q[19]_i_1/O
                         net (fo=1, unplaced)         0.000     7.683    activation_address_q[19]_i_1_n_0
                         FDRE                                         r  activation_address_q_reg[19]/D
  -------------------------------------------------------------------    -------------------

                         (clock core_clk rise edge)
                                                     10.000    10.000 r  <hidden>
                                                      0.000    10.000 r  clk_i
                         net (fo=2717, unset)         0.924    10.924    clk_i
                         FDRE                                         r  activation_address_q_reg[19]/C
                         clock pessimism              0.000    10.924    <hidden>
                         clock uncertainty           -0.035    10.889    <hidden>
                         FDRE (Setup_fdre_C_D)        0.077    10.966    activation_address_q_reg[19]
  -------------------------------------------------------------------
                         required time                         10.966    <hidden>
                         arrival time                          -7.683    <hidden>
  -------------------------------------------------------------------
                         slack                                  3.283    <hidden>

Slack (MET) :             3.296ns  (required time - arrival time)
  Source:                 tile_w_q_reg[2]/C
                            (rising edge-triggered cell FDRE clocked by core_clk  {rise@0.000ns fall@5.000ns period=10.000ns})
  Destination:            activation_address_q_reg[26]/D
                            (rising edge-triggered cell FDRE clocked by core_clk  {rise@0.000ns fall@5.000ns period=10.000ns})
  Path Group:             core_clk
  Path Type:              Setup (Max at Slow Process Corner)
  Requirement:            10.000ns  (core_clk rise@10.000ns - core_clk rise@0.000ns)
  Data Path Delay:        6.697ns  (logic 3.948ns (58.952%)  route 2.749ns (41.048%))
  Logic Levels:           15  (CARRY4=10 LUT3=2 LUT5=1 LUT6=2)
  Clock Path Skew:        -0.049ns (DCD - SCD + CPR)
    Destination Clock Delay (DCD):    0.924ns = ( 10.924 - 10.000 ) 
    Source Clock Delay      (SCD):    0.973ns
    Clock Pessimism Removal (CPR):    0.000ns
  Clock Uncertainty:      0.035ns  ((TSJ^2 + TIJ^2)^1/2 + DJ) / 2 + PE
    Total System Jitter     (TSJ):    0.071ns
    Total Input Jitter      (TIJ):    0.000ns
    Discrete Jitter          (DJ):    0.000ns
    Phase Error              (PE):    0.000ns

    Location             Delay type                Incr(ns)  Path(ns)    Netlist Resource(s)
  -------------------------------------------------------------------    -------------------
                         (clock core_clk rise edge)
                                                      0.000     0.000 r  <hidden>
                                                      0.000     0.000 r  clk_i
                         net (fo=2717, unset)         0.973     0.973    clk_i
                         FDRE                                         r  tile_w_q_reg[2]/C
  -------------------------------------------------------------------    -------------------
                         FDRE (Prop_fdre_C_Q)         0.518     1.491 r  tile_w_q_reg[2]/Q
                         net (fo=45, unplaced)        0.821     2.312    mac/result_address_q_reg[31]_i_3_0[2]
                         LUT3 (Prop_lut3_I0_O)        0.295     2.607 r  mac/result_address_q[31]_i_32/O
                         net (fo=4, unplaced)         0.473     3.080    mac_n_64
                         LUT5 (Prop_lut5_I2_O)        0.124     3.204 r  output_w_count_q[4]_i_16/O
                         net (fo=1, unplaced)         0.000     3.204    output_w_count_q[4]_i_16_n_0
                         CARRY4 (Prop_carry4_S[1]_CO[3])
                                                      0.533     3.737 r  output_w_count_q_reg[4]_i_9/CO[3]
                         net (fo=1, unplaced)         0.009     3.746    output_w_count_q_reg[4]_i_9_n_0
                         CARRY4 (Prop_carry4_CI_CO[3])
                                                      0.117     3.863 r  output_w_count_q_reg[4]_i_5/CO[3]
                         net (fo=1, unplaced)         0.000     3.863    output_w_count_q_reg[4]_i_5_n_0
                         CARRY4 (Prop_carry4_CI_CO[2])
                                                      0.252     4.115 r  output_w_count_q_reg[4]_i_4/CO[2]
                         net (fo=35, unplaced)        0.525     4.640    output_h_count_q1
                         LUT3 (Prop_lut3_I0_O)        0.310     4.950 r  activation_address_q[3]_i_7/O
                         net (fo=1, unplaced)         0.000     4.950    activation_address_q[3]_i_7_n_0
                         CARRY4 (Prop_carry4_S[1]_CO[3])
                                                      0.533     5.483 r  activation_address_q_reg[3]_i_3/CO[3]
                         net (fo=1, unplaced)         0.009     5.492    activation_address_q_reg[3]_i_3_n_0
                         CARRY4 (Prop_carry4_CI_CO[3])
                                                      0.117     5.609 r  activation_address_q_reg[5]_i_3/CO[3]
                         net (fo=1, unplaced)         0.000     5.609    activation_address_q_reg[5]_i_3_n_0
                         CARRY4 (Prop_carry4_CI_CO[3])
                                                      0.117     5.726 r  activation_pixel_base_q_reg[11]_i_2/CO[3]
                         net (fo=1, unplaced)         0.000     5.726    activation_pixel_base_q_reg[11]_i_2_n_0
                         CARRY4 (Prop_carry4_CI_CO[3])
                                                      0.117     5.843 r  activation_pixel_base_q_reg[15]_i_2/CO[3]
                         net (fo=1, unplaced)         0.000     5.843    activation_pixel_base_q_reg[15]_i_2_n_0
                         CARRY4 (Prop_carry4_CI_CO[3])
                                                      0.117     5.960 r  activation_address_q_reg[17]_i_3/CO[3]
                         net (fo=1, unplaced)         0.000     5.960    activation_address_q_reg[17]_i_3_n_0
                         CARRY4 (Prop_carry4_CI_CO[3])
                                                      0.117     6.077 r  activation_address_q_reg[22]_i_3/CO[3]
                         net (fo=1, unplaced)         0.000     6.077    activation_address_q_reg[22]_i_3_n_0
                         CARRY4 (Prop_carry4_CI_O[2])
                                                      0.256     6.333 r  activation_pixel_base_q_reg[27]_i_2/O[2]
                         net (fo=2, unplaced)         0.463     6.796    activation_pixel_base_q1_out[26]
                         LUT6 (Prop_lut6_I1_O)        0.301     7.097 r  activation_address_q[26]_i_2/O
                         net (fo=1, unplaced)         0.449     7.546    activation_address_q[26]_i_2_n_0
                         LUT6 (Prop_lut6_I2_O)        0.124     7.670 r  activation_address_q[26]_i_1/O
                         net (fo=1, unplaced)         0.000     7.670    activation_address_q[26]_i_1_n_0
                         FDRE                                         r  activation_address_q_reg[26]/D
  -------------------------------------------------------------------    -------------------

                         (clock core_clk rise edge)
                                                     10.000    10.000 r  <hidden>
                                                      0.000    10.000 r  clk_i
                         net (fo=2717, unset)         0.924    10.924    clk_i
                         FDRE                                         r  activation_address_q_reg[26]/C
                         clock pessimism              0.000    10.924    <hidden>
                         clock uncertainty           -0.035    10.889    <hidden>
                         FDRE (Setup_fdre_C_D)        0.077    10.966    activation_address_q_reg[26]
  -------------------------------------------------------------------
                         required time                         10.966    <hidden>
                         arrival time                          -7.670    <hidden>
  -------------------------------------------------------------------
                         slack                                  3.296    <hidden>

Slack (MET) :             3.350ns  (required time - arrival time)
  Source:                 tile_w_q_reg[2]/C
                            (rising edge-triggered cell FDRE clocked by core_clk  {rise@0.000ns fall@5.000ns period=10.000ns})
  Destination:            activation_address_q_reg[28]/D
                            (rising edge-triggered cell FDRE clocked by core_clk  {rise@0.000ns fall@5.000ns period=10.000ns})
  Path Group:             core_clk
  Path Type:              Setup (Max at Slow Process Corner)
  Requirement:            10.000ns  (core_clk rise@10.000ns - core_clk rise@0.000ns)
  Data Path Delay:        6.643ns  (logic 4.035ns (60.741%)  route 2.608ns (39.259%))
  Logic Levels:           16  (CARRY4=11 LUT3=2 LUT5=1 LUT6=2)
  Clock Path Skew:        -0.049ns (DCD - SCD + CPR)
    Destination Clock Delay (DCD):    0.924ns = ( 10.924 - 10.000 ) 
    Source Clock Delay      (SCD):    0.973ns
    Clock Pessimism Removal (CPR):    0.000ns
  Clock Uncertainty:      0.035ns  ((TSJ^2 + TIJ^2)^1/2 + DJ) / 2 + PE
    Total System Jitter     (TSJ):    0.071ns
    Total Input Jitter      (TIJ):    0.000ns
    Discrete Jitter          (DJ):    0.000ns
    Phase Error              (PE):    0.000ns

    Location             Delay type                Incr(ns)  Path(ns)    Netlist Resource(s)
  -------------------------------------------------------------------    -------------------
                         (clock core_clk rise edge)
                                                      0.000     0.000 r  <hidden>
                                                      0.000     0.000 r  clk_i
                         net (fo=2717, unset)         0.973     0.973    clk_i
                         FDRE                                         r  tile_w_q_reg[2]/C
  -------------------------------------------------------------------    -------------------
                         FDRE (Prop_fdre_C_Q)         0.518     1.491 r  tile_w_q_reg[2]/Q
                         net (fo=45, unplaced)        0.821     2.312    mac/result_address_q_reg[31]_i_3_0[2]
                         LUT3 (Prop_lut3_I0_O)        0.295     2.607 r  mac/result_address_q[31]_i_32/O
                         net (fo=4, unplaced)         0.473     3.080    mac_n_64
                         LUT5 (Prop_lut5_I2_O)        0.124     3.204 r  output_w_count_q[4]_i_16/O
                         net (fo=1, unplaced)         0.000     3.204    output_w_count_q[4]_i_16_n_0
                         CARRY4 (Prop_carry4_S[1]_CO[3])
                                                      0.533     3.737 r  output_w_count_q_reg[4]_i_9/CO[3]
                         net (fo=1, unplaced)         0.009     3.746    output_w_count_q_reg[4]_i_9_n_0
                         CARRY4 (Prop_carry4_CI_CO[3])
                                                      0.117     3.863 r  output_w_count_q_reg[4]_i_5/CO[3]
                         net (fo=1, unplaced)         0.000     3.863    output_w_count_q_reg[4]_i_5_n_0
                         CARRY4 (Prop_carry4_CI_CO[2])
                                                      0.252     4.115 r  output_w_count_q_reg[4]_i_4/CO[2]
                         net (fo=35, unplaced)        0.525     4.640    output_h_count_q1
                         LUT3 (Prop_lut3_I0_O)        0.310     4.950 r  activation_address_q[3]_i_7/O
                         net (fo=1, unplaced)         0.000     4.950    activation_address_q[3]_i_7_n_0
                         CARRY4 (Prop_carry4_S[1]_CO[3])
                                                      0.533     5.483 r  activation_address_q_reg[3]_i_3/CO[3]
                         net (fo=1, unplaced)         0.009     5.492    activation_address_q_reg[3]_i_3_n_0
                         CARRY4 (Prop_carry4_CI_CO[3])
                                                      0.117     5.609 r  activation_address_q_reg[5]_i_3/CO[3]
                         net (fo=1, unplaced)         0.000     5.609    activation_address_q_reg[5]_i_3_n_0
                         CARRY4 (Prop_carry4_CI_CO[3])
                                                      0.117     5.726 r  activation_pixel_base_q_reg[11]_i_2/CO[3]
                         net (fo=1, unplaced)         0.000     5.726    activation_pixel_base_q_reg[11]_i_2_n_0
                         CARRY4 (Prop_carry4_CI_CO[3])
                                                      0.117     5.843 r  activation_pixel_base_q_reg[15]_i_2/CO[3]
                         net (fo=1, unplaced)         0.000     5.843    activation_pixel_base_q_reg[15]_i_2_n_0
                         CARRY4 (Prop_carry4_CI_CO[3])
                                                      0.117     5.960 r  activation_address_q_reg[17]_i_3/CO[3]
                         net (fo=1, unplaced)         0.000     5.960    activation_address_q_reg[17]_i_3_n_0
                         CARRY4 (Prop_carry4_CI_CO[3])
                                                      0.117     6.077 r  activation_address_q_reg[22]_i_3/CO[3]
                         net (fo=1, unplaced)         0.000     6.077    activation_address_q_reg[22]_i_3_n_0
                         CARRY4 (Prop_carry4_CI_CO[3])
                                                      0.117     6.194 r  activation_pixel_base_q_reg[27]_i_2/CO[3]
                         net (fo=1, unplaced)         0.000     6.194    activation_pixel_base_q_reg[27]_i_2_n_0
                         CARRY4 (Prop_carry4_CI_O[0])
                                                      0.232     6.426 r  activation_address_q_reg[31]_i_8/O[0]
                         net (fo=2, unplaced)         0.322     6.748    activation_pixel_base_q1_out[28]
                         LUT6 (Prop_lut6_I1_O)        0.295     7.043 r  activation_address_q[28]_i_2/O
                         net (fo=1, unplaced)         0.449     7.492    activation_address_q[28]_i_2_n_0
                         LUT6 (Prop_lut6_I2_O)        0.124     7.616 r  activation_address_q[28]_i_1/O
                         net (fo=1, unplaced)         0.000     7.616    activation_address_q[28]_i_1_n_0
                         FDRE                                         r  activation_address_q_reg[28]/D
  -------------------------------------------------------------------    -------------------

                         (clock core_clk rise edge)
                                                     10.000    10.000 r  <hidden>
                                                      0.000    10.000 r  clk_i
                         net (fo=2717, unset)         0.924    10.924    clk_i
                         FDRE                                         r  activation_address_q_reg[28]/C
                         clock pessimism              0.000    10.924    <hidden>
                         clock uncertainty           -0.035    10.889    <hidden>
                         FDRE (Setup_fdre_C_D)        0.077    10.966    activation_address_q_reg[28]
  -------------------------------------------------------------------
                         required time                         10.966    <hidden>
                         arrival time                          -7.616    <hidden>
  -------------------------------------------------------------------
                         slack                                  3.350    <hidden>

Slack (MET) :             3.350ns  (required time - arrival time)
  Source:                 tile_w_q_reg[2]/C
                            (rising edge-triggered cell FDRE clocked by core_clk  {rise@0.000ns fall@5.000ns period=10.000ns})
  Destination:            activation_address_q_reg[25]/D
                            (rising edge-triggered cell FDRE clocked by core_clk  {rise@0.000ns fall@5.000ns period=10.000ns})
  Path Group:             core_clk
  Path Type:              Setup (Max at Slow Process Corner)
  Requirement:            10.000ns  (core_clk rise@10.000ns - core_clk rise@0.000ns)
  Data Path Delay:        6.643ns  (logic 4.034ns (60.726%)  route 2.609ns (39.274%))
  Logic Levels:           15  (CARRY4=10 LUT3=2 LUT5=2 LUT6=1)
  Clock Path Skew:        -0.049ns (DCD - SCD + CPR)
    Destination Clock Delay (DCD):    0.924ns = ( 10.924 - 10.000 ) 
    Source Clock Delay      (SCD):    0.973ns
    Clock Pessimism Removal (CPR):    0.000ns
  Clock Uncertainty:      0.035ns  ((TSJ^2 + TIJ^2)^1/2 + DJ) / 2 + PE
    Total System Jitter     (TSJ):    0.071ns
    Total Input Jitter      (TIJ):    0.000ns
    Discrete Jitter          (DJ):    0.000ns
    Phase Error              (PE):    0.000ns

    Location             Delay type                Incr(ns)  Path(ns)    Netlist Resource(s)
  -------------------------------------------------------------------    -------------------
                         (clock core_clk rise edge)
                                                      0.000     0.000 r  <hidden>
                                                      0.000     0.000 r  clk_i
                         net (fo=2717, unset)         0.973     0.973    clk_i
                         FDRE                                         r  tile_w_q_reg[2]/C
  -------------------------------------------------------------------    -------------------
                         FDRE (Prop_fdre_C_Q)         0.518     1.491 r  tile_w_q_reg[2]/Q
                         net (fo=45, unplaced)        0.821     2.312    mac/result_address_q_reg[31]_i_3_0[2]
                         LUT3 (Prop_lut3_I0_O)        0.295     2.607 r  mac/result_address_q[31]_i_32/O
                         net (fo=4, unplaced)         0.473     3.080    mac_n_64
                         LUT5 (Prop_lut5_I2_O)        0.124     3.204 r  output_w_count_q[4]_i_16/O
                         net (fo=1, unplaced)         0.000     3.204    output_w_count_q[4]_i_16_n_0
                         CARRY4 (Prop_carry4_S[1]_CO[3])
                                                      0.533     3.737 r  output_w_count_q_reg[4]_i_9/CO[3]
                         net (fo=1, unplaced)         0.009     3.746    output_w_count_q_reg[4]_i_9_n_0
                         CARRY4 (Prop_carry4_CI_CO[3])
                                                      0.117     3.863 r  output_w_count_q_reg[4]_i_5/CO[3]
                         net (fo=1, unplaced)         0.000     3.863    output_w_count_q_reg[4]_i_5_n_0
                         CARRY4 (Prop_carry4_CI_CO[2])
                                                      0.252     4.115 r  output_w_count_q_reg[4]_i_4/CO[2]
                         net (fo=35, unplaced)        0.525     4.640    output_h_count_q1
                         LUT3 (Prop_lut3_I0_O)        0.310     4.950 r  activation_address_q[3]_i_7/O
                         net (fo=1, unplaced)         0.000     4.950    activation_address_q[3]_i_7_n_0
                         CARRY4 (Prop_carry4_S[1]_CO[3])
                                                      0.533     5.483 r  activation_address_q_reg[3]_i_3/CO[3]
                         net (fo=1, unplaced)         0.009     5.492    activation_address_q_reg[3]_i_3_n_0
                         CARRY4 (Prop_carry4_CI_CO[3])
                                                      0.117     5.609 r  activation_address_q_reg[5]_i_3/CO[3]
                         net (fo=1, unplaced)         0.000     5.609    activation_address_q_reg[5]_i_3_n_0
                         CARRY4 (Prop_carry4_CI_CO[3])
                                                      0.117     5.726 r  activation_pixel_base_q_reg[11]_i_2/CO[3]
                         net (fo=1, unplaced)         0.000     5.726    activation_pixel_base_q_reg[11]_i_2_n_0
                         CARRY4 (Prop_carry4_CI_CO[3])
                                                      0.117     5.843 r  activation_pixel_base_q_reg[15]_i_2/CO[3]
                         net (fo=1, unplaced)         0.000     5.843    activation_pixel_base_q_reg[15]_i_2_n_0
                         CARRY4 (Prop_carry4_CI_CO[3])
                                                      0.117     5.960 r  activation_address_q_reg[17]_i_3/CO[3]
                         net (fo=1, unplaced)         0.000     5.960    activation_address_q_reg[17]_i_3_n_0
                         CARRY4 (Prop_carry4_CI_CO[3])
                                                      0.117     6.077 r  activation_address_q_reg[22]_i_3/CO[3]
                         net (fo=1, unplaced)         0.000     6.077    activation_address_q_reg[22]_i_3_n_0
                         CARRY4 (Prop_carry4_CI_O[1])
                                                      0.337     6.414 r  activation_pixel_base_q_reg[27]_i_2/O[1]
                         net (fo=2, unplaced)         0.323     6.737    activation_pixel_base_q1_out[25]
                         LUT6 (Prop_lut6_I0_O)        0.306     7.043 r  activation_address_q[25]_i_3/O
                         net (fo=1, unplaced)         0.449     7.492    activation_address_q[25]_i_3_n_0
                         LUT5 (Prop_lut5_I4_O)        0.124     7.616 r  activation_address_q[25]_i_1/O
                         net (fo=1, unplaced)         0.000     7.616    activation_address_q[25]_i_1_n_0
                         FDRE                                         r  activation_address_q_reg[25]/D
  -------------------------------------------------------------------    -------------------

                         (clock core_clk rise edge)
                                                     10.000    10.000 r  <hidden>
                                                      0.000    10.000 r  clk_i
                         net (fo=2717, unset)         0.924    10.924    clk_i
                         FDRE                                         r  activation_address_q_reg[25]/C
                         clock pessimism              0.000    10.924    <hidden>
                         clock uncertainty           -0.035    10.889    <hidden>
                         FDRE (Setup_fdre_C_D)        0.077    10.966    activation_address_q_reg[25]
  -------------------------------------------------------------------
                         required time                         10.966    <hidden>
                         arrival time                          -7.616    <hidden>
  -------------------------------------------------------------------
                         slack                                  3.350    <hidden>

Slack (MET) :             3.400ns  (required time - arrival time)
  Source:                 tile_w_q_reg[2]/C
                            (rising edge-triggered cell FDRE clocked by core_clk  {rise@0.000ns fall@5.000ns period=10.000ns})
  Destination:            activation_address_q_reg[15]/D
                            (rising edge-triggered cell FDRE clocked by core_clk  {rise@0.000ns fall@5.000ns period=10.000ns})
  Path Group:             core_clk
  Path Type:              Setup (Max at Slow Process Corner)
  Requirement:            10.000ns  (core_clk rise@10.000ns - core_clk rise@0.000ns)
  Data Path Delay:        6.593ns  (logic 3.678ns (55.786%)  route 2.915ns (44.214%))
  Logic Levels:           12  (CARRY4=7 LUT3=2 LUT5=2 LUT6=1)
  Clock Path Skew:        -0.049ns (DCD - SCD + CPR)
    Destination Clock Delay (DCD):    0.924ns = ( 10.924 - 10.000 ) 
    Source Clock Delay      (SCD):    0.973ns
    Clock Pessimism Removal (CPR):    0.000ns
  Clock Uncertainty:      0.035ns  ((TSJ^2 + TIJ^2)^1/2 + DJ) / 2 + PE
    Total System Jitter     (TSJ):    0.071ns
    Total Input Jitter      (TIJ):    0.000ns
    Discrete Jitter          (DJ):    0.000ns
    Phase Error              (PE):    0.000ns

    Location             Delay type                Incr(ns)  Path(ns)    Netlist Resource(s)
  -------------------------------------------------------------------    -------------------
                         (clock core_clk rise edge)
                                                      0.000     0.000 r  <hidden>
                                                      0.000     0.000 r  clk_i
                         net (fo=2717, unset)         0.973     0.973    clk_i
                         FDRE                                         r  tile_w_q_reg[2]/C
  -------------------------------------------------------------------    -------------------
                         FDRE (Prop_fdre_C_Q)         0.518     1.491 r  tile_w_q_reg[2]/Q
                         net (fo=45, unplaced)        0.821     2.312    mac/result_address_q_reg[31]_i_3_0[2]
                         LUT3 (Prop_lut3_I0_O)        0.295     2.607 r  mac/result_address_q[31]_i_32/O
                         net (fo=4, unplaced)         0.473     3.080    mac_n_64
                         LUT5 (Prop_lut5_I2_O)        0.124     3.204 r  output_w_count_q[4]_i_16/O
                         net (fo=1, unplaced)         0.000     3.204    output_w_count_q[4]_i_16_n_0
                         CARRY4 (Prop_carry4_S[1]_CO[3])
                                                      0.533     3.737 r  output_w_count_q_reg[4]_i_9/CO[3]
                         net (fo=1, unplaced)         0.009     3.746    output_w_count_q_reg[4]_i_9_n_0
                         CARRY4 (Prop_carry4_CI_CO[3])
                                                      0.117     3.863 r  output_w_count_q_reg[4]_i_5/CO[3]
                         net (fo=1, unplaced)         0.000     3.863    output_w_count_q_reg[4]_i_5_n_0
                         CARRY4 (Prop_carry4_CI_CO[2])
                                                      0.252     4.115 r  output_w_count_q_reg[4]_i_4/CO[2]
                         net (fo=35, unplaced)        0.525     4.640    output_h_count_q1
                         LUT3 (Prop_lut3_I0_O)        0.310     4.950 r  activation_address_q[3]_i_7/O
                         net (fo=1, unplaced)         0.000     4.950    activation_address_q[3]_i_7_n_0
                         CARRY4 (Prop_carry4_S[1]_CO[3])
                                                      0.533     5.483 r  activation_address_q_reg[3]_i_3/CO[3]
                         net (fo=1, unplaced)         0.009     5.492    activation_address_q_reg[3]_i_3_n_0
                         CARRY4 (Prop_carry4_CI_CO[3])
                                                      0.117     5.609 r  activation_address_q_reg[5]_i_3/CO[3]
                         net (fo=1, unplaced)         0.000     5.609    activation_address_q_reg[5]_i_3_n_0
                         CARRY4 (Prop_carry4_CI_CO[3])
                                                      0.117     5.726 r  activation_pixel_base_q_reg[11]_i_2/CO[3]
                         net (fo=1, unplaced)         0.000     5.726    activation_pixel_base_q_reg[11]_i_2_n_0
                         CARRY4 (Prop_carry4_CI_O[3])
                                                      0.331     6.057 r  activation_pixel_base_q_reg[15]_i_2/O[3]
                         net (fo=2, unplaced)         0.629     6.686    activation_pixel_base_q1_out[15]
                         LUT6 (Prop_lut6_I0_O)        0.307     6.993 r  activation_address_q[15]_i_4/O
                         net (fo=1, unplaced)         0.449     7.442    activation_address_q[15]_i_4_n_0
                         LUT5 (Prop_lut5_I4_O)        0.124     7.566 r  activation_address_q[15]_i_1/O
                         net (fo=1, unplaced)         0.000     7.566    activation_address_q[15]_i_1_n_0
                         FDRE                                         r  activation_address_q_reg[15]/D
  -------------------------------------------------------------------    -------------------

                         (clock core_clk rise edge)
                                                     10.000    10.000 r  <hidden>
                                                      0.000    10.000 r  clk_i
                         net (fo=2717, unset)         0.924    10.924    clk_i
                         FDRE                                         r  activation_address_q_reg[15]/C
                         clock pessimism              0.000    10.924    <hidden>
                         clock uncertainty           -0.035    10.889    <hidden>
                         FDRE (Setup_fdre_C_D)        0.077    10.966    activation_address_q_reg[15]
  -------------------------------------------------------------------
                         required time                         10.966    <hidden>
                         arrival time                          -7.566    <hidden>
  -------------------------------------------------------------------
                         slack                                  3.400    <hidden>

Slack (MET) :             3.467ns  (required time - arrival time)
  Source:                 tile_w_q_reg[2]/C
                            (rising edge-triggered cell FDRE clocked by core_clk  {rise@0.000ns fall@5.000ns period=10.000ns})
  Destination:            activation_address_q_reg[24]/D
                            (rising edge-triggered cell FDRE clocked by core_clk  {rise@0.000ns fall@5.000ns period=10.000ns})
  Path Group:             core_clk
  Path Type:              Setup (Max at Slow Process Corner)
  Requirement:            10.000ns  (core_clk rise@10.000ns - core_clk rise@0.000ns)
  Data Path Delay:        6.526ns  (logic 3.918ns (60.037%)  route 2.608ns (39.963%))
  Logic Levels:           15  (CARRY4=10 LUT3=2 LUT5=1 LUT6=2)
  Clock Path Skew:        -0.049ns (DCD - SCD + CPR)
    Destination Clock Delay (DCD):    0.924ns = ( 10.924 - 10.000 ) 
    Source Clock Delay      (SCD):    0.973ns
    Clock Pessimism Removal (CPR):    0.000ns
  Clock Uncertainty:      0.035ns  ((TSJ^2 + TIJ^2)^1/2 + DJ) / 2 + PE
    Total System Jitter     (TSJ):    0.071ns
    Total Input Jitter      (TIJ):    0.000ns
    Discrete Jitter          (DJ):    0.000ns
    Phase Error              (PE):    0.000ns

    Location             Delay type                Incr(ns)  Path(ns)    Netlist Resource(s)
  -------------------------------------------------------------------    -------------------
                         (clock core_clk rise edge)
                                                      0.000     0.000 r  <hidden>
                                                      0.000     0.000 r  clk_i
                         net (fo=2717, unset)         0.973     0.973    clk_i
                         FDRE                                         r  tile_w_q_reg[2]/C
  -------------------------------------------------------------------    -------------------
                         FDRE (Prop_fdre_C_Q)         0.518     1.491 r  tile_w_q_reg[2]/Q
                         net (fo=45, unplaced)        0.821     2.312    mac/result_address_q_reg[31]_i_3_0[2]
                         LUT3 (Prop_lut3_I0_O)        0.295     2.607 r  mac/result_address_q[31]_i_32/O
                         net (fo=4, unplaced)         0.473     3.080    mac_n_64
                         LUT5 (Prop_lut5_I2_O)        0.124     3.204 r  output_w_count_q[4]_i_16/O
                         net (fo=1, unplaced)         0.000     3.204    output_w_count_q[4]_i_16_n_0
                         CARRY4 (Prop_carry4_S[1]_CO[3])
                                                      0.533     3.737 r  output_w_count_q_reg[4]_i_9/CO[3]
                         net (fo=1, unplaced)         0.009     3.746    output_w_count_q_reg[4]_i_9_n_0
                         CARRY4 (Prop_carry4_CI_CO[3])
                                                      0.117     3.863 r  output_w_count_q_reg[4]_i_5/CO[3]
                         net (fo=1, unplaced)         0.000     3.863    output_w_count_q_reg[4]_i_5_n_0
                         CARRY4 (Prop_carry4_CI_CO[2])
                                                      0.252     4.115 r  output_w_count_q_reg[4]_i_4/CO[2]
                         net (fo=35, unplaced)        0.525     4.640    output_h_count_q1
                         LUT3 (Prop_lut3_I0_O)        0.310     4.950 r  activation_address_q[3]_i_7/O
                         net (fo=1, unplaced)         0.000     4.950    activation_address_q[3]_i_7_n_0
                         CARRY4 (Prop_carry4_S[1]_CO[3])
                                                      0.533     5.483 r  activation_address_q_reg[3]_i_3/CO[3]
                         net (fo=1, unplaced)         0.009     5.492    activation_address_q_reg[3]_i_3_n_0
                         CARRY4 (Prop_carry4_CI_CO[3])
                                                      0.117     5.609 r  activation_address_q_reg[5]_i_3/CO[3]
                         net (fo=1, unplaced)         0.000     5.609    activation_address_q_reg[5]_i_3_n_0
                         CARRY4 (Prop_carry4_CI_CO[3])
                                                      0.117     5.726 r  activation_pixel_base_q_reg[11]_i_2/CO[3]
                         net (fo=1, unplaced)         0.000     5.726    activation_pixel_base_q_reg[11]_i_2_n_0
                         CARRY4 (Prop_carry4_CI_CO[3])
                                                      0.117     5.843 r  activation_pixel_base_q_reg[15]_i_2/CO[3]
                         net (fo=1, unplaced)         0.000     5.843    activation_pixel_base_q_reg[15]_i_2_n_0
                         CARRY4 (Prop_carry4_CI_CO[3])
                                                      0.117     5.960 r  activation_address_q_reg[17]_i_3/CO[3]
                         net (fo=1, unplaced)         0.000     5.960    activation_address_q_reg[17]_i_3_n_0
                         CARRY4 (Prop_carry4_CI_CO[3])
                                                      0.117     6.077 r  activation_address_q_reg[22]_i_3/CO[3]
                         net (fo=1, unplaced)         0.000     6.077    activation_address_q_reg[22]_i_3_n_0
                         CARRY4 (Prop_carry4_CI_O[0])
                                                      0.232     6.309 r  activation_pixel_base_q_reg[27]_i_2/O[0]
                         net (fo=2, unplaced)         0.322     6.631    activation_pixel_base_q1_out[24]
                         LUT6 (Prop_lut6_I1_O)        0.295     6.926 r  activation_address_q[24]_i_2/O
                         net (fo=1, unplaced)         0.449     7.375    activation_address_q[24]_i_2_n_0
                         LUT6 (Prop_lut6_I2_O)        0.124     7.499 r  activation_address_q[24]_i_1/O
                         net (fo=1, unplaced)         0.000     7.499    activation_address_q[24]_i_1_n_0
                         FDRE                                         r  activation_address_q_reg[24]/D
  -------------------------------------------------------------------    -------------------

                         (clock core_clk rise edge)
                                                     10.000    10.000 r  <hidden>
                                                      0.000    10.000 r  clk_i
                         net (fo=2717, unset)         0.924    10.924    clk_i
                         FDRE                                         r  activation_address_q_reg[24]/C
                         clock pessimism              0.000    10.924    <hidden>
                         clock uncertainty           -0.035    10.889    <hidden>
                         FDRE (Setup_fdre_C_D)        0.077    10.966    activation_address_q_reg[24]
  -------------------------------------------------------------------
                         required time                         10.966    <hidden>
                         arrival time                          -7.499    <hidden>
  -------------------------------------------------------------------
                         slack                                  3.467    <hidden>

Slack (MET) :             3.467ns  (required time - arrival time)
  Source:                 tile_w_q_reg[2]/C
                            (rising edge-triggered cell FDRE clocked by core_clk  {rise@0.000ns fall@5.000ns period=10.000ns})
  Destination:            activation_address_q_reg[21]/D
                            (rising edge-triggered cell FDRE clocked by core_clk  {rise@0.000ns fall@5.000ns period=10.000ns})
  Path Group:             core_clk
  Path Type:              Setup (Max at Slow Process Corner)
  Requirement:            10.000ns  (core_clk rise@10.000ns - core_clk rise@0.000ns)
  Data Path Delay:        6.526ns  (logic 3.917ns (60.021%)  route 2.609ns (39.979%))
  Logic Levels:           14  (CARRY4=9 LUT3=2 LUT5=1 LUT6=2)
  Clock Path Skew:        -0.049ns (DCD - SCD + CPR)
    Destination Clock Delay (DCD):    0.924ns = ( 10.924 - 10.000 ) 
    Source Clock Delay      (SCD):    0.973ns
    Clock Pessimism Removal (CPR):    0.000ns
  Clock Uncertainty:      0.035ns  ((TSJ^2 + TIJ^2)^1/2 + DJ) / 2 + PE
    Total System Jitter     (TSJ):    0.071ns
    Total Input Jitter      (TIJ):    0.000ns
    Discrete Jitter          (DJ):    0.000ns
    Phase Error              (PE):    0.000ns

    Location             Delay type                Incr(ns)  Path(ns)    Netlist Resource(s)
  -------------------------------------------------------------------    -------------------
                         (clock core_clk rise edge)
                                                      0.000     0.000 r  <hidden>
                                                      0.000     0.000 r  clk_i
                         net (fo=2717, unset)         0.973     0.973    clk_i
                         FDRE                                         r  tile_w_q_reg[2]/C
  -------------------------------------------------------------------    -------------------
                         FDRE (Prop_fdre_C_Q)         0.518     1.491 r  tile_w_q_reg[2]/Q
                         net (fo=45, unplaced)        0.821     2.312    mac/result_address_q_reg[31]_i_3_0[2]
                         LUT3 (Prop_lut3_I0_O)        0.295     2.607 r  mac/result_address_q[31]_i_32/O
                         net (fo=4, unplaced)         0.473     3.080    mac_n_64
                         LUT5 (Prop_lut5_I2_O)        0.124     3.204 r  output_w_count_q[4]_i_16/O
                         net (fo=1, unplaced)         0.000     3.204    output_w_count_q[4]_i_16_n_0
                         CARRY4 (Prop_carry4_S[1]_CO[3])
                                                      0.533     3.737 r  output_w_count_q_reg[4]_i_9/CO[3]
                         net (fo=1, unplaced)         0.009     3.746    output_w_count_q_reg[4]_i_9_n_0
                         CARRY4 (Prop_carry4_CI_CO[3])
                                                      0.117     3.863 r  output_w_count_q_reg[4]_i_5/CO[3]
                         net (fo=1, unplaced)         0.000     3.863    output_w_count_q_reg[4]_i_5_n_0
                         CARRY4 (Prop_carry4_CI_CO[2])
                                                      0.252     4.115 r  output_w_count_q_reg[4]_i_4/CO[2]
                         net (fo=35, unplaced)        0.525     4.640    output_h_count_q1
                         LUT3 (Prop_lut3_I0_O)        0.310     4.950 r  activation_address_q[3]_i_7/O
                         net (fo=1, unplaced)         0.000     4.950    activation_address_q[3]_i_7_n_0
                         CARRY4 (Prop_carry4_S[1]_CO[3])
                                                      0.533     5.483 r  activation_address_q_reg[3]_i_3/CO[3]
                         net (fo=1, unplaced)         0.009     5.492    activation_address_q_reg[3]_i_3_n_0
                         CARRY4 (Prop_carry4_CI_CO[3])
                                                      0.117     5.609 r  activation_address_q_reg[5]_i_3/CO[3]
                         net (fo=1, unplaced)         0.000     5.609    activation_address_q_reg[5]_i_3_n_0
                         CARRY4 (Prop_carry4_CI_CO[3])
                                                      0.117     5.726 r  activation_pixel_base_q_reg[11]_i_2/CO[3]
                         net (fo=1, unplaced)         0.000     5.726    activation_pixel_base_q_reg[11]_i_2_n_0
                         CARRY4 (Prop_carry4_CI_CO[3])
                                                      0.117     5.843 r  activation_pixel_base_q_reg[15]_i_2/CO[3]
                         net (fo=1, unplaced)         0.000     5.843    activation_pixel_base_q_reg[15]_i_2_n_0
                         CARRY4 (Prop_carry4_CI_CO[3])
                                                      0.117     5.960 r  activation_address_q_reg[17]_i_3/CO[3]
                         net (fo=1, unplaced)         0.000     5.960    activation_address_q_reg[17]_i_3_n_0
                         CARRY4 (Prop_carry4_CI_O[1])
                                                      0.337     6.297 r  activation_address_q_reg[22]_i_3/O[1]
                         net (fo=2, unplaced)         0.323     6.620    activation_pixel_base_q1_out[21]
                         LUT6 (Prop_lut6_I1_O)        0.306     6.926 r  activation_address_q[21]_i_2/O
                         net (fo=1, unplaced)         0.449     7.375    activation_address_q[21]_i_2_n_0
                         LUT6 (Prop_lut6_I2_O)        0.124     7.499 r  activation_address_q[21]_i_1/O
                         net (fo=1, unplaced)         0.000     7.499    activation_address_q[21]_i_1_n_0
                         FDRE                                         r  activation_address_q_reg[21]/D
  -------------------------------------------------------------------    -------------------

                         (clock core_clk rise edge)
                                                     10.000    10.000 r  <hidden>
                                                      0.000    10.000 r  clk_i
                         net (fo=2717, unset)         0.924    10.924    clk_i
                         FDRE                                         r  activation_address_q_reg[21]/C
                         clock pessimism              0.000    10.924    <hidden>
                         clock uncertainty           -0.035    10.889    <hidden>
                         FDRE (Setup_fdre_C_D)        0.077    10.966    activation_address_q_reg[21]
  -------------------------------------------------------------------
                         required time                         10.966    <hidden>
                         arrival time                          -7.499    <hidden>
  -------------------------------------------------------------------
                         slack                                  3.467    <hidden>

Slack (MET) :             3.505ns  (required time - arrival time)
  Source:                 tile_w_q_reg[2]/C
                            (rising edge-triggered cell FDRE clocked by core_clk  {rise@0.000ns fall@5.000ns period=10.000ns})
  Destination:            activation_address_q_reg[31]/D
                            (rising edge-triggered cell FDRE clocked by core_clk  {rise@0.000ns fall@5.000ns period=10.000ns})
  Path Group:             core_clk
  Path Type:              Setup (Max at Slow Process Corner)
  Requirement:            10.000ns  (core_clk rise@10.000ns - core_clk rise@0.000ns)
  Data Path Delay:        6.488ns  (logic 4.022ns (61.991%)  route 2.466ns (38.009%))
  Logic Levels:           15  (CARRY4=11 LUT3=2 LUT5=1 LUT6=1)
  Clock Path Skew:        -0.049ns (DCD - SCD + CPR)
    Destination Clock Delay (DCD):    0.924ns = ( 10.924 - 10.000 ) 
    Source Clock Delay      (SCD):    0.973ns
    Clock Pessimism Removal (CPR):    0.000ns
  Clock Uncertainty:      0.035ns  ((TSJ^2 + TIJ^2)^1/2 + DJ) / 2 + PE
    Total System Jitter     (TSJ):    0.071ns
    Total Input Jitter      (TIJ):    0.000ns
    Discrete Jitter          (DJ):    0.000ns
    Phase Error              (PE):    0.000ns

    Location             Delay type                Incr(ns)  Path(ns)    Netlist Resource(s)
  -------------------------------------------------------------------    -------------------
                         (clock core_clk rise edge)
                                                      0.000     0.000 r  <hidden>
                                                      0.000     0.000 r  clk_i
                         net (fo=2717, unset)         0.973     0.973    clk_i
                         FDRE                                         r  tile_w_q_reg[2]/C
  -------------------------------------------------------------------    -------------------
                         FDRE (Prop_fdre_C_Q)         0.518     1.491 r  tile_w_q_reg[2]/Q
                         net (fo=45, unplaced)        0.821     2.312    mac/result_address_q_reg[31]_i_3_0[2]
                         LUT3 (Prop_lut3_I0_O)        0.295     2.607 r  mac/result_address_q[31]_i_32/O
                         net (fo=4, unplaced)         0.473     3.080    mac_n_64
                         LUT5 (Prop_lut5_I2_O)        0.124     3.204 r  output_w_count_q[4]_i_16/O
                         net (fo=1, unplaced)         0.000     3.204    output_w_count_q[4]_i_16_n_0
                         CARRY4 (Prop_carry4_S[1]_CO[3])
                                                      0.533     3.737 r  output_w_count_q_reg[4]_i_9/CO[3]
                         net (fo=1, unplaced)         0.009     3.746    output_w_count_q_reg[4]_i_9_n_0
                         CARRY4 (Prop_carry4_CI_CO[3])
                                                      0.117     3.863 r  output_w_count_q_reg[4]_i_5/CO[3]
                         net (fo=1, unplaced)         0.000     3.863    output_w_count_q_reg[4]_i_5_n_0
                         CARRY4 (Prop_carry4_CI_CO[2])
                                                      0.252     4.115 r  output_w_count_q_reg[4]_i_4/CO[2]
                         net (fo=35, unplaced)        0.525     4.640    output_h_count_q1
                         LUT3 (Prop_lut3_I0_O)        0.310     4.950 r  activation_address_q[3]_i_7/O
                         net (fo=1, unplaced)         0.000     4.950    activation_address_q[3]_i_7_n_0
                         CARRY4 (Prop_carry4_S[1]_CO[3])
                                                      0.533     5.483 r  activation_address_q_reg[3]_i_3/CO[3]
                         net (fo=1, unplaced)         0.009     5.492    activation_address_q_reg[3]_i_3_n_0
                         CARRY4 (Prop_carry4_CI_CO[3])
                                                      0.117     5.609 r  activation_address_q_reg[5]_i_3/CO[3]
                         net (fo=1, unplaced)         0.000     5.609    activation_address_q_reg[5]_i_3_n_0
                         CARRY4 (Prop_carry4_CI_CO[3])
                                                      0.117     5.726 r  activation_pixel_base_q_reg[11]_i_2/CO[3]
                         net (fo=1, unplaced)         0.000     5.726    activation_pixel_base_q_reg[11]_i_2_n_0
                         CARRY4 (Prop_carry4_CI_CO[3])
                                                      0.117     5.843 r  activation_pixel_base_q_reg[15]_i_2/CO[3]
                         net (fo=1, unplaced)         0.000     5.843    activation_pixel_base_q_reg[15]_i_2_n_0
                         CARRY4 (Prop_carry4_CI_CO[3])
                                                      0.117     5.960 r  activation_address_q_reg[17]_i_3/CO[3]
                         net (fo=1, unplaced)         0.000     5.960    activation_address_q_reg[17]_i_3_n_0
                         CARRY4 (Prop_carry4_CI_CO[3])
                                                      0.117     6.077 r  activation_address_q_reg[22]_i_3/CO[3]
                         net (fo=1, unplaced)         0.000     6.077    activation_address_q_reg[22]_i_3_n_0
                         CARRY4 (Prop_carry4_CI_CO[3])
                                                      0.117     6.194 r  activation_pixel_base_q_reg[27]_i_2/CO[3]
                         net (fo=1, unplaced)         0.000     6.194    activation_pixel_base_q_reg[27]_i_2_n_0
                         CARRY4 (Prop_carry4_CI_O[3])
                                                      0.331     6.525 r  activation_address_q_reg[31]_i_8/O[3]
                         net (fo=2, unplaced)         0.629     7.154    activation_pixel_base_q1_out[31]
                         LUT6 (Prop_lut6_I2_O)        0.307     7.461 r  activation_address_q[31]_i_3/O
                         net (fo=1, unplaced)         0.000     7.461    activation_address_q[31]_i_3_n_0
                         FDRE                                         r  activation_address_q_reg[31]/D
  -------------------------------------------------------------------    -------------------

                         (clock core_clk rise edge)
                                                     10.000    10.000 r  <hidden>
                                                      0.000    10.000 r  clk_i
                         net (fo=2717, unset)         0.924    10.924    clk_i
                         FDRE                                         r  activation_address_q_reg[31]/C
                         clock pessimism              0.000    10.924    <hidden>
                         clock uncertainty           -0.035    10.889    <hidden>
                         FDRE (Setup_fdre_C_D)        0.077    10.966    activation_address_q_reg[31]
  -------------------------------------------------------------------
                         required time                         10.966    <hidden>
                         arrival time                          -7.461    <hidden>
  -------------------------------------------------------------------
                         slack                                  3.505    <hidden>

Slack (MET) :             3.505ns  (required time - arrival time)
  Source:                 tile_w_q_reg[2]/C
                            (rising edge-triggered cell FDRE clocked by core_clk  {rise@0.000ns fall@5.000ns period=10.000ns})
  Destination:            activation_pixel_base_q_reg[31]/D
                            (rising edge-triggered cell FDRE clocked by core_clk  {rise@0.000ns fall@5.000ns period=10.000ns})
  Path Group:             core_clk
  Path Type:              Setup (Max at Slow Process Corner)
  Requirement:            10.000ns  (core_clk rise@10.000ns - core_clk rise@0.000ns)
  Data Path Delay:        6.488ns  (logic 4.022ns (61.991%)  route 2.466ns (38.009%))
  Logic Levels:           15  (CARRY4=11 LUT3=2 LUT5=2)
  Clock Path Skew:        -0.049ns (DCD - SCD + CPR)
    Destination Clock Delay (DCD):    0.924ns = ( 10.924 - 10.000 ) 
    Source Clock Delay      (SCD):    0.973ns
    Clock Pessimism Removal (CPR):    0.000ns
  Clock Uncertainty:      0.035ns  ((TSJ^2 + TIJ^2)^1/2 + DJ) / 2 + PE
    Total System Jitter     (TSJ):    0.071ns
    Total Input Jitter      (TIJ):    0.000ns
    Discrete Jitter          (DJ):    0.000ns
    Phase Error              (PE):    0.000ns

    Location             Delay type                Incr(ns)  Path(ns)    Netlist Resource(s)
  -------------------------------------------------------------------    -------------------
                         (clock core_clk rise edge)
                                                      0.000     0.000 r  <hidden>
                                                      0.000     0.000 r  clk_i
                         net (fo=2717, unset)         0.973     0.973    clk_i
                         FDRE                                         r  tile_w_q_reg[2]/C
  -------------------------------------------------------------------    -------------------
                         FDRE (Prop_fdre_C_Q)         0.518     1.491 r  tile_w_q_reg[2]/Q
                         net (fo=45, unplaced)        0.821     2.312    mac/result_address_q_reg[31]_i_3_0[2]
                         LUT3 (Prop_lut3_I0_O)        0.295     2.607 r  mac/result_address_q[31]_i_32/O
                         net (fo=4, unplaced)         0.473     3.080    mac_n_64
                         LUT5 (Prop_lut5_I2_O)        0.124     3.204 r  output_w_count_q[4]_i_16/O
                         net (fo=1, unplaced)         0.000     3.204    output_w_count_q[4]_i_16_n_0
                         CARRY4 (Prop_carry4_S[1]_CO[3])
                                                      0.533     3.737 r  output_w_count_q_reg[4]_i_9/CO[3]
                         net (fo=1, unplaced)         0.009     3.746    output_w_count_q_reg[4]_i_9_n_0
                         CARRY4 (Prop_carry4_CI_CO[3])
                                                      0.117     3.863 r  output_w_count_q_reg[4]_i_5/CO[3]
                         net (fo=1, unplaced)         0.000     3.863    output_w_count_q_reg[4]_i_5_n_0
                         CARRY4 (Prop_carry4_CI_CO[2])
                                                      0.252     4.115 r  output_w_count_q_reg[4]_i_4/CO[2]
                         net (fo=35, unplaced)        0.525     4.640    output_h_count_q1
                         LUT3 (Prop_lut3_I0_O)        0.310     4.950 r  activation_address_q[3]_i_7/O
                         net (fo=1, unplaced)         0.000     4.950    activation_address_q[3]_i_7_n_0
                         CARRY4 (Prop_carry4_S[1]_CO[3])
                                                      0.533     5.483 r  activation_address_q_reg[3]_i_3/CO[3]
                         net (fo=1, unplaced)         0.009     5.492    activation_address_q_reg[3]_i_3_n_0
                         CARRY4 (Prop_carry4_CI_CO[3])
                                                      0.117     5.609 r  activation_address_q_reg[5]_i_3/CO[3]
                         net (fo=1, unplaced)         0.000     5.609    activation_address_q_reg[5]_i_3_n_0
                         CARRY4 (Prop_carry4_CI_CO[3])
                                                      0.117     5.726 r  activation_pixel_base_q_reg[11]_i_2/CO[3]
                         net (fo=1, unplaced)         0.000     5.726    activation_pixel_base_q_reg[11]_i_2_n_0
                         CARRY4 (Prop_carry4_CI_CO[3])
                                                      0.117     5.843 r  activation_pixel_base_q_reg[15]_i_2/CO[3]
                         net (fo=1, unplaced)         0.000     5.843    activation_pixel_base_q_reg[15]_i_2_n_0
                         CARRY4 (Prop_carry4_CI_CO[3])
                                                      0.117     5.960 r  activation_address_q_reg[17]_i_3/CO[3]
                         net (fo=1, unplaced)         0.000     5.960    activation_address_q_reg[17]_i_3_n_0
                         CARRY4 (Prop_carry4_CI_CO[3])
                                                      0.117     6.077 r  activation_address_q_reg[22]_i_3/CO[3]
                         net (fo=1, unplaced)         0.000     6.077    activation_address_q_reg[22]_i_3_n_0
                         CARRY4 (Prop_carry4_CI_CO[3])
                                                      0.117     6.194 r  activation_pixel_base_q_reg[27]_i_2/CO[3]
                         net (fo=1, unplaced)         0.000     6.194    activation_pixel_base_q_reg[27]_i_2_n_0
                         CARRY4 (Prop_carry4_CI_O[3])
                                                      0.331     6.525 r  activation_address_q_reg[31]_i_8/O[3]
                         net (fo=2, unplaced)         0.629     7.154    activation_pixel_base_q1_out[31]
                         LUT5 (Prop_lut5_I2_O)        0.307     7.461 r  activation_pixel_base_q[31]_i_2/O
                         net (fo=1, unplaced)         0.000     7.461    activation_pixel_base_q[31]_i_2_n_0
                         FDRE                                         r  activation_pixel_base_q_reg[31]/D
  -------------------------------------------------------------------    -------------------

                         (clock core_clk rise edge)
                                                     10.000    10.000 r  <hidden>
                                                      0.000    10.000 r  clk_i
                         net (fo=2717, unset)         0.924    10.924    clk_i
                         FDRE                                         r  activation_pixel_base_q_reg[31]/C
                         clock pessimism              0.000    10.924    <hidden>
                         clock uncertainty           -0.035    10.889    <hidden>
                         FDRE (Setup_fdre_C_D)        0.077    10.966    activation_pixel_base_q_reg[31]
  -------------------------------------------------------------------
                         required time                         10.966    <hidden>
                         arrival time                          -7.461    <hidden>
  -------------------------------------------------------------------
                         slack                                  3.505    <hidden>

Slack (MET) :             3.517ns  (required time - arrival time)
  Source:                 tile_w_q_reg[2]/C
                            (rising edge-triggered cell FDRE clocked by core_clk  {rise@0.000ns fall@5.000ns period=10.000ns})
  Destination:            activation_address_q_reg[11]/D
                            (rising edge-triggered cell FDRE clocked by core_clk  {rise@0.000ns fall@5.000ns period=10.000ns})
  Path Group:             core_clk
  Path Type:              Setup (Max at Slow Process Corner)
  Requirement:            10.000ns  (core_clk rise@10.000ns - core_clk rise@0.000ns)
  Data Path Delay:        6.476ns  (logic 3.561ns (54.988%)  route 2.915ns (45.012%))
  Logic Levels:           11  (CARRY4=6 LUT3=2 LUT5=1 LUT6=2)
  Clock Path Skew:        -0.049ns (DCD - SCD + CPR)
    Destination Clock Delay (DCD):    0.924ns = ( 10.924 - 10.000 ) 
    Source Clock Delay      (SCD):    0.973ns
    Clock Pessimism Removal (CPR):    0.000ns
  Clock Uncertainty:      0.035ns  ((TSJ^2 + TIJ^2)^1/2 + DJ) / 2 + PE
    Total System Jitter     (TSJ):    0.071ns
    Total Input Jitter      (TIJ):    0.000ns
    Discrete Jitter          (DJ):    0.000ns
    Phase Error              (PE):    0.000ns

    Location             Delay type                Incr(ns)  Path(ns)    Netlist Resource(s)
  -------------------------------------------------------------------    -------------------
                         (clock core_clk rise edge)
                                                      0.000     0.000 r  <hidden>
                                                      0.000     0.000 r  clk_i
                         net (fo=2717, unset)         0.973     0.973    clk_i
                         FDRE                                         r  tile_w_q_reg[2]/C
  -------------------------------------------------------------------    -------------------
                         FDRE (Prop_fdre_C_Q)         0.518     1.491 r  tile_w_q_reg[2]/Q
                         net (fo=45, unplaced)        0.821     2.312    mac/result_address_q_reg[31]_i_3_0[2]
                         LUT3 (Prop_lut3_I0_O)        0.295     2.607 r  mac/result_address_q[31]_i_32/O
                         net (fo=4, unplaced)         0.473     3.080    mac_n_64
                         LUT5 (Prop_lut5_I2_O)        0.124     3.204 r  output_w_count_q[4]_i_16/O
                         net (fo=1, unplaced)         0.000     3.204    output_w_count_q[4]_i_16_n_0
                         CARRY4 (Prop_carry4_S[1]_CO[3])
                                                      0.533     3.737 r  output_w_count_q_reg[4]_i_9/CO[3]
                         net (fo=1, unplaced)         0.009     3.746    output_w_count_q_reg[4]_i_9_n_0
                         CARRY4 (Prop_carry4_CI_CO[3])
                                                      0.117     3.863 r  output_w_count_q_reg[4]_i_5/CO[3]
                         net (fo=1, unplaced)         0.000     3.863    output_w_count_q_reg[4]_i_5_n_0
                         CARRY4 (Prop_carry4_CI_CO[2])
                                                      0.252     4.115 r  output_w_count_q_reg[4]_i_4/CO[2]
                         net (fo=35, unplaced)        0.525     4.640    output_h_count_q1
                         LUT3 (Prop_lut3_I0_O)        0.310     4.950 r  activation_address_q[3]_i_7/O
                         net (fo=1, unplaced)         0.000     4.950    activation_address_q[3]_i_7_n_0
                         CARRY4 (Prop_carry4_S[1]_CO[3])
                                                      0.533     5.483 r  activation_address_q_reg[3]_i_3/CO[3]
                         net (fo=1, unplaced)         0.009     5.492    activation_address_q_reg[3]_i_3_n_0
                         CARRY4 (Prop_carry4_CI_CO[3])
                                                      0.117     5.609 r  activation_address_q_reg[5]_i_3/CO[3]
                         net (fo=1, unplaced)         0.000     5.609    activation_address_q_reg[5]_i_3_n_0
                         CARRY4 (Prop_carry4_CI_O[3])
                                                      0.331     5.940 r  activation_pixel_base_q_reg[11]_i_2/O[3]
                         net (fo=2, unplaced)         0.629     6.569    activation_pixel_base_q1_out[11]
                         LUT6 (Prop_lut6_I1_O)        0.307     6.876 r  activation_address_q[11]_i_3/O
                         net (fo=1, unplaced)         0.449     7.325    activation_address_q[11]_i_3_n_0
                         LUT6 (Prop_lut6_I2_O)        0.124     7.449 r  activation_address_q[11]_i_1/O
                         net (fo=1, unplaced)         0.000     7.449    activation_address_q[11]_i_1_n_0
                         FDRE                                         r  activation_address_q_reg[11]/D
  -------------------------------------------------------------------    -------------------

                         (clock core_clk rise edge)
                                                     10.000    10.000 r  <hidden>
                                                      0.000    10.000 r  clk_i
                         net (fo=2717, unset)         0.924    10.924    clk_i
                         FDRE                                         r  activation_address_q_reg[11]/C
                         clock pessimism              0.000    10.924    <hidden>
                         clock uncertainty           -0.035    10.889    <hidden>
                         FDRE (Setup_fdre_C_D)        0.077    10.966    activation_address_q_reg[11]
  -------------------------------------------------------------------
                         required time                         10.966    <hidden>
                         arrival time                          -7.449    <hidden>
  -------------------------------------------------------------------
                         slack                                  3.517    <hidden>

Slack (MET) :             3.530ns  (required time - arrival time)
  Source:                 tile_w_q_reg[2]/C
                            (rising edge-triggered cell FDRE clocked by core_clk  {rise@0.000ns fall@5.000ns period=10.000ns})
  Destination:            activation_address_q_reg[18]/D
                            (rising edge-triggered cell FDRE clocked by core_clk  {rise@0.000ns fall@5.000ns period=10.000ns})
  Path Group:             core_clk
  Path Type:              Setup (Max at Slow Process Corner)
  Requirement:            10.000ns  (core_clk rise@10.000ns - core_clk rise@0.000ns)
  Data Path Delay:        6.463ns  (logic 3.714ns (57.466%)  route 2.749ns (42.534%))
  Logic Levels:           13  (CARRY4=8 LUT3=2 LUT5=2 LUT6=1)
  Clock Path Skew:        -0.049ns (DCD - SCD + CPR)
    Destination Clock Delay (DCD):    0.924ns = ( 10.924 - 10.000 ) 
    Source Clock Delay      (SCD):    0.973ns
    Clock Pessimism Removal (CPR):    0.000ns
  Clock Uncertainty:      0.035ns  ((TSJ^2 + TIJ^2)^1/2 + DJ) / 2 + PE
    Total System Jitter     (TSJ):    0.071ns
    Total Input Jitter      (TIJ):    0.000ns
    Discrete Jitter          (DJ):    0.000ns
    Phase Error              (PE):    0.000ns

    Location             Delay type                Incr(ns)  Path(ns)    Netlist Resource(s)
  -------------------------------------------------------------------    -------------------
                         (clock core_clk rise edge)
                                                      0.000     0.000 r  <hidden>
                                                      0.000     0.000 r  clk_i
                         net (fo=2717, unset)         0.973     0.973    clk_i
                         FDRE                                         r  tile_w_q_reg[2]/C
  -------------------------------------------------------------------    -------------------
                         FDRE (Prop_fdre_C_Q)         0.518     1.491 r  tile_w_q_reg[2]/Q
                         net (fo=45, unplaced)        0.821     2.312    mac/result_address_q_reg[31]_i_3_0[2]
                         LUT3 (Prop_lut3_I0_O)        0.295     2.607 r  mac/result_address_q[31]_i_32/O
                         net (fo=4, unplaced)         0.473     3.080    mac_n_64
                         LUT5 (Prop_lut5_I2_O)        0.124     3.204 r  output_w_count_q[4]_i_16/O
                         net (fo=1, unplaced)         0.000     3.204    output_w_count_q[4]_i_16_n_0
                         CARRY4 (Prop_carry4_S[1]_CO[3])
                                                      0.533     3.737 r  output_w_count_q_reg[4]_i_9/CO[3]
                         net (fo=1, unplaced)         0.009     3.746    output_w_count_q_reg[4]_i_9_n_0
                         CARRY4 (Prop_carry4_CI_CO[3])
                                                      0.117     3.863 r  output_w_count_q_reg[4]_i_5/CO[3]
                         net (fo=1, unplaced)         0.000     3.863    output_w_count_q_reg[4]_i_5_n_0
                         CARRY4 (Prop_carry4_CI_CO[2])
                                                      0.252     4.115 r  output_w_count_q_reg[4]_i_4/CO[2]
                         net (fo=35, unplaced)        0.525     4.640    output_h_count_q1
                         LUT3 (Prop_lut3_I0_O)        0.310     4.950 r  activation_address_q[3]_i_7/O
                         net (fo=1, unplaced)         0.000     4.950    activation_address_q[3]_i_7_n_0
                         CARRY4 (Prop_carry4_S[1]_CO[3])
                                                      0.533     5.483 r  activation_address_q_reg[3]_i_3/CO[3]
                         net (fo=1, unplaced)         0.009     5.492    activation_address_q_reg[3]_i_3_n_0
                         CARRY4 (Prop_carry4_CI_CO[3])
                                                      0.117     5.609 r  activation_address_q_reg[5]_i_3/CO[3]
                         net (fo=1, unplaced)         0.000     5.609    activation_address_q_reg[5]_i_3_n_0
                         CARRY4 (Prop_carry4_CI_CO[3])
                                                      0.117     5.726 r  activation_pixel_base_q_reg[11]_i_2/CO[3]
                         net (fo=1, unplaced)         0.000     5.726    activation_pixel_base_q_reg[11]_i_2_n_0
                         CARRY4 (Prop_carry4_CI_CO[3])
                                                      0.117     5.843 r  activation_pixel_base_q_reg[15]_i_2/CO[3]
                         net (fo=1, unplaced)         0.000     5.843    activation_pixel_base_q_reg[15]_i_2_n_0
                         CARRY4 (Prop_carry4_CI_O[2])
                                                      0.256     6.099 r  activation_address_q_reg[17]_i_3/O[2]
                         net (fo=2, unplaced)         0.463     6.562    activation_pixel_base_q1_out[18]
                         LUT6 (Prop_lut6_I0_O)        0.301     6.863 r  activation_address_q[18]_i_3/O
                         net (fo=1, unplaced)         0.449     7.312    activation_address_q[18]_i_3_n_0
                         LUT5 (Prop_lut5_I4_O)        0.124     7.436 r  activation_address_q[18]_i_1/O
                         net (fo=1, unplaced)         0.000     7.436    activation_address_q[18]_i_1_n_0
                         FDRE                                         r  activation_address_q_reg[18]/D
  -------------------------------------------------------------------    -------------------

                         (clock core_clk rise edge)
                                                     10.000    10.000 r  <hidden>
                                                      0.000    10.000 r  clk_i
                         net (fo=2717, unset)         0.924    10.924    clk_i
                         FDRE                                         r  activation_address_q_reg[18]/C
                         clock pessimism              0.000    10.924    <hidden>
                         clock uncertainty           -0.035    10.889    <hidden>
                         FDRE (Setup_fdre_C_D)        0.077    10.966    activation_address_q_reg[18]
  -------------------------------------------------------------------
                         required time                         10.966    <hidden>
                         arrival time                          -7.436    <hidden>
  -------------------------------------------------------------------
                         slack                                  3.530    <hidden>

Slack (MET) :             3.584ns  (required time - arrival time)
  Source:                 tile_w_q_reg[2]/C
                            (rising edge-triggered cell FDRE clocked by core_clk  {rise@0.000ns fall@5.000ns period=10.000ns})
  Destination:            activation_address_q_reg[20]/D
                            (rising edge-triggered cell FDRE clocked by core_clk  {rise@0.000ns fall@5.000ns period=10.000ns})
  Path Group:             core_clk
  Path Type:              Setup (Max at Slow Process Corner)
  Requirement:            10.000ns  (core_clk rise@10.000ns - core_clk rise@0.000ns)
  Data Path Delay:        6.409ns  (logic 3.801ns (59.307%)  route 2.608ns (40.693%))
  Logic Levels:           14  (CARRY4=9 LUT3=2 LUT5=1 LUT6=2)
  Clock Path Skew:        -0.049ns (DCD - SCD + CPR)
    Destination Clock Delay (DCD):    0.924ns = ( 10.924 - 10.000 ) 
    Source Clock Delay      (SCD):    0.973ns
    Clock Pessimism Removal (CPR):    0.000ns
  Clock Uncertainty:      0.035ns  ((TSJ^2 + TIJ^2)^1/2 + DJ) / 2 + PE
    Total System Jitter     (TSJ):    0.071ns
    Total Input Jitter      (TIJ):    0.000ns
    Discrete Jitter          (DJ):    0.000ns
    Phase Error              (PE):    0.000ns

    Location             Delay type                Incr(ns)  Path(ns)    Netlist Resource(s)
  -------------------------------------------------------------------    -------------------
                         (clock core_clk rise edge)
                                                      0.000     0.000 r  <hidden>
                                                      0.000     0.000 r  clk_i
                         net (fo=2717, unset)         0.973     0.973    clk_i
                         FDRE                                         r  tile_w_q_reg[2]/C
  -------------------------------------------------------------------    -------------------
                         FDRE (Prop_fdre_C_Q)         0.518     1.491 r  tile_w_q_reg[2]/Q
                         net (fo=45, unplaced)        0.821     2.312    mac/result_address_q_reg[31]_i_3_0[2]
                         LUT3 (Prop_lut3_I0_O)        0.295     2.607 r  mac/result_address_q[31]_i_32/O
                         net (fo=4, unplaced)         0.473     3.080    mac_n_64
                         LUT5 (Prop_lut5_I2_O)        0.124     3.204 r  output_w_count_q[4]_i_16/O
                         net (fo=1, unplaced)         0.000     3.204    output_w_count_q[4]_i_16_n_0
                         CARRY4 (Prop_carry4_S[1]_CO[3])
                                                      0.533     3.737 r  output_w_count_q_reg[4]_i_9/CO[3]
                         net (fo=1, unplaced)         0.009     3.746    output_w_count_q_reg[4]_i_9_n_0
                         CARRY4 (Prop_carry4_CI_CO[3])
                                                      0.117     3.863 r  output_w_count_q_reg[4]_i_5/CO[3]
                         net (fo=1, unplaced)         0.000     3.863    output_w_count_q_reg[4]_i_5_n_0
                         CARRY4 (Prop_carry4_CI_CO[2])
                                                      0.252     4.115 r  output_w_count_q_reg[4]_i_4/CO[2]
                         net (fo=35, unplaced)        0.525     4.640    output_h_count_q1
                         LUT3 (Prop_lut3_I0_O)        0.310     4.950 r  activation_address_q[3]_i_7/O
                         net (fo=1, unplaced)         0.000     4.950    activation_address_q[3]_i_7_n_0
                         CARRY4 (Prop_carry4_S[1]_CO[3])
                                                      0.533     5.483 r  activation_address_q_reg[3]_i_3/CO[3]
                         net (fo=1, unplaced)         0.009     5.492    activation_address_q_reg[3]_i_3_n_0
                         CARRY4 (Prop_carry4_CI_CO[3])
                                                      0.117     5.609 r  activation_address_q_reg[5]_i_3/CO[3]
                         net (fo=1, unplaced)         0.000     5.609    activation_address_q_reg[5]_i_3_n_0
                         CARRY4 (Prop_carry4_CI_CO[3])
                                                      0.117     5.726 r  activation_pixel_base_q_reg[11]_i_2/CO[3]
                         net (fo=1, unplaced)         0.000     5.726    activation_pixel_base_q_reg[11]_i_2_n_0
                         CARRY4 (Prop_carry4_CI_CO[3])
                                                      0.117     5.843 r  activation_pixel_base_q_reg[15]_i_2/CO[3]
                         net (fo=1, unplaced)         0.000     5.843    activation_pixel_base_q_reg[15]_i_2_n_0
                         CARRY4 (Prop_carry4_CI_CO[3])
                                                      0.117     5.960 r  activation_address_q_reg[17]_i_3/CO[3]
                         net (fo=1, unplaced)         0.000     5.960    activation_address_q_reg[17]_i_3_n_0
                         CARRY4 (Prop_carry4_CI_O[0])
                                                      0.232     6.192 r  activation_address_q_reg[22]_i_3/O[0]
                         net (fo=2, unplaced)         0.322     6.514    activation_pixel_base_q1_out[20]
                         LUT6 (Prop_lut6_I1_O)        0.295     6.809 r  activation_address_q[20]_i_2/O
                         net (fo=1, unplaced)         0.449     7.258    activation_address_q[20]_i_2_n_0
                         LUT6 (Prop_lut6_I2_O)        0.124     7.382 r  activation_address_q[20]_i_1/O
                         net (fo=1, unplaced)         0.000     7.382    activation_address_q[20]_i_1_n_0
                         FDRE                                         r  activation_address_q_reg[20]/D
  -------------------------------------------------------------------    -------------------

                         (clock core_clk rise edge)
                                                     10.000    10.000 r  <hidden>
                                                      0.000    10.000 r  clk_i
                         net (fo=2717, unset)         0.924    10.924    clk_i
                         FDRE                                         r  activation_address_q_reg[20]/C
                         clock pessimism              0.000    10.924    <hidden>
                         clock uncertainty           -0.035    10.889    <hidden>
                         FDRE (Setup_fdre_C_D)        0.077    10.966    activation_address_q_reg[20]
  -------------------------------------------------------------------
                         required time                         10.966    <hidden>
                         arrival time                          -7.382    <hidden>
  -------------------------------------------------------------------
                         slack                                  3.584    <hidden>

Slack (MET) :             3.622ns  (required time - arrival time)
  Source:                 tile_w_q_reg[2]/C
                            (rising edge-triggered cell FDRE clocked by core_clk  {rise@0.000ns fall@5.000ns period=10.000ns})
  Destination:            activation_pixel_base_q_reg[27]/D
                            (rising edge-triggered cell FDRE clocked by core_clk  {rise@0.000ns fall@5.000ns period=10.000ns})
  Path Group:             core_clk
  Path Type:              Setup (Max at Slow Process Corner)
  Requirement:            10.000ns  (core_clk rise@10.000ns - core_clk rise@0.000ns)
  Data Path Delay:        6.371ns  (logic 3.905ns (61.293%)  route 2.466ns (38.707%))
  Logic Levels:           14  (CARRY4=10 LUT3=2 LUT5=2)
  Clock Path Skew:        -0.049ns (DCD - SCD + CPR)
    Destination Clock Delay (DCD):    0.924ns = ( 10.924 - 10.000 ) 
    Source Clock Delay      (SCD):    0.973ns
    Clock Pessimism Removal (CPR):    0.000ns
  Clock Uncertainty:      0.035ns  ((TSJ^2 + TIJ^2)^1/2 + DJ) / 2 + PE
    Total System Jitter     (TSJ):    0.071ns
    Total Input Jitter      (TIJ):    0.000ns
    Discrete Jitter          (DJ):    0.000ns
    Phase Error              (PE):    0.000ns

    Location             Delay type                Incr(ns)  Path(ns)    Netlist Resource(s)
  -------------------------------------------------------------------    -------------------
                         (clock core_clk rise edge)
                                                      0.000     0.000 r  <hidden>
                                                      0.000     0.000 r  clk_i
                         net (fo=2717, unset)         0.973     0.973    clk_i
                         FDRE                                         r  tile_w_q_reg[2]/C
  -------------------------------------------------------------------    -------------------
                         FDRE (Prop_fdre_C_Q)         0.518     1.491 r  tile_w_q_reg[2]/Q
                         net (fo=45, unplaced)        0.821     2.312    mac/result_address_q_reg[31]_i_3_0[2]
                         LUT3 (Prop_lut3_I0_O)        0.295     2.607 r  mac/result_address_q[31]_i_32/O
                         net (fo=4, unplaced)         0.473     3.080    mac_n_64
                         LUT5 (Prop_lut5_I2_O)        0.124     3.204 r  output_w_count_q[4]_i_16/O
                         net (fo=1, unplaced)         0.000     3.204    output_w_count_q[4]_i_16_n_0
                         CARRY4 (Prop_carry4_S[1]_CO[3])
                                                      0.533     3.737 r  output_w_count_q_reg[4]_i_9/CO[3]
                         net (fo=1, unplaced)         0.009     3.746    output_w_count_q_reg[4]_i_9_n_0
                         CARRY4 (Prop_carry4_CI_CO[3])
                                                      0.117     3.863 r  output_w_count_q_reg[4]_i_5/CO[3]
                         net (fo=1, unplaced)         0.000     3.863    output_w_count_q_reg[4]_i_5_n_0
                         CARRY4 (Prop_carry4_CI_CO[2])
                                                      0.252     4.115 r  output_w_count_q_reg[4]_i_4/CO[2]
                         net (fo=35, unplaced)        0.525     4.640    output_h_count_q1
                         LUT3 (Prop_lut3_I0_O)        0.310     4.950 r  activation_address_q[3]_i_7/O
                         net (fo=1, unplaced)         0.000     4.950    activation_address_q[3]_i_7_n_0
                         CARRY4 (Prop_carry4_S[1]_CO[3])
                                                      0.533     5.483 r  activation_address_q_reg[3]_i_3/CO[3]
                         net (fo=1, unplaced)         0.009     5.492    activation_address_q_reg[3]_i_3_n_0
                         CARRY4 (Prop_carry4_CI_CO[3])
                                                      0.117     5.609 r  activation_address_q_reg[5]_i_3/CO[3]
                         net (fo=1, unplaced)         0.000     5.609    activation_address_q_reg[5]_i_3_n_0
                         CARRY4 (Prop_carry4_CI_CO[3])
                                                      0.117     5.726 r  activation_pixel_base_q_reg[11]_i_2/CO[3]
                         net (fo=1, unplaced)         0.000     5.726    activation_pixel_base_q_reg[11]_i_2_n_0
                         CARRY4 (Prop_carry4_CI_CO[3])
                                                      0.117     5.843 r  activation_pixel_base_q_reg[15]_i_2/CO[3]
                         net (fo=1, unplaced)         0.000     5.843    activation_pixel_base_q_reg[15]_i_2_n_0
                         CARRY4 (Prop_carry4_CI_CO[3])
                                                      0.117     5.960 r  activation_address_q_reg[17]_i_3/CO[3]
                         net (fo=1, unplaced)         0.000     5.960    activation_address_q_reg[17]_i_3_n_0
                         CARRY4 (Prop_carry4_CI_CO[3])
                                                      0.117     6.077 r  activation_address_q_reg[22]_i_3/CO[3]
                         net (fo=1, unplaced)         0.000     6.077    activation_address_q_reg[22]_i_3_n_0
                         CARRY4 (Prop_carry4_CI_O[3])
                                                      0.331     6.408 r  activation_pixel_base_q_reg[27]_i_2/O[3]
                         net (fo=2, unplaced)         0.629     7.037    activation_pixel_base_q1_out[27]
                         LUT5 (Prop_lut5_I2_O)        0.307     7.344 r  activation_pixel_base_q[27]_i_1/O
                         net (fo=1, unplaced)         0.000     7.344    activation_pixel_base_q[27]_i_1_n_0
                         FDRE                                         r  activation_pixel_base_q_reg[27]/D
  -------------------------------------------------------------------    -------------------

                         (clock core_clk rise edge)
                                                     10.000    10.000 r  <hidden>
                                                      0.000    10.000 r  clk_i
                         net (fo=2717, unset)         0.924    10.924    clk_i
                         FDRE                                         r  activation_pixel_base_q_reg[27]/C
                         clock pessimism              0.000    10.924    <hidden>
                         clock uncertainty           -0.035    10.889    <hidden>
                         FDRE (Setup_fdre_C_D)        0.077    10.966    activation_pixel_base_q_reg[27]
  -------------------------------------------------------------------
                         required time                         10.966    <hidden>
                         arrival time                          -7.344    <hidden>
  -------------------------------------------------------------------
                         slack                                  3.622    <hidden>

Slack (MET) :             3.634ns  (required time - arrival time)
  Source:                 tile_w_q_reg[2]/C
                            (rising edge-triggered cell FDRE clocked by core_clk  {rise@0.000ns fall@5.000ns period=10.000ns})
  Destination:            activation_address_q_reg[7]/D
                            (rising edge-triggered cell FDRE clocked by core_clk  {rise@0.000ns fall@5.000ns period=10.000ns})
  Path Group:             core_clk
  Path Type:              Setup (Max at Slow Process Corner)
  Requirement:            10.000ns  (core_clk rise@10.000ns - core_clk rise@0.000ns)
  Data Path Delay:        6.359ns  (logic 3.444ns (54.159%)  route 2.915ns (45.841%))
  Logic Levels:           10  (CARRY4=5 LUT3=2 LUT5=1 LUT6=2)
  Clock Path Skew:        -0.049ns (DCD - SCD + CPR)
    Destination Clock Delay (DCD):    0.924ns = ( 10.924 - 10.000 ) 
    Source Clock Delay      (SCD):    0.973ns
    Clock Pessimism Removal (CPR):    0.000ns
  Clock Uncertainty:      0.035ns  ((TSJ^2 + TIJ^2)^1/2 + DJ) / 2 + PE
    Total System Jitter     (TSJ):    0.071ns
    Total Input Jitter      (TIJ):    0.000ns
    Discrete Jitter          (DJ):    0.000ns
    Phase Error              (PE):    0.000ns

    Location             Delay type                Incr(ns)  Path(ns)    Netlist Resource(s)
  -------------------------------------------------------------------    -------------------
                         (clock core_clk rise edge)
                                                      0.000     0.000 r  <hidden>
                                                      0.000     0.000 r  clk_i
                         net (fo=2717, unset)         0.973     0.973    clk_i
                         FDRE                                         r  tile_w_q_reg[2]/C
  -------------------------------------------------------------------    -------------------
                         FDRE (Prop_fdre_C_Q)         0.518     1.491 r  tile_w_q_reg[2]/Q
                         net (fo=45, unplaced)        0.821     2.312    mac/result_address_q_reg[31]_i_3_0[2]
                         LUT3 (Prop_lut3_I0_O)        0.295     2.607 r  mac/result_address_q[31]_i_32/O
                         net (fo=4, unplaced)         0.473     3.080    mac_n_64
                         LUT5 (Prop_lut5_I2_O)        0.124     3.204 r  output_w_count_q[4]_i_16/O
                         net (fo=1, unplaced)         0.000     3.204    output_w_count_q[4]_i_16_n_0
                         CARRY4 (Prop_carry4_S[1]_CO[3])
                                                      0.533     3.737 r  output_w_count_q_reg[4]_i_9/CO[3]
                         net (fo=1, unplaced)         0.009     3.746    output_w_count_q_reg[4]_i_9_n_0
                         CARRY4 (Prop_carry4_CI_CO[3])
                                                      0.117     3.863 r  output_w_count_q_reg[4]_i_5/CO[3]
                         net (fo=1, unplaced)         0.000     3.863    output_w_count_q_reg[4]_i_5_n_0
                         CARRY4 (Prop_carry4_CI_CO[2])
                                                      0.252     4.115 r  output_w_count_q_reg[4]_i_4/CO[2]
                         net (fo=35, unplaced)        0.525     4.640    output_h_count_q1
                         LUT3 (Prop_lut3_I0_O)        0.310     4.950 r  activation_address_q[3]_i_7/O
                         net (fo=1, unplaced)         0.000     4.950    activation_address_q[3]_i_7_n_0
                         CARRY4 (Prop_carry4_S[1]_CO[3])
                                                      0.533     5.483 r  activation_address_q_reg[3]_i_3/CO[3]
                         net (fo=1, unplaced)         0.009     5.492    activation_address_q_reg[3]_i_3_n_0
                         CARRY4 (Prop_carry4_CI_O[3])
                                                      0.331     5.823 r  activation_address_q_reg[5]_i_3/O[3]
                         net (fo=2, unplaced)         0.629     6.452    activation_pixel_base_q1_out[7]
                         LUT6 (Prop_lut6_I1_O)        0.307     6.759 r  activation_address_q[7]_i_3/O
                         net (fo=1, unplaced)         0.449     7.208    activation_address_q[7]_i_3_n_0
                         LUT6 (Prop_lut6_I2_O)        0.124     7.332 r  activation_address_q[7]_i_1/O
                         net (fo=1, unplaced)         0.000     7.332    activation_address_q[7]_i_1_n_0
                         FDRE                                         r  activation_address_q_reg[7]/D
  -------------------------------------------------------------------    -------------------

                         (clock core_clk rise edge)
                                                     10.000    10.000 r  <hidden>
                                                      0.000    10.000 r  clk_i
                         net (fo=2717, unset)         0.924    10.924    clk_i
                         FDRE                                         r  activation_address_q_reg[7]/C
                         clock pessimism              0.000    10.924    <hidden>
                         clock uncertainty           -0.035    10.889    <hidden>
                         FDRE (Setup_fdre_C_D)        0.077    10.966    activation_address_q_reg[7]
  -------------------------------------------------------------------
                         required time                         10.966    <hidden>
                         arrival time                          -7.332    <hidden>
  -------------------------------------------------------------------
                         slack                                  3.634    <hidden>

Slack (MET) :             3.647ns  (required time - arrival time)
  Source:                 tile_w_q_reg[2]/C
                            (rising edge-triggered cell FDRE clocked by core_clk  {rise@0.000ns fall@5.000ns period=10.000ns})
  Destination:            activation_address_q_reg[14]/D
                            (rising edge-triggered cell FDRE clocked by core_clk  {rise@0.000ns fall@5.000ns period=10.000ns})
  Path Group:             core_clk
  Path Type:              Setup (Max at Slow Process Corner)
  Requirement:            10.000ns  (core_clk rise@10.000ns - core_clk rise@0.000ns)
  Data Path Delay:        6.346ns  (logic 3.597ns (56.681%)  route 2.749ns (43.319%))
  Logic Levels:           12  (CARRY4=7 LUT3=2 LUT5=1 LUT6=2)
  Clock Path Skew:        -0.049ns (DCD - SCD + CPR)
    Destination Clock Delay (DCD):    0.924ns = ( 10.924 - 10.000 ) 
    Source Clock Delay      (SCD):    0.973ns
    Clock Pessimism Removal (CPR):    0.000ns
  Clock Uncertainty:      0.035ns  ((TSJ^2 + TIJ^2)^1/2 + DJ) / 2 + PE
    Total System Jitter     (TSJ):    0.071ns
    Total Input Jitter      (TIJ):    0.000ns
    Discrete Jitter          (DJ):    0.000ns
    Phase Error              (PE):    0.000ns

    Location             Delay type                Incr(ns)  Path(ns)    Netlist Resource(s)
  -------------------------------------------------------------------    -------------------
                         (clock core_clk rise edge)
                                                      0.000     0.000 r  <hidden>
                                                      0.000     0.000 r  clk_i
                         net (fo=2717, unset)         0.973     0.973    clk_i
                         FDRE                                         r  tile_w_q_reg[2]/C
  -------------------------------------------------------------------    -------------------
                         FDRE (Prop_fdre_C_Q)         0.518     1.491 r  tile_w_q_reg[2]/Q
                         net (fo=45, unplaced)        0.821     2.312    mac/result_address_q_reg[31]_i_3_0[2]
                         LUT3 (Prop_lut3_I0_O)        0.295     2.607 r  mac/result_address_q[31]_i_32/O
                         net (fo=4, unplaced)         0.473     3.080    mac_n_64
                         LUT5 (Prop_lut5_I2_O)        0.124     3.204 r  output_w_count_q[4]_i_16/O
                         net (fo=1, unplaced)         0.000     3.204    output_w_count_q[4]_i_16_n_0
                         CARRY4 (Prop_carry4_S[1]_CO[3])
                                                      0.533     3.737 r  output_w_count_q_reg[4]_i_9/CO[3]
                         net (fo=1, unplaced)         0.009     3.746    output_w_count_q_reg[4]_i_9_n_0
                         CARRY4 (Prop_carry4_CI_CO[3])
                                                      0.117     3.863 r  output_w_count_q_reg[4]_i_5/CO[3]
                         net (fo=1, unplaced)         0.000     3.863    output_w_count_q_reg[4]_i_5_n_0
                         CARRY4 (Prop_carry4_CI_CO[2])
                                                      0.252     4.115 r  output_w_count_q_reg[4]_i_4/CO[2]
                         net (fo=35, unplaced)        0.525     4.640    output_h_count_q1
                         LUT3 (Prop_lut3_I0_O)        0.310     4.950 r  activation_address_q[3]_i_7/O
                         net (fo=1, unplaced)         0.000     4.950    activation_address_q[3]_i_7_n_0
                         CARRY4 (Prop_carry4_S[1]_CO[3])
                                                      0.533     5.483 r  activation_address_q_reg[3]_i_3/CO[3]
                         net (fo=1, unplaced)         0.009     5.492    activation_address_q_reg[3]_i_3_n_0
                         CARRY4 (Prop_carry4_CI_CO[3])
                                                      0.117     5.609 r  activation_address_q_reg[5]_i_3/CO[3]
                         net (fo=1, unplaced)         0.000     5.609    activation_address_q_reg[5]_i_3_n_0
                         CARRY4 (Prop_carry4_CI_CO[3])
                                                      0.117     5.726 r  activation_pixel_base_q_reg[11]_i_2/CO[3]
                         net (fo=1, unplaced)         0.000     5.726    activation_pixel_base_q_reg[11]_i_2_n_0
                         CARRY4 (Prop_carry4_CI_O[2])
                                                      0.256     5.982 r  activation_pixel_base_q_reg[15]_i_2/O[2]
                         net (fo=2, unplaced)         0.463     6.445    activation_pixel_base_q1_out[14]
                         LUT6 (Prop_lut6_I1_O)        0.301     6.746 r  activation_address_q[14]_i_2/O
                         net (fo=1, unplaced)         0.449     7.195    activation_address_q[14]_i_2_n_0
                         LUT6 (Prop_lut6_I2_O)        0.124     7.319 r  activation_address_q[14]_i_1/O
                         net (fo=1, unplaced)         0.000     7.319    activation_address_q[14]_i_1_n_0
                         FDRE                                         r  activation_address_q_reg[14]/D
  -------------------------------------------------------------------    -------------------

                         (clock core_clk rise edge)
                                                     10.000    10.000 r  <hidden>
                                                      0.000    10.000 r  clk_i
                         net (fo=2717, unset)         0.924    10.924    clk_i
                         FDRE                                         r  activation_address_q_reg[14]/C
                         clock pessimism              0.000    10.924    <hidden>
                         clock uncertainty           -0.035    10.889    <hidden>
                         FDRE (Setup_fdre_C_D)        0.077    10.966    activation_address_q_reg[14]
  -------------------------------------------------------------------
                         required time                         10.966    <hidden>
                         arrival time                          -7.319    <hidden>
  -------------------------------------------------------------------
                         slack                                  3.647    <hidden>





Pulse Width Checks
--------------------------------------------------------------------------------------
Clock Name:         core_clk
Waveform(ns):       { 0.000 5.000 }
Period(ns):         10.000
Sources:            { clk_i }

Check Type        Corner  Lib Pin      Reference Pin  Required(ns)  Actual(ns)  Slack(ns)  Location  Pin
Min Period        n/a     DSP48E1/CLK  n/a            2.154         10.000      7.846                mac/product_q_reg[0][0]/CLK
Min Period        n/a     DSP48E1/CLK  n/a            2.154         10.000      7.846                mac/product_q_reg[0][1]/CLK
Min Period        n/a     DSP48E1/CLK  n/a            2.154         10.000      7.846                mac/product_q_reg[0][2]/CLK
Min Period        n/a     DSP48E1/CLK  n/a            2.154         10.000      7.846                mac/product_q_reg[0][3]/CLK
Min Period        n/a     DSP48E1/CLK  n/a            2.154         10.000      7.846                mac/product_q_reg[0][4]/CLK
Min Period        n/a     DSP48E1/CLK  n/a            2.154         10.000      7.846                mac/product_q_reg[0][5]/CLK
Min Period        n/a     DSP48E1/CLK  n/a            2.154         10.000      7.846                mac/product_q_reg[0][6]/CLK
Min Period        n/a     DSP48E1/CLK  n/a            2.154         10.000      7.846                mac/product_q_reg[0][7]/CLK
Min Period        n/a     DSP48E1/CLK  n/a            2.154         10.000      7.846                mac/product_q_reg[1][0]/CLK
Min Period        n/a     DSP48E1/CLK  n/a            2.154         10.000      7.846                mac/product_q_reg[1][1]/CLK
Min Period        n/a     DSP48E1/CLK  n/a            2.154         10.000      7.846                mac/product_q_reg[1][2]/CLK
Min Period        n/a     DSP48E1/CLK  n/a            2.154         10.000      7.846                mac/product_q_reg[1][3]/CLK
Min Period        n/a     DSP48E1/CLK  n/a            2.154         10.000      7.846                mac/product_q_reg[1][4]/CLK
Min Period        n/a     DSP48E1/CLK  n/a            2.154         10.000      7.846                mac/product_q_reg[1][5]/CLK
Min Period        n/a     DSP48E1/CLK  n/a            2.154         10.000      7.846                mac/product_q_reg[1][6]/CLK
Min Period        n/a     DSP48E1/CLK  n/a            2.154         10.000      7.846                mac/product_q_reg[1][7]/CLK
Min Period        n/a     DSP48E1/CLK  n/a            2.154         10.000      7.846                mac/product_q_reg[2][0]/CLK
Min Period        n/a     DSP48E1/CLK  n/a            2.154         10.000      7.846                mac/product_q_reg[2][1]/CLK
Min Period        n/a     DSP48E1/CLK  n/a            2.154         10.000      7.846                mac/product_q_reg[2][2]/CLK
Min Period        n/a     DSP48E1/CLK  n/a            2.154         10.000      7.846                mac/product_q_reg[2][3]/CLK
Low Pulse Width   Slow    SRL16E/CLK   n/a            0.980         5.000       4.020                mac/sum_l2_first_q_reg_srl2/CLK
Low Pulse Width   Fast    SRL16E/CLK   n/a            0.980         5.000       4.020                mac/sum_l2_first_q_reg_srl2/CLK
Low Pulse Width   Slow    SRL16E/CLK   n/a            0.980         5.000       4.020                mac/sum_l2_last_q_reg_srl2/CLK
Low Pulse Width   Fast    SRL16E/CLK   n/a            0.980         5.000       4.020                mac/sum_l2_last_q_reg_srl2/CLK
Low Pulse Width   Slow    SRL16E/CLK   n/a            0.980         5.000       4.020                mac/sum_l2_output_mask_q_reg[1]_srl3/CLK
Low Pulse Width   Fast    SRL16E/CLK   n/a            0.980         5.000       4.020                mac/sum_l2_output_mask_q_reg[1]_srl3/CLK
Low Pulse Width   Slow    SRL16E/CLK   n/a            0.980         5.000       4.020                mac/sum_l2_output_mask_q_reg[2]_srl3/CLK
Low Pulse Width   Fast    SRL16E/CLK   n/a            0.980         5.000       4.020                mac/sum_l2_output_mask_q_reg[2]_srl3/CLK
Low Pulse Width   Slow    SRL16E/CLK   n/a            0.980         5.000       4.020                mac/sum_l2_output_mask_q_reg[3]_srl3/CLK
Low Pulse Width   Fast    SRL16E/CLK   n/a            0.980         5.000       4.020                mac/sum_l2_output_mask_q_reg[3]_srl3/CLK
Low Pulse Width   Slow    SRL16E/CLK   n/a            0.980         5.000       4.020                mac/sum_l2_output_mask_q_reg[4]_srl3/CLK
Low Pulse Width   Fast    SRL16E/CLK   n/a            0.980         5.000       4.020                mac/sum_l2_output_mask_q_reg[4]_srl3/CLK
Low Pulse Width   Slow    SRL16E/CLK   n/a            0.980         5.000       4.020                mac/sum_l2_output_mask_q_reg[5]_srl3/CLK
Low Pulse Width   Fast    SRL16E/CLK   n/a            0.980         5.000       4.020                mac/sum_l2_output_mask_q_reg[5]_srl3/CLK
Low Pulse Width   Slow    SRL16E/CLK   n/a            0.980         5.000       4.020                mac/sum_l2_output_mask_q_reg[6]_srl3/CLK
Low Pulse Width   Fast    SRL16E/CLK   n/a            0.980         5.000       4.020                mac/sum_l2_output_mask_q_reg[6]_srl3/CLK
Low Pulse Width   Slow    SRL16E/CLK   n/a            0.980         5.000       4.020                mac/sum_l2_output_mask_q_reg[7]_srl3/CLK
Low Pulse Width   Fast    SRL16E/CLK   n/a            0.980         5.000       4.020                mac/sum_l2_output_mask_q_reg[7]_srl3/CLK
Low Pulse Width   Slow    FDRE/C       n/a            0.500         5.000       4.500                activation_address_q_reg[0]/C
Low Pulse Width   Fast    FDRE/C       n/a            0.500         5.000       4.500                activation_address_q_reg[0]/C
High Pulse Width  Slow    SRL16E/CLK   n/a            0.980         5.000       4.020                mac/sum_l2_first_q_reg_srl2/CLK
High Pulse Width  Fast    SRL16E/CLK   n/a            0.980         5.000       4.020                mac/sum_l2_first_q_reg_srl2/CLK
High Pulse Width  Slow    SRL16E/CLK   n/a            0.980         5.000       4.020                mac/sum_l2_last_q_reg_srl2/CLK
High Pulse Width  Fast    SRL16E/CLK   n/a            0.980         5.000       4.020                mac/sum_l2_last_q_reg_srl2/CLK
High Pulse Width  Slow    SRL16E/CLK   n/a            0.980         5.000       4.020                mac/sum_l2_output_mask_q_reg[1]_srl3/CLK
High Pulse Width  Fast    SRL16E/CLK   n/a            0.980         5.000       4.020                mac/sum_l2_output_mask_q_reg[1]_srl3/CLK
High Pulse Width  Slow    SRL16E/CLK   n/a            0.980         5.000       4.020                mac/sum_l2_output_mask_q_reg[2]_srl3/CLK
High Pulse Width  Fast    SRL16E/CLK   n/a            0.980         5.000       4.020                mac/sum_l2_output_mask_q_reg[2]_srl3/CLK
High Pulse Width  Slow    SRL16E/CLK   n/a            0.980         5.000       4.020                mac/sum_l2_output_mask_q_reg[3]_srl3/CLK
High Pulse Width  Fast    SRL16E/CLK   n/a            0.980         5.000       4.020                mac/sum_l2_output_mask_q_reg[3]_srl3/CLK
High Pulse Width  Slow    SRL16E/CLK   n/a            0.980         5.000       4.020                mac/sum_l2_output_mask_q_reg[4]_srl3/CLK
High Pulse Width  Fast    SRL16E/CLK   n/a            0.980         5.000       4.020                mac/sum_l2_output_mask_q_reg[4]_srl3/CLK
High Pulse Width  Slow    SRL16E/CLK   n/a            0.980         5.000       4.020                mac/sum_l2_output_mask_q_reg[5]_srl3/CLK
High Pulse Width  Fast    SRL16E/CLK   n/a            0.980         5.000       4.020                mac/sum_l2_output_mask_q_reg[5]_srl3/CLK
High Pulse Width  Slow    SRL16E/CLK   n/a            0.980         5.000       4.020                mac/sum_l2_output_mask_q_reg[6]_srl3/CLK
High Pulse Width  Fast    SRL16E/CLK   n/a            0.980         5.000       4.020                mac/sum_l2_output_mask_q_reg[6]_srl3/CLK
High Pulse Width  Slow    SRL16E/CLK   n/a            0.980         5.000       4.020                mac/sum_l2_output_mask_q_reg[7]_srl3/CLK
High Pulse Width  Fast    SRL16E/CLK   n/a            0.980         5.000       4.020                mac/sum_l2_output_mask_q_reg[7]_srl3/CLK
High Pulse Width  Slow    FDRE/C       n/a            0.500         5.000       4.500                activation_address_q_reg[0]/C
High Pulse Width  Fast    FDRE/C       n/a            0.500         5.000       4.500                activation_address_q_reg[0]/C



