Copyright 1986-2022 Xilinx, Inc. All Rights Reserved. Copyright 2022-2026 Advanced Micro Devices, Inc. All Rights Reserved.
--------------------------------------------------------------------------------------------------------------------------------------------------------------------------------------
| Tool Version : Vivado v.2026.1 (win64) Build 6511674 Tue Jun 16 11:02:23 MDT 2026
| Date         : Tue Sep 15 01:24:40 2026
| Host         : RAW2332 running 64-bit major release  (build 9200)
| Command      : report_timing_summary -delay_type max -max_paths 20 -file D:/WORKBUDDY/STEM/npu-stem-repo/hardware/reports/vivado_2026_1/npu_dma_subsystem/timing_summary_100mhz.rpt
| Design       : npu_dma_subsystem
| Device       : 7z020-clg400
| Speed File   : -1  PRODUCTION 1.12 2019-11-22
| Design State : Synthesized
--------------------------------------------------------------------------------------------------------------------------------------------------------------------------------------

Timing Summary Report

------------------------------------------------------------------------------------------------
| Timer Settings
| --------------
------------------------------------------------------------------------------------------------

  Enable Multi Corner Analysis               :  Yes
  Enable Pessimism Removal                   :  Yes
  Pessimism Removal Resolution               :  Nearest Common Node
  Enable Input Delay Default Clock           :  No
  Enable Preset / Clear Arcs                 :  No
  Disable Flight Delays                      :  No
  Ignore I/O Paths                           :  No
  Timing Early Launch at Borrowing Latches   :  No
  Borrow Time for Max Delay Exceptions       :  Yes
  Merge Timing Exceptions                    :  Yes
  Inter-SLR Compensation                     :  Conservative

  Corner  Analyze    Analyze    
  Name    Max Paths  Min Paths  
  ------  ---------  ---------  
  Slow    Yes        Yes        
  Fast    Yes        Yes        


------------------------------------------------------------------------------------------------
| Report Methodology
| ------------------
------------------------------------------------------------------------------------------------

Rule       Severity  Description                                 Violations  
---------  --------  ------------------------------------------  ----------  
SYNTH-6    Warning   Timing of a RAM block might be sub-optimal  56          
TIMING-18  Warning   Missing input or output delay               1000        

Note: This report is based on the most recent report_methodology run and may not be up-to-date. Run report_methodology on the current design for the latest report.



check_timing report

Table of Contents
-----------------
1. checking no_clock (0)
2. checking constant_clock (0)
3. checking pulse_width_clock (0)
4. checking unconstrained_internal_endpoints (0)
5. checking no_input_delay (2148)
6. checking no_output_delay (956)
7. checking multiple_clock (0)
8. checking generated_clocks (0)
9. checking loops (0)
10. checking partial_input_delay (0)
11. checking partial_output_delay (0)
12. checking latch_loops (0)

1. checking no_clock (0)
------------------------
 There are 0 register/latch pins with no clock.


2. checking constant_clock (0)
------------------------------
 There are 0 register/latch pins with constant_clock.


3. checking pulse_width_clock (0)
---------------------------------
 There are 0 register/latch pins which need pulse_width check


4. checking unconstrained_internal_endpoints (0)
------------------------------------------------
 There are 0 pins that are not constrained for maximum delay.

 There are 0 pins that are not constrained for maximum delay due to constant clock.


5. checking no_input_delay (2148)
---------------------------------
 There are 2148 input ports with no input delay specified. (HIGH)

 There are 0 input ports with no input delay but user has a false path constraint.


6. checking no_output_delay (956)
---------------------------------
 There are 956 ports with no output delay specified. (HIGH)

 There are 0 ports with no output delay but user has a false path constraint

 There are 0 ports with no output delay but with a timing clock defined on it or propagating through it


7. checking multiple_clock (0)
------------------------------
 There are 0 register/latch pins with multiple clocks.


8. checking generated_clocks (0)
--------------------------------
 There are 0 generated clocks that are not connected to a clock source.


9. checking loops (0)
---------------------
 There are 0 combinational loops in the design.


10. checking partial_input_delay (0)
------------------------------------
 There are 0 input ports with partial input delay specified.


11. checking partial_output_delay (0)
-------------------------------------
 There are 0 ports with partial output delay specified.


12. checking latch_loops (0)
----------------------------
 There are 0 combinational latch loops in the design through latch input



------------------------------------------------------------------------------------------------
| Design Timing Summary
| ---------------------
------------------------------------------------------------------------------------------------

    WNS(ns)      TNS(ns)  TNS Failing Endpoints  TNS Total Endpoints     WPWS(ns)     TPWS(ns)  TPWS Failing Endpoints  TPWS Total Endpoints  
    -------      -------  ---------------------  -------------------     --------     --------  ----------------------  --------------------  
      0.484        0.000                      0                27360        4.020        0.000                       0                 11178  


All user specified timing constraints are met.


------------------------------------------------------------------------------------------------
| Clock Summary
| -------------
------------------------------------------------------------------------------------------------

Clock     Waveform(ns)       Period(ns)      Frequency(MHz)
-----     ------------       ----------      --------------
core_clk  {0.000 5.000}      10.000          100.000         


------------------------------------------------------------------------------------------------
| Intra Clock Table
| -----------------
------------------------------------------------------------------------------------------------

Clock             WNS(ns)      TNS(ns)  TNS Failing Endpoints  TNS Total Endpoints     WPWS(ns)     TPWS(ns)  TPWS Failing Endpoints  TPWS Total Endpoints  
-----             -------      -------  ---------------------  -------------------     --------     --------  ----------------------  --------------------  
core_clk            0.484        0.000                      0                27360        4.020        0.000                       0                 11178  


------------------------------------------------------------------------------------------------
| Inter Clock Table
| -----------------
------------------------------------------------------------------------------------------------

From Clock    To Clock          WNS(ns)      TNS(ns)  TNS Failing Endpoints  TNS Total Endpoints  
----------    --------          -------      -------  ---------------------  -------------------  


------------------------------------------------------------------------------------------------
| Other Path Groups Table
| -----------------------
------------------------------------------------------------------------------------------------

Path Group    From Clock    To Clock          WNS(ns)      TNS(ns)  TNS Failing Endpoints  TNS Total Endpoints  
----------    ----------    --------          -------      -------  ---------------------  -------------------  


------------------------------------------------------------------------------------------------
| Timing Details
| --------------
------------------------------------------------------------------------------------------------


---------------------------------------------------------------------------------------------------
From Clock:  core_clk
  To Clock:  core_clk

Setup :            0  Failing Endpoints,  Worst Slack        0.484ns,  Total Violation        0.000ns
Hold  :           NA  Failing Endpoints,  Worst Slack           NA  ,  Total Violation           NA
PW    :            0  Failing Endpoints,  Worst Slack        4.020ns,  Total Violation        0.000ns
---------------------------------------------------------------------------------------------------


Max Delay Paths
--------------------------------------------------------------------------------------
Slack (MET) :             0.484ns  (required time - arrival time)
  Source:                 engine/clear_cursor_q_reg[9]/C
                            (rising edge-triggered cell FDCE clocked by core_clk  {rise@0.000ns fall@5.000ns period=10.000ns})
  Destination:            conv2d_controller/metadata_input_mask_q_reg[0][1]/S
                            (rising edge-triggered cell FDSE clocked by core_clk  {rise@0.000ns fall@5.000ns period=10.000ns})
  Path Group:             core_clk
  Path Type:              Setup (Max at Slow Process Corner)
  Requirement:            10.000ns  (core_clk rise@10.000ns - core_clk rise@0.000ns)
  Data Path Delay:        8.908ns  (logic 2.963ns (33.262%)  route 5.945ns (66.738%))
  Logic Levels:           12  (CARRY4=3 LUT2=1 LUT4=2 LUT5=2 LUT6=4)
  Clock Path Skew:        -0.049ns (DCD - SCD + CPR)
    Destination Clock Delay (DCD):    0.924ns = ( 10.924 - 10.000 ) 
    Source Clock Delay      (SCD):    0.973ns
    Clock Pessimism Removal (CPR):    0.000ns
  Clock Uncertainty:      0.035ns  ((TSJ^2 + TIJ^2)^1/2 + DJ) / 2 + PE
    Total System Jitter     (TSJ):    0.071ns
    Total Input Jitter      (TIJ):    0.000ns
    Discrete Jitter          (DJ):    0.000ns
    Phase Error              (PE):    0.000ns

    Location             Delay type                Incr(ns)  Path(ns)    Netlist Resource(s)
  -------------------------------------------------------------------    -------------------
                         (clock core_clk rise edge)
                                                      0.000     0.000 r  <hidden>
                                                      0.000     0.000 r  clk_i
                         net (fo=11177, unset)        0.973     0.973    engine/clk_i
                         FDCE                                         r  engine/clear_cursor_q_reg[9]/C
  -------------------------------------------------------------------    -------------------
                         FDCE (Prop_fdce_C_Q)         0.518     1.491 r  engine/clear_cursor_q_reg[9]/Q
                         net (fo=2, unplaced)         0.976     2.467    engine/clear_cursor_q_reg_n_0_[9]
                         LUT6 (Prop_lut6_I0_O)        0.295     2.762 r  engine/memory_reg_0_i_48__0/O
                         net (fo=11, unplaced)        0.948     3.710    engine/clear_cursor_q_reg[31]_0[5]
                         LUT6 (Prop_lut6_I0_O)        0.124     3.834 r  engine/scratchpad_collision_stall_o_INST_0_i_126/O
                         net (fo=1, unplaced)         0.000     3.834    engine/scratchpad_collision_stall_o_INST_0_i_126_n_0
                         CARRY4 (Prop_carry4_S[1]_CO[3])
                                                      0.533     4.367 r  engine/scratchpad_collision_stall_o_INST_0_i_104/CO[3]
                         net (fo=1, unplaced)         0.009     4.376    conv2d_controller/scratchpad_collision_stall_o_INST_0_i_29_0[0]
                         CARRY4 (Prop_carry4_CI_CO[3])
                                                      0.117     4.493 r  conv2d_controller/scratchpad_collision_stall_o_INST_0_i_55/CO[3]
                         net (fo=1, unplaced)         0.000     4.493    conv2d_controller/scratchpad_collision_stall_o_INST_0_i_55_n_0
                         CARRY4 (Prop_carry4_CI_CO[0])
                                                      0.281     4.774 f  conv2d_controller/scratchpad_collision_stall_o_INST_0_i_29/CO[0]
                         net (fo=1, unplaced)         0.311     5.085    engine/scratchpad_collision_stall_o_INST_0_i_5_0[0]
                         LUT6 (Prop_lut6_I1_O)        0.367     5.452 r  engine/scratchpad_collision_stall_o_INST_0_i_18/O
                         net (fo=1, unplaced)         0.449     5.901    engine/scratchpad_collision_stall_o_INST_0_i_18_n_0
                         LUT5 (Prop_lut5_I4_O)        0.116     6.017 f  engine/scratchpad_collision_stall_o_INST_0_i_5/O
                         net (fo=4, unplaced)         0.473     6.490    scratchpad/compute_weight_read_pending_q_i_3
                         LUT4 (Prop_lut4_I0_O)        0.116     6.606 f  scratchpad/compute_weight_read_pending_q_i_4/O
                         net (fo=1, unplaced)         0.449     7.055    engine/conv_weight_sent_q_reg
                         LUT4 (Prop_lut4_I3_O)        0.124     7.179 r  engine/compute_weight_read_pending_q_i_3/O
                         net (fo=8, unplaced)         0.487     7.666    engine/conv_weight_request_ready
                         LUT5 (Prop_lut5_I3_O)        0.124     7.790 r  engine/metadata_count_q[3]_i_4/O
                         net (fo=72, unplaced)        0.540     8.330    conv2d_controller/metadata_count_q_reg[0]_0
                         LUT6 (Prop_lut6_I5_O)        0.124     8.454 r  conv2d_controller/metadata_input_mask_q[0][7]_i_2/O
                         net (fo=10, unplaced)        0.492     8.946    conv2d_controller/metadata_first_q[0]
                         LUT2 (Prop_lut2_I0_O)        0.124     9.070 r  conv2d_controller/metadata_input_mask_q[0][7]_i_1/O
                         net (fo=7, unplaced)         0.811     9.881    conv2d_controller/metadata_input_mask_q[0][7]_i_1_n_0
                         FDSE                                         r  conv2d_controller/metadata_input_mask_q_reg[0][1]/S
  -------------------------------------------------------------------    -------------------

                         (clock core_clk rise edge)
                                                     10.000    10.000 r  <hidden>
                                                      0.000    10.000 r  clk_i
                         net (fo=11177, unset)        0.924    10.924    conv2d_controller/clk_i
                         FDSE                                         r  conv2d_controller/metadata_input_mask_q_reg[0][1]/C
                         clock pessimism              0.000    10.924    <hidden>
                         clock uncertainty           -0.035    10.889    <hidden>
                         FDSE (Setup_fdse_C_S)       -0.524    10.365    conv2d_controller/metadata_input_mask_q_reg[0][1]
  -------------------------------------------------------------------
                         required time                         10.365    <hidden>
                         arrival time                          -9.881    <hidden>
  -------------------------------------------------------------------
                         slack                                  0.484    <hidden>

Slack (MET) :             0.484ns  (required time - arrival time)
  Source:                 engine/clear_cursor_q_reg[9]/C
                            (rising edge-triggered cell FDCE clocked by core_clk  {rise@0.000ns fall@5.000ns period=10.000ns})
  Destination:            conv2d_controller/metadata_input_mask_q_reg[0][2]/S
                            (rising edge-triggered cell FDSE clocked by core_clk  {rise@0.000ns fall@5.000ns period=10.000ns})
  Path Group:             core_clk
  Path Type:              Setup (Max at Slow Process Corner)
  Requirement:            10.000ns  (core_clk rise@10.000ns - core_clk rise@0.000ns)
  Data Path Delay:        8.908ns  (logic 2.963ns (33.262%)  route 5.945ns (66.738%))
  Logic Levels:           12  (CARRY4=3 LUT2=1 LUT4=2 LUT5=2 LUT6=4)
  Clock Path Skew:        -0.049ns (DCD - SCD + CPR)
    Destination Clock Delay (DCD):    0.924ns = ( 10.924 - 10.000 ) 
    Source Clock Delay      (SCD):    0.973ns
    Clock Pessimism Removal (CPR):    0.000ns
  Clock Uncertainty:      0.035ns  ((TSJ^2 + TIJ^2)^1/2 + DJ) / 2 + PE
    Total System Jitter     (TSJ):    0.071ns
    Total Input Jitter      (TIJ):    0.000ns
    Discrete Jitter          (DJ):    0.000ns
    Phase Error              (PE):    0.000ns

    Location             Delay type                Incr(ns)  Path(ns)    Netlist Resource(s)
  -------------------------------------------------------------------    -------------------
                         (clock core_clk rise edge)
                                                      0.000     0.000 r  <hidden>
                                                      0.000     0.000 r  clk_i
                         net (fo=11177, unset)        0.973     0.973    engine/clk_i
                         FDCE                                         r  engine/clear_cursor_q_reg[9]/C
  -------------------------------------------------------------------    -------------------
                         FDCE (Prop_fdce_C_Q)         0.518     1.491 r  engine/clear_cursor_q_reg[9]/Q
                         net (fo=2, unplaced)         0.976     2.467    engine/clear_cursor_q_reg_n_0_[9]
                         LUT6 (Prop_lut6_I0_O)        0.295     2.762 r  engine/memory_reg_0_i_48__0/O
                         net (fo=11, unplaced)        0.948     3.710    engine/clear_cursor_q_reg[31]_0[5]
                         LUT6 (Prop_lut6_I0_O)        0.124     3.834 r  engine/scratchpad_collision_stall_o_INST_0_i_126/O
                         net (fo=1, unplaced)         0.000     3.834    engine/scratchpad_collision_stall_o_INST_0_i_126_n_0
                         CARRY4 (Prop_carry4_S[1]_CO[3])
                                                      0.533     4.367 r  engine/scratchpad_collision_stall_o_INST_0_i_104/CO[3]
                         net (fo=1, unplaced)         0.009     4.376    conv2d_controller/scratchpad_collision_stall_o_INST_0_i_29_0[0]
                         CARRY4 (Prop_carry4_CI_CO[3])
                                                      0.117     4.493 r  conv2d_controller/scratchpad_collision_stall_o_INST_0_i_55/CO[3]
                         net (fo=1, unplaced)         0.000     4.493    conv2d_controller/scratchpad_collision_stall_o_INST_0_i_55_n_0
                         CARRY4 (Prop_carry4_CI_CO[0])
                                                      0.281     4.774 f  conv2d_controller/scratchpad_collision_stall_o_INST_0_i_29/CO[0]
                         net (fo=1, unplaced)         0.311     5.085    engine/scratchpad_collision_stall_o_INST_0_i_5_0[0]
                         LUT6 (Prop_lut6_I1_O)        0.367     5.452 r  engine/scratchpad_collision_stall_o_INST_0_i_18/O
                         net (fo=1, unplaced)         0.449     5.901    engine/scratchpad_collision_stall_o_INST_0_i_18_n_0
                         LUT5 (Prop_lut5_I4_O)        0.116     6.017 f  engine/scratchpad_collision_stall_o_INST_0_i_5/O
                         net (fo=4, unplaced)         0.473     6.490    scratchpad/compute_weight_read_pending_q_i_3
                         LUT4 (Prop_lut4_I0_O)        0.116     6.606 f  scratchpad/compute_weight_read_pending_q_i_4/O
                         net (fo=1, unplaced)         0.449     7.055    engine/conv_weight_sent_q_reg
                         LUT4 (Prop_lut4_I3_O)        0.124     7.179 r  engine/compute_weight_read_pending_q_i_3/O
                         net (fo=8, unplaced)         0.487     7.666    engine/conv_weight_request_ready
                         LUT5 (Prop_lut5_I3_O)        0.124     7.790 r  engine/metadata_count_q[3]_i_4/O
                         net (fo=72, unplaced)        0.540     8.330    conv2d_controller/metadata_count_q_reg[0]_0
                         LUT6 (Prop_lut6_I5_O)        0.124     8.454 r  conv2d_controller/metadata_input_mask_q[0][7]_i_2/O
                         net (fo=10, unplaced)        0.492     8.946    conv2d_controller/metadata_first_q[0]
                         LUT2 (Prop_lut2_I0_O)        0.124     9.070 r  conv2d_controller/metadata_input_mask_q[0][7]_i_1/O
                         net (fo=7, unplaced)         0.811     9.881    conv2d_controller/metadata_input_mask_q[0][7]_i_1_n_0
                         FDSE                                         r  conv2d_controller/metadata_input_mask_q_reg[0][2]/S
  -------------------------------------------------------------------    -------------------

                         (clock core_clk rise edge)
                                                     10.000    10.000 r  <hidden>
                                                      0.000    10.000 r  clk_i
                         net (fo=11177, unset)        0.924    10.924    conv2d_controller/clk_i
                         FDSE                                         r  conv2d_controller/metadata_input_mask_q_reg[0][2]/C
                         clock pessimism              0.000    10.924    <hidden>
                         clock uncertainty           -0.035    10.889    <hidden>
                         FDSE (Setup_fdse_C_S)       -0.524    10.365    conv2d_controller/metadata_input_mask_q_reg[0][2]
  -------------------------------------------------------------------
                         required time                         10.365    <hidden>
                         arrival time                          -9.881    <hidden>
  -------------------------------------------------------------------
                         slack                                  0.484    <hidden>

Slack (MET) :             0.484ns  (required time - arrival time)
  Source:                 engine/clear_cursor_q_reg[9]/C
                            (rising edge-triggered cell FDCE clocked by core_clk  {rise@0.000ns fall@5.000ns period=10.000ns})
  Destination:            conv2d_controller/metadata_input_mask_q_reg[0][3]/S
                            (rising edge-triggered cell FDSE clocked by core_clk  {rise@0.000ns fall@5.000ns period=10.000ns})
  Path Group:             core_clk
  Path Type:              Setup (Max at Slow Process Corner)
  Requirement:            10.000ns  (core_clk rise@10.000ns - core_clk rise@0.000ns)
  Data Path Delay:        8.908ns  (logic 2.963ns (33.262%)  route 5.945ns (66.738%))
  Logic Levels:           12  (CARRY4=3 LUT2=1 LUT4=2 LUT5=2 LUT6=4)
  Clock Path Skew:        -0.049ns (DCD - SCD + CPR)
    Destination Clock Delay (DCD):    0.924ns = ( 10.924 - 10.000 ) 
    Source Clock Delay      (SCD):    0.973ns
    Clock Pessimism Removal (CPR):    0.000ns
  Clock Uncertainty:      0.035ns  ((TSJ^2 + TIJ^2)^1/2 + DJ) / 2 + PE
    Total System Jitter     (TSJ):    0.071ns
    Total Input Jitter      (TIJ):    0.000ns
    Discrete Jitter          (DJ):    0.000ns
    Phase Error              (PE):    0.000ns

    Location             Delay type                Incr(ns)  Path(ns)    Netlist Resource(s)
  -------------------------------------------------------------------    -------------------
                         (clock core_clk rise edge)
                                                      0.000     0.000 r  <hidden>
                                                      0.000     0.000 r  clk_i
                         net (fo=11177, unset)        0.973     0.973    engine/clk_i
                         FDCE                                         r  engine/clear_cursor_q_reg[9]/C
  -------------------------------------------------------------------    -------------------
                         FDCE (Prop_fdce_C_Q)         0.518     1.491 r  engine/clear_cursor_q_reg[9]/Q
                         net (fo=2, unplaced)         0.976     2.467    engine/clear_cursor_q_reg_n_0_[9]
                         LUT6 (Prop_lut6_I0_O)        0.295     2.762 r  engine/memory_reg_0_i_48__0/O
                         net (fo=11, unplaced)        0.948     3.710    engine/clear_cursor_q_reg[31]_0[5]
                         LUT6 (Prop_lut6_I0_O)        0.124     3.834 r  engine/scratchpad_collision_stall_o_INST_0_i_126/O
                         net (fo=1, unplaced)         0.000     3.834    engine/scratchpad_collision_stall_o_INST_0_i_126_n_0
                         CARRY4 (Prop_carry4_S[1]_CO[3])
                                                      0.533     4.367 r  engine/scratchpad_collision_stall_o_INST_0_i_104/CO[3]
                         net (fo=1, unplaced)         0.009     4.376    conv2d_controller/scratchpad_collision_stall_o_INST_0_i_29_0[0]
                         CARRY4 (Prop_carry4_CI_CO[3])
                                                      0.117     4.493 r  conv2d_controller/scratchpad_collision_stall_o_INST_0_i_55/CO[3]
                         net (fo=1, unplaced)         0.000     4.493    conv2d_controller/scratchpad_collision_stall_o_INST_0_i_55_n_0
                         CARRY4 (Prop_carry4_CI_CO[0])
                                                      0.281     4.774 f  conv2d_controller/scratchpad_collision_stall_o_INST_0_i_29/CO[0]
                         net (fo=1, unplaced)         0.311     5.085    engine/scratchpad_collision_stall_o_INST_0_i_5_0[0]
                         LUT6 (Prop_lut6_I1_O)        0.367     5.452 r  engine/scratchpad_collision_stall_o_INST_0_i_18/O
                         net (fo=1, unplaced)         0.449     5.901    engine/scratchpad_collision_stall_o_INST_0_i_18_n_0
                         LUT5 (Prop_lut5_I4_O)        0.116     6.017 f  engine/scratchpad_collision_stall_o_INST_0_i_5/O
                         net (fo=4, unplaced)         0.473     6.490    scratchpad/compute_weight_read_pending_q_i_3
                         LUT4 (Prop_lut4_I0_O)        0.116     6.606 f  scratchpad/compute_weight_read_pending_q_i_4/O
                         net (fo=1, unplaced)         0.449     7.055    engine/conv_weight_sent_q_reg
                         LUT4 (Prop_lut4_I3_O)        0.124     7.179 r  engine/compute_weight_read_pending_q_i_3/O
                         net (fo=8, unplaced)         0.487     7.666    engine/conv_weight_request_ready
                         LUT5 (Prop_lut5_I3_O)        0.124     7.790 r  engine/metadata_count_q[3]_i_4/O
                         net (fo=72, unplaced)        0.540     8.330    conv2d_controller/metadata_count_q_reg[0]_0
                         LUT6 (Prop_lut6_I5_O)        0.124     8.454 r  conv2d_controller/metadata_input_mask_q[0][7]_i_2/O
                         net (fo=10, unplaced)        0.492     8.946    conv2d_controller/metadata_first_q[0]
                         LUT2 (Prop_lut2_I0_O)        0.124     9.070 r  conv2d_controller/metadata_input_mask_q[0][7]_i_1/O
                         net (fo=7, unplaced)         0.811     9.881    conv2d_controller/metadata_input_mask_q[0][7]_i_1_n_0
                         FDSE                                         r  conv2d_controller/metadata_input_mask_q_reg[0][3]/S
  -------------------------------------------------------------------    -------------------

                         (clock core_clk rise edge)
                                                     10.000    10.000 r  <hidden>
                                                      0.000    10.000 r  clk_i
                         net (fo=11177, unset)        0.924    10.924    conv2d_controller/clk_i
                         FDSE                                         r  conv2d_controller/metadata_input_mask_q_reg[0][3]/C
                         clock pessimism              0.000    10.924    <hidden>
                         clock uncertainty           -0.035    10.889    <hidden>
                         FDSE (Setup_fdse_C_S)       -0.524    10.365    conv2d_controller/metadata_input_mask_q_reg[0][3]
  -------------------------------------------------------------------
                         required time                         10.365    <hidden>
                         arrival time                          -9.881    <hidden>
  -------------------------------------------------------------------
                         slack                                  0.484    <hidden>

Slack (MET) :             0.484ns  (required time - arrival time)
  Source:                 engine/clear_cursor_q_reg[9]/C
                            (rising edge-triggered cell FDCE clocked by core_clk  {rise@0.000ns fall@5.000ns period=10.000ns})
  Destination:            conv2d_controller/metadata_input_mask_q_reg[0][4]/S
                            (rising edge-triggered cell FDSE clocked by core_clk  {rise@0.000ns fall@5.000ns period=10.000ns})
  Path Group:             core_clk
  Path Type:              Setup (Max at Slow Process Corner)
  Requirement:            10.000ns  (core_clk rise@10.000ns - core_clk rise@0.000ns)
  Data Path Delay:        8.908ns  (logic 2.963ns (33.262%)  route 5.945ns (66.738%))
  Logic Levels:           12  (CARRY4=3 LUT2=1 LUT4=2 LUT5=2 LUT6=4)
  Clock Path Skew:        -0.049ns (DCD - SCD + CPR)
    Destination Clock Delay (DCD):    0.924ns = ( 10.924 - 10.000 ) 
    Source Clock Delay      (SCD):    0.973ns
    Clock Pessimism Removal (CPR):    0.000ns
  Clock Uncertainty:      0.035ns  ((TSJ^2 + TIJ^2)^1/2 + DJ) / 2 + PE
    Total System Jitter     (TSJ):    0.071ns
    Total Input Jitter      (TIJ):    0.000ns
    Discrete Jitter          (DJ):    0.000ns
    Phase Error              (PE):    0.000ns

    Location             Delay type                Incr(ns)  Path(ns)    Netlist Resource(s)
  -------------------------------------------------------------------    -------------------
                         (clock core_clk rise edge)
                                                      0.000     0.000 r  <hidden>
                                                      0.000     0.000 r  clk_i
                         net (fo=11177, unset)        0.973     0.973    engine/clk_i
                         FDCE                                         r  engine/clear_cursor_q_reg[9]/C
  -------------------------------------------------------------------    -------------------
                         FDCE (Prop_fdce_C_Q)         0.518     1.491 r  engine/clear_cursor_q_reg[9]/Q
                         net (fo=2, unplaced)         0.976     2.467    engine/clear_cursor_q_reg_n_0_[9]
                         LUT6 (Prop_lut6_I0_O)        0.295     2.762 r  engine/memory_reg_0_i_48__0/O
                         net (fo=11, unplaced)        0.948     3.710    engine/clear_cursor_q_reg[31]_0[5]
                         LUT6 (Prop_lut6_I0_O)        0.124     3.834 r  engine/scratchpad_collision_stall_o_INST_0_i_126/O
                         net (fo=1, unplaced)         0.000     3.834    engine/scratchpad_collision_stall_o_INST_0_i_126_n_0
                         CARRY4 (Prop_carry4_S[1]_CO[3])
                                                      0.533     4.367 r  engine/scratchpad_collision_stall_o_INST_0_i_104/CO[3]
                         net (fo=1, unplaced)         0.009     4.376    conv2d_controller/scratchpad_collision_stall_o_INST_0_i_29_0[0]
                         CARRY4 (Prop_carry4_CI_CO[3])
                                                      0.117     4.493 r  conv2d_controller/scratchpad_collision_stall_o_INST_0_i_55/CO[3]
                         net (fo=1, unplaced)         0.000     4.493    conv2d_controller/scratchpad_collision_stall_o_INST_0_i_55_n_0
                         CARRY4 (Prop_carry4_CI_CO[0])
                                                      0.281     4.774 f  conv2d_controller/scratchpad_collision_stall_o_INST_0_i_29/CO[0]
                         net (fo=1, unplaced)         0.311     5.085    engine/scratchpad_collision_stall_o_INST_0_i_5_0[0]
                         LUT6 (Prop_lut6_I1_O)        0.367     5.452 r  engine/scratchpad_collision_stall_o_INST_0_i_18/O
                         net (fo=1, unplaced)         0.449     5.901    engine/scratchpad_collision_stall_o_INST_0_i_18_n_0
                         LUT5 (Prop_lut5_I4_O)        0.116     6.017 f  engine/scratchpad_collision_stall_o_INST_0_i_5/O
                         net (fo=4, unplaced)         0.473     6.490    scratchpad/compute_weight_read_pending_q_i_3
                         LUT4 (Prop_lut4_I0_O)        0.116     6.606 f  scratchpad/compute_weight_read_pending_q_i_4/O
                         net (fo=1, unplaced)         0.449     7.055    engine/conv_weight_sent_q_reg
                         LUT4 (Prop_lut4_I3_O)        0.124     7.179 r  engine/compute_weight_read_pending_q_i_3/O
                         net (fo=8, unplaced)         0.487     7.666    engine/conv_weight_request_ready
                         LUT5 (Prop_lut5_I3_O)        0.124     7.790 r  engine/metadata_count_q[3]_i_4/O
                         net (fo=72, unplaced)        0.540     8.330    conv2d_controller/metadata_count_q_reg[0]_0
                         LUT6 (Prop_lut6_I5_O)        0.124     8.454 r  conv2d_controller/metadata_input_mask_q[0][7]_i_2/O
                         net (fo=10, unplaced)        0.492     8.946    conv2d_controller/metadata_first_q[0]
                         LUT2 (Prop_lut2_I0_O)        0.124     9.070 r  conv2d_controller/metadata_input_mask_q[0][7]_i_1/O
                         net (fo=7, unplaced)         0.811     9.881    conv2d_controller/metadata_input_mask_q[0][7]_i_1_n_0
                         FDSE                                         r  conv2d_controller/metadata_input_mask_q_reg[0][4]/S
  -------------------------------------------------------------------    -------------------

                         (clock core_clk rise edge)
                                                     10.000    10.000 r  <hidden>
                                                      0.000    10.000 r  clk_i
                         net (fo=11177, unset)        0.924    10.924    conv2d_controller/clk_i
                         FDSE                                         r  conv2d_controller/metadata_input_mask_q_reg[0][4]/C
                         clock pessimism              0.000    10.924    <hidden>
                         clock uncertainty           -0.035    10.889    <hidden>
                         FDSE (Setup_fdse_C_S)       -0.524    10.365    conv2d_controller/metadata_input_mask_q_reg[0][4]
  -------------------------------------------------------------------
                         required time                         10.365    <hidden>
                         arrival time                          -9.881    <hidden>
  -------------------------------------------------------------------
                         slack                                  0.484    <hidden>

Slack (MET) :             0.484ns  (required time - arrival time)
  Source:                 engine/clear_cursor_q_reg[9]/C
                            (rising edge-triggered cell FDCE clocked by core_clk  {rise@0.000ns fall@5.000ns period=10.000ns})
  Destination:            conv2d_controller/metadata_input_mask_q_reg[0][5]/S
                            (rising edge-triggered cell FDSE clocked by core_clk  {rise@0.000ns fall@5.000ns period=10.000ns})
  Path Group:             core_clk
  Path Type:              Setup (Max at Slow Process Corner)
  Requirement:            10.000ns  (core_clk rise@10.000ns - core_clk rise@0.000ns)
  Data Path Delay:        8.908ns  (logic 2.963ns (33.262%)  route 5.945ns (66.738%))
  Logic Levels:           12  (CARRY4=3 LUT2=1 LUT4=2 LUT5=2 LUT6=4)
  Clock Path Skew:        -0.049ns (DCD - SCD + CPR)
    Destination Clock Delay (DCD):    0.924ns = ( 10.924 - 10.000 ) 
    Source Clock Delay      (SCD):    0.973ns
    Clock Pessimism Removal (CPR):    0.000ns
  Clock Uncertainty:      0.035ns  ((TSJ^2 + TIJ^2)^1/2 + DJ) / 2 + PE
    Total System Jitter     (TSJ):    0.071ns
    Total Input Jitter      (TIJ):    0.000ns
    Discrete Jitter          (DJ):    0.000ns
    Phase Error              (PE):    0.000ns

    Location             Delay type                Incr(ns)  Path(ns)    Netlist Resource(s)
  -------------------------------------------------------------------    -------------------
                         (clock core_clk rise edge)
                                                      0.000     0.000 r  <hidden>
                                                      0.000     0.000 r  clk_i
                         net (fo=11177, unset)        0.973     0.973    engine/clk_i
                         FDCE                                         r  engine/clear_cursor_q_reg[9]/C
  -------------------------------------------------------------------    -------------------
                         FDCE (Prop_fdce_C_Q)         0.518     1.491 r  engine/clear_cursor_q_reg[9]/Q
                         net (fo=2, unplaced)         0.976     2.467    engine/clear_cursor_q_reg_n_0_[9]
                         LUT6 (Prop_lut6_I0_O)        0.295     2.762 r  engine/memory_reg_0_i_48__0/O
                         net (fo=11, unplaced)        0.948     3.710    engine/clear_cursor_q_reg[31]_0[5]
                         LUT6 (Prop_lut6_I0_O)        0.124     3.834 r  engine/scratchpad_collision_stall_o_INST_0_i_126/O
                         net (fo=1, unplaced)         0.000     3.834    engine/scratchpad_collision_stall_o_INST_0_i_126_n_0
                         CARRY4 (Prop_carry4_S[1]_CO[3])
                                                      0.533     4.367 r  engine/scratchpad_collision_stall_o_INST_0_i_104/CO[3]
                         net (fo=1, unplaced)         0.009     4.376    conv2d_controller/scratchpad_collision_stall_o_INST_0_i_29_0[0]
                         CARRY4 (Prop_carry4_CI_CO[3])
                                                      0.117     4.493 r  conv2d_controller/scratchpad_collision_stall_o_INST_0_i_55/CO[3]
                         net (fo=1, unplaced)         0.000     4.493    conv2d_controller/scratchpad_collision_stall_o_INST_0_i_55_n_0
                         CARRY4 (Prop_carry4_CI_CO[0])
                                                      0.281     4.774 f  conv2d_controller/scratchpad_collision_stall_o_INST_0_i_29/CO[0]
                         net (fo=1, unplaced)         0.311     5.085    engine/scratchpad_collision_stall_o_INST_0_i_5_0[0]
                         LUT6 (Prop_lut6_I1_O)        0.367     5.452 r  engine/scratchpad_collision_stall_o_INST_0_i_18/O
                         net (fo=1, unplaced)         0.449     5.901    engine/scratchpad_collision_stall_o_INST_0_i_18_n_0
                         LUT5 (Prop_lut5_I4_O)        0.116     6.017 f  engine/scratchpad_collision_stall_o_INST_0_i_5/O
                         net (fo=4, unplaced)         0.473     6.490    scratchpad/compute_weight_read_pending_q_i_3
                         LUT4 (Prop_lut4_I0_O)        0.116     6.606 f  scratchpad/compute_weight_read_pending_q_i_4/O
                         net (fo=1, unplaced)         0.449     7.055    engine/conv_weight_sent_q_reg
                         LUT4 (Prop_lut4_I3_O)        0.124     7.179 r  engine/compute_weight_read_pending_q_i_3/O
                         net (fo=8, unplaced)         0.487     7.666    engine/conv_weight_request_ready
                         LUT5 (Prop_lut5_I3_O)        0.124     7.790 r  engine/metadata_count_q[3]_i_4/O
                         net (fo=72, unplaced)        0.540     8.330    conv2d_controller/metadata_count_q_reg[0]_0
                         LUT6 (Prop_lut6_I5_O)        0.124     8.454 r  conv2d_controller/metadata_input_mask_q[0][7]_i_2/O
                         net (fo=10, unplaced)        0.492     8.946    conv2d_controller/metadata_first_q[0]
                         LUT2 (Prop_lut2_I0_O)        0.124     9.070 r  conv2d_controller/metadata_input_mask_q[0][7]_i_1/O
                         net (fo=7, unplaced)         0.811     9.881    conv2d_controller/metadata_input_mask_q[0][7]_i_1_n_0
                         FDSE                                         r  conv2d_controller/metadata_input_mask_q_reg[0][5]/S
  -------------------------------------------------------------------    -------------------

                         (clock core_clk rise edge)
                                                     10.000    10.000 r  <hidden>
                                                      0.000    10.000 r  clk_i
                         net (fo=11177, unset)        0.924    10.924    conv2d_controller/clk_i
                         FDSE                                         r  conv2d_controller/metadata_input_mask_q_reg[0][5]/C
                         clock pessimism              0.000    10.924    <hidden>
                         clock uncertainty           -0.035    10.889    <hidden>
                         FDSE (Setup_fdse_C_S)       -0.524    10.365    conv2d_controller/metadata_input_mask_q_reg[0][5]
  -------------------------------------------------------------------
                         required time                         10.365    <hidden>
                         arrival time                          -9.881    <hidden>
  -------------------------------------------------------------------
                         slack                                  0.484    <hidden>

Slack (MET) :             0.484ns  (required time - arrival time)
  Source:                 engine/clear_cursor_q_reg[9]/C
                            (rising edge-triggered cell FDCE clocked by core_clk  {rise@0.000ns fall@5.000ns period=10.000ns})
  Destination:            conv2d_controller/metadata_input_mask_q_reg[0][6]/S
                            (rising edge-triggered cell FDSE clocked by core_clk  {rise@0.000ns fall@5.000ns period=10.000ns})
  Path Group:             core_clk
  Path Type:              Setup (Max at Slow Process Corner)
  Requirement:            10.000ns  (core_clk rise@10.000ns - core_clk rise@0.000ns)
  Data Path Delay:        8.908ns  (logic 2.963ns (33.262%)  route 5.945ns (66.738%))
  Logic Levels:           12  (CARRY4=3 LUT2=1 LUT4=2 LUT5=2 LUT6=4)
  Clock Path Skew:        -0.049ns (DCD - SCD + CPR)
    Destination Clock Delay (DCD):    0.924ns = ( 10.924 - 10.000 ) 
    Source Clock Delay      (SCD):    0.973ns
    Clock Pessimism Removal (CPR):    0.000ns
  Clock Uncertainty:      0.035ns  ((TSJ^2 + TIJ^2)^1/2 + DJ) / 2 + PE
    Total System Jitter     (TSJ):    0.071ns
    Total Input Jitter      (TIJ):    0.000ns
    Discrete Jitter          (DJ):    0.000ns
    Phase Error              (PE):    0.000ns

    Location             Delay type                Incr(ns)  Path(ns)    Netlist Resource(s)
  -------------------------------------------------------------------    -------------------
                         (clock core_clk rise edge)
                                                      0.000     0.000 r  <hidden>
                                                      0.000     0.000 r  clk_i
                         net (fo=11177, unset)        0.973     0.973    engine/clk_i
                         FDCE                                         r  engine/clear_cursor_q_reg[9]/C
  -------------------------------------------------------------------    -------------------
                         FDCE (Prop_fdce_C_Q)         0.518     1.491 r  engine/clear_cursor_q_reg[9]/Q
                         net (fo=2, unplaced)         0.976     2.467    engine/clear_cursor_q_reg_n_0_[9]
                         LUT6 (Prop_lut6_I0_O)        0.295     2.762 r  engine/memory_reg_0_i_48__0/O
                         net (fo=11, unplaced)        0.948     3.710    engine/clear_cursor_q_reg[31]_0[5]
                         LUT6 (Prop_lut6_I0_O)        0.124     3.834 r  engine/scratchpad_collision_stall_o_INST_0_i_126/O
                         net (fo=1, unplaced)         0.000     3.834    engine/scratchpad_collision_stall_o_INST_0_i_126_n_0
                         CARRY4 (Prop_carry4_S[1]_CO[3])
                                                      0.533     4.367 r  engine/scratchpad_collision_stall_o_INST_0_i_104/CO[3]
                         net (fo=1, unplaced)         0.009     4.376    conv2d_controller/scratchpad_collision_stall_o_INST_0_i_29_0[0]
                         CARRY4 (Prop_carry4_CI_CO[3])
                                                      0.117     4.493 r  conv2d_controller/scratchpad_collision_stall_o_INST_0_i_55/CO[3]
                         net (fo=1, unplaced)         0.000     4.493    conv2d_controller/scratchpad_collision_stall_o_INST_0_i_55_n_0
                         CARRY4 (Prop_carry4_CI_CO[0])
                                                      0.281     4.774 f  conv2d_controller/scratchpad_collision_stall_o_INST_0_i_29/CO[0]
                         net (fo=1, unplaced)         0.311     5.085    engine/scratchpad_collision_stall_o_INST_0_i_5_0[0]
                         LUT6 (Prop_lut6_I1_O)        0.367     5.452 r  engine/scratchpad_collision_stall_o_INST_0_i_18/O
                         net (fo=1, unplaced)         0.449     5.901    engine/scratchpad_collision_stall_o_INST_0_i_18_n_0
                         LUT5 (Prop_lut5_I4_O)        0.116     6.017 f  engine/scratchpad_collision_stall_o_INST_0_i_5/O
                         net (fo=4, unplaced)         0.473     6.490    scratchpad/compute_weight_read_pending_q_i_3
                         LUT4 (Prop_lut4_I0_O)        0.116     6.606 f  scratchpad/compute_weight_read_pending_q_i_4/O
                         net (fo=1, unplaced)         0.449     7.055    engine/conv_weight_sent_q_reg
                         LUT4 (Prop_lut4_I3_O)        0.124     7.179 r  engine/compute_weight_read_pending_q_i_3/O
                         net (fo=8, unplaced)         0.487     7.666    engine/conv_weight_request_ready
                         LUT5 (Prop_lut5_I3_O)        0.124     7.790 r  engine/metadata_count_q[3]_i_4/O
                         net (fo=72, unplaced)        0.540     8.330    conv2d_controller/metadata_count_q_reg[0]_0
                         LUT6 (Prop_lut6_I5_O)        0.124     8.454 r  conv2d_controller/metadata_input_mask_q[0][7]_i_2/O
                         net (fo=10, unplaced)        0.492     8.946    conv2d_controller/metadata_first_q[0]
                         LUT2 (Prop_lut2_I0_O)        0.124     9.070 r  conv2d_controller/metadata_input_mask_q[0][7]_i_1/O
                         net (fo=7, unplaced)         0.811     9.881    conv2d_controller/metadata_input_mask_q[0][7]_i_1_n_0
                         FDSE                                         r  conv2d_controller/metadata_input_mask_q_reg[0][6]/S
  -------------------------------------------------------------------    -------------------

                         (clock core_clk rise edge)
                                                     10.000    10.000 r  <hidden>
                                                      0.000    10.000 r  clk_i
                         net (fo=11177, unset)        0.924    10.924    conv2d_controller/clk_i
                         FDSE                                         r  conv2d_controller/metadata_input_mask_q_reg[0][6]/C
                         clock pessimism              0.000    10.924    <hidden>
                         clock uncertainty           -0.035    10.889    <hidden>
                         FDSE (Setup_fdse_C_S)       -0.524    10.365    conv2d_controller/metadata_input_mask_q_reg[0][6]
  -------------------------------------------------------------------
                         required time                         10.365    <hidden>
                         arrival time                          -9.881    <hidden>
  -------------------------------------------------------------------
                         slack                                  0.484    <hidden>

Slack (MET) :             0.484ns  (required time - arrival time)
  Source:                 engine/clear_cursor_q_reg[9]/C
                            (rising edge-triggered cell FDCE clocked by core_clk  {rise@0.000ns fall@5.000ns period=10.000ns})
  Destination:            conv2d_controller/metadata_input_mask_q_reg[0][7]/S
                            (rising edge-triggered cell FDSE clocked by core_clk  {rise@0.000ns fall@5.000ns period=10.000ns})
  Path Group:             core_clk
  Path Type:              Setup (Max at Slow Process Corner)
  Requirement:            10.000ns  (core_clk rise@10.000ns - core_clk rise@0.000ns)
  Data Path Delay:        8.908ns  (logic 2.963ns (33.262%)  route 5.945ns (66.738%))
  Logic Levels:           12  (CARRY4=3 LUT2=1 LUT4=2 LUT5=2 LUT6=4)
  Clock Path Skew:        -0.049ns (DCD - SCD + CPR)
    Destination Clock Delay (DCD):    0.924ns = ( 10.924 - 10.000 ) 
    Source Clock Delay      (SCD):    0.973ns
    Clock Pessimism Removal (CPR):    0.000ns
  Clock Uncertainty:      0.035ns  ((TSJ^2 + TIJ^2)^1/2 + DJ) / 2 + PE
    Total System Jitter     (TSJ):    0.071ns
    Total Input Jitter      (TIJ):    0.000ns
    Discrete Jitter          (DJ):    0.000ns
    Phase Error              (PE):    0.000ns

    Location             Delay type                Incr(ns)  Path(ns)    Netlist Resource(s)
  -------------------------------------------------------------------    -------------------
                         (clock core_clk rise edge)
                                                      0.000     0.000 r  <hidden>
                                                      0.000     0.000 r  clk_i
                         net (fo=11177, unset)        0.973     0.973    engine/clk_i
                         FDCE                                         r  engine/clear_cursor_q_reg[9]/C
  -------------------------------------------------------------------    -------------------
                         FDCE (Prop_fdce_C_Q)         0.518     1.491 r  engine/clear_cursor_q_reg[9]/Q
                         net (fo=2, unplaced)         0.976     2.467    engine/clear_cursor_q_reg_n_0_[9]
                         LUT6 (Prop_lut6_I0_O)        0.295     2.762 r  engine/memory_reg_0_i_48__0/O
                         net (fo=11, unplaced)        0.948     3.710    engine/clear_cursor_q_reg[31]_0[5]
                         LUT6 (Prop_lut6_I0_O)        0.124     3.834 r  engine/scratchpad_collision_stall_o_INST_0_i_126/O
                         net (fo=1, unplaced)         0.000     3.834    engine/scratchpad_collision_stall_o_INST_0_i_126_n_0
                         CARRY4 (Prop_carry4_S[1]_CO[3])
                                                      0.533     4.367 r  engine/scratchpad_collision_stall_o_INST_0_i_104/CO[3]
                         net (fo=1, unplaced)         0.009     4.376    conv2d_controller/scratchpad_collision_stall_o_INST_0_i_29_0[0]
                         CARRY4 (Prop_carry4_CI_CO[3])
                                                      0.117     4.493 r  conv2d_controller/scratchpad_collision_stall_o_INST_0_i_55/CO[3]
                         net (fo=1, unplaced)         0.000     4.493    conv2d_controller/scratchpad_collision_stall_o_INST_0_i_55_n_0
                         CARRY4 (Prop_carry4_CI_CO[0])
                                                      0.281     4.774 f  conv2d_controller/scratchpad_collision_stall_o_INST_0_i_29/CO[0]
                         net (fo=1, unplaced)         0.311     5.085    engine/scratchpad_collision_stall_o_INST_0_i_5_0[0]
                         LUT6 (Prop_lut6_I1_O)        0.367     5.452 r  engine/scratchpad_collision_stall_o_INST_0_i_18/O
                         net (fo=1, unplaced)         0.449     5.901    engine/scratchpad_collision_stall_o_INST_0_i_18_n_0
                         LUT5 (Prop_lut5_I4_O)        0.116     6.017 f  engine/scratchpad_collision_stall_o_INST_0_i_5/O
                         net (fo=4, unplaced)         0.473     6.490    scratchpad/compute_weight_read_pending_q_i_3
                         LUT4 (Prop_lut4_I0_O)        0.116     6.606 f  scratchpad/compute_weight_read_pending_q_i_4/O
                         net (fo=1, unplaced)         0.449     7.055    engine/conv_weight_sent_q_reg
                         LUT4 (Prop_lut4_I3_O)        0.124     7.179 r  engine/compute_weight_read_pending_q_i_3/O
                         net (fo=8, unplaced)         0.487     7.666    engine/conv_weight_request_ready
                         LUT5 (Prop_lut5_I3_O)        0.124     7.790 r  engine/metadata_count_q[3]_i_4/O
                         net (fo=72, unplaced)        0.540     8.330    conv2d_controller/metadata_count_q_reg[0]_0
                         LUT6 (Prop_lut6_I5_O)        0.124     8.454 r  conv2d_controller/metadata_input_mask_q[0][7]_i_2/O
                         net (fo=10, unplaced)        0.492     8.946    conv2d_controller/metadata_first_q[0]
                         LUT2 (Prop_lut2_I0_O)        0.124     9.070 r  conv2d_controller/metadata_input_mask_q[0][7]_i_1/O
                         net (fo=7, unplaced)         0.811     9.881    conv2d_controller/metadata_input_mask_q[0][7]_i_1_n_0
                         FDSE                                         r  conv2d_controller/metadata_input_mask_q_reg[0][7]/S
  -------------------------------------------------------------------    -------------------

                         (clock core_clk rise edge)
                                                     10.000    10.000 r  <hidden>
                                                      0.000    10.000 r  clk_i
                         net (fo=11177, unset)        0.924    10.924    conv2d_controller/clk_i
                         FDSE                                         r  conv2d_controller/metadata_input_mask_q_reg[0][7]/C
                         clock pessimism              0.000    10.924    <hidden>
                         clock uncertainty           -0.035    10.889    <hidden>
                         FDSE (Setup_fdse_C_S)       -0.524    10.365    conv2d_controller/metadata_input_mask_q_reg[0][7]
  -------------------------------------------------------------------
                         required time                         10.365    <hidden>
                         arrival time                          -9.881    <hidden>
  -------------------------------------------------------------------
                         slack                                  0.484    <hidden>

Slack (MET) :             0.484ns  (required time - arrival time)
  Source:                 engine/clear_cursor_q_reg[9]/C
                            (rising edge-triggered cell FDCE clocked by core_clk  {rise@0.000ns fall@5.000ns period=10.000ns})
  Destination:            conv2d_controller/metadata_input_mask_q_reg[1][1]/S
                            (rising edge-triggered cell FDSE clocked by core_clk  {rise@0.000ns fall@5.000ns period=10.000ns})
  Path Group:             core_clk
  Path Type:              Setup (Max at Slow Process Corner)
  Requirement:            10.000ns  (core_clk rise@10.000ns - core_clk rise@0.000ns)
  Data Path Delay:        8.908ns  (logic 2.963ns (33.262%)  route 5.945ns (66.738%))
  Logic Levels:           12  (CARRY4=3 LUT2=1 LUT4=2 LUT5=2 LUT6=4)
  Clock Path Skew:        -0.049ns (DCD - SCD + CPR)
    Destination Clock Delay (DCD):    0.924ns = ( 10.924 - 10.000 ) 
    Source Clock Delay      (SCD):    0.973ns
    Clock Pessimism Removal (CPR):    0.000ns
  Clock Uncertainty:      0.035ns  ((TSJ^2 + TIJ^2)^1/2 + DJ) / 2 + PE
    Total System Jitter     (TSJ):    0.071ns
    Total Input Jitter      (TIJ):    0.000ns
    Discrete Jitter          (DJ):    0.000ns
    Phase Error              (PE):    0.000ns

    Location             Delay type                Incr(ns)  Path(ns)    Netlist Resource(s)
  -------------------------------------------------------------------    -------------------
                         (clock core_clk rise edge)
                                                      0.000     0.000 r  <hidden>
                                                      0.000     0.000 r  clk_i
                         net (fo=11177, unset)        0.973     0.973    engine/clk_i
                         FDCE                                         r  engine/clear_cursor_q_reg[9]/C
  -------------------------------------------------------------------    -------------------
                         FDCE (Prop_fdce_C_Q)         0.518     1.491 r  engine/clear_cursor_q_reg[9]/Q
                         net (fo=2, unplaced)         0.976     2.467    engine/clear_cursor_q_reg_n_0_[9]
                         LUT6 (Prop_lut6_I0_O)        0.295     2.762 r  engine/memory_reg_0_i_48__0/O
                         net (fo=11, unplaced)        0.948     3.710    engine/clear_cursor_q_reg[31]_0[5]
                         LUT6 (Prop_lut6_I0_O)        0.124     3.834 r  engine/scratchpad_collision_stall_o_INST_0_i_126/O
                         net (fo=1, unplaced)         0.000     3.834    engine/scratchpad_collision_stall_o_INST_0_i_126_n_0
                         CARRY4 (Prop_carry4_S[1]_CO[3])
                                                      0.533     4.367 r  engine/scratchpad_collision_stall_o_INST_0_i_104/CO[3]
                         net (fo=1, unplaced)         0.009     4.376    conv2d_controller/scratchpad_collision_stall_o_INST_0_i_29_0[0]
                         CARRY4 (Prop_carry4_CI_CO[3])
                                                      0.117     4.493 r  conv2d_controller/scratchpad_collision_stall_o_INST_0_i_55/CO[3]
                         net (fo=1, unplaced)         0.000     4.493    conv2d_controller/scratchpad_collision_stall_o_INST_0_i_55_n_0
                         CARRY4 (Prop_carry4_CI_CO[0])
                                                      0.281     4.774 f  conv2d_controller/scratchpad_collision_stall_o_INST_0_i_29/CO[0]
                         net (fo=1, unplaced)         0.311     5.085    engine/scratchpad_collision_stall_o_INST_0_i_5_0[0]
                         LUT6 (Prop_lut6_I1_O)        0.367     5.452 r  engine/scratchpad_collision_stall_o_INST_0_i_18/O
                         net (fo=1, unplaced)         0.449     5.901    engine/scratchpad_collision_stall_o_INST_0_i_18_n_0
                         LUT5 (Prop_lut5_I4_O)        0.116     6.017 f  engine/scratchpad_collision_stall_o_INST_0_i_5/O
                         net (fo=4, unplaced)         0.473     6.490    scratchpad/compute_weight_read_pending_q_i_3
                         LUT4 (Prop_lut4_I0_O)        0.116     6.606 f  scratchpad/compute_weight_read_pending_q_i_4/O
                         net (fo=1, unplaced)         0.449     7.055    engine/conv_weight_sent_q_reg
                         LUT4 (Prop_lut4_I3_O)        0.124     7.179 r  engine/compute_weight_read_pending_q_i_3/O
                         net (fo=8, unplaced)         0.487     7.666    engine/conv_weight_request_ready
                         LUT5 (Prop_lut5_I3_O)        0.124     7.790 r  engine/metadata_count_q[3]_i_4/O
                         net (fo=72, unplaced)        0.540     8.330    conv2d_controller/metadata_count_q_reg[0]_0
                         LUT6 (Prop_lut6_I5_O)        0.124     8.454 r  conv2d_controller/metadata_input_mask_q[1][7]_i_2/O
                         net (fo=10, unplaced)        0.492     8.946    conv2d_controller/metadata_first_q[1]
                         LUT2 (Prop_lut2_I0_O)        0.124     9.070 r  conv2d_controller/metadata_input_mask_q[1][7]_i_1/O
                         net (fo=7, unplaced)         0.811     9.881    conv2d_controller/metadata_input_mask_q[1][7]_i_1_n_0
                         FDSE                                         r  conv2d_controller/metadata_input_mask_q_reg[1][1]/S
  -------------------------------------------------------------------    -------------------

                         (clock core_clk rise edge)
                                                     10.000    10.000 r  <hidden>
                                                      0.000    10.000 r  clk_i
                         net (fo=11177, unset)        0.924    10.924    conv2d_controller/clk_i
                         FDSE                                         r  conv2d_controller/metadata_input_mask_q_reg[1][1]/C
                         clock pessimism              0.000    10.924    <hidden>
                         clock uncertainty           -0.035    10.889    <hidden>
                         FDSE (Setup_fdse_C_S)       -0.524    10.365    conv2d_controller/metadata_input_mask_q_reg[1][1]
  -------------------------------------------------------------------
                         required time                         10.365    <hidden>
                         arrival time                          -9.881    <hidden>
  -------------------------------------------------------------------
                         slack                                  0.484    <hidden>

Slack (MET) :             0.484ns  (required time - arrival time)
  Source:                 engine/clear_cursor_q_reg[9]/C
                            (rising edge-triggered cell FDCE clocked by core_clk  {rise@0.000ns fall@5.000ns period=10.000ns})
  Destination:            conv2d_controller/metadata_input_mask_q_reg[1][2]/S
                            (rising edge-triggered cell FDSE clocked by core_clk  {rise@0.000ns fall@5.000ns period=10.000ns})
  Path Group:             core_clk
  Path Type:              Setup (Max at Slow Process Corner)
  Requirement:            10.000ns  (core_clk rise@10.000ns - core_clk rise@0.000ns)
  Data Path Delay:        8.908ns  (logic 2.963ns (33.262%)  route 5.945ns (66.738%))
  Logic Levels:           12  (CARRY4=3 LUT2=1 LUT4=2 LUT5=2 LUT6=4)
  Clock Path Skew:        -0.049ns (DCD - SCD + CPR)
    Destination Clock Delay (DCD):    0.924ns = ( 10.924 - 10.000 ) 
    Source Clock Delay      (SCD):    0.973ns
    Clock Pessimism Removal (CPR):    0.000ns
  Clock Uncertainty:      0.035ns  ((TSJ^2 + TIJ^2)^1/2 + DJ) / 2 + PE
    Total System Jitter     (TSJ):    0.071ns
    Total Input Jitter      (TIJ):    0.000ns
    Discrete Jitter          (DJ):    0.000ns
    Phase Error              (PE):    0.000ns

    Location             Delay type                Incr(ns)  Path(ns)    Netlist Resource(s)
  -------------------------------------------------------------------    -------------------
                         (clock core_clk rise edge)
                                                      0.000     0.000 r  <hidden>
                                                      0.000     0.000 r  clk_i
                         net (fo=11177, unset)        0.973     0.973    engine/clk_i
                         FDCE                                         r  engine/clear_cursor_q_reg[9]/C
  -------------------------------------------------------------------    -------------------
                         FDCE (Prop_fdce_C_Q)         0.518     1.491 r  engine/clear_cursor_q_reg[9]/Q
                         net (fo=2, unplaced)         0.976     2.467    engine/clear_cursor_q_reg_n_0_[9]
                         LUT6 (Prop_lut6_I0_O)        0.295     2.762 r  engine/memory_reg_0_i_48__0/O
                         net (fo=11, unplaced)        0.948     3.710    engine/clear_cursor_q_reg[31]_0[5]
                         LUT6 (Prop_lut6_I0_O)        0.124     3.834 r  engine/scratchpad_collision_stall_o_INST_0_i_126/O
                         net (fo=1, unplaced)         0.000     3.834    engine/scratchpad_collision_stall_o_INST_0_i_126_n_0
                         CARRY4 (Prop_carry4_S[1]_CO[3])
                                                      0.533     4.367 r  engine/scratchpad_collision_stall_o_INST_0_i_104/CO[3]
                         net (fo=1, unplaced)         0.009     4.376    conv2d_controller/scratchpad_collision_stall_o_INST_0_i_29_0[0]
                         CARRY4 (Prop_carry4_CI_CO[3])
                                                      0.117     4.493 r  conv2d_controller/scratchpad_collision_stall_o_INST_0_i_55/CO[3]
                         net (fo=1, unplaced)         0.000     4.493    conv2d_controller/scratchpad_collision_stall_o_INST_0_i_55_n_0
                         CARRY4 (Prop_carry4_CI_CO[0])
                                                      0.281     4.774 f  conv2d_controller/scratchpad_collision_stall_o_INST_0_i_29/CO[0]
                         net (fo=1, unplaced)         0.311     5.085    engine/scratchpad_collision_stall_o_INST_0_i_5_0[0]
                         LUT6 (Prop_lut6_I1_O)        0.367     5.452 r  engine/scratchpad_collision_stall_o_INST_0_i_18/O
                         net (fo=1, unplaced)         0.449     5.901    engine/scratchpad_collision_stall_o_INST_0_i_18_n_0
                         LUT5 (Prop_lut5_I4_O)        0.116     6.017 f  engine/scratchpad_collision_stall_o_INST_0_i_5/O
                         net (fo=4, unplaced)         0.473     6.490    scratchpad/compute_weight_read_pending_q_i_3
                         LUT4 (Prop_lut4_I0_O)        0.116     6.606 f  scratchpad/compute_weight_read_pending_q_i_4/O
                         net (fo=1, unplaced)         0.449     7.055    engine/conv_weight_sent_q_reg
                         LUT4 (Prop_lut4_I3_O)        0.124     7.179 r  engine/compute_weight_read_pending_q_i_3/O
                         net (fo=8, unplaced)         0.487     7.666    engine/conv_weight_request_ready
                         LUT5 (Prop_lut5_I3_O)        0.124     7.790 r  engine/metadata_count_q[3]_i_4/O
                         net (fo=72, unplaced)        0.540     8.330    conv2d_controller/metadata_count_q_reg[0]_0
                         LUT6 (Prop_lut6_I5_O)        0.124     8.454 r  conv2d_controller/metadata_input_mask_q[1][7]_i_2/O
                         net (fo=10, unplaced)        0.492     8.946    conv2d_controller/metadata_first_q[1]
                         LUT2 (Prop_lut2_I0_O)        0.124     9.070 r  conv2d_controller/metadata_input_mask_q[1][7]_i_1/O
                         net (fo=7, unplaced)         0.811     9.881    conv2d_controller/metadata_input_mask_q[1][7]_i_1_n_0
                         FDSE                                         r  conv2d_controller/metadata_input_mask_q_reg[1][2]/S
  -------------------------------------------------------------------    -------------------

                         (clock core_clk rise edge)
                                                     10.000    10.000 r  <hidden>
                                                      0.000    10.000 r  clk_i
                         net (fo=11177, unset)        0.924    10.924    conv2d_controller/clk_i
                         FDSE                                         r  conv2d_controller/metadata_input_mask_q_reg[1][2]/C
                         clock pessimism              0.000    10.924    <hidden>
                         clock uncertainty           -0.035    10.889    <hidden>
                         FDSE (Setup_fdse_C_S)       -0.524    10.365    conv2d_controller/metadata_input_mask_q_reg[1][2]
  -------------------------------------------------------------------
                         required time                         10.365    <hidden>
                         arrival time                          -9.881    <hidden>
  -------------------------------------------------------------------
                         slack                                  0.484    <hidden>

Slack (MET) :             0.484ns  (required time - arrival time)
  Source:                 engine/clear_cursor_q_reg[9]/C
                            (rising edge-triggered cell FDCE clocked by core_clk  {rise@0.000ns fall@5.000ns period=10.000ns})
  Destination:            conv2d_controller/metadata_input_mask_q_reg[1][3]/S
                            (rising edge-triggered cell FDSE clocked by core_clk  {rise@0.000ns fall@5.000ns period=10.000ns})
  Path Group:             core_clk
  Path Type:              Setup (Max at Slow Process Corner)
  Requirement:            10.000ns  (core_clk rise@10.000ns - core_clk rise@0.000ns)
  Data Path Delay:        8.908ns  (logic 2.963ns (33.262%)  route 5.945ns (66.738%))
  Logic Levels:           12  (CARRY4=3 LUT2=1 LUT4=2 LUT5=2 LUT6=4)
  Clock Path Skew:        -0.049ns (DCD - SCD + CPR)
    Destination Clock Delay (DCD):    0.924ns = ( 10.924 - 10.000 ) 
    Source Clock Delay      (SCD):    0.973ns
    Clock Pessimism Removal (CPR):    0.000ns
  Clock Uncertainty:      0.035ns  ((TSJ^2 + TIJ^2)^1/2 + DJ) / 2 + PE
    Total System Jitter     (TSJ):    0.071ns
    Total Input Jitter      (TIJ):    0.000ns
    Discrete Jitter          (DJ):    0.000ns
    Phase Error              (PE):    0.000ns

    Location             Delay type                Incr(ns)  Path(ns)    Netlist Resource(s)
  -------------------------------------------------------------------    -------------------
                         (clock core_clk rise edge)
                                                      0.000     0.000 r  <hidden>
                                                      0.000     0.000 r  clk_i
                         net (fo=11177, unset)        0.973     0.973    engine/clk_i
                         FDCE                                         r  engine/clear_cursor_q_reg[9]/C
  -------------------------------------------------------------------    -------------------
                         FDCE (Prop_fdce_C_Q)         0.518     1.491 r  engine/clear_cursor_q_reg[9]/Q
                         net (fo=2, unplaced)         0.976     2.467    engine/clear_cursor_q_reg_n_0_[9]
                         LUT6 (Prop_lut6_I0_O)        0.295     2.762 r  engine/memory_reg_0_i_48__0/O
                         net (fo=11, unplaced)        0.948     3.710    engine/clear_cursor_q_reg[31]_0[5]
                         LUT6 (Prop_lut6_I0_O)        0.124     3.834 r  engine/scratchpad_collision_stall_o_INST_0_i_126/O
                         net (fo=1, unplaced)         0.000     3.834    engine/scratchpad_collision_stall_o_INST_0_i_126_n_0
                         CARRY4 (Prop_carry4_S[1]_CO[3])
                                                      0.533     4.367 r  engine/scratchpad_collision_stall_o_INST_0_i_104/CO[3]
                         net (fo=1, unplaced)         0.009     4.376    conv2d_controller/scratchpad_collision_stall_o_INST_0_i_29_0[0]
                         CARRY4 (Prop_carry4_CI_CO[3])
                                                      0.117     4.493 r  conv2d_controller/scratchpad_collision_stall_o_INST_0_i_55/CO[3]
                         net (fo=1, unplaced)         0.000     4.493    conv2d_controller/scratchpad_collision_stall_o_INST_0_i_55_n_0
                         CARRY4 (Prop_carry4_CI_CO[0])
                                                      0.281     4.774 f  conv2d_controller/scratchpad_collision_stall_o_INST_0_i_29/CO[0]
                         net (fo=1, unplaced)         0.311     5.085    engine/scratchpad_collision_stall_o_INST_0_i_5_0[0]
                         LUT6 (Prop_lut6_I1_O)        0.367     5.452 r  engine/scratchpad_collision_stall_o_INST_0_i_18/O
                         net (fo=1, unplaced)         0.449     5.901    engine/scratchpad_collision_stall_o_INST_0_i_18_n_0
                         LUT5 (Prop_lut5_I4_O)        0.116     6.017 f  engine/scratchpad_collision_stall_o_INST_0_i_5/O
                         net (fo=4, unplaced)         0.473     6.490    scratchpad/compute_weight_read_pending_q_i_3
                         LUT4 (Prop_lut4_I0_O)        0.116     6.606 f  scratchpad/compute_weight_read_pending_q_i_4/O
                         net (fo=1, unplaced)         0.449     7.055    engine/conv_weight_sent_q_reg
                         LUT4 (Prop_lut4_I3_O)        0.124     7.179 r  engine/compute_weight_read_pending_q_i_3/O
                         net (fo=8, unplaced)         0.487     7.666    engine/conv_weight_request_ready
                         LUT5 (Prop_lut5_I3_O)        0.124     7.790 r  engine/metadata_count_q[3]_i_4/O
                         net (fo=72, unplaced)        0.540     8.330    conv2d_controller/metadata_count_q_reg[0]_0
                         LUT6 (Prop_lut6_I5_O)        0.124     8.454 r  conv2d_controller/metadata_input_mask_q[1][7]_i_2/O
                         net (fo=10, unplaced)        0.492     8.946    conv2d_controller/metadata_first_q[1]
                         LUT2 (Prop_lut2_I0_O)        0.124     9.070 r  conv2d_controller/metadata_input_mask_q[1][7]_i_1/O
                         net (fo=7, unplaced)         0.811     9.881    conv2d_controller/metadata_input_mask_q[1][7]_i_1_n_0
                         FDSE                                         r  conv2d_controller/metadata_input_mask_q_reg[1][3]/S
  -------------------------------------------------------------------    -------------------

                         (clock core_clk rise edge)
                                                     10.000    10.000 r  <hidden>
                                                      0.000    10.000 r  clk_i
                         net (fo=11177, unset)        0.924    10.924    conv2d_controller/clk_i
                         FDSE                                         r  conv2d_controller/metadata_input_mask_q_reg[1][3]/C
                         clock pessimism              0.000    10.924    <hidden>
                         clock uncertainty           -0.035    10.889    <hidden>
                         FDSE (Setup_fdse_C_S)       -0.524    10.365    conv2d_controller/metadata_input_mask_q_reg[1][3]
  -------------------------------------------------------------------
                         required time                         10.365    <hidden>
                         arrival time                          -9.881    <hidden>
  -------------------------------------------------------------------
                         slack                                  0.484    <hidden>

Slack (MET) :             0.484ns  (required time - arrival time)
  Source:                 engine/clear_cursor_q_reg[9]/C
                            (rising edge-triggered cell FDCE clocked by core_clk  {rise@0.000ns fall@5.000ns period=10.000ns})
  Destination:            conv2d_controller/metadata_input_mask_q_reg[1][4]/S
                            (rising edge-triggered cell FDSE clocked by core_clk  {rise@0.000ns fall@5.000ns period=10.000ns})
  Path Group:             core_clk
  Path Type:              Setup (Max at Slow Process Corner)
  Requirement:            10.000ns  (core_clk rise@10.000ns - core_clk rise@0.000ns)
  Data Path Delay:        8.908ns  (logic 2.963ns (33.262%)  route 5.945ns (66.738%))
  Logic Levels:           12  (CARRY4=3 LUT2=1 LUT4=2 LUT5=2 LUT6=4)
  Clock Path Skew:        -0.049ns (DCD - SCD + CPR)
    Destination Clock Delay (DCD):    0.924ns = ( 10.924 - 10.000 ) 
    Source Clock Delay      (SCD):    0.973ns
    Clock Pessimism Removal (CPR):    0.000ns
  Clock Uncertainty:      0.035ns  ((TSJ^2 + TIJ^2)^1/2 + DJ) / 2 + PE
    Total System Jitter     (TSJ):    0.071ns
    Total Input Jitter      (TIJ):    0.000ns
    Discrete Jitter          (DJ):    0.000ns
    Phase Error              (PE):    0.000ns

    Location             Delay type                Incr(ns)  Path(ns)    Netlist Resource(s)
  -------------------------------------------------------------------    -------------------
                         (clock core_clk rise edge)
                                                      0.000     0.000 r  <hidden>
                                                      0.000     0.000 r  clk_i
                         net (fo=11177, unset)        0.973     0.973    engine/clk_i
                         FDCE                                         r  engine/clear_cursor_q_reg[9]/C
  -------------------------------------------------------------------    -------------------
                         FDCE (Prop_fdce_C_Q)         0.518     1.491 r  engine/clear_cursor_q_reg[9]/Q
                         net (fo=2, unplaced)         0.976     2.467    engine/clear_cursor_q_reg_n_0_[9]
                         LUT6 (Prop_lut6_I0_O)        0.295     2.762 r  engine/memory_reg_0_i_48__0/O
                         net (fo=11, unplaced)        0.948     3.710    engine/clear_cursor_q_reg[31]_0[5]
                         LUT6 (Prop_lut6_I0_O)        0.124     3.834 r  engine/scratchpad_collision_stall_o_INST_0_i_126/O
                         net (fo=1, unplaced)         0.000     3.834    engine/scratchpad_collision_stall_o_INST_0_i_126_n_0
                         CARRY4 (Prop_carry4_S[1]_CO[3])
                                                      0.533     4.367 r  engine/scratchpad_collision_stall_o_INST_0_i_104/CO[3]
                         net (fo=1, unplaced)         0.009     4.376    conv2d_controller/scratchpad_collision_stall_o_INST_0_i_29_0[0]
                         CARRY4 (Prop_carry4_CI_CO[3])
                                                      0.117     4.493 r  conv2d_controller/scratchpad_collision_stall_o_INST_0_i_55/CO[3]
                         net (fo=1, unplaced)         0.000     4.493    conv2d_controller/scratchpad_collision_stall_o_INST_0_i_55_n_0
                         CARRY4 (Prop_carry4_CI_CO[0])
                                                      0.281     4.774 f  conv2d_controller/scratchpad_collision_stall_o_INST_0_i_29/CO[0]
                         net (fo=1, unplaced)         0.311     5.085    engine/scratchpad_collision_stall_o_INST_0_i_5_0[0]
                         LUT6 (Prop_lut6_I1_O)        0.367     5.452 r  engine/scratchpad_collision_stall_o_INST_0_i_18/O
                         net (fo=1, unplaced)         0.449     5.901    engine/scratchpad_collision_stall_o_INST_0_i_18_n_0
                         LUT5 (Prop_lut5_I4_O)        0.116     6.017 f  engine/scratchpad_collision_stall_o_INST_0_i_5/O
                         net (fo=4, unplaced)         0.473     6.490    scratchpad/compute_weight_read_pending_q_i_3
                         LUT4 (Prop_lut4_I0_O)        0.116     6.606 f  scratchpad/compute_weight_read_pending_q_i_4/O
                         net (fo=1, unplaced)         0.449     7.055    engine/conv_weight_sent_q_reg
                         LUT4 (Prop_lut4_I3_O)        0.124     7.179 r  engine/compute_weight_read_pending_q_i_3/O
                         net (fo=8, unplaced)         0.487     7.666    engine/conv_weight_request_ready
                         LUT5 (Prop_lut5_I3_O)        0.124     7.790 r  engine/metadata_count_q[3]_i_4/O
                         net (fo=72, unplaced)        0.540     8.330    conv2d_controller/metadata_count_q_reg[0]_0
                         LUT6 (Prop_lut6_I5_O)        0.124     8.454 r  conv2d_controller/metadata_input_mask_q[1][7]_i_2/O
                         net (fo=10, unplaced)        0.492     8.946    conv2d_controller/metadata_first_q[1]
                         LUT2 (Prop_lut2_I0_O)        0.124     9.070 r  conv2d_controller/metadata_input_mask_q[1][7]_i_1/O
                         net (fo=7, unplaced)         0.811     9.881    conv2d_controller/metadata_input_mask_q[1][7]_i_1_n_0
                         FDSE                                         r  conv2d_controller/metadata_input_mask_q_reg[1][4]/S
  -------------------------------------------------------------------    -------------------

                         (clock core_clk rise edge)
                                                     10.000    10.000 r  <hidden>
                                                      0.000    10.000 r  clk_i
                         net (fo=11177, unset)        0.924    10.924    conv2d_controller/clk_i
                         FDSE                                         r  conv2d_controller/metadata_input_mask_q_reg[1][4]/C
                         clock pessimism              0.000    10.924    <hidden>
                         clock uncertainty           -0.035    10.889    <hidden>
                         FDSE (Setup_fdse_C_S)       -0.524    10.365    conv2d_controller/metadata_input_mask_q_reg[1][4]
  -------------------------------------------------------------------
                         required time                         10.365    <hidden>
                         arrival time                          -9.881    <hidden>
  -------------------------------------------------------------------
                         slack                                  0.484    <hidden>

Slack (MET) :             0.484ns  (required time - arrival time)
  Source:                 engine/clear_cursor_q_reg[9]/C
                            (rising edge-triggered cell FDCE clocked by core_clk  {rise@0.000ns fall@5.000ns period=10.000ns})
  Destination:            conv2d_controller/metadata_input_mask_q_reg[1][5]/S
                            (rising edge-triggered cell FDSE clocked by core_clk  {rise@0.000ns fall@5.000ns period=10.000ns})
  Path Group:             core_clk
  Path Type:              Setup (Max at Slow Process Corner)
  Requirement:            10.000ns  (core_clk rise@10.000ns - core_clk rise@0.000ns)
  Data Path Delay:        8.908ns  (logic 2.963ns (33.262%)  route 5.945ns (66.738%))
  Logic Levels:           12  (CARRY4=3 LUT2=1 LUT4=2 LUT5=2 LUT6=4)
  Clock Path Skew:        -0.049ns (DCD - SCD + CPR)
    Destination Clock Delay (DCD):    0.924ns = ( 10.924 - 10.000 ) 
    Source Clock Delay      (SCD):    0.973ns
    Clock Pessimism Removal (CPR):    0.000ns
  Clock Uncertainty:      0.035ns  ((TSJ^2 + TIJ^2)^1/2 + DJ) / 2 + PE
    Total System Jitter     (TSJ):    0.071ns
    Total Input Jitter      (TIJ):    0.000ns
    Discrete Jitter          (DJ):    0.000ns
    Phase Error              (PE):    0.000ns

    Location             Delay type                Incr(ns)  Path(ns)    Netlist Resource(s)
  -------------------------------------------------------------------    -------------------
                         (clock core_clk rise edge)
                                                      0.000     0.000 r  <hidden>
                                                      0.000     0.000 r  clk_i
                         net (fo=11177, unset)        0.973     0.973    engine/clk_i
                         FDCE                                         r  engine/clear_cursor_q_reg[9]/C
  -------------------------------------------------------------------    -------------------
                         FDCE (Prop_fdce_C_Q)         0.518     1.491 r  engine/clear_cursor_q_reg[9]/Q
                         net (fo=2, unplaced)         0.976     2.467    engine/clear_cursor_q_reg_n_0_[9]
                         LUT6 (Prop_lut6_I0_O)        0.295     2.762 r  engine/memory_reg_0_i_48__0/O
                         net (fo=11, unplaced)        0.948     3.710    engine/clear_cursor_q_reg[31]_0[5]
                         LUT6 (Prop_lut6_I0_O)        0.124     3.834 r  engine/scratchpad_collision_stall_o_INST_0_i_126/O
                         net (fo=1, unplaced)         0.000     3.834    engine/scratchpad_collision_stall_o_INST_0_i_126_n_0
                         CARRY4 (Prop_carry4_S[1]_CO[3])
                                                      0.533     4.367 r  engine/scratchpad_collision_stall_o_INST_0_i_104/CO[3]
                         net (fo=1, unplaced)         0.009     4.376    conv2d_controller/scratchpad_collision_stall_o_INST_0_i_29_0[0]
                         CARRY4 (Prop_carry4_CI_CO[3])
                                                      0.117     4.493 r  conv2d_controller/scratchpad_collision_stall_o_INST_0_i_55/CO[3]
                         net (fo=1, unplaced)         0.000     4.493    conv2d_controller/scratchpad_collision_stall_o_INST_0_i_55_n_0
                         CARRY4 (Prop_carry4_CI_CO[0])
                                                      0.281     4.774 f  conv2d_controller/scratchpad_collision_stall_o_INST_0_i_29/CO[0]
                         net (fo=1, unplaced)         0.311     5.085    engine/scratchpad_collision_stall_o_INST_0_i_5_0[0]
                         LUT6 (Prop_lut6_I1_O)        0.367     5.452 r  engine/scratchpad_collision_stall_o_INST_0_i_18/O
                         net (fo=1, unplaced)         0.449     5.901    engine/scratchpad_collision_stall_o_INST_0_i_18_n_0
                         LUT5 (Prop_lut5_I4_O)        0.116     6.017 f  engine/scratchpad_collision_stall_o_INST_0_i_5/O
                         net (fo=4, unplaced)         0.473     6.490    scratchpad/compute_weight_read_pending_q_i_3
                         LUT4 (Prop_lut4_I0_O)        0.116     6.606 f  scratchpad/compute_weight_read_pending_q_i_4/O
                         net (fo=1, unplaced)         0.449     7.055    engine/conv_weight_sent_q_reg
                         LUT4 (Prop_lut4_I3_O)        0.124     7.179 r  engine/compute_weight_read_pending_q_i_3/O
                         net (fo=8, unplaced)         0.487     7.666    engine/conv_weight_request_ready
                         LUT5 (Prop_lut5_I3_O)        0.124     7.790 r  engine/metadata_count_q[3]_i_4/O
                         net (fo=72, unplaced)        0.540     8.330    conv2d_controller/metadata_count_q_reg[0]_0
                         LUT6 (Prop_lut6_I5_O)        0.124     8.454 r  conv2d_controller/metadata_input_mask_q[1][7]_i_2/O
                         net (fo=10, unplaced)        0.492     8.946    conv2d_controller/metadata_first_q[1]
                         LUT2 (Prop_lut2_I0_O)        0.124     9.070 r  conv2d_controller/metadata_input_mask_q[1][7]_i_1/O
                         net (fo=7, unplaced)         0.811     9.881    conv2d_controller/metadata_input_mask_q[1][7]_i_1_n_0
                         FDSE                                         r  conv2d_controller/metadata_input_mask_q_reg[1][5]/S
  -------------------------------------------------------------------    -------------------

                         (clock core_clk rise edge)
                                                     10.000    10.000 r  <hidden>
                                                      0.000    10.000 r  clk_i
                         net (fo=11177, unset)        0.924    10.924    conv2d_controller/clk_i
                         FDSE                                         r  conv2d_controller/metadata_input_mask_q_reg[1][5]/C
                         clock pessimism              0.000    10.924    <hidden>
                         clock uncertainty           -0.035    10.889    <hidden>
                         FDSE (Setup_fdse_C_S)       -0.524    10.365    conv2d_controller/metadata_input_mask_q_reg[1][5]
  -------------------------------------------------------------------
                         required time                         10.365    <hidden>
                         arrival time                          -9.881    <hidden>
  -------------------------------------------------------------------
                         slack                                  0.484    <hidden>

Slack (MET) :             0.484ns  (required time - arrival time)
  Source:                 engine/clear_cursor_q_reg[9]/C
                            (rising edge-triggered cell FDCE clocked by core_clk  {rise@0.000ns fall@5.000ns period=10.000ns})
  Destination:            conv2d_controller/metadata_input_mask_q_reg[1][6]/S
                            (rising edge-triggered cell FDSE clocked by core_clk  {rise@0.000ns fall@5.000ns period=10.000ns})
  Path Group:             core_clk
  Path Type:              Setup (Max at Slow Process Corner)
  Requirement:            10.000ns  (core_clk rise@10.000ns - core_clk rise@0.000ns)
  Data Path Delay:        8.908ns  (logic 2.963ns (33.262%)  route 5.945ns (66.738%))
  Logic Levels:           12  (CARRY4=3 LUT2=1 LUT4=2 LUT5=2 LUT6=4)
  Clock Path Skew:        -0.049ns (DCD - SCD + CPR)
    Destination Clock Delay (DCD):    0.924ns = ( 10.924 - 10.000 ) 
    Source Clock Delay      (SCD):    0.973ns
    Clock Pessimism Removal (CPR):    0.000ns
  Clock Uncertainty:      0.035ns  ((TSJ^2 + TIJ^2)^1/2 + DJ) / 2 + PE
    Total System Jitter     (TSJ):    0.071ns
    Total Input Jitter      (TIJ):    0.000ns
    Discrete Jitter          (DJ):    0.000ns
    Phase Error              (PE):    0.000ns

    Location             Delay type                Incr(ns)  Path(ns)    Netlist Resource(s)
  -------------------------------------------------------------------    -------------------
                         (clock core_clk rise edge)
                                                      0.000     0.000 r  <hidden>
                                                      0.000     0.000 r  clk_i
                         net (fo=11177, unset)        0.973     0.973    engine/clk_i
                         FDCE                                         r  engine/clear_cursor_q_reg[9]/C
  -------------------------------------------------------------------    -------------------
                         FDCE (Prop_fdce_C_Q)         0.518     1.491 r  engine/clear_cursor_q_reg[9]/Q
                         net (fo=2, unplaced)         0.976     2.467    engine/clear_cursor_q_reg_n_0_[9]
                         LUT6 (Prop_lut6_I0_O)        0.295     2.762 r  engine/memory_reg_0_i_48__0/O
                         net (fo=11, unplaced)        0.948     3.710    engine/clear_cursor_q_reg[31]_0[5]
                         LUT6 (Prop_lut6_I0_O)        0.124     3.834 r  engine/scratchpad_collision_stall_o_INST_0_i_126/O
                         net (fo=1, unplaced)         0.000     3.834    engine/scratchpad_collision_stall_o_INST_0_i_126_n_0
                         CARRY4 (Prop_carry4_S[1]_CO[3])
                                                      0.533     4.367 r  engine/scratchpad_collision_stall_o_INST_0_i_104/CO[3]
                         net (fo=1, unplaced)         0.009     4.376    conv2d_controller/scratchpad_collision_stall_o_INST_0_i_29_0[0]
                         CARRY4 (Prop_carry4_CI_CO[3])
                                                      0.117     4.493 r  conv2d_controller/scratchpad_collision_stall_o_INST_0_i_55/CO[3]
                         net (fo=1, unplaced)         0.000     4.493    conv2d_controller/scratchpad_collision_stall_o_INST_0_i_55_n_0
                         CARRY4 (Prop_carry4_CI_CO[0])
                                                      0.281     4.774 f  conv2d_controller/scratchpad_collision_stall_o_INST_0_i_29/CO[0]
                         net (fo=1, unplaced)         0.311     5.085    engine/scratchpad_collision_stall_o_INST_0_i_5_0[0]
                         LUT6 (Prop_lut6_I1_O)        0.367     5.452 r  engine/scratchpad_collision_stall_o_INST_0_i_18/O
                         net (fo=1, unplaced)         0.449     5.901    engine/scratchpad_collision_stall_o_INST_0_i_18_n_0
                         LUT5 (Prop_lut5_I4_O)        0.116     6.017 f  engine/scratchpad_collision_stall_o_INST_0_i_5/O
                         net (fo=4, unplaced)         0.473     6.490    scratchpad/compute_weight_read_pending_q_i_3
                         LUT4 (Prop_lut4_I0_O)        0.116     6.606 f  scratchpad/compute_weight_read_pending_q_i_4/O
                         net (fo=1, unplaced)         0.449     7.055    engine/conv_weight_sent_q_reg
                         LUT4 (Prop_lut4_I3_O)        0.124     7.179 r  engine/compute_weight_read_pending_q_i_3/O
                         net (fo=8, unplaced)         0.487     7.666    engine/conv_weight_request_ready
                         LUT5 (Prop_lut5_I3_O)        0.124     7.790 r  engine/metadata_count_q[3]_i_4/O
                         net (fo=72, unplaced)        0.540     8.330    conv2d_controller/metadata_count_q_reg[0]_0
                         LUT6 (Prop_lut6_I5_O)        0.124     8.454 r  conv2d_controller/metadata_input_mask_q[1][7]_i_2/O
                         net (fo=10, unplaced)        0.492     8.946    conv2d_controller/metadata_first_q[1]
                         LUT2 (Prop_lut2_I0_O)        0.124     9.070 r  conv2d_controller/metadata_input_mask_q[1][7]_i_1/O
                         net (fo=7, unplaced)         0.811     9.881    conv2d_controller/metadata_input_mask_q[1][7]_i_1_n_0
                         FDSE                                         r  conv2d_controller/metadata_input_mask_q_reg[1][6]/S
  -------------------------------------------------------------------    -------------------

                         (clock core_clk rise edge)
                                                     10.000    10.000 r  <hidden>
                                                      0.000    10.000 r  clk_i
                         net (fo=11177, unset)        0.924    10.924    conv2d_controller/clk_i
                         FDSE                                         r  conv2d_controller/metadata_input_mask_q_reg[1][6]/C
                         clock pessimism              0.000    10.924    <hidden>
                         clock uncertainty           -0.035    10.889    <hidden>
                         FDSE (Setup_fdse_C_S)       -0.524    10.365    conv2d_controller/metadata_input_mask_q_reg[1][6]
  -------------------------------------------------------------------
                         required time                         10.365    <hidden>
                         arrival time                          -9.881    <hidden>
  -------------------------------------------------------------------
                         slack                                  0.484    <hidden>

Slack (MET) :             0.484ns  (required time - arrival time)
  Source:                 engine/clear_cursor_q_reg[9]/C
                            (rising edge-triggered cell FDCE clocked by core_clk  {rise@0.000ns fall@5.000ns period=10.000ns})
  Destination:            conv2d_controller/metadata_input_mask_q_reg[1][7]/S
                            (rising edge-triggered cell FDSE clocked by core_clk  {rise@0.000ns fall@5.000ns period=10.000ns})
  Path Group:             core_clk
  Path Type:              Setup (Max at Slow Process Corner)
  Requirement:            10.000ns  (core_clk rise@10.000ns - core_clk rise@0.000ns)
  Data Path Delay:        8.908ns  (logic 2.963ns (33.262%)  route 5.945ns (66.738%))
  Logic Levels:           12  (CARRY4=3 LUT2=1 LUT4=2 LUT5=2 LUT6=4)
  Clock Path Skew:        -0.049ns (DCD - SCD + CPR)
    Destination Clock Delay (DCD):    0.924ns = ( 10.924 - 10.000 ) 
    Source Clock Delay      (SCD):    0.973ns
    Clock Pessimism Removal (CPR):    0.000ns
  Clock Uncertainty:      0.035ns  ((TSJ^2 + TIJ^2)^1/2 + DJ) / 2 + PE
    Total System Jitter     (TSJ):    0.071ns
    Total Input Jitter      (TIJ):    0.000ns
    Discrete Jitter          (DJ):    0.000ns
    Phase Error              (PE):    0.000ns

    Location             Delay type                Incr(ns)  Path(ns)    Netlist Resource(s)
  -------------------------------------------------------------------    -------------------
                         (clock core_clk rise edge)
                                                      0.000     0.000 r  <hidden>
                                                      0.000     0.000 r  clk_i
                         net (fo=11177, unset)        0.973     0.973    engine/clk_i
                         FDCE                                         r  engine/clear_cursor_q_reg[9]/C
  -------------------------------------------------------------------    -------------------
                         FDCE (Prop_fdce_C_Q)         0.518     1.491 r  engine/clear_cursor_q_reg[9]/Q
                         net (fo=2, unplaced)         0.976     2.467    engine/clear_cursor_q_reg_n_0_[9]
                         LUT6 (Prop_lut6_I0_O)        0.295     2.762 r  engine/memory_reg_0_i_48__0/O
                         net (fo=11, unplaced)        0.948     3.710    engine/clear_cursor_q_reg[31]_0[5]
                         LUT6 (Prop_lut6_I0_O)        0.124     3.834 r  engine/scratchpad_collision_stall_o_INST_0_i_126/O
                         net (fo=1, unplaced)         0.000     3.834    engine/scratchpad_collision_stall_o_INST_0_i_126_n_0
                         CARRY4 (Prop_carry4_S[1]_CO[3])
                                                      0.533     4.367 r  engine/scratchpad_collision_stall_o_INST_0_i_104/CO[3]
                         net (fo=1, unplaced)         0.009     4.376    conv2d_controller/scratchpad_collision_stall_o_INST_0_i_29_0[0]
                         CARRY4 (Prop_carry4_CI_CO[3])
                                                      0.117     4.493 r  conv2d_controller/scratchpad_collision_stall_o_INST_0_i_55/CO[3]
                         net (fo=1, unplaced)         0.000     4.493    conv2d_controller/scratchpad_collision_stall_o_INST_0_i_55_n_0
                         CARRY4 (Prop_carry4_CI_CO[0])
                                                      0.281     4.774 f  conv2d_controller/scratchpad_collision_stall_o_INST_0_i_29/CO[0]
                         net (fo=1, unplaced)         0.311     5.085    engine/scratchpad_collision_stall_o_INST_0_i_5_0[0]
                         LUT6 (Prop_lut6_I1_O)        0.367     5.452 r  engine/scratchpad_collision_stall_o_INST_0_i_18/O
                         net (fo=1, unplaced)         0.449     5.901    engine/scratchpad_collision_stall_o_INST_0_i_18_n_0
                         LUT5 (Prop_lut5_I4_O)        0.116     6.017 f  engine/scratchpad_collision_stall_o_INST_0_i_5/O
                         net (fo=4, unplaced)         0.473     6.490    scratchpad/compute_weight_read_pending_q_i_3
                         LUT4 (Prop_lut4_I0_O)        0.116     6.606 f  scratchpad/compute_weight_read_pending_q_i_4/O
                         net (fo=1, unplaced)         0.449     7.055    engine/conv_weight_sent_q_reg
                         LUT4 (Prop_lut4_I3_O)        0.124     7.179 r  engine/compute_weight_read_pending_q_i_3/O
                         net (fo=8, unplaced)         0.487     7.666    engine/conv_weight_request_ready
                         LUT5 (Prop_lut5_I3_O)        0.124     7.790 r  engine/metadata_count_q[3]_i_4/O
                         net (fo=72, unplaced)        0.540     8.330    conv2d_controller/metadata_count_q_reg[0]_0
                         LUT6 (Prop_lut6_I5_O)        0.124     8.454 r  conv2d_controller/metadata_input_mask_q[1][7]_i_2/O
                         net (fo=10, unplaced)        0.492     8.946    conv2d_controller/metadata_first_q[1]
                         LUT2 (Prop_lut2_I0_O)        0.124     9.070 r  conv2d_controller/metadata_input_mask_q[1][7]_i_1/O
                         net (fo=7, unplaced)         0.811     9.881    conv2d_controller/metadata_input_mask_q[1][7]_i_1_n_0
                         FDSE                                         r  conv2d_controller/metadata_input_mask_q_reg[1][7]/S
  -------------------------------------------------------------------    -------------------

                         (clock core_clk rise edge)
                                                     10.000    10.000 r  <hidden>
                                                      0.000    10.000 r  clk_i
                         net (fo=11177, unset)        0.924    10.924    conv2d_controller/clk_i
                         FDSE                                         r  conv2d_controller/metadata_input_mask_q_reg[1][7]/C
                         clock pessimism              0.000    10.924    <hidden>
                         clock uncertainty           -0.035    10.889    <hidden>
                         FDSE (Setup_fdse_C_S)       -0.524    10.365    conv2d_controller/metadata_input_mask_q_reg[1][7]
  -------------------------------------------------------------------
                         required time                         10.365    <hidden>
                         arrival time                          -9.881    <hidden>
  -------------------------------------------------------------------
                         slack                                  0.484    <hidden>

Slack (MET) :             0.484ns  (required time - arrival time)
  Source:                 engine/clear_cursor_q_reg[9]/C
                            (rising edge-triggered cell FDCE clocked by core_clk  {rise@0.000ns fall@5.000ns period=10.000ns})
  Destination:            conv2d_controller/metadata_input_mask_q_reg[2][1]/S
                            (rising edge-triggered cell FDSE clocked by core_clk  {rise@0.000ns fall@5.000ns period=10.000ns})
  Path Group:             core_clk
  Path Type:              Setup (Max at Slow Process Corner)
  Requirement:            10.000ns  (core_clk rise@10.000ns - core_clk rise@0.000ns)
  Data Path Delay:        8.908ns  (logic 2.963ns (33.262%)  route 5.945ns (66.738%))
  Logic Levels:           12  (CARRY4=3 LUT2=1 LUT4=2 LUT5=2 LUT6=4)
  Clock Path Skew:        -0.049ns (DCD - SCD + CPR)
    Destination Clock Delay (DCD):    0.924ns = ( 10.924 - 10.000 ) 
    Source Clock Delay      (SCD):    0.973ns
    Clock Pessimism Removal (CPR):    0.000ns
  Clock Uncertainty:      0.035ns  ((TSJ^2 + TIJ^2)^1/2 + DJ) / 2 + PE
    Total System Jitter     (TSJ):    0.071ns
    Total Input Jitter      (TIJ):    0.000ns
    Discrete Jitter          (DJ):    0.000ns
    Phase Error              (PE):    0.000ns

    Location             Delay type                Incr(ns)  Path(ns)    Netlist Resource(s)
  -------------------------------------------------------------------    -------------------
                         (clock core_clk rise edge)
                                                      0.000     0.000 r  <hidden>
                                                      0.000     0.000 r  clk_i
                         net (fo=11177, unset)        0.973     0.973    engine/clk_i
                         FDCE                                         r  engine/clear_cursor_q_reg[9]/C
  -------------------------------------------------------------------    -------------------
                         FDCE (Prop_fdce_C_Q)         0.518     1.491 r  engine/clear_cursor_q_reg[9]/Q
                         net (fo=2, unplaced)         0.976     2.467    engine/clear_cursor_q_reg_n_0_[9]
                         LUT6 (Prop_lut6_I0_O)        0.295     2.762 r  engine/memory_reg_0_i_48__0/O
                         net (fo=11, unplaced)        0.948     3.710    engine/clear_cursor_q_reg[31]_0[5]
                         LUT6 (Prop_lut6_I0_O)        0.124     3.834 r  engine/scratchpad_collision_stall_o_INST_0_i_126/O
                         net (fo=1, unplaced)         0.000     3.834    engine/scratchpad_collision_stall_o_INST_0_i_126_n_0
                         CARRY4 (Prop_carry4_S[1]_CO[3])
                                                      0.533     4.367 r  engine/scratchpad_collision_stall_o_INST_0_i_104/CO[3]
                         net (fo=1, unplaced)         0.009     4.376    conv2d_controller/scratchpad_collision_stall_o_INST_0_i_29_0[0]
                         CARRY4 (Prop_carry4_CI_CO[3])
                                                      0.117     4.493 r  conv2d_controller/scratchpad_collision_stall_o_INST_0_i_55/CO[3]
                         net (fo=1, unplaced)         0.000     4.493    conv2d_controller/scratchpad_collision_stall_o_INST_0_i_55_n_0
                         CARRY4 (Prop_carry4_CI_CO[0])
                                                      0.281     4.774 f  conv2d_controller/scratchpad_collision_stall_o_INST_0_i_29/CO[0]
                         net (fo=1, unplaced)         0.311     5.085    engine/scratchpad_collision_stall_o_INST_0_i_5_0[0]
                         LUT6 (Prop_lut6_I1_O)        0.367     5.452 r  engine/scratchpad_collision_stall_o_INST_0_i_18/O
                         net (fo=1, unplaced)         0.449     5.901    engine/scratchpad_collision_stall_o_INST_0_i_18_n_0
                         LUT5 (Prop_lut5_I4_O)        0.116     6.017 f  engine/scratchpad_collision_stall_o_INST_0_i_5/O
                         net (fo=4, unplaced)         0.473     6.490    scratchpad/compute_weight_read_pending_q_i_3
                         LUT4 (Prop_lut4_I0_O)        0.116     6.606 f  scratchpad/compute_weight_read_pending_q_i_4/O
                         net (fo=1, unplaced)         0.449     7.055    engine/conv_weight_sent_q_reg
                         LUT4 (Prop_lut4_I3_O)        0.124     7.179 r  engine/compute_weight_read_pending_q_i_3/O
                         net (fo=8, unplaced)         0.487     7.666    engine/conv_weight_request_ready
                         LUT5 (Prop_lut5_I3_O)        0.124     7.790 r  engine/metadata_count_q[3]_i_4/O
                         net (fo=72, unplaced)        0.540     8.330    conv2d_controller/metadata_count_q_reg[0]_0
                         LUT6 (Prop_lut6_I5_O)        0.124     8.454 r  conv2d_controller/metadata_input_mask_q[2][7]_i_2/O
                         net (fo=10, unplaced)        0.492     8.946    conv2d_controller/metadata_first_q[2]
                         LUT2 (Prop_lut2_I0_O)        0.124     9.070 r  conv2d_controller/metadata_input_mask_q[2][7]_i_1/O
                         net (fo=7, unplaced)         0.811     9.881    conv2d_controller/metadata_input_mask_q[2][7]_i_1_n_0
                         FDSE                                         r  conv2d_controller/metadata_input_mask_q_reg[2][1]/S
  -------------------------------------------------------------------    -------------------

                         (clock core_clk rise edge)
                                                     10.000    10.000 r  <hidden>
                                                      0.000    10.000 r  clk_i
                         net (fo=11177, unset)        0.924    10.924    conv2d_controller/clk_i
                         FDSE                                         r  conv2d_controller/metadata_input_mask_q_reg[2][1]/C
                         clock pessimism              0.000    10.924    <hidden>
                         clock uncertainty           -0.035    10.889    <hidden>
                         FDSE (Setup_fdse_C_S)       -0.524    10.365    conv2d_controller/metadata_input_mask_q_reg[2][1]
  -------------------------------------------------------------------
                         required time                         10.365    <hidden>
                         arrival time                          -9.881    <hidden>
  -------------------------------------------------------------------
                         slack                                  0.484    <hidden>

Slack (MET) :             0.484ns  (required time - arrival time)
  Source:                 engine/clear_cursor_q_reg[9]/C
                            (rising edge-triggered cell FDCE clocked by core_clk  {rise@0.000ns fall@5.000ns period=10.000ns})
  Destination:            conv2d_controller/metadata_input_mask_q_reg[2][2]/S
                            (rising edge-triggered cell FDSE clocked by core_clk  {rise@0.000ns fall@5.000ns period=10.000ns})
  Path Group:             core_clk
  Path Type:              Setup (Max at Slow Process Corner)
  Requirement:            10.000ns  (core_clk rise@10.000ns - core_clk rise@0.000ns)
  Data Path Delay:        8.908ns  (logic 2.963ns (33.262%)  route 5.945ns (66.738%))
  Logic Levels:           12  (CARRY4=3 LUT2=1 LUT4=2 LUT5=2 LUT6=4)
  Clock Path Skew:        -0.049ns (DCD - SCD + CPR)
    Destination Clock Delay (DCD):    0.924ns = ( 10.924 - 10.000 ) 
    Source Clock Delay      (SCD):    0.973ns
    Clock Pessimism Removal (CPR):    0.000ns
  Clock Uncertainty:      0.035ns  ((TSJ^2 + TIJ^2)^1/2 + DJ) / 2 + PE
    Total System Jitter     (TSJ):    0.071ns
    Total Input Jitter      (TIJ):    0.000ns
    Discrete Jitter          (DJ):    0.000ns
    Phase Error              (PE):    0.000ns

    Location             Delay type                Incr(ns)  Path(ns)    Netlist Resource(s)
  -------------------------------------------------------------------    -------------------
                         (clock core_clk rise edge)
                                                      0.000     0.000 r  <hidden>
                                                      0.000     0.000 r  clk_i
                         net (fo=11177, unset)        0.973     0.973    engine/clk_i
                         FDCE                                         r  engine/clear_cursor_q_reg[9]/C
  -------------------------------------------------------------------    -------------------
                         FDCE (Prop_fdce_C_Q)         0.518     1.491 r  engine/clear_cursor_q_reg[9]/Q
                         net (fo=2, unplaced)         0.976     2.467    engine/clear_cursor_q_reg_n_0_[9]
                         LUT6 (Prop_lut6_I0_O)        0.295     2.762 r  engine/memory_reg_0_i_48__0/O
                         net (fo=11, unplaced)        0.948     3.710    engine/clear_cursor_q_reg[31]_0[5]
                         LUT6 (Prop_lut6_I0_O)        0.124     3.834 r  engine/scratchpad_collision_stall_o_INST_0_i_126/O
                         net (fo=1, unplaced)         0.000     3.834    engine/scratchpad_collision_stall_o_INST_0_i_126_n_0
                         CARRY4 (Prop_carry4_S[1]_CO[3])
                                                      0.533     4.367 r  engine/scratchpad_collision_stall_o_INST_0_i_104/CO[3]
                         net (fo=1, unplaced)         0.009     4.376    conv2d_controller/scratchpad_collision_stall_o_INST_0_i_29_0[0]
                         CARRY4 (Prop_carry4_CI_CO[3])
                                                      0.117     4.493 r  conv2d_controller/scratchpad_collision_stall_o_INST_0_i_55/CO[3]
                         net (fo=1, unplaced)         0.000     4.493    conv2d_controller/scratchpad_collision_stall_o_INST_0_i_55_n_0
                         CARRY4 (Prop_carry4_CI_CO[0])
                                                      0.281     4.774 f  conv2d_controller/scratchpad_collision_stall_o_INST_0_i_29/CO[0]
                         net (fo=1, unplaced)         0.311     5.085    engine/scratchpad_collision_stall_o_INST_0_i_5_0[0]
                         LUT6 (Prop_lut6_I1_O)        0.367     5.452 r  engine/scratchpad_collision_stall_o_INST_0_i_18/O
                         net (fo=1, unplaced)         0.449     5.901    engine/scratchpad_collision_stall_o_INST_0_i_18_n_0
                         LUT5 (Prop_lut5_I4_O)        0.116     6.017 f  engine/scratchpad_collision_stall_o_INST_0_i_5/O
                         net (fo=4, unplaced)         0.473     6.490    scratchpad/compute_weight_read_pending_q_i_3
                         LUT4 (Prop_lut4_I0_O)        0.116     6.606 f  scratchpad/compute_weight_read_pending_q_i_4/O
                         net (fo=1, unplaced)         0.449     7.055    engine/conv_weight_sent_q_reg
                         LUT4 (Prop_lut4_I3_O)        0.124     7.179 r  engine/compute_weight_read_pending_q_i_3/O
                         net (fo=8, unplaced)         0.487     7.666    engine/conv_weight_request_ready
                         LUT5 (Prop_lut5_I3_O)        0.124     7.790 r  engine/metadata_count_q[3]_i_4/O
                         net (fo=72, unplaced)        0.540     8.330    conv2d_controller/metadata_count_q_reg[0]_0
                         LUT6 (Prop_lut6_I5_O)        0.124     8.454 r  conv2d_controller/metadata_input_mask_q[2][7]_i_2/O
                         net (fo=10, unplaced)        0.492     8.946    conv2d_controller/metadata_first_q[2]
                         LUT2 (Prop_lut2_I0_O)        0.124     9.070 r  conv2d_controller/metadata_input_mask_q[2][7]_i_1/O
                         net (fo=7, unplaced)         0.811     9.881    conv2d_controller/metadata_input_mask_q[2][7]_i_1_n_0
                         FDSE                                         r  conv2d_controller/metadata_input_mask_q_reg[2][2]/S
  -------------------------------------------------------------------    -------------------

                         (clock core_clk rise edge)
                                                     10.000    10.000 r  <hidden>
                                                      0.000    10.000 r  clk_i
                         net (fo=11177, unset)        0.924    10.924    conv2d_controller/clk_i
                         FDSE                                         r  conv2d_controller/metadata_input_mask_q_reg[2][2]/C
                         clock pessimism              0.000    10.924    <hidden>
                         clock uncertainty           -0.035    10.889    <hidden>
                         FDSE (Setup_fdse_C_S)       -0.524    10.365    conv2d_controller/metadata_input_mask_q_reg[2][2]
  -------------------------------------------------------------------
                         required time                         10.365    <hidden>
                         arrival time                          -9.881    <hidden>
  -------------------------------------------------------------------
                         slack                                  0.484    <hidden>

Slack (MET) :             0.484ns  (required time - arrival time)
  Source:                 engine/clear_cursor_q_reg[9]/C
                            (rising edge-triggered cell FDCE clocked by core_clk  {rise@0.000ns fall@5.000ns period=10.000ns})
  Destination:            conv2d_controller/metadata_input_mask_q_reg[2][3]/S
                            (rising edge-triggered cell FDSE clocked by core_clk  {rise@0.000ns fall@5.000ns period=10.000ns})
  Path Group:             core_clk
  Path Type:              Setup (Max at Slow Process Corner)
  Requirement:            10.000ns  (core_clk rise@10.000ns - core_clk rise@0.000ns)
  Data Path Delay:        8.908ns  (logic 2.963ns (33.262%)  route 5.945ns (66.738%))
  Logic Levels:           12  (CARRY4=3 LUT2=1 LUT4=2 LUT5=2 LUT6=4)
  Clock Path Skew:        -0.049ns (DCD - SCD + CPR)
    Destination Clock Delay (DCD):    0.924ns = ( 10.924 - 10.000 ) 
    Source Clock Delay      (SCD):    0.973ns
    Clock Pessimism Removal (CPR):    0.000ns
  Clock Uncertainty:      0.035ns  ((TSJ^2 + TIJ^2)^1/2 + DJ) / 2 + PE
    Total System Jitter     (TSJ):    0.071ns
    Total Input Jitter      (TIJ):    0.000ns
    Discrete Jitter          (DJ):    0.000ns
    Phase Error              (PE):    0.000ns

    Location             Delay type                Incr(ns)  Path(ns)    Netlist Resource(s)
  -------------------------------------------------------------------    -------------------
                         (clock core_clk rise edge)
                                                      0.000     0.000 r  <hidden>
                                                      0.000     0.000 r  clk_i
                         net (fo=11177, unset)        0.973     0.973    engine/clk_i
                         FDCE                                         r  engine/clear_cursor_q_reg[9]/C
  -------------------------------------------------------------------    -------------------
                         FDCE (Prop_fdce_C_Q)         0.518     1.491 r  engine/clear_cursor_q_reg[9]/Q
                         net (fo=2, unplaced)         0.976     2.467    engine/clear_cursor_q_reg_n_0_[9]
                         LUT6 (Prop_lut6_I0_O)        0.295     2.762 r  engine/memory_reg_0_i_48__0/O
                         net (fo=11, unplaced)        0.948     3.710    engine/clear_cursor_q_reg[31]_0[5]
                         LUT6 (Prop_lut6_I0_O)        0.124     3.834 r  engine/scratchpad_collision_stall_o_INST_0_i_126/O
                         net (fo=1, unplaced)         0.000     3.834    engine/scratchpad_collision_stall_o_INST_0_i_126_n_0
                         CARRY4 (Prop_carry4_S[1]_CO[3])
                                                      0.533     4.367 r  engine/scratchpad_collision_stall_o_INST_0_i_104/CO[3]
                         net (fo=1, unplaced)         0.009     4.376    conv2d_controller/scratchpad_collision_stall_o_INST_0_i_29_0[0]
                         CARRY4 (Prop_carry4_CI_CO[3])
                                                      0.117     4.493 r  conv2d_controller/scratchpad_collision_stall_o_INST_0_i_55/CO[3]
                         net (fo=1, unplaced)         0.000     4.493    conv2d_controller/scratchpad_collision_stall_o_INST_0_i_55_n_0
                         CARRY4 (Prop_carry4_CI_CO[0])
                                                      0.281     4.774 f  conv2d_controller/scratchpad_collision_stall_o_INST_0_i_29/CO[0]
                         net (fo=1, unplaced)         0.311     5.085    engine/scratchpad_collision_stall_o_INST_0_i_5_0[0]
                         LUT6 (Prop_lut6_I1_O)        0.367     5.452 r  engine/scratchpad_collision_stall_o_INST_0_i_18/O
                         net (fo=1, unplaced)         0.449     5.901    engine/scratchpad_collision_stall_o_INST_0_i_18_n_0
                         LUT5 (Prop_lut5_I4_O)        0.116     6.017 f  engine/scratchpad_collision_stall_o_INST_0_i_5/O
                         net (fo=4, unplaced)         0.473     6.490    scratchpad/compute_weight_read_pending_q_i_3
                         LUT4 (Prop_lut4_I0_O)        0.116     6.606 f  scratchpad/compute_weight_read_pending_q_i_4/O
                         net (fo=1, unplaced)         0.449     7.055    engine/conv_weight_sent_q_reg
                         LUT4 (Prop_lut4_I3_O)        0.124     7.179 r  engine/compute_weight_read_pending_q_i_3/O
                         net (fo=8, unplaced)         0.487     7.666    engine/conv_weight_request_ready
                         LUT5 (Prop_lut5_I3_O)        0.124     7.790 r  engine/metadata_count_q[3]_i_4/O
                         net (fo=72, unplaced)        0.540     8.330    conv2d_controller/metadata_count_q_reg[0]_0
                         LUT6 (Prop_lut6_I5_O)        0.124     8.454 r  conv2d_controller/metadata_input_mask_q[2][7]_i_2/O
                         net (fo=10, unplaced)        0.492     8.946    conv2d_controller/metadata_first_q[2]
                         LUT2 (Prop_lut2_I0_O)        0.124     9.070 r  conv2d_controller/metadata_input_mask_q[2][7]_i_1/O
                         net (fo=7, unplaced)         0.811     9.881    conv2d_controller/metadata_input_mask_q[2][7]_i_1_n_0
                         FDSE                                         r  conv2d_controller/metadata_input_mask_q_reg[2][3]/S
  -------------------------------------------------------------------    -------------------

                         (clock core_clk rise edge)
                                                     10.000    10.000 r  <hidden>
                                                      0.000    10.000 r  clk_i
                         net (fo=11177, unset)        0.924    10.924    conv2d_controller/clk_i
                         FDSE                                         r  conv2d_controller/metadata_input_mask_q_reg[2][3]/C
                         clock pessimism              0.000    10.924    <hidden>
                         clock uncertainty           -0.035    10.889    <hidden>
                         FDSE (Setup_fdse_C_S)       -0.524    10.365    conv2d_controller/metadata_input_mask_q_reg[2][3]
  -------------------------------------------------------------------
                         required time                         10.365    <hidden>
                         arrival time                          -9.881    <hidden>
  -------------------------------------------------------------------
                         slack                                  0.484    <hidden>

Slack (MET) :             0.484ns  (required time - arrival time)
  Source:                 engine/clear_cursor_q_reg[9]/C
                            (rising edge-triggered cell FDCE clocked by core_clk  {rise@0.000ns fall@5.000ns period=10.000ns})
  Destination:            conv2d_controller/metadata_input_mask_q_reg[2][4]/S
                            (rising edge-triggered cell FDSE clocked by core_clk  {rise@0.000ns fall@5.000ns period=10.000ns})
  Path Group:             core_clk
  Path Type:              Setup (Max at Slow Process Corner)
  Requirement:            10.000ns  (core_clk rise@10.000ns - core_clk rise@0.000ns)
  Data Path Delay:        8.908ns  (logic 2.963ns (33.262%)  route 5.945ns (66.738%))
  Logic Levels:           12  (CARRY4=3 LUT2=1 LUT4=2 LUT5=2 LUT6=4)
  Clock Path Skew:        -0.049ns (DCD - SCD + CPR)
    Destination Clock Delay (DCD):    0.924ns = ( 10.924 - 10.000 ) 
    Source Clock Delay      (SCD):    0.973ns
    Clock Pessimism Removal (CPR):    0.000ns
  Clock Uncertainty:      0.035ns  ((TSJ^2 + TIJ^2)^1/2 + DJ) / 2 + PE
    Total System Jitter     (TSJ):    0.071ns
    Total Input Jitter      (TIJ):    0.000ns
    Discrete Jitter          (DJ):    0.000ns
    Phase Error              (PE):    0.000ns

    Location             Delay type                Incr(ns)  Path(ns)    Netlist Resource(s)
  -------------------------------------------------------------------    -------------------
                         (clock core_clk rise edge)
                                                      0.000     0.000 r  <hidden>
                                                      0.000     0.000 r  clk_i
                         net (fo=11177, unset)        0.973     0.973    engine/clk_i
                         FDCE                                         r  engine/clear_cursor_q_reg[9]/C
  -------------------------------------------------------------------    -------------------
                         FDCE (Prop_fdce_C_Q)         0.518     1.491 r  engine/clear_cursor_q_reg[9]/Q
                         net (fo=2, unplaced)         0.976     2.467    engine/clear_cursor_q_reg_n_0_[9]
                         LUT6 (Prop_lut6_I0_O)        0.295     2.762 r  engine/memory_reg_0_i_48__0/O
                         net (fo=11, unplaced)        0.948     3.710    engine/clear_cursor_q_reg[31]_0[5]
                         LUT6 (Prop_lut6_I0_O)        0.124     3.834 r  engine/scratchpad_collision_stall_o_INST_0_i_126/O
                         net (fo=1, unplaced)         0.000     3.834    engine/scratchpad_collision_stall_o_INST_0_i_126_n_0
                         CARRY4 (Prop_carry4_S[1]_CO[3])
                                                      0.533     4.367 r  engine/scratchpad_collision_stall_o_INST_0_i_104/CO[3]
                         net (fo=1, unplaced)         0.009     4.376    conv2d_controller/scratchpad_collision_stall_o_INST_0_i_29_0[0]
                         CARRY4 (Prop_carry4_CI_CO[3])
                                                      0.117     4.493 r  conv2d_controller/scratchpad_collision_stall_o_INST_0_i_55/CO[3]
                         net (fo=1, unplaced)         0.000     4.493    conv2d_controller/scratchpad_collision_stall_o_INST_0_i_55_n_0
                         CARRY4 (Prop_carry4_CI_CO[0])
                                                      0.281     4.774 f  conv2d_controller/scratchpad_collision_stall_o_INST_0_i_29/CO[0]
                         net (fo=1, unplaced)         0.311     5.085    engine/scratchpad_collision_stall_o_INST_0_i_5_0[0]
                         LUT6 (Prop_lut6_I1_O)        0.367     5.452 r  engine/scratchpad_collision_stall_o_INST_0_i_18/O
                         net (fo=1, unplaced)         0.449     5.901    engine/scratchpad_collision_stall_o_INST_0_i_18_n_0
                         LUT5 (Prop_lut5_I4_O)        0.116     6.017 f  engine/scratchpad_collision_stall_o_INST_0_i_5/O
                         net (fo=4, unplaced)         0.473     6.490    scratchpad/compute_weight_read_pending_q_i_3
                         LUT4 (Prop_lut4_I0_O)        0.116     6.606 f  scratchpad/compute_weight_read_pending_q_i_4/O
                         net (fo=1, unplaced)         0.449     7.055    engine/conv_weight_sent_q_reg
                         LUT4 (Prop_lut4_I3_O)        0.124     7.179 r  engine/compute_weight_read_pending_q_i_3/O
                         net (fo=8, unplaced)         0.487     7.666    engine/conv_weight_request_ready
                         LUT5 (Prop_lut5_I3_O)        0.124     7.790 r  engine/metadata_count_q[3]_i_4/O
                         net (fo=72, unplaced)        0.540     8.330    conv2d_controller/metadata_count_q_reg[0]_0
                         LUT6 (Prop_lut6_I5_O)        0.124     8.454 r  conv2d_controller/metadata_input_mask_q[2][7]_i_2/O
                         net (fo=10, unplaced)        0.492     8.946    conv2d_controller/metadata_first_q[2]
                         LUT2 (Prop_lut2_I0_O)        0.124     9.070 r  conv2d_controller/metadata_input_mask_q[2][7]_i_1/O
                         net (fo=7, unplaced)         0.811     9.881    conv2d_controller/metadata_input_mask_q[2][7]_i_1_n_0
                         FDSE                                         r  conv2d_controller/metadata_input_mask_q_reg[2][4]/S
  -------------------------------------------------------------------    -------------------

                         (clock core_clk rise edge)
                                                     10.000    10.000 r  <hidden>
                                                      0.000    10.000 r  clk_i
                         net (fo=11177, unset)        0.924    10.924    conv2d_controller/clk_i
                         FDSE                                         r  conv2d_controller/metadata_input_mask_q_reg[2][4]/C
                         clock pessimism              0.000    10.924    <hidden>
                         clock uncertainty           -0.035    10.889    <hidden>
                         FDSE (Setup_fdse_C_S)       -0.524    10.365    conv2d_controller/metadata_input_mask_q_reg[2][4]
  -------------------------------------------------------------------
                         required time                         10.365    <hidden>
                         arrival time                          -9.881    <hidden>
  -------------------------------------------------------------------
                         slack                                  0.484    <hidden>

Slack (MET) :             0.484ns  (required time - arrival time)
  Source:                 engine/clear_cursor_q_reg[9]/C
                            (rising edge-triggered cell FDCE clocked by core_clk  {rise@0.000ns fall@5.000ns period=10.000ns})
  Destination:            conv2d_controller/metadata_input_mask_q_reg[2][5]/S
                            (rising edge-triggered cell FDSE clocked by core_clk  {rise@0.000ns fall@5.000ns period=10.000ns})
  Path Group:             core_clk
  Path Type:              Setup (Max at Slow Process Corner)
  Requirement:            10.000ns  (core_clk rise@10.000ns - core_clk rise@0.000ns)
  Data Path Delay:        8.908ns  (logic 2.963ns (33.262%)  route 5.945ns (66.738%))
  Logic Levels:           12  (CARRY4=3 LUT2=1 LUT4=2 LUT5=2 LUT6=4)
  Clock Path Skew:        -0.049ns (DCD - SCD + CPR)
    Destination Clock Delay (DCD):    0.924ns = ( 10.924 - 10.000 ) 
    Source Clock Delay      (SCD):    0.973ns
    Clock Pessimism Removal (CPR):    0.000ns
  Clock Uncertainty:      0.035ns  ((TSJ^2 + TIJ^2)^1/2 + DJ) / 2 + PE
    Total System Jitter     (TSJ):    0.071ns
    Total Input Jitter      (TIJ):    0.000ns
    Discrete Jitter          (DJ):    0.000ns
    Phase Error              (PE):    0.000ns

    Location             Delay type                Incr(ns)  Path(ns)    Netlist Resource(s)
  -------------------------------------------------------------------    -------------------
                         (clock core_clk rise edge)
                                                      0.000     0.000 r  <hidden>
                                                      0.000     0.000 r  clk_i
                         net (fo=11177, unset)        0.973     0.973    engine/clk_i
                         FDCE                                         r  engine/clear_cursor_q_reg[9]/C
  -------------------------------------------------------------------    -------------------
                         FDCE (Prop_fdce_C_Q)         0.518     1.491 r  engine/clear_cursor_q_reg[9]/Q
                         net (fo=2, unplaced)         0.976     2.467    engine/clear_cursor_q_reg_n_0_[9]
                         LUT6 (Prop_lut6_I0_O)        0.295     2.762 r  engine/memory_reg_0_i_48__0/O
                         net (fo=11, unplaced)        0.948     3.710    engine/clear_cursor_q_reg[31]_0[5]
                         LUT6 (Prop_lut6_I0_O)        0.124     3.834 r  engine/scratchpad_collision_stall_o_INST_0_i_126/O
                         net (fo=1, unplaced)         0.000     3.834    engine/scratchpad_collision_stall_o_INST_0_i_126_n_0
                         CARRY4 (Prop_carry4_S[1]_CO[3])
                                                      0.533     4.367 r  engine/scratchpad_collision_stall_o_INST_0_i_104/CO[3]
                         net (fo=1, unplaced)         0.009     4.376    conv2d_controller/scratchpad_collision_stall_o_INST_0_i_29_0[0]
                         CARRY4 (Prop_carry4_CI_CO[3])
                                                      0.117     4.493 r  conv2d_controller/scratchpad_collision_stall_o_INST_0_i_55/CO[3]
                         net (fo=1, unplaced)         0.000     4.493    conv2d_controller/scratchpad_collision_stall_o_INST_0_i_55_n_0
                         CARRY4 (Prop_carry4_CI_CO[0])
                                                      0.281     4.774 f  conv2d_controller/scratchpad_collision_stall_o_INST_0_i_29/CO[0]
                         net (fo=1, unplaced)         0.311     5.085    engine/scratchpad_collision_stall_o_INST_0_i_5_0[0]
                         LUT6 (Prop_lut6_I1_O)        0.367     5.452 r  engine/scratchpad_collision_stall_o_INST_0_i_18/O
                         net (fo=1, unplaced)         0.449     5.901    engine/scratchpad_collision_stall_o_INST_0_i_18_n_0
                         LUT5 (Prop_lut5_I4_O)        0.116     6.017 f  engine/scratchpad_collision_stall_o_INST_0_i_5/O
                         net (fo=4, unplaced)         0.473     6.490    scratchpad/compute_weight_read_pending_q_i_3
                         LUT4 (Prop_lut4_I0_O)        0.116     6.606 f  scratchpad/compute_weight_read_pending_q_i_4/O
                         net (fo=1, unplaced)         0.449     7.055    engine/conv_weight_sent_q_reg
                         LUT4 (Prop_lut4_I3_O)        0.124     7.179 r  engine/compute_weight_read_pending_q_i_3/O
                         net (fo=8, unplaced)         0.487     7.666    engine/conv_weight_request_ready
                         LUT5 (Prop_lut5_I3_O)        0.124     7.790 r  engine/metadata_count_q[3]_i_4/O
                         net (fo=72, unplaced)        0.540     8.330    conv2d_controller/metadata_count_q_reg[0]_0
                         LUT6 (Prop_lut6_I5_O)        0.124     8.454 r  conv2d_controller/metadata_input_mask_q[2][7]_i_2/O
                         net (fo=10, unplaced)        0.492     8.946    conv2d_controller/metadata_first_q[2]
                         LUT2 (Prop_lut2_I0_O)        0.124     9.070 r  conv2d_controller/metadata_input_mask_q[2][7]_i_1/O
                         net (fo=7, unplaced)         0.811     9.881    conv2d_controller/metadata_input_mask_q[2][7]_i_1_n_0
                         FDSE                                         r  conv2d_controller/metadata_input_mask_q_reg[2][5]/S
  -------------------------------------------------------------------    -------------------

                         (clock core_clk rise edge)
                                                     10.000    10.000 r  <hidden>
                                                      0.000    10.000 r  clk_i
                         net (fo=11177, unset)        0.924    10.924    conv2d_controller/clk_i
                         FDSE                                         r  conv2d_controller/metadata_input_mask_q_reg[2][5]/C
                         clock pessimism              0.000    10.924    <hidden>
                         clock uncertainty           -0.035    10.889    <hidden>
                         FDSE (Setup_fdse_C_S)       -0.524    10.365    conv2d_controller/metadata_input_mask_q_reg[2][5]
  -------------------------------------------------------------------
                         required time                         10.365    <hidden>
                         arrival time                          -9.881    <hidden>
  -------------------------------------------------------------------
                         slack                                  0.484    <hidden>

Slack (MET) :             0.484ns  (required time - arrival time)
  Source:                 engine/clear_cursor_q_reg[9]/C
                            (rising edge-triggered cell FDCE clocked by core_clk  {rise@0.000ns fall@5.000ns period=10.000ns})
  Destination:            conv2d_controller/metadata_input_mask_q_reg[2][6]/S
                            (rising edge-triggered cell FDSE clocked by core_clk  {rise@0.000ns fall@5.000ns period=10.000ns})
  Path Group:             core_clk
  Path Type:              Setup (Max at Slow Process Corner)
  Requirement:            10.000ns  (core_clk rise@10.000ns - core_clk rise@0.000ns)
  Data Path Delay:        8.908ns  (logic 2.963ns (33.262%)  route 5.945ns (66.738%))
  Logic Levels:           12  (CARRY4=3 LUT2=1 LUT4=2 LUT5=2 LUT6=4)
  Clock Path Skew:        -0.049ns (DCD - SCD + CPR)
    Destination Clock Delay (DCD):    0.924ns = ( 10.924 - 10.000 ) 
    Source Clock Delay      (SCD):    0.973ns
    Clock Pessimism Removal (CPR):    0.000ns
  Clock Uncertainty:      0.035ns  ((TSJ^2 + TIJ^2)^1/2 + DJ) / 2 + PE
    Total System Jitter     (TSJ):    0.071ns
    Total Input Jitter      (TIJ):    0.000ns
    Discrete Jitter          (DJ):    0.000ns
    Phase Error              (PE):    0.000ns

    Location             Delay type                Incr(ns)  Path(ns)    Netlist Resource(s)
  -------------------------------------------------------------------    -------------------
                         (clock core_clk rise edge)
                                                      0.000     0.000 r  <hidden>
                                                      0.000     0.000 r  clk_i
                         net (fo=11177, unset)        0.973     0.973    engine/clk_i
                         FDCE                                         r  engine/clear_cursor_q_reg[9]/C
  -------------------------------------------------------------------    -------------------
                         FDCE (Prop_fdce_C_Q)         0.518     1.491 r  engine/clear_cursor_q_reg[9]/Q
                         net (fo=2, unplaced)         0.976     2.467    engine/clear_cursor_q_reg_n_0_[9]
                         LUT6 (Prop_lut6_I0_O)        0.295     2.762 r  engine/memory_reg_0_i_48__0/O
                         net (fo=11, unplaced)        0.948     3.710    engine/clear_cursor_q_reg[31]_0[5]
                         LUT6 (Prop_lut6_I0_O)        0.124     3.834 r  engine/scratchpad_collision_stall_o_INST_0_i_126/O
                         net (fo=1, unplaced)         0.000     3.834    engine/scratchpad_collision_stall_o_INST_0_i_126_n_0
                         CARRY4 (Prop_carry4_S[1]_CO[3])
                                                      0.533     4.367 r  engine/scratchpad_collision_stall_o_INST_0_i_104/CO[3]
                         net (fo=1, unplaced)         0.009     4.376    conv2d_controller/scratchpad_collision_stall_o_INST_0_i_29_0[0]
                         CARRY4 (Prop_carry4_CI_CO[3])
                                                      0.117     4.493 r  conv2d_controller/scratchpad_collision_stall_o_INST_0_i_55/CO[3]
                         net (fo=1, unplaced)         0.000     4.493    conv2d_controller/scratchpad_collision_stall_o_INST_0_i_55_n_0
                         CARRY4 (Prop_carry4_CI_CO[0])
                                                      0.281     4.774 f  conv2d_controller/scratchpad_collision_stall_o_INST_0_i_29/CO[0]
                         net (fo=1, unplaced)         0.311     5.085    engine/scratchpad_collision_stall_o_INST_0_i_5_0[0]
                         LUT6 (Prop_lut6_I1_O)        0.367     5.452 r  engine/scratchpad_collision_stall_o_INST_0_i_18/O
                         net (fo=1, unplaced)         0.449     5.901    engine/scratchpad_collision_stall_o_INST_0_i_18_n_0
                         LUT5 (Prop_lut5_I4_O)        0.116     6.017 f  engine/scratchpad_collision_stall_o_INST_0_i_5/O
                         net (fo=4, unplaced)         0.473     6.490    scratchpad/compute_weight_read_pending_q_i_3
                         LUT4 (Prop_lut4_I0_O)        0.116     6.606 f  scratchpad/compute_weight_read_pending_q_i_4/O
                         net (fo=1, unplaced)         0.449     7.055    engine/conv_weight_sent_q_reg
                         LUT4 (Prop_lut4_I3_O)        0.124     7.179 r  engine/compute_weight_read_pending_q_i_3/O
                         net (fo=8, unplaced)         0.487     7.666    engine/conv_weight_request_ready
                         LUT5 (Prop_lut5_I3_O)        0.124     7.790 r  engine/metadata_count_q[3]_i_4/O
                         net (fo=72, unplaced)        0.540     8.330    conv2d_controller/metadata_count_q_reg[0]_0
                         LUT6 (Prop_lut6_I5_O)        0.124     8.454 r  conv2d_controller/metadata_input_mask_q[2][7]_i_2/O
                         net (fo=10, unplaced)        0.492     8.946    conv2d_controller/metadata_first_q[2]
                         LUT2 (Prop_lut2_I0_O)        0.124     9.070 r  conv2d_controller/metadata_input_mask_q[2][7]_i_1/O
                         net (fo=7, unplaced)         0.811     9.881    conv2d_controller/metadata_input_mask_q[2][7]_i_1_n_0
                         FDSE                                         r  conv2d_controller/metadata_input_mask_q_reg[2][6]/S
  -------------------------------------------------------------------    -------------------

                         (clock core_clk rise edge)
                                                     10.000    10.000 r  <hidden>
                                                      0.000    10.000 r  clk_i
                         net (fo=11177, unset)        0.924    10.924    conv2d_controller/clk_i
                         FDSE                                         r  conv2d_controller/metadata_input_mask_q_reg[2][6]/C
                         clock pessimism              0.000    10.924    <hidden>
                         clock uncertainty           -0.035    10.889    <hidden>
                         FDSE (Setup_fdse_C_S)       -0.524    10.365    conv2d_controller/metadata_input_mask_q_reg[2][6]
  -------------------------------------------------------------------
                         required time                         10.365    <hidden>
                         arrival time                          -9.881    <hidden>
  -------------------------------------------------------------------
                         slack                                  0.484    <hidden>





Pulse Width Checks
--------------------------------------------------------------------------------------
Clock Name:         core_clk
Waveform(ns):       { 0.000 5.000 }
Period(ns):         10.000
Sources:            { clk_i }

Check Type        Corner  Lib Pin      Reference Pin  Required(ns)  Actual(ns)  Slack(ns)  Location  Pin
Min Period        n/a     DSP48E1/CLK  n/a            3.884         10.000      6.116                conv2d_controller/mac/product_q_reg[0][0]/CLK
Min Period        n/a     DSP48E1/CLK  n/a            3.884         10.000      6.116                conv2d_controller/mac/product_q_reg[0][1]/CLK
Min Period        n/a     DSP48E1/CLK  n/a            3.884         10.000      6.116                conv2d_controller/mac/product_q_reg[0][2]/CLK
Min Period        n/a     DSP48E1/CLK  n/a            3.884         10.000      6.116                conv2d_controller/mac/product_q_reg[0][3]/CLK
Min Period        n/a     DSP48E1/CLK  n/a            3.884         10.000      6.116                conv2d_controller/mac/product_q_reg[0][4]/CLK
Min Period        n/a     DSP48E1/CLK  n/a            3.884         10.000      6.116                conv2d_controller/mac/product_q_reg[0][5]/CLK
Min Period        n/a     DSP48E1/CLK  n/a            3.884         10.000      6.116                conv2d_controller/mac/product_q_reg[0][6]/CLK
Min Period        n/a     DSP48E1/CLK  n/a            3.884         10.000      6.116                conv2d_controller/mac/product_q_reg[0][7]/CLK
Min Period        n/a     DSP48E1/CLK  n/a            3.884         10.000      6.116                conv2d_controller/mac/product_q_reg[1][0]/CLK
Min Period        n/a     DSP48E1/CLK  n/a            3.884         10.000      6.116                conv2d_controller/mac/product_q_reg[1][1]/CLK
Min Period        n/a     DSP48E1/CLK  n/a            3.884         10.000      6.116                conv2d_controller/mac/product_q_reg[1][2]/CLK
Min Period        n/a     DSP48E1/CLK  n/a            3.884         10.000      6.116                conv2d_controller/mac/product_q_reg[1][3]/CLK
Min Period        n/a     DSP48E1/CLK  n/a            3.884         10.000      6.116                conv2d_controller/mac/product_q_reg[1][4]/CLK
Min Period        n/a     DSP48E1/CLK  n/a            3.884         10.000      6.116                conv2d_controller/mac/product_q_reg[1][5]/CLK
Min Period        n/a     DSP48E1/CLK  n/a            3.884         10.000      6.116                conv2d_controller/mac/product_q_reg[1][6]/CLK
Min Period        n/a     DSP48E1/CLK  n/a            3.884         10.000      6.116                conv2d_controller/mac/product_q_reg[1][7]/CLK
Min Period        n/a     DSP48E1/CLK  n/a            3.884         10.000      6.116                conv2d_controller/mac/product_q_reg[2][0]/CLK
Min Period        n/a     DSP48E1/CLK  n/a            3.884         10.000      6.116                conv2d_controller/mac/product_q_reg[2][1]/CLK
Min Period        n/a     DSP48E1/CLK  n/a            3.884         10.000      6.116                conv2d_controller/mac/product_q_reg[2][2]/CLK
Min Period        n/a     DSP48E1/CLK  n/a            3.884         10.000      6.116                conv2d_controller/mac/product_q_reg[2][3]/CLK
Low Pulse Width   Slow    SRL16E/CLK   n/a            0.980         5.000       4.020                conv2d_controller/mac/sum_l2_first_q_reg_srl2/CLK
Low Pulse Width   Fast    SRL16E/CLK   n/a            0.980         5.000       4.020                conv2d_controller/mac/sum_l2_first_q_reg_srl2/CLK
Low Pulse Width   Slow    SRL16E/CLK   n/a            0.980         5.000       4.020                conv2d_controller/mac/sum_l2_last_q_reg_srl2/CLK
Low Pulse Width   Fast    SRL16E/CLK   n/a            0.980         5.000       4.020                conv2d_controller/mac/sum_l2_last_q_reg_srl2/CLK
Low Pulse Width   Slow    SRL16E/CLK   n/a            0.980         5.000       4.020                conv2d_controller/mac/sum_l2_output_mask_q_reg[1]_srl3/CLK
Low Pulse Width   Fast    SRL16E/CLK   n/a            0.980         5.000       4.020                conv2d_controller/mac/sum_l2_output_mask_q_reg[1]_srl3/CLK
Low Pulse Width   Slow    SRL16E/CLK   n/a            0.980         5.000       4.020                conv2d_controller/mac/sum_l2_output_mask_q_reg[2]_srl3/CLK
Low Pulse Width   Fast    SRL16E/CLK   n/a            0.980         5.000       4.020                conv2d_controller/mac/sum_l2_output_mask_q_reg[2]_srl3/CLK
Low Pulse Width   Slow    SRL16E/CLK   n/a            0.980         5.000       4.020                conv2d_controller/mac/sum_l2_output_mask_q_reg[3]_srl3/CLK
Low Pulse Width   Fast    SRL16E/CLK   n/a            0.980         5.000       4.020                conv2d_controller/mac/sum_l2_output_mask_q_reg[3]_srl3/CLK
Low Pulse Width   Slow    SRL16E/CLK   n/a            0.980         5.000       4.020                conv2d_controller/mac/sum_l2_output_mask_q_reg[4]_srl3/CLK
Low Pulse Width   Fast    SRL16E/CLK   n/a            0.980         5.000       4.020                conv2d_controller/mac/sum_l2_output_mask_q_reg[4]_srl3/CLK
Low Pulse Width   Slow    SRL16E/CLK   n/a            0.980         5.000       4.020                conv2d_controller/mac/sum_l2_output_mask_q_reg[5]_srl3/CLK
Low Pulse Width   Fast    SRL16E/CLK   n/a            0.980         5.000       4.020                conv2d_controller/mac/sum_l2_output_mask_q_reg[5]_srl3/CLK
Low Pulse Width   Slow    SRL16E/CLK   n/a            0.980         5.000       4.020                conv2d_controller/mac/sum_l2_output_mask_q_reg[6]_srl3/CLK
Low Pulse Width   Fast    SRL16E/CLK   n/a            0.980         5.000       4.020                conv2d_controller/mac/sum_l2_output_mask_q_reg[6]_srl3/CLK
Low Pulse Width   Slow    SRL16E/CLK   n/a            0.980         5.000       4.020                conv2d_controller/mac/sum_l2_output_mask_q_reg[7]_srl3/CLK
Low Pulse Width   Fast    SRL16E/CLK   n/a            0.980         5.000       4.020                conv2d_controller/mac/sum_l2_output_mask_q_reg[7]_srl3/CLK
Low Pulse Width   Slow    FDCE/C       n/a            0.500         5.000       4.500                conv_activation_sent_q_reg/C
Low Pulse Width   Fast    FDCE/C       n/a            0.500         5.000       4.500                conv_activation_sent_q_reg/C
High Pulse Width  Slow    SRL16E/CLK   n/a            0.980         5.000       4.020                conv2d_controller/mac/sum_l2_first_q_reg_srl2/CLK
High Pulse Width  Fast    SRL16E/CLK   n/a            0.980         5.000       4.020                conv2d_controller/mac/sum_l2_first_q_reg_srl2/CLK
High Pulse Width  Slow    SRL16E/CLK   n/a            0.980         5.000       4.020                conv2d_controller/mac/sum_l2_last_q_reg_srl2/CLK
High Pulse Width  Fast    SRL16E/CLK   n/a            0.980         5.000       4.020                conv2d_controller/mac/sum_l2_last_q_reg_srl2/CLK
High Pulse Width  Slow    SRL16E/CLK   n/a            0.980         5.000       4.020                conv2d_controller/mac/sum_l2_output_mask_q_reg[1]_srl3/CLK
High Pulse Width  Fast    SRL16E/CLK   n/a            0.980         5.000       4.020                conv2d_controller/mac/sum_l2_output_mask_q_reg[1]_srl3/CLK
High Pulse Width  Slow    SRL16E/CLK   n/a            0.980         5.000       4.020                conv2d_controller/mac/sum_l2_output_mask_q_reg[2]_srl3/CLK
High Pulse Width  Fast    SRL16E/CLK   n/a            0.980         5.000       4.020                conv2d_controller/mac/sum_l2_output_mask_q_reg[2]_srl3/CLK
High Pulse Width  Slow    SRL16E/CLK   n/a            0.980         5.000       4.020                conv2d_controller/mac/sum_l2_output_mask_q_reg[3]_srl3/CLK
High Pulse Width  Fast    SRL16E/CLK   n/a            0.980         5.000       4.020                conv2d_controller/mac/sum_l2_output_mask_q_reg[3]_srl3/CLK
High Pulse Width  Slow    SRL16E/CLK   n/a            0.980         5.000       4.020                conv2d_controller/mac/sum_l2_output_mask_q_reg[4]_srl3/CLK
High Pulse Width  Fast    SRL16E/CLK   n/a            0.980         5.000       4.020                conv2d_controller/mac/sum_l2_output_mask_q_reg[4]_srl3/CLK
High Pulse Width  Slow    SRL16E/CLK   n/a            0.980         5.000       4.020                conv2d_controller/mac/sum_l2_output_mask_q_reg[5]_srl3/CLK
High Pulse Width  Fast    SRL16E/CLK   n/a            0.980         5.000       4.020                conv2d_controller/mac/sum_l2_output_mask_q_reg[5]_srl3/CLK
High Pulse Width  Slow    SRL16E/CLK   n/a            0.980         5.000       4.020                conv2d_controller/mac/sum_l2_output_mask_q_reg[6]_srl3/CLK
High Pulse Width  Fast    SRL16E/CLK   n/a            0.980         5.000       4.020                conv2d_controller/mac/sum_l2_output_mask_q_reg[6]_srl3/CLK
High Pulse Width  Slow    SRL16E/CLK   n/a            0.980         5.000       4.020                conv2d_controller/mac/sum_l2_output_mask_q_reg[7]_srl3/CLK
High Pulse Width  Fast    SRL16E/CLK   n/a            0.980         5.000       4.020                conv2d_controller/mac/sum_l2_output_mask_q_reg[7]_srl3/CLK
High Pulse Width  Slow    FDCE/C       n/a            0.500         5.000       4.500                conv_activation_sent_q_reg/C
High Pulse Width  Fast    FDCE/C       n/a            0.500         5.000       4.500                conv_activation_sent_q_reg/C



