Copyright 1986-2022 Xilinx, Inc. All Rights Reserved. Copyright 2022-2026 Advanced Micro Devices, Inc. All Rights Reserved.
----------------------------------------------------------------------------------------------------------------------------------------------------------------------------------
| Tool Version : Vivado v.2026.1 (win64) Build 6511674 Tue Jun 16 11:02:23 MDT 2026
| Date         : Wed Sep 16 09:27:19 2026
| Host         : RAW2332 running 64-bit major release  (build 9200)
| Command      : report_timing_summary -delay_type max -max_paths 20 -file D:/WORKBUDDY/STEM/npu-stem-repo/hardware/reports/vivado_2026_1/npu_top_impl_fast/timing_post_place.rpt
| Design       : npu_top
| Device       : 7z020-clg400
| Speed File   : -1  PRODUCTION 1.12 2019-11-22
| Design State : Fully Placed
----------------------------------------------------------------------------------------------------------------------------------------------------------------------------------

Timing Summary Report

------------------------------------------------------------------------------------------------
| Timer Settings
| --------------
------------------------------------------------------------------------------------------------

  Enable Multi Corner Analysis               :  Yes
  Enable Pessimism Removal                   :  Yes
  Pessimism Removal Resolution               :  Nearest Common Node
  Enable Input Delay Default Clock           :  No
  Enable Preset / Clear Arcs                 :  No
  Disable Flight Delays                      :  No
  Ignore I/O Paths                           :  No
  Timing Early Launch at Borrowing Latches   :  No
  Borrow Time for Max Delay Exceptions       :  Yes
  Merge Timing Exceptions                    :  Yes
  Inter-SLR Compensation                     :  Conservative

  Corner  Analyze    Analyze    
  Name    Max Paths  Min Paths  
  ------  ---------  ---------  
  Slow    Yes        Yes        
  Fast    Yes        Yes        


------------------------------------------------------------------------------------------------
| Report Methodology
| ------------------
------------------------------------------------------------------------------------------------

No report available as report_methodology has not been run prior. Run report_methodology on the current design for the summary of methodology violations.



check_timing report

Table of Contents
-----------------
1. checking no_clock (0)
2. checking constant_clock (0)
3. checking pulse_width_clock (0)
4. checking unconstrained_internal_endpoints (0)
5. checking no_input_delay (1)
6. checking no_output_delay (0)
7. checking multiple_clock (0)
8. checking generated_clocks (0)
9. checking loops (0)
10. checking partial_input_delay (0)
11. checking partial_output_delay (0)
12. checking latch_loops (0)

1. checking no_clock (0)
------------------------
 There are 0 register/latch pins with no clock.


2. checking constant_clock (0)
------------------------------
 There are 0 register/latch pins with constant_clock.


3. checking pulse_width_clock (0)
---------------------------------
 There are 0 register/latch pins which need pulse_width check


4. checking unconstrained_internal_endpoints (0)
------------------------------------------------
 There are 0 pins that are not constrained for maximum delay.

 There are 0 pins that are not constrained for maximum delay due to constant clock.


5. checking no_input_delay (1)
------------------------------
 There are 0 input ports with no input delay specified.

 There is 1 input port with no input delay but user has a false path constraint. (MEDIUM)


6. checking no_output_delay (0)
-------------------------------
 There are 0 ports with no output delay specified.

 There are 0 ports with no output delay but user has a false path constraint

 There are 0 ports with no output delay but with a timing clock defined on it or propagating through it


7. checking multiple_clock (0)
------------------------------
 There are 0 register/latch pins with multiple clocks.


8. checking generated_clocks (0)
--------------------------------
 There are 0 generated clocks that are not connected to a clock source.


9. checking loops (0)
---------------------
 There are 0 combinational loops in the design.


10. checking partial_input_delay (0)
------------------------------------
 There are 0 input ports with partial input delay specified.


11. checking partial_output_delay (0)
-------------------------------------
 There are 0 ports with partial output delay specified.


12. checking latch_loops (0)
----------------------------
 There are 0 combinational latch loops in the design through latch input



------------------------------------------------------------------------------------------------
| Design Timing Summary
| ---------------------
------------------------------------------------------------------------------------------------

    WNS(ns)      TNS(ns)  TNS Failing Endpoints  TNS Total Endpoints     WPWS(ns)     TPWS(ns)  TPWS Failing Endpoints  TPWS Total Endpoints  
    -------      -------  ---------------------  -------------------     --------     --------  ----------------------  --------------------  
      0.502        0.000                      0                57686        4.020        0.000                       0                 25095  


All user specified timing constraints are met.


------------------------------------------------------------------------------------------------
| Clock Summary
| -------------
------------------------------------------------------------------------------------------------

Clock     Waveform(ns)       Period(ns)      Frequency(MHz)
-----     ------------       ----------      --------------
core_clk  {0.000 5.000}      10.000          100.000         


------------------------------------------------------------------------------------------------
| Intra Clock Table
| -----------------
------------------------------------------------------------------------------------------------

Clock             WNS(ns)      TNS(ns)  TNS Failing Endpoints  TNS Total Endpoints     WPWS(ns)     TPWS(ns)  TPWS Failing Endpoints  TPWS Total Endpoints  
-----             -------      -------  ---------------------  -------------------     --------     --------  ----------------------  --------------------  
core_clk            0.502        0.000                      0                57686        4.020        0.000                       0                 25095  


------------------------------------------------------------------------------------------------
| Inter Clock Table
| -----------------
------------------------------------------------------------------------------------------------

From Clock    To Clock          WNS(ns)      TNS(ns)  TNS Failing Endpoints  TNS Total Endpoints  
----------    --------          -------      -------  ---------------------  -------------------  


------------------------------------------------------------------------------------------------
| Other Path Groups Table
| -----------------------
------------------------------------------------------------------------------------------------

Path Group    From Clock    To Clock          WNS(ns)      TNS(ns)  TNS Failing Endpoints  TNS Total Endpoints  
----------    ----------    --------          -------      -------  ---------------------  -------------------  


------------------------------------------------------------------------------------------------
| Timing Details
| --------------
------------------------------------------------------------------------------------------------


---------------------------------------------------------------------------------------------------
From Clock:  core_clk
  To Clock:  core_clk

Setup :            0  Failing Endpoints,  Worst Slack        0.502ns,  Total Violation        0.000ns
Hold  :           NA  Failing Endpoints,  Worst Slack           NA  ,  Total Violation           NA
PW    :            0  Failing Endpoints,  Worst Slack        4.020ns,  Total Violation        0.000ns
---------------------------------------------------------------------------------------------------


Max Delay Paths
--------------------------------------------------------------------------------------
Slack (MET) :             0.502ns  (required time - arrival time)
  Source:                 core/data_subsystem/engine/external_cursor_q_reg[0]/C
                            (rising edge-triggered cell FDCE clocked by core_clk  {rise@0.000ns fall@5.000ns period=10.000ns})
  Destination:            core/bytes_written_o_reg[63]/D
                            (rising edge-triggered cell FDCE clocked by core_clk  {rise@0.000ns fall@5.000ns period=10.000ns})
  Path Group:             core_clk
  Path Type:              Setup (Max at Slow Process Corner)
  Requirement:            10.000ns  (core_clk rise@10.000ns - core_clk rise@0.000ns)
  Data Path Delay:        9.308ns  (logic 4.327ns (46.487%)  route 4.981ns (53.513%))
  Logic Levels:           22  (CARRY4=17 LUT4=1 LUT5=2 LUT6=2)
  Clock Path Skew:        0.014ns (DCD - SCD + CPR)
    Destination Clock Delay (DCD):    1.601ns = ( 11.601 - 10.000 ) 
    Source Clock Delay      (SCD):    1.702ns
    Clock Pessimism Removal (CPR):    0.115ns
  Clock Uncertainty:      0.235ns  ((TSJ^2 + TIJ^2)^1/2 + DJ) / 2 + PE + UU
    Total System Jitter     (TSJ):    0.071ns
    Total Input Jitter      (TIJ):    0.000ns
    Discrete Jitter          (DJ):    0.000ns
    Phase Error              (PE):    0.000ns
    User Uncertainty         (UU):    0.200ns

    Location             Delay type                Incr(ns)  Path(ns)    Netlist Resource(s)
  -------------------------------------------------------------------    -------------------
                         (clock core_clk rise edge)
                                                      0.000     0.000 r  <hidden>
                                                      0.000     0.000 r  aclk
                         net (fo=25094, unset)        1.702     1.702    core/data_subsystem/engine/aclk
    SLICE_X55Y67         FDCE                                         r  core/data_subsystem/engine/external_cursor_q_reg[0]/C
  -------------------------------------------------------------------    -------------------
    SLICE_X55Y67         FDCE (Prop_fdce_C_Q)         0.456     2.158 r  core/data_subsystem/engine/external_cursor_q_reg[0]/Q
                         net (fo=17, estimated)       1.231     3.389    core/data_subsystem/engine/external_cursor_q_reg[63]_0[0]
    SLICE_X64Y62         LUT5 (Prop_lut5_I4_O)        0.152     3.541 r  core/data_subsystem/engine/m_axi_mem_wstrb[7]_INST_0_i_2/O
                         net (fo=3, estimated)        0.598     4.139    core/data_subsystem/engine/m_axi_mem_wstrb[7]_INST_0_i_2_n_0
    SLICE_X65Y61         LUT6 (Prop_lut6_I0_O)        0.326     4.465 r  core/data_subsystem/engine/m_axi_mem_wstrb[7]_INST_0_i_1/O
                         net (fo=4, estimated)        1.740     6.205    core/data_subsystem/engine/external_cursor_q_reg[1]_1
    SLICE_X94Y51         LUT4 (Prop_lut4_I2_O)        0.124     6.329 r  core/data_subsystem/engine/bytes_written_o[3]_i_9/O
                         net (fo=1, routed)           0.000     6.329    core/data_subsystem/engine/bytes_written_o[3]_i_9_n_0
    SLICE_X94Y51         CARRY4 (Prop_carry4_S[0]_O[0])
                                                      0.252     6.581 r  core/data_subsystem/engine/bytes_written_o_reg[3]_i_3/O[0]
                         net (fo=3, estimated)        0.642     7.223    core/data_subsystem/engine/bytes_written_o_reg[3]_i_3_n_7
    SLICE_X98Y51         LUT6 (Prop_lut6_I0_O)        0.295     7.518 r  core/data_subsystem/engine/bytes_written_o[3]_i_4/O
                         net (fo=1, estimated)        0.468     7.986    core/data_subsystem/engine/bytes_written_o[3]_i_4_n_0
    SLICE_X95Y51         CARRY4 (Prop_carry4_DI[1]_CO[3])
                                                      0.507     8.493 r  core/data_subsystem/engine/bytes_written_o_reg[3]_i_2/CO[3]
                         net (fo=1, estimated)        0.000     8.493    core/data_subsystem/engine/bytes_written_o_reg[3]_i_2_n_0
    SLICE_X95Y52         CARRY4 (Prop_carry4_CI_CO[3])
                                                      0.114     8.607 r  core/data_subsystem/engine/bytes_written_o_reg[7]_i_2/CO[3]
                         net (fo=1, estimated)        0.000     8.607    core/data_subsystem/engine/bytes_written_o_reg[7]_i_2_n_0
    SLICE_X95Y53         CARRY4 (Prop_carry4_CI_CO[3])
                                                      0.114     8.721 r  core/data_subsystem/engine/bytes_written_o_reg[11]_i_2/CO[3]
                         net (fo=1, estimated)        0.000     8.721    core/data_subsystem/engine/bytes_written_o_reg[11]_i_2_n_0
    SLICE_X95Y54         CARRY4 (Prop_carry4_CI_CO[3])
                                                      0.114     8.835 r  core/data_subsystem/engine/bytes_written_o_reg[15]_i_2/CO[3]
                         net (fo=1, estimated)        0.000     8.835    core/data_subsystem/engine/bytes_written_o_reg[15]_i_2_n_0
    SLICE_X95Y55         CARRY4 (Prop_carry4_CI_CO[3])
                                                      0.114     8.949 r  core/data_subsystem/engine/bytes_written_o_reg[19]_i_2/CO[3]
                         net (fo=1, estimated)        0.000     8.949    core/data_subsystem/engine/bytes_written_o_reg[19]_i_2_n_0
    SLICE_X95Y56         CARRY4 (Prop_carry4_CI_CO[3])
                                                      0.114     9.063 r  core/data_subsystem/engine/bytes_written_o_reg[23]_i_2/CO[3]
                         net (fo=1, estimated)        0.000     9.063    core/data_subsystem/engine/bytes_written_o_reg[23]_i_2_n_0
    SLICE_X95Y57         CARRY4 (Prop_carry4_CI_CO[3])
                                                      0.114     9.177 r  core/data_subsystem/engine/bytes_written_o_reg[27]_i_2/CO[3]
                         net (fo=1, estimated)        0.000     9.177    core/data_subsystem/engine/bytes_written_o_reg[27]_i_2_n_0
    SLICE_X95Y58         CARRY4 (Prop_carry4_CI_CO[3])
                                                      0.114     9.291 r  core/data_subsystem/engine/bytes_written_o_reg[31]_i_2/CO[3]
                         net (fo=1, estimated)        0.000     9.291    core/data_subsystem/engine/bytes_written_o_reg[31]_i_2_n_0
    SLICE_X95Y59         CARRY4 (Prop_carry4_CI_CO[3])
                                                      0.114     9.405 r  core/data_subsystem/engine/bytes_written_o_reg[35]_i_2/CO[3]
                         net (fo=1, estimated)        0.000     9.405    core/data_subsystem/engine/bytes_written_o_reg[35]_i_2_n_0
    SLICE_X95Y60         CARRY4 (Prop_carry4_CI_CO[3])
                                                      0.114     9.519 r  core/data_subsystem/engine/bytes_written_o_reg[39]_i_2/CO[3]
                         net (fo=1, estimated)        0.000     9.519    core/data_subsystem/engine/bytes_written_o_reg[39]_i_2_n_0
    SLICE_X95Y61         CARRY4 (Prop_carry4_CI_CO[3])
                                                      0.114     9.633 r  core/data_subsystem/engine/bytes_written_o_reg[43]_i_2/CO[3]
                         net (fo=1, estimated)        0.000     9.633    core/data_subsystem/engine/bytes_written_o_reg[43]_i_2_n_0
    SLICE_X95Y62         CARRY4 (Prop_carry4_CI_CO[3])
                                                      0.114     9.747 r  core/data_subsystem/engine/bytes_written_o_reg[47]_i_2/CO[3]
                         net (fo=1, estimated)        0.000     9.747    core/data_subsystem/engine/bytes_written_o_reg[47]_i_2_n_0
    SLICE_X95Y63         CARRY4 (Prop_carry4_CI_CO[3])
                                                      0.114     9.861 r  core/data_subsystem/engine/bytes_written_o_reg[51]_i_2/CO[3]
                         net (fo=1, estimated)        0.000     9.861    core/data_subsystem/engine/bytes_written_o_reg[51]_i_2_n_0
    SLICE_X95Y64         CARRY4 (Prop_carry4_CI_CO[3])
                                                      0.114     9.975 r  core/data_subsystem/engine/bytes_written_o_reg[55]_i_2/CO[3]
                         net (fo=1, estimated)        0.000     9.975    core/data_subsystem/engine/bytes_written_o_reg[55]_i_2_n_0
    SLICE_X95Y65         CARRY4 (Prop_carry4_CI_CO[3])
                                                      0.114    10.089 r  core/data_subsystem/engine/bytes_written_o_reg[59]_i_2/CO[3]
                         net (fo=1, estimated)        0.000    10.089    core/data_subsystem/engine/bytes_written_o_reg[59]_i_2_n_0
    SLICE_X95Y66         CARRY4 (Prop_carry4_CI_O[3])
                                                      0.313    10.402 r  core/data_subsystem/engine/bytes_written_o_reg[63]_i_4/O[3]
                         net (fo=1, estimated)        0.302    10.704    core/data_subsystem/engine/bytes_written_o0__0[63]
    SLICE_X97Y65         LUT5 (Prop_lut5_I4_O)        0.306    11.010 r  core/data_subsystem/engine/bytes_written_o[63]_i_2/O
                         net (fo=1, routed)           0.000    11.010    core/bytes_written_o0_in[63]
    SLICE_X97Y65         FDCE                                         r  core/bytes_written_o_reg[63]/D
  -------------------------------------------------------------------    -------------------

                         (clock core_clk rise edge)
                                                     10.000    10.000 r  <hidden>
                                                      0.000    10.000 r  aclk
                         net (fo=25094, unset)        1.601    11.601    core/aclk
    SLICE_X97Y65         FDCE                                         r  core/bytes_written_o_reg[63]/C
                         clock pessimism              0.115    11.716    <hidden>
                         clock uncertainty           -0.235    11.481    <hidden>
    SLICE_X97Y65         FDCE (Setup_fdce_C_D)        0.031    11.512    core/bytes_written_o_reg[63]
  -------------------------------------------------------------------
                         required time                         11.512    <hidden>
                         arrival time                         -11.010    <hidden>
  -------------------------------------------------------------------
                         slack                                  0.502    <hidden>

Slack (MET) :             0.503ns  (required time - arrival time)
  Source:                 core/FSM_sequential_state_q_reg[2]_rep__3/C
                            (rising edge-triggered cell FDCE clocked by core_clk  {rise@0.000ns fall@5.000ns period=10.000ns})
  Destination:            core/data_subsystem/scratchpad/g_weight[0].bank/g_memory_lane[3].lane/memory_reg/ADDRARDADDR[14]
                            (rising edge-triggered cell RAMB36E1 clocked by core_clk  {rise@0.000ns fall@5.000ns period=10.000ns})
  Path Group:             core_clk
  Path Type:              Setup (Max at Slow Process Corner)
  Requirement:            10.000ns  (core_clk rise@10.000ns - core_clk rise@0.000ns)
  Data Path Delay:        8.656ns  (logic 1.448ns (16.728%)  route 7.208ns (83.272%))
  Logic Levels:           8  (LUT3=2 LUT4=1 LUT5=2 LUT6=3)
  Clock Path Skew:        -0.040ns (DCD - SCD + CPR)
    Destination Clock Delay (DCD):    1.663ns = ( 11.663 - 10.000 ) 
    Source Clock Delay      (SCD):    1.703ns
    Clock Pessimism Removal (CPR):    0.000ns
  Clock Uncertainty:      0.235ns  ((TSJ^2 + TIJ^2)^1/2 + DJ) / 2 + PE + UU
    Total System Jitter     (TSJ):    0.071ns
    Total Input Jitter      (TIJ):    0.000ns
    Discrete Jitter          (DJ):    0.000ns
    Phase Error              (PE):    0.000ns
    User Uncertainty         (UU):    0.200ns

    Location             Delay type                Incr(ns)  Path(ns)    Netlist Resource(s)
  -------------------------------------------------------------------    -------------------
                         (clock core_clk rise edge)
                                                      0.000     0.000 r  <hidden>
                                                      0.000     0.000 r  aclk
                         net (fo=25094, unset)        1.703     1.703    core/aclk
    SLICE_X57Y67         FDCE                                         r  core/FSM_sequential_state_q_reg[2]_rep__3/C
  -------------------------------------------------------------------    -------------------
    SLICE_X57Y67         FDCE (Prop_fdce_C_Q)         0.456     2.159 f  core/FSM_sequential_state_q_reg[2]_rep__3/Q
                         net (fo=144, estimated)      0.549     2.708    core/command_processor/error_code_o_reg[0]_2
    SLICE_X56Y67         LUT3 (Prop_lut3_I0_O)        0.124     2.832 r  core/command_processor/pc_q[31]_i_4/O
                         net (fo=120, estimated)      0.558     3.390    core/data_subsystem/conv2d_pipeline/controller/mac/accumulator_q_reg[1][0]_1
    SLICE_X57Y67         LUT3 (Prop_lut3_I1_O)        0.124     3.514 r  core/data_subsystem/conv2d_pipeline/controller/mac/state_q[0]_i_2__2/O
                         net (fo=102, estimated)      1.368     4.882    core/data_subsystem/conv2d_pipeline/post/state_q_reg[0]_0
    SLICE_X55Y47         LUT4 (Prop_lut4_I1_O)        0.124     5.006 f  core/data_subsystem/conv2d_pipeline/post/product_q_reg[0][7]_i_36/O
                         net (fo=1, estimated)        0.307     5.313    core/data_subsystem/conv2d_pipeline/controller/mac/mac_input_ready
    SLICE_X54Y45         LUT5 (Prop_lut5_I0_O)        0.124     5.437 f  core/data_subsystem/conv2d_pipeline/controller/mac/product_q_reg[0][7]_i_33/O
                         net (fo=2, estimated)        0.508     5.945    core/data_subsystem/conv2d_pipeline/controller/mac/controller_response_ready
    SLICE_X63Y41         LUT6 (Prop_lut6_I5_O)        0.124     6.069 f  core/data_subsystem/conv2d_pipeline/controller/mac/product_q_reg[0][7]_i_31/O
                         net (fo=14, estimated)       0.529     6.598    core/data_subsystem/conv2d_pipeline/controller/conv_weight_response_ready
    SLICE_X65Y37         LUT6 (Prop_lut6_I3_O)        0.124     6.722 r  core/data_subsystem/conv2d_pipeline/controller/memory_reg_i_98__0/O
                         net (fo=11, estimated)       1.039     7.761    core/vec_add/residual_requant/memory_reg
    SLICE_X69Y31         LUT5 (Prop_lut5_I0_O)        0.124     7.885 f  core/vec_add/residual_requant/memory_reg_i_100/O
                         net (fo=9, estimated)        0.687     8.572    core/data_subsystem/engine/memory_reg_3
    SLICE_X70Y25         LUT6 (Prop_lut6_I4_O)        0.124     8.696 r  core/data_subsystem/engine/memory_reg_i_3__5/O
                         net (fo=8, estimated)        1.663    10.359    core/data_subsystem/scratchpad/g_weight[0].bank/g_memory_lane[3].lane/ADDRARDADDR[8]
    RAMB36_X4Y1          RAMB36E1                                     r  core/data_subsystem/scratchpad/g_weight[0].bank/g_memory_lane[3].lane/memory_reg/ADDRARDADDR[14]
  -------------------------------------------------------------------    -------------------

                         (clock core_clk rise edge)
                                                     10.000    10.000 r  <hidden>
                                                      0.000    10.000 r  aclk
                         net (fo=25094, unset)        1.663    11.663    core/data_subsystem/scratchpad/g_weight[0].bank/g_memory_lane[3].lane/aclk
    RAMB36_X4Y1          RAMB36E1                                     r  core/data_subsystem/scratchpad/g_weight[0].bank/g_memory_lane[3].lane/memory_reg/CLKARDCLK
                         clock pessimism              0.000    11.663    <hidden>
                         clock uncertainty           -0.235    11.428    <hidden>
    RAMB36_X4Y1          RAMB36E1 (Setup_ramb36e1_CLKARDCLK_ADDRARDADDR[14])
                                                     -0.566    10.862    core/data_subsystem/scratchpad/g_weight[0].bank/g_memory_lane[3].lane/memory_reg
  -------------------------------------------------------------------
                         required time                         10.862    <hidden>
                         arrival time                         -10.359    <hidden>
  -------------------------------------------------------------------
                         slack                                  0.503    <hidden>

Slack (MET) :             0.507ns  (required time - arrival time)
  Source:                 core/data_subsystem/engine/external_cursor_q_reg[0]/C
                            (rising edge-triggered cell FDCE clocked by core_clk  {rise@0.000ns fall@5.000ns period=10.000ns})
  Destination:            core/bytes_written_o_reg[59]/D
                            (rising edge-triggered cell FDCE clocked by core_clk  {rise@0.000ns fall@5.000ns period=10.000ns})
  Path Group:             core_clk
  Path Type:              Setup (Max at Slow Process Corner)
  Requirement:            10.000ns  (core_clk rise@10.000ns - core_clk rise@0.000ns)
  Data Path Delay:        9.351ns  (logic 4.213ns (45.054%)  route 5.138ns (54.946%))
  Logic Levels:           21  (CARRY4=16 LUT4=1 LUT5=2 LUT6=2)
  Clock Path Skew:        0.014ns (DCD - SCD + CPR)
    Destination Clock Delay (DCD):    1.601ns = ( 11.601 - 10.000 ) 
    Source Clock Delay      (SCD):    1.702ns
    Clock Pessimism Removal (CPR):    0.115ns
  Clock Uncertainty:      0.235ns  ((TSJ^2 + TIJ^2)^1/2 + DJ) / 2 + PE + UU
    Total System Jitter     (TSJ):    0.071ns
    Total Input Jitter      (TIJ):    0.000ns
    Discrete Jitter          (DJ):    0.000ns
    Phase Error              (PE):    0.000ns
    User Uncertainty         (UU):    0.200ns

    Location             Delay type                Incr(ns)  Path(ns)    Netlist Resource(s)
  -------------------------------------------------------------------    -------------------
                         (clock core_clk rise edge)
                                                      0.000     0.000 r  <hidden>
                                                      0.000     0.000 r  aclk
                         net (fo=25094, unset)        1.702     1.702    core/data_subsystem/engine/aclk
    SLICE_X55Y67         FDCE                                         r  core/data_subsystem/engine/external_cursor_q_reg[0]/C
  -------------------------------------------------------------------    -------------------
    SLICE_X55Y67         FDCE (Prop_fdce_C_Q)         0.456     2.158 r  core/data_subsystem/engine/external_cursor_q_reg[0]/Q
                         net (fo=17, estimated)       1.231     3.389    core/data_subsystem/engine/external_cursor_q_reg[63]_0[0]
    SLICE_X64Y62         LUT5 (Prop_lut5_I4_O)        0.152     3.541 r  core/data_subsystem/engine/m_axi_mem_wstrb[7]_INST_0_i_2/O
                         net (fo=3, estimated)        0.598     4.139    core/data_subsystem/engine/m_axi_mem_wstrb[7]_INST_0_i_2_n_0
    SLICE_X65Y61         LUT6 (Prop_lut6_I0_O)        0.326     4.465 r  core/data_subsystem/engine/m_axi_mem_wstrb[7]_INST_0_i_1/O
                         net (fo=4, estimated)        1.740     6.205    core/data_subsystem/engine/external_cursor_q_reg[1]_1
    SLICE_X94Y51         LUT4 (Prop_lut4_I2_O)        0.124     6.329 r  core/data_subsystem/engine/bytes_written_o[3]_i_9/O
                         net (fo=1, routed)           0.000     6.329    core/data_subsystem/engine/bytes_written_o[3]_i_9_n_0
    SLICE_X94Y51         CARRY4 (Prop_carry4_S[0]_O[0])
                                                      0.252     6.581 r  core/data_subsystem/engine/bytes_written_o_reg[3]_i_3/O[0]
                         net (fo=3, estimated)        0.642     7.223    core/data_subsystem/engine/bytes_written_o_reg[3]_i_3_n_7
    SLICE_X98Y51         LUT6 (Prop_lut6_I0_O)        0.295     7.518 r  core/data_subsystem/engine/bytes_written_o[3]_i_4/O
                         net (fo=1, estimated)        0.468     7.986    core/data_subsystem/engine/bytes_written_o[3]_i_4_n_0
    SLICE_X95Y51         CARRY4 (Prop_carry4_DI[1]_CO[3])
                                                      0.507     8.493 r  core/data_subsystem/engine/bytes_written_o_reg[3]_i_2/CO[3]
                         net (fo=1, estimated)        0.000     8.493    core/data_subsystem/engine/bytes_written_o_reg[3]_i_2_n_0
    SLICE_X95Y52         CARRY4 (Prop_carry4_CI_CO[3])
                                                      0.114     8.607 r  core/data_subsystem/engine/bytes_written_o_reg[7]_i_2/CO[3]
                         net (fo=1, estimated)        0.000     8.607    core/data_subsystem/engine/bytes_written_o_reg[7]_i_2_n_0
    SLICE_X95Y53         CARRY4 (Prop_carry4_CI_CO[3])
                                                      0.114     8.721 r  core/data_subsystem/engine/bytes_written_o_reg[11]_i_2/CO[3]
                         net (fo=1, estimated)        0.000     8.721    core/data_subsystem/engine/bytes_written_o_reg[11]_i_2_n_0
    SLICE_X95Y54         CARRY4 (Prop_carry4_CI_CO[3])
                                                      0.114     8.835 r  core/data_subsystem/engine/bytes_written_o_reg[15]_i_2/CO[3]
                         net (fo=1, estimated)        0.000     8.835    core/data_subsystem/engine/bytes_written_o_reg[15]_i_2_n_0
    SLICE_X95Y55         CARRY4 (Prop_carry4_CI_CO[3])
                                                      0.114     8.949 r  core/data_subsystem/engine/bytes_written_o_reg[19]_i_2/CO[3]
                         net (fo=1, estimated)        0.000     8.949    core/data_subsystem/engine/bytes_written_o_reg[19]_i_2_n_0
    SLICE_X95Y56         CARRY4 (Prop_carry4_CI_CO[3])
                                                      0.114     9.063 r  core/data_subsystem/engine/bytes_written_o_reg[23]_i_2/CO[3]
                         net (fo=1, estimated)        0.000     9.063    core/data_subsystem/engine/bytes_written_o_reg[23]_i_2_n_0
    SLICE_X95Y57         CARRY4 (Prop_carry4_CI_CO[3])
                                                      0.114     9.177 r  core/data_subsystem/engine/bytes_written_o_reg[27]_i_2/CO[3]
                         net (fo=1, estimated)        0.000     9.177    core/data_subsystem/engine/bytes_written_o_reg[27]_i_2_n_0
    SLICE_X95Y58         CARRY4 (Prop_carry4_CI_CO[3])
                                                      0.114     9.291 r  core/data_subsystem/engine/bytes_written_o_reg[31]_i_2/CO[3]
                         net (fo=1, estimated)        0.000     9.291    core/data_subsystem/engine/bytes_written_o_reg[31]_i_2_n_0
    SLICE_X95Y59         CARRY4 (Prop_carry4_CI_CO[3])
                                                      0.114     9.405 r  core/data_subsystem/engine/bytes_written_o_reg[35]_i_2/CO[3]
                         net (fo=1, estimated)        0.000     9.405    core/data_subsystem/engine/bytes_written_o_reg[35]_i_2_n_0
    SLICE_X95Y60         CARRY4 (Prop_carry4_CI_CO[3])
                                                      0.114     9.519 r  core/data_subsystem/engine/bytes_written_o_reg[39]_i_2/CO[3]
                         net (fo=1, estimated)        0.000     9.519    core/data_subsystem/engine/bytes_written_o_reg[39]_i_2_n_0
    SLICE_X95Y61         CARRY4 (Prop_carry4_CI_CO[3])
                                                      0.114     9.633 r  core/data_subsystem/engine/bytes_written_o_reg[43]_i_2/CO[3]
                         net (fo=1, estimated)        0.000     9.633    core/data_subsystem/engine/bytes_written_o_reg[43]_i_2_n_0
    SLICE_X95Y62         CARRY4 (Prop_carry4_CI_CO[3])
                                                      0.114     9.747 r  core/data_subsystem/engine/bytes_written_o_reg[47]_i_2/CO[3]
                         net (fo=1, estimated)        0.000     9.747    core/data_subsystem/engine/bytes_written_o_reg[47]_i_2_n_0
    SLICE_X95Y63         CARRY4 (Prop_carry4_CI_CO[3])
                                                      0.114     9.861 r  core/data_subsystem/engine/bytes_written_o_reg[51]_i_2/CO[3]
                         net (fo=1, estimated)        0.000     9.861    core/data_subsystem/engine/bytes_written_o_reg[51]_i_2_n_0
    SLICE_X95Y64         CARRY4 (Prop_carry4_CI_CO[3])
                                                      0.114     9.975 r  core/data_subsystem/engine/bytes_written_o_reg[55]_i_2/CO[3]
                         net (fo=1, estimated)        0.000     9.975    core/data_subsystem/engine/bytes_written_o_reg[55]_i_2_n_0
    SLICE_X95Y65         CARRY4 (Prop_carry4_CI_O[3])
                                                      0.313    10.288 r  core/data_subsystem/engine/bytes_written_o_reg[59]_i_2/O[3]
                         net (fo=1, estimated)        0.459    10.747    core/data_subsystem/engine/bytes_written_o0__0[59]
    SLICE_X96Y65         LUT5 (Prop_lut5_I4_O)        0.306    11.053 r  core/data_subsystem/engine/bytes_written_o[59]_i_1/O
                         net (fo=1, routed)           0.000    11.053    core/bytes_written_o0_in[59]
    SLICE_X96Y65         FDCE                                         r  core/bytes_written_o_reg[59]/D
  -------------------------------------------------------------------    -------------------

                         (clock core_clk rise edge)
                                                     10.000    10.000 r  <hidden>
                                                      0.000    10.000 r  aclk
                         net (fo=25094, unset)        1.601    11.601    core/aclk
    SLICE_X96Y65         FDCE                                         r  core/bytes_written_o_reg[59]/C
                         clock pessimism              0.115    11.716    <hidden>
                         clock uncertainty           -0.235    11.481    <hidden>
    SLICE_X96Y65         FDCE (Setup_fdce_C_D)        0.079    11.560    core/bytes_written_o_reg[59]
  -------------------------------------------------------------------
                         required time                         11.560    <hidden>
                         arrival time                         -11.053    <hidden>
  -------------------------------------------------------------------
                         slack                                  0.507    <hidden>

Slack (MET) :             0.510ns  (required time - arrival time)
  Source:                 core/loader/FSM_sequential_state_q_reg[0]_rep__4/C
                            (rising edge-triggered cell FDPE clocked by core_clk  {rise@0.000ns fall@5.000ns period=10.000ns})
  Destination:            core/block_reader/FSM_sequential_state_q_reg[0]/D
                            (rising edge-triggered cell FDCE clocked by core_clk  {rise@0.000ns fall@5.000ns period=10.000ns})
  Path Group:             core_clk
  Path Type:              Setup (Max at Slow Process Corner)
  Requirement:            10.000ns  (core_clk rise@10.000ns - core_clk rise@0.000ns)
  Data Path Delay:        9.223ns  (logic 3.262ns (35.368%)  route 5.961ns (64.632%))
  Logic Levels:           11  (CARRY4=4 LUT3=1 LUT4=2 LUT5=3 LUT6=1)
  Clock Path Skew:        -0.061ns (DCD - SCD + CPR)
    Destination Clock Delay (DCD):    1.545ns = ( 11.545 - 10.000 ) 
    Source Clock Delay      (SCD):    1.721ns
    Clock Pessimism Removal (CPR):    0.115ns
  Clock Uncertainty:      0.235ns  ((TSJ^2 + TIJ^2)^1/2 + DJ) / 2 + PE + UU
    Total System Jitter     (TSJ):    0.071ns
    Total Input Jitter      (TIJ):    0.000ns
    Discrete Jitter          (DJ):    0.000ns
    Phase Error              (PE):    0.000ns
    User Uncertainty         (UU):    0.200ns

    Location             Delay type                Incr(ns)  Path(ns)    Netlist Resource(s)
  -------------------------------------------------------------------    -------------------
                         (clock core_clk rise edge)
                                                      0.000     0.000 r  <hidden>
                                                      0.000     0.000 r  aclk
                         net (fo=25094, unset)        1.721     1.721    core/loader/aclk
    SLICE_X82Y96         FDPE                                         r  core/loader/FSM_sequential_state_q_reg[0]_rep__4/C
  -------------------------------------------------------------------    -------------------
    SLICE_X82Y96         FDPE (Prop_fdpe_C_Q)         0.518     2.239 r  core/loader/FSM_sequential_state_q_reg[0]_rep__4/Q
                         net (fo=115, estimated)      1.372     3.611    core/loader/FSM_sequential_state_q_reg[0]_rep__4_0
    SLICE_X66Y102        LUT4 (Prop_lut4_I2_O)        0.124     3.735 r  core/loader/address_q[35]_i_5/O
                         net (fo=39, estimated)       0.511     4.246    core/loader/address_q[35]_i_5_n_0
    SLICE_X67Y103        LUT5 (Prop_lut5_I3_O)        0.124     4.370 r  core/loader/address_q[3]_i_8/O
                         net (fo=1, routed)           0.000     4.370    core/loader/address_q[3]_i_8_n_0
    SLICE_X67Y103        CARRY4 (Prop_carry4_S[1]_CO[3])
                                                      0.550     4.920 r  core/loader/address_q_reg[3]_i_2/CO[3]
                         net (fo=1, estimated)        0.000     4.920    core/loader/address_q_reg[3]_i_2_n_0
    SLICE_X67Y104        CARRY4 (Prop_carry4_CI_O[0])
                                                      0.222     5.142 r  core/loader/address_q_reg[7]_i_3/O[0]
                         net (fo=1, estimated)        0.835     5.977    core/memory_arbiter/memory_request_address[0]_140[4]
    SLICE_X80Y102        LUT6 (Prop_lut6_I1_O)        0.299     6.276 r  core/memory_arbiter/address_q[4]_i_1__0/O
                         net (fo=3, estimated)        0.950     7.226    core/memory_arbiter/pending_address_q_reg[63][4]
    SLICE_X67Y100        LUT3 (Prop_lut3_I2_O)        0.124     7.350 r  core/memory_arbiter/FSM_sequential_state_q[1]_i_22/O
                         net (fo=1, routed)           0.000     7.350    core/memory_arbiter/FSM_sequential_state_q[1]_i_22_n_0
    SLICE_X67Y100        CARRY4 (Prop_carry4_S[0]_CO[3])
                                                      0.532     7.882 r  core/memory_arbiter/FSM_sequential_state_q_reg[1]_i_12/CO[3]
                         net (fo=1, estimated)        0.000     7.882    core/memory_arbiter/FSM_sequential_state_q_reg[1]_i_12_n_0
    SLICE_X67Y101        CARRY4 (Prop_carry4_CI_O[0])
                                                      0.222     8.104 f  core/memory_arbiter/FSM_sequential_state_q_reg[1]_i_14/O[0]
                         net (fo=1, estimated)        0.463     8.567    core/memory_arbiter/FSM_sequential_state_q_reg[1]_i_14_n_7
    SLICE_X66Y100        LUT4 (Prop_lut4_I3_O)        0.299     8.866 f  core/memory_arbiter/FSM_sequential_state_q[1]_i_4__4/O
                         net (fo=2, estimated)        1.119     9.985    core/memory_arbiter/FSM_sequential_state_q[1]_i_4__4_n_0
    SLICE_X80Y101        LUT5 (Prop_lut5_I0_O)        0.124    10.109 r  core/memory_arbiter/FSM_sequential_state_q[1]_i_2__5/O
                         net (fo=2, estimated)        0.711    10.820    core/block_reader/FSM_sequential_state_q_reg[1]_2
    SLICE_X80Y97         LUT5 (Prop_lut5_I2_O)        0.124    10.944 r  core/block_reader/FSM_sequential_state_q[0]_i_1__4/O
                         net (fo=1, routed)           0.000    10.944    core/block_reader/FSM_sequential_state_q[0]_i_1__4_n_0
    SLICE_X80Y97         FDCE                                         r  core/block_reader/FSM_sequential_state_q_reg[0]/D
  -------------------------------------------------------------------    -------------------

                         (clock core_clk rise edge)
                                                     10.000    10.000 r  <hidden>
                                                      0.000    10.000 r  aclk
                         net (fo=25094, unset)        1.545    11.545    core/block_reader/aclk
    SLICE_X80Y97         FDCE                                         r  core/block_reader/FSM_sequential_state_q_reg[0]/C
                         clock pessimism              0.115    11.660    <hidden>
                         clock uncertainty           -0.235    11.425    <hidden>
    SLICE_X80Y97         FDCE (Setup_fdce_C_D)        0.029    11.454    core/block_reader/FSM_sequential_state_q_reg[0]
  -------------------------------------------------------------------
                         required time                         11.454    <hidden>
                         arrival time                         -10.944    <hidden>
  -------------------------------------------------------------------
                         slack                                  0.510    <hidden>

Slack (MET) :             0.510ns  (required time - arrival time)
  Source:                 core/FSM_sequential_state_q_reg[2]_rep__3/C
                            (rising edge-triggered cell FDCE clocked by core_clk  {rise@0.000ns fall@5.000ns period=10.000ns})
  Destination:            core/data_subsystem/scratchpad/g_activation[0].bank/g_memory_lane[1].lane/memory_reg_5/ADDRBWRADDR[11]
                            (rising edge-triggered cell RAMB36E1 clocked by core_clk  {rise@0.000ns fall@5.000ns period=10.000ns})
  Path Group:             core_clk
  Path Type:              Setup (Max at Slow Process Corner)
  Requirement:            10.000ns  (core_clk rise@10.000ns - core_clk rise@0.000ns)
  Data Path Delay:        8.603ns  (logic 1.448ns (16.831%)  route 7.155ns (83.169%))
  Logic Levels:           8  (LUT3=2 LUT4=1 LUT5=2 LUT6=3)
  Clock Path Skew:        -0.086ns (DCD - SCD + CPR)
    Destination Clock Delay (DCD):    1.617ns = ( 11.617 - 10.000 ) 
    Source Clock Delay      (SCD):    1.703ns
    Clock Pessimism Removal (CPR):    0.000ns
  Clock Uncertainty:      0.235ns  ((TSJ^2 + TIJ^2)^1/2 + DJ) / 2 + PE + UU
    Total System Jitter     (TSJ):    0.071ns
    Total Input Jitter      (TIJ):    0.000ns
    Discrete Jitter          (DJ):    0.000ns
    Phase Error              (PE):    0.000ns
    User Uncertainty         (UU):    0.200ns

    Location             Delay type                Incr(ns)  Path(ns)    Netlist Resource(s)
  -------------------------------------------------------------------    -------------------
                         (clock core_clk rise edge)
                                                      0.000     0.000 r  <hidden>
                                                      0.000     0.000 r  aclk
                         net (fo=25094, unset)        1.703     1.703    core/aclk
    SLICE_X57Y67         FDCE                                         r  core/FSM_sequential_state_q_reg[2]_rep__3/C
  -------------------------------------------------------------------    -------------------
    SLICE_X57Y67         FDCE (Prop_fdce_C_Q)         0.456     2.159 f  core/FSM_sequential_state_q_reg[2]_rep__3/Q
                         net (fo=144, estimated)      0.549     2.708    core/command_processor/error_code_o_reg[0]_2
    SLICE_X56Y67         LUT3 (Prop_lut3_I0_O)        0.124     2.832 r  core/command_processor/pc_q[31]_i_4/O
                         net (fo=120, estimated)      0.558     3.390    core/data_subsystem/conv2d_pipeline/controller/mac/accumulator_q_reg[1][0]_1
    SLICE_X57Y67         LUT3 (Prop_lut3_I1_O)        0.124     3.514 r  core/data_subsystem/conv2d_pipeline/controller/mac/state_q[0]_i_2__2/O
                         net (fo=102, estimated)      1.368     4.882    core/data_subsystem/conv2d_pipeline/post/state_q_reg[0]_0
    SLICE_X55Y47         LUT4 (Prop_lut4_I1_O)        0.124     5.006 f  core/data_subsystem/conv2d_pipeline/post/product_q_reg[0][7]_i_36/O
                         net (fo=1, estimated)        0.307     5.313    core/data_subsystem/conv2d_pipeline/controller/mac/mac_input_ready
    SLICE_X54Y45         LUT5 (Prop_lut5_I0_O)        0.124     5.437 f  core/data_subsystem/conv2d_pipeline/controller/mac/product_q_reg[0][7]_i_33/O
                         net (fo=2, estimated)        0.184     5.621    core/data_subsystem/conv2d_pipeline/controller/controller_response_ready
    SLICE_X54Y45         LUT6 (Prop_lut6_I1_O)        0.124     5.745 f  core/data_subsystem/conv2d_pipeline/controller/product_q_reg[0][7]_i_30/O
                         net (fo=8, estimated)        0.995     6.740    core/data_subsystem/conv2d_pipeline/controller/conv_activation_response_ready
    SLICE_X39Y37         LUT6 (Prop_lut6_I3_O)        0.124     6.864 r  core/data_subsystem/conv2d_pipeline/controller/memory_reg_0_i_42__3/O
                         net (fo=14, estimated)       0.706     7.570    core/vec_add/residual_requant/memory_reg_7
    SLICE_X38Y37         LUT5 (Prop_lut5_I0_O)        0.124     7.694 f  core/vec_add/residual_requant/memory_reg_0_i_45__3/O
                         net (fo=12, estimated)       0.895     8.589    core/data_subsystem/engine/memory_reg_7_1
    SLICE_X33Y25         LUT6 (Prop_lut6_I4_O)        0.124     8.713 r  core/data_subsystem/engine/memory_reg_0_i_18/O
                         net (fo=16, estimated)       1.593    10.306    core/data_subsystem/scratchpad/g_activation[0].bank/g_memory_lane[1].lane/memory_reg_7_1[8]
    RAMB36_X0Y7          RAMB36E1                                     r  core/data_subsystem/scratchpad/g_activation[0].bank/g_memory_lane[1].lane/memory_reg_5/ADDRBWRADDR[11]
  -------------------------------------------------------------------    -------------------

                         (clock core_clk rise edge)
                                                     10.000    10.000 r  <hidden>
                                                      0.000    10.000 r  aclk
                         net (fo=25094, unset)        1.617    11.617    core/data_subsystem/scratchpad/g_activation[0].bank/g_memory_lane[1].lane/aclk
    RAMB36_X0Y7          RAMB36E1                                     r  core/data_subsystem/scratchpad/g_activation[0].bank/g_memory_lane[1].lane/memory_reg_5/CLKBWRCLK
                         clock pessimism              0.000    11.617    <hidden>
                         clock uncertainty           -0.235    11.382    <hidden>
    RAMB36_X0Y7          RAMB36E1 (Setup_ramb36e1_CLKBWRCLK_ADDRBWRADDR[11])
                                                     -0.566    10.816    core/data_subsystem/scratchpad/g_activation[0].bank/g_memory_lane[1].lane/memory_reg_5
  -------------------------------------------------------------------
                         required time                         10.816    <hidden>
                         arrival time                         -10.306    <hidden>
  -------------------------------------------------------------------
                         slack                                  0.510    <hidden>

Slack (MET) :             0.512ns  (required time - arrival time)
  Source:                 core/FSM_sequential_state_q_reg[2]_rep__3/C
                            (rising edge-triggered cell FDCE clocked by core_clk  {rise@0.000ns fall@5.000ns period=10.000ns})
  Destination:            core/data_subsystem/scratchpad/g_activation[0].bank/g_memory_lane[0].lane/memory_reg_6/ADDRBWRADDR[6]
                            (rising edge-triggered cell RAMB36E1 clocked by core_clk  {rise@0.000ns fall@5.000ns period=10.000ns})
  Path Group:             core_clk
  Path Type:              Setup (Max at Slow Process Corner)
  Requirement:            10.000ns  (core_clk rise@10.000ns - core_clk rise@0.000ns)
  Data Path Delay:        8.599ns  (logic 1.448ns (16.839%)  route 7.151ns (83.161%))
  Logic Levels:           8  (LUT3=2 LUT4=1 LUT5=2 LUT6=3)
  Clock Path Skew:        -0.088ns (DCD - SCD + CPR)
    Destination Clock Delay (DCD):    1.615ns = ( 11.615 - 10.000 ) 
    Source Clock Delay      (SCD):    1.703ns
    Clock Pessimism Removal (CPR):    0.000ns
  Clock Uncertainty:      0.235ns  ((TSJ^2 + TIJ^2)^1/2 + DJ) / 2 + PE + UU
    Total System Jitter     (TSJ):    0.071ns
    Total Input Jitter      (TIJ):    0.000ns
    Discrete Jitter          (DJ):    0.000ns
    Phase Error              (PE):    0.000ns
    User Uncertainty         (UU):    0.200ns

    Location             Delay type                Incr(ns)  Path(ns)    Netlist Resource(s)
  -------------------------------------------------------------------    -------------------
                         (clock core_clk rise edge)
                                                      0.000     0.000 r  <hidden>
                                                      0.000     0.000 r  aclk
                         net (fo=25094, unset)        1.703     1.703    core/aclk
    SLICE_X57Y67         FDCE                                         r  core/FSM_sequential_state_q_reg[2]_rep__3/C
  -------------------------------------------------------------------    -------------------
    SLICE_X57Y67         FDCE (Prop_fdce_C_Q)         0.456     2.159 f  core/FSM_sequential_state_q_reg[2]_rep__3/Q
                         net (fo=144, estimated)      0.549     2.708    core/command_processor/error_code_o_reg[0]_2
    SLICE_X56Y67         LUT3 (Prop_lut3_I0_O)        0.124     2.832 r  core/command_processor/pc_q[31]_i_4/O
                         net (fo=120, estimated)      0.558     3.390    core/data_subsystem/conv2d_pipeline/controller/mac/accumulator_q_reg[1][0]_1
    SLICE_X57Y67         LUT3 (Prop_lut3_I1_O)        0.124     3.514 r  core/data_subsystem/conv2d_pipeline/controller/mac/state_q[0]_i_2__2/O
                         net (fo=102, estimated)      1.368     4.882    core/data_subsystem/conv2d_pipeline/post/state_q_reg[0]_0
    SLICE_X55Y47         LUT4 (Prop_lut4_I1_O)        0.124     5.006 f  core/data_subsystem/conv2d_pipeline/post/product_q_reg[0][7]_i_36/O
                         net (fo=1, estimated)        0.307     5.313    core/data_subsystem/conv2d_pipeline/controller/mac/mac_input_ready
    SLICE_X54Y45         LUT5 (Prop_lut5_I0_O)        0.124     5.437 f  core/data_subsystem/conv2d_pipeline/controller/mac/product_q_reg[0][7]_i_33/O
                         net (fo=2, estimated)        0.184     5.621    core/data_subsystem/conv2d_pipeline/controller/controller_response_ready
    SLICE_X54Y45         LUT6 (Prop_lut6_I1_O)        0.124     5.745 f  core/data_subsystem/conv2d_pipeline/controller/product_q_reg[0][7]_i_30/O
                         net (fo=8, estimated)        0.995     6.740    core/data_subsystem/conv2d_pipeline/controller/conv_activation_response_ready
    SLICE_X39Y37         LUT6 (Prop_lut6_I3_O)        0.124     6.864 r  core/data_subsystem/conv2d_pipeline/controller/memory_reg_0_i_42__3/O
                         net (fo=14, estimated)       0.706     7.570    core/vec_add/residual_requant/memory_reg_7
    SLICE_X38Y37         LUT5 (Prop_lut5_I0_O)        0.124     7.694 f  core/vec_add/residual_requant/memory_reg_0_i_45__3/O
                         net (fo=12, estimated)       0.709     8.403    core/data_subsystem/engine/memory_reg_7_1
    SLICE_X33Y31         LUT6 (Prop_lut6_I4_O)        0.124     8.527 r  core/data_subsystem/engine/memory_reg_0_i_23/O
                         net (fo=16, estimated)       1.775    10.302    core/data_subsystem/scratchpad/g_activation[0].bank/g_memory_lane[0].lane/memory_reg_7_1[3]
    RAMB36_X0Y3          RAMB36E1                                     r  core/data_subsystem/scratchpad/g_activation[0].bank/g_memory_lane[0].lane/memory_reg_6/ADDRBWRADDR[6]
  -------------------------------------------------------------------    -------------------

                         (clock core_clk rise edge)
                                                     10.000    10.000 r  <hidden>
                                                      0.000    10.000 r  aclk
                         net (fo=25094, unset)        1.615    11.615    core/data_subsystem/scratchpad/g_activation[0].bank/g_memory_lane[0].lane/aclk
    RAMB36_X0Y3          RAMB36E1                                     r  core/data_subsystem/scratchpad/g_activation[0].bank/g_memory_lane[0].lane/memory_reg_6/CLKBWRCLK
                         clock pessimism              0.000    11.615    <hidden>
                         clock uncertainty           -0.235    11.380    <hidden>
    RAMB36_X0Y3          RAMB36E1 (Setup_ramb36e1_CLKBWRCLK_ADDRBWRADDR[6])
                                                     -0.566    10.814    core/data_subsystem/scratchpad/g_activation[0].bank/g_memory_lane[0].lane/memory_reg_6
  -------------------------------------------------------------------
                         required time                         10.814    <hidden>
                         arrival time                         -10.302    <hidden>
  -------------------------------------------------------------------
                         slack                                  0.512    <hidden>

Slack (MET) :             0.518ns  (required time - arrival time)
  Source:                 core/data_subsystem/conv2d_pipeline/post/clamped_q_reg[2]/C
                            (rising edge-triggered cell FDRE clocked by core_clk  {rise@0.000ns fall@5.000ns period=10.000ns})
  Destination:            core/data_subsystem/conv2d_pipeline/post/output_data_q_reg[7]/D
                            (rising edge-triggered cell FDRE clocked by core_clk  {rise@0.000ns fall@5.000ns period=10.000ns})
  Path Group:             core_clk
  Path Type:              Setup (Max at Slow Process Corner)
  Requirement:            10.000ns  (core_clk rise@10.000ns - core_clk rise@0.000ns)
  Data Path Delay:        9.144ns  (logic 2.555ns (27.942%)  route 6.589ns (72.058%))
  Logic Levels:           10  (CARRY4=2 LUT1=1 LUT4=1 LUT5=1 LUT6=5)
  Clock Path Skew:        -0.134ns (DCD - SCD + CPR)
    Destination Clock Delay (DCD):    1.472ns = ( 11.472 - 10.000 ) 
    Source Clock Delay      (SCD):    1.721ns
    Clock Pessimism Removal (CPR):    0.115ns
  Clock Uncertainty:      0.235ns  ((TSJ^2 + TIJ^2)^1/2 + DJ) / 2 + PE + UU
    Total System Jitter     (TSJ):    0.071ns
    Total Input Jitter      (TIJ):    0.000ns
    Discrete Jitter          (DJ):    0.000ns
    Phase Error              (PE):    0.000ns
    User Uncertainty         (UU):    0.200ns

    Location             Delay type                Incr(ns)  Path(ns)    Netlist Resource(s)
  -------------------------------------------------------------------    -------------------
                         (clock core_clk rise edge)
                                                      0.000     0.000 r  <hidden>
                                                      0.000     0.000 r  aclk
                         net (fo=25094, unset)        1.721     1.721    core/data_subsystem/conv2d_pipeline/post/aclk
    SLICE_X82Y27         FDRE                                         r  core/data_subsystem/conv2d_pipeline/post/clamped_q_reg[2]/C
  -------------------------------------------------------------------    -------------------
    SLICE_X82Y27         FDRE (Prop_fdre_C_Q)         0.518     2.239 f  core/data_subsystem/conv2d_pipeline/post/clamped_q_reg[2]/Q
                         net (fo=3, estimated)        0.790     3.029    core/data_subsystem/conv2d_pipeline/post/clamped_q_reg_n_0_[2]
    SLICE_X68Y27         LUT1 (Prop_lut1_I0_O)        0.124     3.153 r  core/data_subsystem/conv2d_pipeline/post/i___311_i_22/O
                         net (fo=1, routed)           0.000     3.153    core/data_subsystem/conv2d_pipeline/post/quotient5[2]
    SLICE_X68Y27         CARRY4 (Prop_carry4_S[1]_CO[3])
                                                      0.550     3.703 r  core/data_subsystem/conv2d_pipeline/post/i___311_i_7/CO[3]
                         net (fo=1, estimated)        0.000     3.703    core/data_subsystem/conv2d_pipeline/post/i___311_i_7_n_0
    SLICE_X68Y28         CARRY4 (Prop_carry4_CI_O[3])
                                                      0.313     4.016 r  core/data_subsystem/conv2d_pipeline/post/i___311_i_4/O[3]
                         net (fo=6, estimated)        0.997     5.013    core/data_subsystem/conv2d_pipeline/post/i___311_i_4_n_4
    SLICE_X67Y28         LUT6 (Prop_lut6_I4_O)        0.306     5.319 r  core/data_subsystem/conv2d_pipeline/post/i___311_i_17/O
                         net (fo=4, estimated)        0.746     6.065    core/data_subsystem/conv2d_pipeline/post/i___311_i_17_n_0
    SLICE_X67Y26         LUT6 (Prop_lut6_I1_O)        0.124     6.189 r  core/data_subsystem/conv2d_pipeline/post/i___311_i_25/O
                         net (fo=3, estimated)        0.745     6.934    core/data_subsystem/conv2d_pipeline/post/i___311_i_25_n_0
    SLICE_X67Y25         LUT6 (Prop_lut6_I0_O)        0.124     7.058 r  core/data_subsystem/conv2d_pipeline/post/i___311_i_10/O
                         net (fo=2, estimated)        0.651     7.709    core/data_subsystem/conv2d_pipeline/post/i___311_i_10_n_0
    SLICE_X66Y25         LUT6 (Prop_lut6_I1_O)        0.124     7.833 r  core/data_subsystem/conv2d_pipeline/post/i___312_i_1/O
                         net (fo=10, estimated)       1.017     8.850    core/data_subsystem/conv2d_pipeline/post/quotient1
    SLICE_X64Y28         LUT5 (Prop_lut5_I1_O)        0.124     8.974 r  core/data_subsystem/conv2d_pipeline/post/output_data_q[119]_i_5/O
                         net (fo=1, estimated)        0.834     9.808    core/data_subsystem/conv2d_pipeline/post/output_data_q[119]_i_5_n_0
    SLICE_X64Y28         LUT6 (Prop_lut6_I1_O)        0.124     9.932 r  core/data_subsystem/conv2d_pipeline/post/output_data_q[119]_i_2/O
                         net (fo=8, estimated)        0.809    10.741    core/data_subsystem/conv2d_pipeline/post/p_1_in[7]
    SLICE_X52Y31         LUT4 (Prop_lut4_I0_O)        0.124    10.865 r  core/data_subsystem/conv2d_pipeline/post/output_data_q[7]_i_1/O
                         net (fo=1, routed)           0.000    10.865    core/data_subsystem/conv2d_pipeline/post/output_data_q[7]_i_1_n_0
    SLICE_X52Y31         FDRE                                         r  core/data_subsystem/conv2d_pipeline/post/output_data_q_reg[7]/D
  -------------------------------------------------------------------    -------------------

                         (clock core_clk rise edge)
                                                     10.000    10.000 r  <hidden>
                                                      0.000    10.000 r  aclk
                         net (fo=25094, unset)        1.472    11.472    core/data_subsystem/conv2d_pipeline/post/aclk
    SLICE_X52Y31         FDRE                                         r  core/data_subsystem/conv2d_pipeline/post/output_data_q_reg[7]/C
                         clock pessimism              0.115    11.587    <hidden>
                         clock uncertainty           -0.235    11.352    <hidden>
    SLICE_X52Y31         FDRE (Setup_fdre_C_D)        0.031    11.383    core/data_subsystem/conv2d_pipeline/post/output_data_q_reg[7]
  -------------------------------------------------------------------
                         required time                         11.383    <hidden>
                         arrival time                         -10.865    <hidden>
  -------------------------------------------------------------------
                         slack                                  0.518    <hidden>

Slack (MET) :             0.518ns  (required time - arrival time)
  Source:                 core/FSM_sequential_state_q_reg[2]_rep__3/C
                            (rising edge-triggered cell FDCE clocked by core_clk  {rise@0.000ns fall@5.000ns period=10.000ns})
  Destination:            core/data_subsystem/scratchpad/g_activation[1].bank/g_memory_lane[0].lane/memory_reg_3/ADDRBWRADDR[6]
                            (rising edge-triggered cell RAMB36E1 clocked by core_clk  {rise@0.000ns fall@5.000ns period=10.000ns})
  Path Group:             core_clk
  Path Type:              Setup (Max at Slow Process Corner)
  Requirement:            10.000ns  (core_clk rise@10.000ns - core_clk rise@0.000ns)
  Data Path Delay:        8.505ns  (logic 1.448ns (17.025%)  route 7.057ns (82.975%))
  Logic Levels:           8  (LUT3=2 LUT4=1 LUT5=2 LUT6=3)
  Clock Path Skew:        -0.176ns (DCD - SCD + CPR)
    Destination Clock Delay (DCD):    1.513ns = ( 11.513 - 10.000 ) 
    Source Clock Delay      (SCD):    1.703ns
    Clock Pessimism Removal (CPR):    0.014ns
  Clock Uncertainty:      0.235ns  ((TSJ^2 + TIJ^2)^1/2 + DJ) / 2 + PE + UU
    Total System Jitter     (TSJ):    0.071ns
    Total Input Jitter      (TIJ):    0.000ns
    Discrete Jitter          (DJ):    0.000ns
    Phase Error              (PE):    0.000ns
    User Uncertainty         (UU):    0.200ns

    Location             Delay type                Incr(ns)  Path(ns)    Netlist Resource(s)
  -------------------------------------------------------------------    -------------------
                         (clock core_clk rise edge)
                                                      0.000     0.000 r  <hidden>
                                                      0.000     0.000 r  aclk
                         net (fo=25094, unset)        1.703     1.703    core/aclk
    SLICE_X57Y67         FDCE                                         r  core/FSM_sequential_state_q_reg[2]_rep__3/C
  -------------------------------------------------------------------    -------------------
    SLICE_X57Y67         FDCE (Prop_fdce_C_Q)         0.456     2.159 f  core/FSM_sequential_state_q_reg[2]_rep__3/Q
                         net (fo=144, estimated)      0.549     2.708    core/command_processor/error_code_o_reg[0]_2
    SLICE_X56Y67         LUT3 (Prop_lut3_I0_O)        0.124     2.832 r  core/command_processor/pc_q[31]_i_4/O
                         net (fo=120, estimated)      0.558     3.390    core/data_subsystem/conv2d_pipeline/controller/mac/accumulator_q_reg[1][0]_1
    SLICE_X57Y67         LUT3 (Prop_lut3_I1_O)        0.124     3.514 r  core/data_subsystem/conv2d_pipeline/controller/mac/state_q[0]_i_2__2/O
                         net (fo=102, estimated)      1.368     4.882    core/data_subsystem/conv2d_pipeline/post/state_q_reg[0]_0
    SLICE_X55Y47         LUT4 (Prop_lut4_I1_O)        0.124     5.006 f  core/data_subsystem/conv2d_pipeline/post/product_q_reg[0][7]_i_36/O
                         net (fo=1, estimated)        0.307     5.313    core/data_subsystem/conv2d_pipeline/controller/mac/mac_input_ready
    SLICE_X54Y45         LUT5 (Prop_lut5_I0_O)        0.124     5.437 f  core/data_subsystem/conv2d_pipeline/controller/mac/product_q_reg[0][7]_i_33/O
                         net (fo=2, estimated)        0.184     5.621    core/data_subsystem/conv2d_pipeline/controller/controller_response_ready
    SLICE_X54Y45         LUT6 (Prop_lut6_I1_O)        0.124     5.745 f  core/data_subsystem/conv2d_pipeline/controller/product_q_reg[0][7]_i_30/O
                         net (fo=8, estimated)        0.949     6.694    core/data_subsystem/conv2d_pipeline/controller/conv_activation_response_ready
    SLICE_X46Y39         LUT6 (Prop_lut6_I2_O)        0.124     6.818 r  core/data_subsystem/conv2d_pipeline/controller/memory_reg_0_i_40__4/O
                         net (fo=14, estimated)       0.633     7.451    core/vec_add/residual_requant/memory_reg_7_0
    SLICE_X40Y38         LUT5 (Prop_lut5_I0_O)        0.124     7.575 f  core/vec_add/residual_requant/memory_reg_0_i_41__3/O
                         net (fo=12, estimated)       0.549     8.124    core/data_subsystem/engine/memory_reg_7_4
    SLICE_X32Y38         LUT6 (Prop_lut6_I4_O)        0.124     8.248 r  core/data_subsystem/engine/memory_reg_0_i_23__0/O
                         net (fo=16, estimated)       1.960    10.208    core/data_subsystem/scratchpad/g_activation[1].bank/g_memory_lane[0].lane/memory_reg_7_9[3]
    RAMB36_X2Y13         RAMB36E1                                     r  core/data_subsystem/scratchpad/g_activation[1].bank/g_memory_lane[0].lane/memory_reg_3/ADDRBWRADDR[6]
  -------------------------------------------------------------------    -------------------

                         (clock core_clk rise edge)
                                                     10.000    10.000 r  <hidden>
                                                      0.000    10.000 r  aclk
                         net (fo=25094, unset)        1.513    11.513    core/data_subsystem/scratchpad/g_activation[1].bank/g_memory_lane[0].lane/aclk
    RAMB36_X2Y13         RAMB36E1                                     r  core/data_subsystem/scratchpad/g_activation[1].bank/g_memory_lane[0].lane/memory_reg_3/CLKBWRCLK
                         clock pessimism              0.014    11.527    <hidden>
                         clock uncertainty           -0.235    11.292    <hidden>
    RAMB36_X2Y13         RAMB36E1 (Setup_ramb36e1_CLKBWRCLK_ADDRBWRADDR[6])
                                                     -0.566    10.726    core/data_subsystem/scratchpad/g_activation[1].bank/g_memory_lane[0].lane/memory_reg_3
  -------------------------------------------------------------------
                         required time                         10.726    <hidden>
                         arrival time                         -10.208    <hidden>
  -------------------------------------------------------------------
                         slack                                  0.518    <hidden>

Slack (MET) :             0.520ns  (required time - arrival time)
  Source:                 core/data_subsystem/conv2d_pipeline/post/biased_q_reg[4][2]/C
                            (rising edge-triggered cell FDRE clocked by core_clk  {rise@0.000ns fall@5.000ns period=10.000ns})
  Destination:            core/data_subsystem/conv2d_pipeline/post/product_q_reg__0/PCIN[0]
                            (rising edge-triggered cell DSP48E1 clocked by core_clk  {rise@0.000ns fall@5.000ns period=10.000ns})
  Path Group:             core_clk
  Path Type:              Setup (Max at Slow Process Corner)
  Requirement:            10.000ns  (core_clk rise@10.000ns - core_clk rise@0.000ns)
  Data Path Delay:        7.940ns  (logic 4.864ns (61.259%)  route 3.076ns (38.741%))
  Logic Levels:           4  (DSP48E1=1 LUT5=1 LUT6=2)
  Clock Path Skew:        0.096ns (DCD - SCD + CPR)
    Destination Clock Delay (DCD):    1.713ns = ( 11.713 - 10.000 ) 
    Source Clock Delay      (SCD):    1.732ns
    Clock Pessimism Removal (CPR):    0.115ns
  Clock Uncertainty:      0.235ns  ((TSJ^2 + TIJ^2)^1/2 + DJ) / 2 + PE + UU
    Total System Jitter     (TSJ):    0.071ns
    Total Input Jitter      (TIJ):    0.000ns
    Discrete Jitter          (DJ):    0.000ns
    Phase Error              (PE):    0.000ns
    User Uncertainty         (UU):    0.200ns

    Location             Delay type                Incr(ns)  Path(ns)    Netlist Resource(s)
  -------------------------------------------------------------------    -------------------
                         (clock core_clk rise edge)
                                                      0.000     0.000 r  <hidden>
                                                      0.000     0.000 r  aclk
                         net (fo=25094, unset)        1.732     1.732    core/data_subsystem/conv2d_pipeline/post/aclk
    SLICE_X67Y46         FDRE                                         r  core/data_subsystem/conv2d_pipeline/post/biased_q_reg[4][2]/C
  -------------------------------------------------------------------    -------------------
    SLICE_X67Y46         FDRE (Prop_fdre_C_Q)         0.456     2.188 r  core/data_subsystem/conv2d_pipeline/post/biased_q_reg[4][2]/Q
                         net (fo=1, estimated)        0.952     3.140    core/data_subsystem/conv2d_pipeline/post/biased_q_reg[4]_6[2]
    SLICE_X71Y45         LUT5 (Prop_lut5_I0_O)        0.124     3.264 r  core/data_subsystem/conv2d_pipeline/post/product_q0__0_i_66/O
                         net (fo=1, estimated)        0.679     3.943    core/data_subsystem/conv2d_pipeline/post/product_q0__0_i_66_n_0
    SLICE_X85Y41         LUT6 (Prop_lut6_I5_O)        0.124     4.067 r  core/data_subsystem/conv2d_pipeline/post/product_q0__0_i_47/O
                         net (fo=1, estimated)        0.718     4.785    core/data_subsystem/conv2d_pipeline/post/product_q0__0_i_47_n_0
    SLICE_X95Y41         LUT6 (Prop_lut6_I5_O)        0.124     4.909 r  core/data_subsystem/conv2d_pipeline/post/product_q0__0_i_15/O
                         net (fo=1, estimated)        0.727     5.636    core/data_subsystem/conv2d_pipeline/post/biased_q[2]
    DSP48_X3Y18          DSP48E1 (Prop_dsp48e1_A[2]_PCOUT[0])
                                                      4.036     9.672 r  core/data_subsystem/conv2d_pipeline/post/product_q0__0/PCOUT[0]
                         net (fo=1, estimated)        0.000     9.672    core/data_subsystem/conv2d_pipeline/post/product_q0__0_n_153
    DSP48_X3Y19          DSP48E1                                      r  core/data_subsystem/conv2d_pipeline/post/product_q_reg__0/PCIN[0]
  -------------------------------------------------------------------    -------------------

                         (clock core_clk rise edge)
                                                     10.000    10.000 r  <hidden>
                                                      0.000    10.000 r  aclk
                         net (fo=25094, unset)        1.713    11.713    core/data_subsystem/conv2d_pipeline/post/aclk
    DSP48_X3Y19          DSP48E1                                      r  core/data_subsystem/conv2d_pipeline/post/product_q_reg__0/CLK
                         clock pessimism              0.115    11.828    <hidden>
                         clock uncertainty           -0.235    11.592    <hidden>
    DSP48_X3Y19          DSP48E1 (Setup_dsp48e1_CLK_PCIN[0])
                                                     -1.400    10.192    core/data_subsystem/conv2d_pipeline/post/product_q_reg__0
  -------------------------------------------------------------------
                         required time                         10.192    <hidden>
                         arrival time                          -9.672    <hidden>
  -------------------------------------------------------------------
                         slack                                  0.520    <hidden>

Slack (MET) :             0.520ns  (required time - arrival time)
  Source:                 core/data_subsystem/conv2d_pipeline/post/biased_q_reg[4][2]/C
                            (rising edge-triggered cell FDRE clocked by core_clk  {rise@0.000ns fall@5.000ns period=10.000ns})
  Destination:            core/data_subsystem/conv2d_pipeline/post/product_q_reg__0/PCIN[10]
                            (rising edge-triggered cell DSP48E1 clocked by core_clk  {rise@0.000ns fall@5.000ns period=10.000ns})
  Path Group:             core_clk
  Path Type:              Setup (Max at Slow Process Corner)
  Requirement:            10.000ns  (core_clk rise@10.000ns - core_clk rise@0.000ns)
  Data Path Delay:        7.940ns  (logic 4.864ns (61.259%)  route 3.076ns (38.741%))
  Logic Levels:           4  (DSP48E1=1 LUT5=1 LUT6=2)
  Clock Path Skew:        0.096ns (DCD - SCD + CPR)
    Destination Clock Delay (DCD):    1.713ns = ( 11.713 - 10.000 ) 
    Source Clock Delay      (SCD):    1.732ns
    Clock Pessimism Removal (CPR):    0.115ns
  Clock Uncertainty:      0.235ns  ((TSJ^2 + TIJ^2)^1/2 + DJ) / 2 + PE + UU
    Total System Jitter     (TSJ):    0.071ns
    Total Input Jitter      (TIJ):    0.000ns
    Discrete Jitter          (DJ):    0.000ns
    Phase Error              (PE):    0.000ns
    User Uncertainty         (UU):    0.200ns

    Location             Delay type                Incr(ns)  Path(ns)    Netlist Resource(s)
  -------------------------------------------------------------------    -------------------
                         (clock core_clk rise edge)
                                                      0.000     0.000 r  <hidden>
                                                      0.000     0.000 r  aclk
                         net (fo=25094, unset)        1.732     1.732    core/data_subsystem/conv2d_pipeline/post/aclk
    SLICE_X67Y46         FDRE                                         r  core/data_subsystem/conv2d_pipeline/post/biased_q_reg[4][2]/C
  -------------------------------------------------------------------    -------------------
    SLICE_X67Y46         FDRE (Prop_fdre_C_Q)         0.456     2.188 r  core/data_subsystem/conv2d_pipeline/post/biased_q_reg[4][2]/Q
                         net (fo=1, estimated)        0.952     3.140    core/data_subsystem/conv2d_pipeline/post/biased_q_reg[4]_6[2]
    SLICE_X71Y45         LUT5 (Prop_lut5_I0_O)        0.124     3.264 r  core/data_subsystem/conv2d_pipeline/post/product_q0__0_i_66/O
                         net (fo=1, estimated)        0.679     3.943    core/data_subsystem/conv2d_pipeline/post/product_q0__0_i_66_n_0
    SLICE_X85Y41         LUT6 (Prop_lut6_I5_O)        0.124     4.067 r  core/data_subsystem/conv2d_pipeline/post/product_q0__0_i_47/O
                         net (fo=1, estimated)        0.718     4.785    core/data_subsystem/conv2d_pipeline/post/product_q0__0_i_47_n_0
    SLICE_X95Y41         LUT6 (Prop_lut6_I5_O)        0.124     4.909 r  core/data_subsystem/conv2d_pipeline/post/product_q0__0_i_15/O
                         net (fo=1, estimated)        0.727     5.636    core/data_subsystem/conv2d_pipeline/post/biased_q[2]
    DSP48_X3Y18          DSP48E1 (Prop_dsp48e1_A[2]_PCOUT[10])
                                                      4.036     9.672 r  core/data_subsystem/conv2d_pipeline/post/product_q0__0/PCOUT[10]
                         net (fo=1, estimated)        0.000     9.672    core/data_subsystem/conv2d_pipeline/post/product_q0__0_n_143
    DSP48_X3Y19          DSP48E1                                      r  core/data_subsystem/conv2d_pipeline/post/product_q_reg__0/PCIN[10]
  -------------------------------------------------------------------    -------------------

                         (clock core_clk rise edge)
                                                     10.000    10.000 r  <hidden>
                                                      0.000    10.000 r  aclk
                         net (fo=25094, unset)        1.713    11.713    core/data_subsystem/conv2d_pipeline/post/aclk
    DSP48_X3Y19          DSP48E1                                      r  core/data_subsystem/conv2d_pipeline/post/product_q_reg__0/CLK
                         clock pessimism              0.115    11.828    <hidden>
                         clock uncertainty           -0.235    11.592    <hidden>
    DSP48_X3Y19          DSP48E1 (Setup_dsp48e1_CLK_PCIN[10])
                                                     -1.400    10.192    core/data_subsystem/conv2d_pipeline/post/product_q_reg__0
  -------------------------------------------------------------------
                         required time                         10.192    <hidden>
                         arrival time                          -9.672    <hidden>
  -------------------------------------------------------------------
                         slack                                  0.520    <hidden>

Slack (MET) :             0.520ns  (required time - arrival time)
  Source:                 core/data_subsystem/conv2d_pipeline/post/biased_q_reg[4][2]/C
                            (rising edge-triggered cell FDRE clocked by core_clk  {rise@0.000ns fall@5.000ns period=10.000ns})
  Destination:            core/data_subsystem/conv2d_pipeline/post/product_q_reg__0/PCIN[11]
                            (rising edge-triggered cell DSP48E1 clocked by core_clk  {rise@0.000ns fall@5.000ns period=10.000ns})
  Path Group:             core_clk
  Path Type:              Setup (Max at Slow Process Corner)
  Requirement:            10.000ns  (core_clk rise@10.000ns - core_clk rise@0.000ns)
  Data Path Delay:        7.940ns  (logic 4.864ns (61.259%)  route 3.076ns (38.741%))
  Logic Levels:           4  (DSP48E1=1 LUT5=1 LUT6=2)
  Clock Path Skew:        0.096ns (DCD - SCD + CPR)
    Destination Clock Delay (DCD):    1.713ns = ( 11.713 - 10.000 ) 
    Source Clock Delay      (SCD):    1.732ns
    Clock Pessimism Removal (CPR):    0.115ns
  Clock Uncertainty:      0.235ns  ((TSJ^2 + TIJ^2)^1/2 + DJ) / 2 + PE + UU
    Total System Jitter     (TSJ):    0.071ns
    Total Input Jitter      (TIJ):    0.000ns
    Discrete Jitter          (DJ):    0.000ns
    Phase Error              (PE):    0.000ns
    User Uncertainty         (UU):    0.200ns

    Location             Delay type                Incr(ns)  Path(ns)    Netlist Resource(s)
  -------------------------------------------------------------------    -------------------
                         (clock core_clk rise edge)
                                                      0.000     0.000 r  <hidden>
                                                      0.000     0.000 r  aclk
                         net (fo=25094, unset)        1.732     1.732    core/data_subsystem/conv2d_pipeline/post/aclk
    SLICE_X67Y46         FDRE                                         r  core/data_subsystem/conv2d_pipeline/post/biased_q_reg[4][2]/C
  -------------------------------------------------------------------    -------------------
    SLICE_X67Y46         FDRE (Prop_fdre_C_Q)         0.456     2.188 r  core/data_subsystem/conv2d_pipeline/post/biased_q_reg[4][2]/Q
                         net (fo=1, estimated)        0.952     3.140    core/data_subsystem/conv2d_pipeline/post/biased_q_reg[4]_6[2]
    SLICE_X71Y45         LUT5 (Prop_lut5_I0_O)        0.124     3.264 r  core/data_subsystem/conv2d_pipeline/post/product_q0__0_i_66/O
                         net (fo=1, estimated)        0.679     3.943    core/data_subsystem/conv2d_pipeline/post/product_q0__0_i_66_n_0
    SLICE_X85Y41         LUT6 (Prop_lut6_I5_O)        0.124     4.067 r  core/data_subsystem/conv2d_pipeline/post/product_q0__0_i_47/O
                         net (fo=1, estimated)        0.718     4.785    core/data_subsystem/conv2d_pipeline/post/product_q0__0_i_47_n_0
    SLICE_X95Y41         LUT6 (Prop_lut6_I5_O)        0.124     4.909 r  core/data_subsystem/conv2d_pipeline/post/product_q0__0_i_15/O
                         net (fo=1, estimated)        0.727     5.636    core/data_subsystem/conv2d_pipeline/post/biased_q[2]
    DSP48_X3Y18          DSP48E1 (Prop_dsp48e1_A[2]_PCOUT[11])
                                                      4.036     9.672 r  core/data_subsystem/conv2d_pipeline/post/product_q0__0/PCOUT[11]
                         net (fo=1, estimated)        0.000     9.672    core/data_subsystem/conv2d_pipeline/post/product_q0__0_n_142
    DSP48_X3Y19          DSP48E1                                      r  core/data_subsystem/conv2d_pipeline/post/product_q_reg__0/PCIN[11]
  -------------------------------------------------------------------    -------------------

                         (clock core_clk rise edge)
                                                     10.000    10.000 r  <hidden>
                                                      0.000    10.000 r  aclk
                         net (fo=25094, unset)        1.713    11.713    core/data_subsystem/conv2d_pipeline/post/aclk
    DSP48_X3Y19          DSP48E1                                      r  core/data_subsystem/conv2d_pipeline/post/product_q_reg__0/CLK
                         clock pessimism              0.115    11.828    <hidden>
                         clock uncertainty           -0.235    11.592    <hidden>
    DSP48_X3Y19          DSP48E1 (Setup_dsp48e1_CLK_PCIN[11])
                                                     -1.400    10.192    core/data_subsystem/conv2d_pipeline/post/product_q_reg__0
  -------------------------------------------------------------------
                         required time                         10.192    <hidden>
                         arrival time                          -9.672    <hidden>
  -------------------------------------------------------------------
                         slack                                  0.520    <hidden>

Slack (MET) :             0.520ns  (required time - arrival time)
  Source:                 core/data_subsystem/conv2d_pipeline/post/biased_q_reg[4][2]/C
                            (rising edge-triggered cell FDRE clocked by core_clk  {rise@0.000ns fall@5.000ns period=10.000ns})
  Destination:            core/data_subsystem/conv2d_pipeline/post/product_q_reg__0/PCIN[12]
                            (rising edge-triggered cell DSP48E1 clocked by core_clk  {rise@0.000ns fall@5.000ns period=10.000ns})
  Path Group:             core_clk
  Path Type:              Setup (Max at Slow Process Corner)
  Requirement:            10.000ns  (core_clk rise@10.000ns - core_clk rise@0.000ns)
  Data Path Delay:        7.940ns  (logic 4.864ns (61.259%)  route 3.076ns (38.741%))
  Logic Levels:           4  (DSP48E1=1 LUT5=1 LUT6=2)
  Clock Path Skew:        0.096ns (DCD - SCD + CPR)
    Destination Clock Delay (DCD):    1.713ns = ( 11.713 - 10.000 ) 
    Source Clock Delay      (SCD):    1.732ns
    Clock Pessimism Removal (CPR):    0.115ns
  Clock Uncertainty:      0.235ns  ((TSJ^2 + TIJ^2)^1/2 + DJ) / 2 + PE + UU
    Total System Jitter     (TSJ):    0.071ns
    Total Input Jitter      (TIJ):    0.000ns
    Discrete Jitter          (DJ):    0.000ns
    Phase Error              (PE):    0.000ns
    User Uncertainty         (UU):    0.200ns

    Location             Delay type                Incr(ns)  Path(ns)    Netlist Resource(s)
  -------------------------------------------------------------------    -------------------
                         (clock core_clk rise edge)
                                                      0.000     0.000 r  <hidden>
                                                      0.000     0.000 r  aclk
                         net (fo=25094, unset)        1.732     1.732    core/data_subsystem/conv2d_pipeline/post/aclk
    SLICE_X67Y46         FDRE                                         r  core/data_subsystem/conv2d_pipeline/post/biased_q_reg[4][2]/C
  -------------------------------------------------------------------    -------------------
    SLICE_X67Y46         FDRE (Prop_fdre_C_Q)         0.456     2.188 r  core/data_subsystem/conv2d_pipeline/post/biased_q_reg[4][2]/Q
                         net (fo=1, estimated)        0.952     3.140    core/data_subsystem/conv2d_pipeline/post/biased_q_reg[4]_6[2]
    SLICE_X71Y45         LUT5 (Prop_lut5_I0_O)        0.124     3.264 r  core/data_subsystem/conv2d_pipeline/post/product_q0__0_i_66/O
                         net (fo=1, estimated)        0.679     3.943    core/data_subsystem/conv2d_pipeline/post/product_q0__0_i_66_n_0
    SLICE_X85Y41         LUT6 (Prop_lut6_I5_O)        0.124     4.067 r  core/data_subsystem/conv2d_pipeline/post/product_q0__0_i_47/O
                         net (fo=1, estimated)        0.718     4.785    core/data_subsystem/conv2d_pipeline/post/product_q0__0_i_47_n_0
    SLICE_X95Y41         LUT6 (Prop_lut6_I5_O)        0.124     4.909 r  core/data_subsystem/conv2d_pipeline/post/product_q0__0_i_15/O
                         net (fo=1, estimated)        0.727     5.636    core/data_subsystem/conv2d_pipeline/post/biased_q[2]
    DSP48_X3Y18          DSP48E1 (Prop_dsp48e1_A[2]_PCOUT[12])
                                                      4.036     9.672 r  core/data_subsystem/conv2d_pipeline/post/product_q0__0/PCOUT[12]
                         net (fo=1, estimated)        0.000     9.672    core/data_subsystem/conv2d_pipeline/post/product_q0__0_n_141
    DSP48_X3Y19          DSP48E1                                      r  core/data_subsystem/conv2d_pipeline/post/product_q_reg__0/PCIN[12]
  -------------------------------------------------------------------    -------------------

                         (clock core_clk rise edge)
                                                     10.000    10.000 r  <hidden>
                                                      0.000    10.000 r  aclk
                         net (fo=25094, unset)        1.713    11.713    core/data_subsystem/conv2d_pipeline/post/aclk
    DSP48_X3Y19          DSP48E1                                      r  core/data_subsystem/conv2d_pipeline/post/product_q_reg__0/CLK
                         clock pessimism              0.115    11.828    <hidden>
                         clock uncertainty           -0.235    11.592    <hidden>
    DSP48_X3Y19          DSP48E1 (Setup_dsp48e1_CLK_PCIN[12])
                                                     -1.400    10.192    core/data_subsystem/conv2d_pipeline/post/product_q_reg__0
  -------------------------------------------------------------------
                         required time                         10.192    <hidden>
                         arrival time                          -9.672    <hidden>
  -------------------------------------------------------------------
                         slack                                  0.520    <hidden>

Slack (MET) :             0.520ns  (required time - arrival time)
  Source:                 core/data_subsystem/conv2d_pipeline/post/biased_q_reg[4][2]/C
                            (rising edge-triggered cell FDRE clocked by core_clk  {rise@0.000ns fall@5.000ns period=10.000ns})
  Destination:            core/data_subsystem/conv2d_pipeline/post/product_q_reg__0/PCIN[13]
                            (rising edge-triggered cell DSP48E1 clocked by core_clk  {rise@0.000ns fall@5.000ns period=10.000ns})
  Path Group:             core_clk
  Path Type:              Setup (Max at Slow Process Corner)
  Requirement:            10.000ns  (core_clk rise@10.000ns - core_clk rise@0.000ns)
  Data Path Delay:        7.940ns  (logic 4.864ns (61.259%)  route 3.076ns (38.741%))
  Logic Levels:           4  (DSP48E1=1 LUT5=1 LUT6=2)
  Clock Path Skew:        0.096ns (DCD - SCD + CPR)
    Destination Clock Delay (DCD):    1.713ns = ( 11.713 - 10.000 ) 
    Source Clock Delay      (SCD):    1.732ns
    Clock Pessimism Removal (CPR):    0.115ns
  Clock Uncertainty:      0.235ns  ((TSJ^2 + TIJ^2)^1/2 + DJ) / 2 + PE + UU
    Total System Jitter     (TSJ):    0.071ns
    Total Input Jitter      (TIJ):    0.000ns
    Discrete Jitter          (DJ):    0.000ns
    Phase Error              (PE):    0.000ns
    User Uncertainty         (UU):    0.200ns

    Location             Delay type                Incr(ns)  Path(ns)    Netlist Resource(s)
  -------------------------------------------------------------------    -------------------
                         (clock core_clk rise edge)
                                                      0.000     0.000 r  <hidden>
                                                      0.000     0.000 r  aclk
                         net (fo=25094, unset)        1.732     1.732    core/data_subsystem/conv2d_pipeline/post/aclk
    SLICE_X67Y46         FDRE                                         r  core/data_subsystem/conv2d_pipeline/post/biased_q_reg[4][2]/C
  -------------------------------------------------------------------    -------------------
    SLICE_X67Y46         FDRE (Prop_fdre_C_Q)         0.456     2.188 r  core/data_subsystem/conv2d_pipeline/post/biased_q_reg[4][2]/Q
                         net (fo=1, estimated)        0.952     3.140    core/data_subsystem/conv2d_pipeline/post/biased_q_reg[4]_6[2]
    SLICE_X71Y45         LUT5 (Prop_lut5_I0_O)        0.124     3.264 r  core/data_subsystem/conv2d_pipeline/post/product_q0__0_i_66/O
                         net (fo=1, estimated)        0.679     3.943    core/data_subsystem/conv2d_pipeline/post/product_q0__0_i_66_n_0
    SLICE_X85Y41         LUT6 (Prop_lut6_I5_O)        0.124     4.067 r  core/data_subsystem/conv2d_pipeline/post/product_q0__0_i_47/O
                         net (fo=1, estimated)        0.718     4.785    core/data_subsystem/conv2d_pipeline/post/product_q0__0_i_47_n_0
    SLICE_X95Y41         LUT6 (Prop_lut6_I5_O)        0.124     4.909 r  core/data_subsystem/conv2d_pipeline/post/product_q0__0_i_15/O
                         net (fo=1, estimated)        0.727     5.636    core/data_subsystem/conv2d_pipeline/post/biased_q[2]
    DSP48_X3Y18          DSP48E1 (Prop_dsp48e1_A[2]_PCOUT[13])
                                                      4.036     9.672 r  core/data_subsystem/conv2d_pipeline/post/product_q0__0/PCOUT[13]
                         net (fo=1, estimated)        0.000     9.672    core/data_subsystem/conv2d_pipeline/post/product_q0__0_n_140
    DSP48_X3Y19          DSP48E1                                      r  core/data_subsystem/conv2d_pipeline/post/product_q_reg__0/PCIN[13]
  -------------------------------------------------------------------    -------------------

                         (clock core_clk rise edge)
                                                     10.000    10.000 r  <hidden>
                                                      0.000    10.000 r  aclk
                         net (fo=25094, unset)        1.713    11.713    core/data_subsystem/conv2d_pipeline/post/aclk
    DSP48_X3Y19          DSP48E1                                      r  core/data_subsystem/conv2d_pipeline/post/product_q_reg__0/CLK
                         clock pessimism              0.115    11.828    <hidden>
                         clock uncertainty           -0.235    11.592    <hidden>
    DSP48_X3Y19          DSP48E1 (Setup_dsp48e1_CLK_PCIN[13])
                                                     -1.400    10.192    core/data_subsystem/conv2d_pipeline/post/product_q_reg__0
  -------------------------------------------------------------------
                         required time                         10.192    <hidden>
                         arrival time                          -9.672    <hidden>
  -------------------------------------------------------------------
                         slack                                  0.520    <hidden>

Slack (MET) :             0.520ns  (required time - arrival time)
  Source:                 core/data_subsystem/conv2d_pipeline/post/biased_q_reg[4][2]/C
                            (rising edge-triggered cell FDRE clocked by core_clk  {rise@0.000ns fall@5.000ns period=10.000ns})
  Destination:            core/data_subsystem/conv2d_pipeline/post/product_q_reg__0/PCIN[14]
                            (rising edge-triggered cell DSP48E1 clocked by core_clk  {rise@0.000ns fall@5.000ns period=10.000ns})
  Path Group:             core_clk
  Path Type:              Setup (Max at Slow Process Corner)
  Requirement:            10.000ns  (core_clk rise@10.000ns - core_clk rise@0.000ns)
  Data Path Delay:        7.940ns  (logic 4.864ns (61.259%)  route 3.076ns (38.741%))
  Logic Levels:           4  (DSP48E1=1 LUT5=1 LUT6=2)
  Clock Path Skew:        0.096ns (DCD - SCD + CPR)
    Destination Clock Delay (DCD):    1.713ns = ( 11.713 - 10.000 ) 
    Source Clock Delay      (SCD):    1.732ns
    Clock Pessimism Removal (CPR):    0.115ns
  Clock Uncertainty:      0.235ns  ((TSJ^2 + TIJ^2)^1/2 + DJ) / 2 + PE + UU
    Total System Jitter     (TSJ):    0.071ns
    Total Input Jitter      (TIJ):    0.000ns
    Discrete Jitter          (DJ):    0.000ns
    Phase Error              (PE):    0.000ns
    User Uncertainty         (UU):    0.200ns

    Location             Delay type                Incr(ns)  Path(ns)    Netlist Resource(s)
  -------------------------------------------------------------------    -------------------
                         (clock core_clk rise edge)
                                                      0.000     0.000 r  <hidden>
                                                      0.000     0.000 r  aclk
                         net (fo=25094, unset)        1.732     1.732    core/data_subsystem/conv2d_pipeline/post/aclk
    SLICE_X67Y46         FDRE                                         r  core/data_subsystem/conv2d_pipeline/post/biased_q_reg[4][2]/C
  -------------------------------------------------------------------    -------------------
    SLICE_X67Y46         FDRE (Prop_fdre_C_Q)         0.456     2.188 r  core/data_subsystem/conv2d_pipeline/post/biased_q_reg[4][2]/Q
                         net (fo=1, estimated)        0.952     3.140    core/data_subsystem/conv2d_pipeline/post/biased_q_reg[4]_6[2]
    SLICE_X71Y45         LUT5 (Prop_lut5_I0_O)        0.124     3.264 r  core/data_subsystem/conv2d_pipeline/post/product_q0__0_i_66/O
                         net (fo=1, estimated)        0.679     3.943    core/data_subsystem/conv2d_pipeline/post/product_q0__0_i_66_n_0
    SLICE_X85Y41         LUT6 (Prop_lut6_I5_O)        0.124     4.067 r  core/data_subsystem/conv2d_pipeline/post/product_q0__0_i_47/O
                         net (fo=1, estimated)        0.718     4.785    core/data_subsystem/conv2d_pipeline/post/product_q0__0_i_47_n_0
    SLICE_X95Y41         LUT6 (Prop_lut6_I5_O)        0.124     4.909 r  core/data_subsystem/conv2d_pipeline/post/product_q0__0_i_15/O
                         net (fo=1, estimated)        0.727     5.636    core/data_subsystem/conv2d_pipeline/post/biased_q[2]
    DSP48_X3Y18          DSP48E1 (Prop_dsp48e1_A[2]_PCOUT[14])
                                                      4.036     9.672 r  core/data_subsystem/conv2d_pipeline/post/product_q0__0/PCOUT[14]
                         net (fo=1, estimated)        0.000     9.672    core/data_subsystem/conv2d_pipeline/post/product_q0__0_n_139
    DSP48_X3Y19          DSP48E1                                      r  core/data_subsystem/conv2d_pipeline/post/product_q_reg__0/PCIN[14]
  -------------------------------------------------------------------    -------------------

                         (clock core_clk rise edge)
                                                     10.000    10.000 r  <hidden>
                                                      0.000    10.000 r  aclk
                         net (fo=25094, unset)        1.713    11.713    core/data_subsystem/conv2d_pipeline/post/aclk
    DSP48_X3Y19          DSP48E1                                      r  core/data_subsystem/conv2d_pipeline/post/product_q_reg__0/CLK
                         clock pessimism              0.115    11.828    <hidden>
                         clock uncertainty           -0.235    11.592    <hidden>
    DSP48_X3Y19          DSP48E1 (Setup_dsp48e1_CLK_PCIN[14])
                                                     -1.400    10.192    core/data_subsystem/conv2d_pipeline/post/product_q_reg__0
  -------------------------------------------------------------------
                         required time                         10.192    <hidden>
                         arrival time                          -9.672    <hidden>
  -------------------------------------------------------------------
                         slack                                  0.520    <hidden>

Slack (MET) :             0.520ns  (required time - arrival time)
  Source:                 core/data_subsystem/conv2d_pipeline/post/biased_q_reg[4][2]/C
                            (rising edge-triggered cell FDRE clocked by core_clk  {rise@0.000ns fall@5.000ns period=10.000ns})
  Destination:            core/data_subsystem/conv2d_pipeline/post/product_q_reg__0/PCIN[15]
                            (rising edge-triggered cell DSP48E1 clocked by core_clk  {rise@0.000ns fall@5.000ns period=10.000ns})
  Path Group:             core_clk
  Path Type:              Setup (Max at Slow Process Corner)
  Requirement:            10.000ns  (core_clk rise@10.000ns - core_clk rise@0.000ns)
  Data Path Delay:        7.940ns  (logic 4.864ns (61.259%)  route 3.076ns (38.741%))
  Logic Levels:           4  (DSP48E1=1 LUT5=1 LUT6=2)
  Clock Path Skew:        0.096ns (DCD - SCD + CPR)
    Destination Clock Delay (DCD):    1.713ns = ( 11.713 - 10.000 ) 
    Source Clock Delay      (SCD):    1.732ns
    Clock Pessimism Removal (CPR):    0.115ns
  Clock Uncertainty:      0.235ns  ((TSJ^2 + TIJ^2)^1/2 + DJ) / 2 + PE + UU
    Total System Jitter     (TSJ):    0.071ns
    Total Input Jitter      (TIJ):    0.000ns
    Discrete Jitter          (DJ):    0.000ns
    Phase Error              (PE):    0.000ns
    User Uncertainty         (UU):    0.200ns

    Location             Delay type                Incr(ns)  Path(ns)    Netlist Resource(s)
  -------------------------------------------------------------------    -------------------
                         (clock core_clk rise edge)
                                                      0.000     0.000 r  <hidden>
                                                      0.000     0.000 r  aclk
                         net (fo=25094, unset)        1.732     1.732    core/data_subsystem/conv2d_pipeline/post/aclk
    SLICE_X67Y46         FDRE                                         r  core/data_subsystem/conv2d_pipeline/post/biased_q_reg[4][2]/C
  -------------------------------------------------------------------    -------------------
    SLICE_X67Y46         FDRE (Prop_fdre_C_Q)         0.456     2.188 r  core/data_subsystem/conv2d_pipeline/post/biased_q_reg[4][2]/Q
                         net (fo=1, estimated)        0.952     3.140    core/data_subsystem/conv2d_pipeline/post/biased_q_reg[4]_6[2]
    SLICE_X71Y45         LUT5 (Prop_lut5_I0_O)        0.124     3.264 r  core/data_subsystem/conv2d_pipeline/post/product_q0__0_i_66/O
                         net (fo=1, estimated)        0.679     3.943    core/data_subsystem/conv2d_pipeline/post/product_q0__0_i_66_n_0
    SLICE_X85Y41         LUT6 (Prop_lut6_I5_O)        0.124     4.067 r  core/data_subsystem/conv2d_pipeline/post/product_q0__0_i_47/O
                         net (fo=1, estimated)        0.718     4.785    core/data_subsystem/conv2d_pipeline/post/product_q0__0_i_47_n_0
    SLICE_X95Y41         LUT6 (Prop_lut6_I5_O)        0.124     4.909 r  core/data_subsystem/conv2d_pipeline/post/product_q0__0_i_15/O
                         net (fo=1, estimated)        0.727     5.636    core/data_subsystem/conv2d_pipeline/post/biased_q[2]
    DSP48_X3Y18          DSP48E1 (Prop_dsp48e1_A[2]_PCOUT[15])
                                                      4.036     9.672 r  core/data_subsystem/conv2d_pipeline/post/product_q0__0/PCOUT[15]
                         net (fo=1, estimated)        0.000     9.672    core/data_subsystem/conv2d_pipeline/post/product_q0__0_n_138
    DSP48_X3Y19          DSP48E1                                      r  core/data_subsystem/conv2d_pipeline/post/product_q_reg__0/PCIN[15]
  -------------------------------------------------------------------    -------------------

                         (clock core_clk rise edge)
                                                     10.000    10.000 r  <hidden>
                                                      0.000    10.000 r  aclk
                         net (fo=25094, unset)        1.713    11.713    core/data_subsystem/conv2d_pipeline/post/aclk
    DSP48_X3Y19          DSP48E1                                      r  core/data_subsystem/conv2d_pipeline/post/product_q_reg__0/CLK
                         clock pessimism              0.115    11.828    <hidden>
                         clock uncertainty           -0.235    11.592    <hidden>
    DSP48_X3Y19          DSP48E1 (Setup_dsp48e1_CLK_PCIN[15])
                                                     -1.400    10.192    core/data_subsystem/conv2d_pipeline/post/product_q_reg__0
  -------------------------------------------------------------------
                         required time                         10.192    <hidden>
                         arrival time                          -9.672    <hidden>
  -------------------------------------------------------------------
                         slack                                  0.520    <hidden>

Slack (MET) :             0.520ns  (required time - arrival time)
  Source:                 core/data_subsystem/conv2d_pipeline/post/biased_q_reg[4][2]/C
                            (rising edge-triggered cell FDRE clocked by core_clk  {rise@0.000ns fall@5.000ns period=10.000ns})
  Destination:            core/data_subsystem/conv2d_pipeline/post/product_q_reg__0/PCIN[16]
                            (rising edge-triggered cell DSP48E1 clocked by core_clk  {rise@0.000ns fall@5.000ns period=10.000ns})
  Path Group:             core_clk
  Path Type:              Setup (Max at Slow Process Corner)
  Requirement:            10.000ns  (core_clk rise@10.000ns - core_clk rise@0.000ns)
  Data Path Delay:        7.940ns  (logic 4.864ns (61.259%)  route 3.076ns (38.741%))
  Logic Levels:           4  (DSP48E1=1 LUT5=1 LUT6=2)
  Clock Path Skew:        0.096ns (DCD - SCD + CPR)
    Destination Clock Delay (DCD):    1.713ns = ( 11.713 - 10.000 ) 
    Source Clock Delay      (SCD):    1.732ns
    Clock Pessimism Removal (CPR):    0.115ns
  Clock Uncertainty:      0.235ns  ((TSJ^2 + TIJ^2)^1/2 + DJ) / 2 + PE + UU
    Total System Jitter     (TSJ):    0.071ns
    Total Input Jitter      (TIJ):    0.000ns
    Discrete Jitter          (DJ):    0.000ns
    Phase Error              (PE):    0.000ns
    User Uncertainty         (UU):    0.200ns

    Location             Delay type                Incr(ns)  Path(ns)    Netlist Resource(s)
  -------------------------------------------------------------------    -------------------
                         (clock core_clk rise edge)
                                                      0.000     0.000 r  <hidden>
                                                      0.000     0.000 r  aclk
                         net (fo=25094, unset)        1.732     1.732    core/data_subsystem/conv2d_pipeline/post/aclk
    SLICE_X67Y46         FDRE                                         r  core/data_subsystem/conv2d_pipeline/post/biased_q_reg[4][2]/C
  -------------------------------------------------------------------    -------------------
    SLICE_X67Y46         FDRE (Prop_fdre_C_Q)         0.456     2.188 r  core/data_subsystem/conv2d_pipeline/post/biased_q_reg[4][2]/Q
                         net (fo=1, estimated)        0.952     3.140    core/data_subsystem/conv2d_pipeline/post/biased_q_reg[4]_6[2]
    SLICE_X71Y45         LUT5 (Prop_lut5_I0_O)        0.124     3.264 r  core/data_subsystem/conv2d_pipeline/post/product_q0__0_i_66/O
                         net (fo=1, estimated)        0.679     3.943    core/data_subsystem/conv2d_pipeline/post/product_q0__0_i_66_n_0
    SLICE_X85Y41         LUT6 (Prop_lut6_I5_O)        0.124     4.067 r  core/data_subsystem/conv2d_pipeline/post/product_q0__0_i_47/O
                         net (fo=1, estimated)        0.718     4.785    core/data_subsystem/conv2d_pipeline/post/product_q0__0_i_47_n_0
    SLICE_X95Y41         LUT6 (Prop_lut6_I5_O)        0.124     4.909 r  core/data_subsystem/conv2d_pipeline/post/product_q0__0_i_15/O
                         net (fo=1, estimated)        0.727     5.636    core/data_subsystem/conv2d_pipeline/post/biased_q[2]
    DSP48_X3Y18          DSP48E1 (Prop_dsp48e1_A[2]_PCOUT[16])
                                                      4.036     9.672 r  core/data_subsystem/conv2d_pipeline/post/product_q0__0/PCOUT[16]
                         net (fo=1, estimated)        0.000     9.672    core/data_subsystem/conv2d_pipeline/post/product_q0__0_n_137
    DSP48_X3Y19          DSP48E1                                      r  core/data_subsystem/conv2d_pipeline/post/product_q_reg__0/PCIN[16]
  -------------------------------------------------------------------    -------------------

                         (clock core_clk rise edge)
                                                     10.000    10.000 r  <hidden>
                                                      0.000    10.000 r  aclk
                         net (fo=25094, unset)        1.713    11.713    core/data_subsystem/conv2d_pipeline/post/aclk
    DSP48_X3Y19          DSP48E1                                      r  core/data_subsystem/conv2d_pipeline/post/product_q_reg__0/CLK
                         clock pessimism              0.115    11.828    <hidden>
                         clock uncertainty           -0.235    11.592    <hidden>
    DSP48_X3Y19          DSP48E1 (Setup_dsp48e1_CLK_PCIN[16])
                                                     -1.400    10.192    core/data_subsystem/conv2d_pipeline/post/product_q_reg__0
  -------------------------------------------------------------------
                         required time                         10.192    <hidden>
                         arrival time                          -9.672    <hidden>
  -------------------------------------------------------------------
                         slack                                  0.520    <hidden>

Slack (MET) :             0.520ns  (required time - arrival time)
  Source:                 core/data_subsystem/conv2d_pipeline/post/biased_q_reg[4][2]/C
                            (rising edge-triggered cell FDRE clocked by core_clk  {rise@0.000ns fall@5.000ns period=10.000ns})
  Destination:            core/data_subsystem/conv2d_pipeline/post/product_q_reg__0/PCIN[17]
                            (rising edge-triggered cell DSP48E1 clocked by core_clk  {rise@0.000ns fall@5.000ns period=10.000ns})
  Path Group:             core_clk
  Path Type:              Setup (Max at Slow Process Corner)
  Requirement:            10.000ns  (core_clk rise@10.000ns - core_clk rise@0.000ns)
  Data Path Delay:        7.940ns  (logic 4.864ns (61.259%)  route 3.076ns (38.741%))
  Logic Levels:           4  (DSP48E1=1 LUT5=1 LUT6=2)
  Clock Path Skew:        0.096ns (DCD - SCD + CPR)
    Destination Clock Delay (DCD):    1.713ns = ( 11.713 - 10.000 ) 
    Source Clock Delay      (SCD):    1.732ns
    Clock Pessimism Removal (CPR):    0.115ns
  Clock Uncertainty:      0.235ns  ((TSJ^2 + TIJ^2)^1/2 + DJ) / 2 + PE + UU
    Total System Jitter     (TSJ):    0.071ns
    Total Input Jitter      (TIJ):    0.000ns
    Discrete Jitter          (DJ):    0.000ns
    Phase Error              (PE):    0.000ns
    User Uncertainty         (UU):    0.200ns

    Location             Delay type                Incr(ns)  Path(ns)    Netlist Resource(s)
  -------------------------------------------------------------------    -------------------
                         (clock core_clk rise edge)
                                                      0.000     0.000 r  <hidden>
                                                      0.000     0.000 r  aclk
                         net (fo=25094, unset)        1.732     1.732    core/data_subsystem/conv2d_pipeline/post/aclk
    SLICE_X67Y46         FDRE                                         r  core/data_subsystem/conv2d_pipeline/post/biased_q_reg[4][2]/C
  -------------------------------------------------------------------    -------------------
    SLICE_X67Y46         FDRE (Prop_fdre_C_Q)         0.456     2.188 r  core/data_subsystem/conv2d_pipeline/post/biased_q_reg[4][2]/Q
                         net (fo=1, estimated)        0.952     3.140    core/data_subsystem/conv2d_pipeline/post/biased_q_reg[4]_6[2]
    SLICE_X71Y45         LUT5 (Prop_lut5_I0_O)        0.124     3.264 r  core/data_subsystem/conv2d_pipeline/post/product_q0__0_i_66/O
                         net (fo=1, estimated)        0.679     3.943    core/data_subsystem/conv2d_pipeline/post/product_q0__0_i_66_n_0
    SLICE_X85Y41         LUT6 (Prop_lut6_I5_O)        0.124     4.067 r  core/data_subsystem/conv2d_pipeline/post/product_q0__0_i_47/O
                         net (fo=1, estimated)        0.718     4.785    core/data_subsystem/conv2d_pipeline/post/product_q0__0_i_47_n_0
    SLICE_X95Y41         LUT6 (Prop_lut6_I5_O)        0.124     4.909 r  core/data_subsystem/conv2d_pipeline/post/product_q0__0_i_15/O
                         net (fo=1, estimated)        0.727     5.636    core/data_subsystem/conv2d_pipeline/post/biased_q[2]
    DSP48_X3Y18          DSP48E1 (Prop_dsp48e1_A[2]_PCOUT[17])
                                                      4.036     9.672 r  core/data_subsystem/conv2d_pipeline/post/product_q0__0/PCOUT[17]
                         net (fo=1, estimated)        0.000     9.672    core/data_subsystem/conv2d_pipeline/post/product_q0__0_n_136
    DSP48_X3Y19          DSP48E1                                      r  core/data_subsystem/conv2d_pipeline/post/product_q_reg__0/PCIN[17]
  -------------------------------------------------------------------    -------------------

                         (clock core_clk rise edge)
                                                     10.000    10.000 r  <hidden>
                                                      0.000    10.000 r  aclk
                         net (fo=25094, unset)        1.713    11.713    core/data_subsystem/conv2d_pipeline/post/aclk
    DSP48_X3Y19          DSP48E1                                      r  core/data_subsystem/conv2d_pipeline/post/product_q_reg__0/CLK
                         clock pessimism              0.115    11.828    <hidden>
                         clock uncertainty           -0.235    11.592    <hidden>
    DSP48_X3Y19          DSP48E1 (Setup_dsp48e1_CLK_PCIN[17])
                                                     -1.400    10.192    core/data_subsystem/conv2d_pipeline/post/product_q_reg__0
  -------------------------------------------------------------------
                         required time                         10.192    <hidden>
                         arrival time                          -9.672    <hidden>
  -------------------------------------------------------------------
                         slack                                  0.520    <hidden>

Slack (MET) :             0.520ns  (required time - arrival time)
  Source:                 core/data_subsystem/conv2d_pipeline/post/biased_q_reg[4][2]/C
                            (rising edge-triggered cell FDRE clocked by core_clk  {rise@0.000ns fall@5.000ns period=10.000ns})
  Destination:            core/data_subsystem/conv2d_pipeline/post/product_q_reg__0/PCIN[18]
                            (rising edge-triggered cell DSP48E1 clocked by core_clk  {rise@0.000ns fall@5.000ns period=10.000ns})
  Path Group:             core_clk
  Path Type:              Setup (Max at Slow Process Corner)
  Requirement:            10.000ns  (core_clk rise@10.000ns - core_clk rise@0.000ns)
  Data Path Delay:        7.940ns  (logic 4.864ns (61.259%)  route 3.076ns (38.741%))
  Logic Levels:           4  (DSP48E1=1 LUT5=1 LUT6=2)
  Clock Path Skew:        0.096ns (DCD - SCD + CPR)
    Destination Clock Delay (DCD):    1.713ns = ( 11.713 - 10.000 ) 
    Source Clock Delay      (SCD):    1.732ns
    Clock Pessimism Removal (CPR):    0.115ns
  Clock Uncertainty:      0.235ns  ((TSJ^2 + TIJ^2)^1/2 + DJ) / 2 + PE + UU
    Total System Jitter     (TSJ):    0.071ns
    Total Input Jitter      (TIJ):    0.000ns
    Discrete Jitter          (DJ):    0.000ns
    Phase Error              (PE):    0.000ns
    User Uncertainty         (UU):    0.200ns

    Location             Delay type                Incr(ns)  Path(ns)    Netlist Resource(s)
  -------------------------------------------------------------------    -------------------
                         (clock core_clk rise edge)
                                                      0.000     0.000 r  <hidden>
                                                      0.000     0.000 r  aclk
                         net (fo=25094, unset)        1.732     1.732    core/data_subsystem/conv2d_pipeline/post/aclk
    SLICE_X67Y46         FDRE                                         r  core/data_subsystem/conv2d_pipeline/post/biased_q_reg[4][2]/C
  -------------------------------------------------------------------    -------------------
    SLICE_X67Y46         FDRE (Prop_fdre_C_Q)         0.456     2.188 r  core/data_subsystem/conv2d_pipeline/post/biased_q_reg[4][2]/Q
                         net (fo=1, estimated)        0.952     3.140    core/data_subsystem/conv2d_pipeline/post/biased_q_reg[4]_6[2]
    SLICE_X71Y45         LUT5 (Prop_lut5_I0_O)        0.124     3.264 r  core/data_subsystem/conv2d_pipeline/post/product_q0__0_i_66/O
                         net (fo=1, estimated)        0.679     3.943    core/data_subsystem/conv2d_pipeline/post/product_q0__0_i_66_n_0
    SLICE_X85Y41         LUT6 (Prop_lut6_I5_O)        0.124     4.067 r  core/data_subsystem/conv2d_pipeline/post/product_q0__0_i_47/O
                         net (fo=1, estimated)        0.718     4.785    core/data_subsystem/conv2d_pipeline/post/product_q0__0_i_47_n_0
    SLICE_X95Y41         LUT6 (Prop_lut6_I5_O)        0.124     4.909 r  core/data_subsystem/conv2d_pipeline/post/product_q0__0_i_15/O
                         net (fo=1, estimated)        0.727     5.636    core/data_subsystem/conv2d_pipeline/post/biased_q[2]
    DSP48_X3Y18          DSP48E1 (Prop_dsp48e1_A[2]_PCOUT[18])
                                                      4.036     9.672 r  core/data_subsystem/conv2d_pipeline/post/product_q0__0/PCOUT[18]
                         net (fo=1, estimated)        0.000     9.672    core/data_subsystem/conv2d_pipeline/post/product_q0__0_n_135
    DSP48_X3Y19          DSP48E1                                      r  core/data_subsystem/conv2d_pipeline/post/product_q_reg__0/PCIN[18]
  -------------------------------------------------------------------    -------------------

                         (clock core_clk rise edge)
                                                     10.000    10.000 r  <hidden>
                                                      0.000    10.000 r  aclk
                         net (fo=25094, unset)        1.713    11.713    core/data_subsystem/conv2d_pipeline/post/aclk
    DSP48_X3Y19          DSP48E1                                      r  core/data_subsystem/conv2d_pipeline/post/product_q_reg__0/CLK
                         clock pessimism              0.115    11.828    <hidden>
                         clock uncertainty           -0.235    11.592    <hidden>
    DSP48_X3Y19          DSP48E1 (Setup_dsp48e1_CLK_PCIN[18])
                                                     -1.400    10.192    core/data_subsystem/conv2d_pipeline/post/product_q_reg__0
  -------------------------------------------------------------------
                         required time                         10.192    <hidden>
                         arrival time                          -9.672    <hidden>
  -------------------------------------------------------------------
                         slack                                  0.520    <hidden>

Slack (MET) :             0.520ns  (required time - arrival time)
  Source:                 core/data_subsystem/conv2d_pipeline/post/biased_q_reg[4][2]/C
                            (rising edge-triggered cell FDRE clocked by core_clk  {rise@0.000ns fall@5.000ns period=10.000ns})
  Destination:            core/data_subsystem/conv2d_pipeline/post/product_q_reg__0/PCIN[19]
                            (rising edge-triggered cell DSP48E1 clocked by core_clk  {rise@0.000ns fall@5.000ns period=10.000ns})
  Path Group:             core_clk
  Path Type:              Setup (Max at Slow Process Corner)
  Requirement:            10.000ns  (core_clk rise@10.000ns - core_clk rise@0.000ns)
  Data Path Delay:        7.940ns  (logic 4.864ns (61.259%)  route 3.076ns (38.741%))
  Logic Levels:           4  (DSP48E1=1 LUT5=1 LUT6=2)
  Clock Path Skew:        0.096ns (DCD - SCD + CPR)
    Destination Clock Delay (DCD):    1.713ns = ( 11.713 - 10.000 ) 
    Source Clock Delay      (SCD):    1.732ns
    Clock Pessimism Removal (CPR):    0.115ns
  Clock Uncertainty:      0.235ns  ((TSJ^2 + TIJ^2)^1/2 + DJ) / 2 + PE + UU
    Total System Jitter     (TSJ):    0.071ns
    Total Input Jitter      (TIJ):    0.000ns
    Discrete Jitter          (DJ):    0.000ns
    Phase Error              (PE):    0.000ns
    User Uncertainty         (UU):    0.200ns

    Location             Delay type                Incr(ns)  Path(ns)    Netlist Resource(s)
  -------------------------------------------------------------------    -------------------
                         (clock core_clk rise edge)
                                                      0.000     0.000 r  <hidden>
                                                      0.000     0.000 r  aclk
                         net (fo=25094, unset)        1.732     1.732    core/data_subsystem/conv2d_pipeline/post/aclk
    SLICE_X67Y46         FDRE                                         r  core/data_subsystem/conv2d_pipeline/post/biased_q_reg[4][2]/C
  -------------------------------------------------------------------    -------------------
    SLICE_X67Y46         FDRE (Prop_fdre_C_Q)         0.456     2.188 r  core/data_subsystem/conv2d_pipeline/post/biased_q_reg[4][2]/Q
                         net (fo=1, estimated)        0.952     3.140    core/data_subsystem/conv2d_pipeline/post/biased_q_reg[4]_6[2]
    SLICE_X71Y45         LUT5 (Prop_lut5_I0_O)        0.124     3.264 r  core/data_subsystem/conv2d_pipeline/post/product_q0__0_i_66/O
                         net (fo=1, estimated)        0.679     3.943    core/data_subsystem/conv2d_pipeline/post/product_q0__0_i_66_n_0
    SLICE_X85Y41         LUT6 (Prop_lut6_I5_O)        0.124     4.067 r  core/data_subsystem/conv2d_pipeline/post/product_q0__0_i_47/O
                         net (fo=1, estimated)        0.718     4.785    core/data_subsystem/conv2d_pipeline/post/product_q0__0_i_47_n_0
    SLICE_X95Y41         LUT6 (Prop_lut6_I5_O)        0.124     4.909 r  core/data_subsystem/conv2d_pipeline/post/product_q0__0_i_15/O
                         net (fo=1, estimated)        0.727     5.636    core/data_subsystem/conv2d_pipeline/post/biased_q[2]
    DSP48_X3Y18          DSP48E1 (Prop_dsp48e1_A[2]_PCOUT[19])
                                                      4.036     9.672 r  core/data_subsystem/conv2d_pipeline/post/product_q0__0/PCOUT[19]
                         net (fo=1, estimated)        0.000     9.672    core/data_subsystem/conv2d_pipeline/post/product_q0__0_n_134
    DSP48_X3Y19          DSP48E1                                      r  core/data_subsystem/conv2d_pipeline/post/product_q_reg__0/PCIN[19]
  -------------------------------------------------------------------    -------------------

                         (clock core_clk rise edge)
                                                     10.000    10.000 r  <hidden>
                                                      0.000    10.000 r  aclk
                         net (fo=25094, unset)        1.713    11.713    core/data_subsystem/conv2d_pipeline/post/aclk
    DSP48_X3Y19          DSP48E1                                      r  core/data_subsystem/conv2d_pipeline/post/product_q_reg__0/CLK
                         clock pessimism              0.115    11.828    <hidden>
                         clock uncertainty           -0.235    11.592    <hidden>
    DSP48_X3Y19          DSP48E1 (Setup_dsp48e1_CLK_PCIN[19])
                                                     -1.400    10.192    core/data_subsystem/conv2d_pipeline/post/product_q_reg__0
  -------------------------------------------------------------------
                         required time                         10.192    <hidden>
                         arrival time                          -9.672    <hidden>
  -------------------------------------------------------------------
                         slack                                  0.520    <hidden>

Slack (MET) :             0.520ns  (required time - arrival time)
  Source:                 core/data_subsystem/conv2d_pipeline/post/biased_q_reg[4][2]/C
                            (rising edge-triggered cell FDRE clocked by core_clk  {rise@0.000ns fall@5.000ns period=10.000ns})
  Destination:            core/data_subsystem/conv2d_pipeline/post/product_q_reg__0/PCIN[1]
                            (rising edge-triggered cell DSP48E1 clocked by core_clk  {rise@0.000ns fall@5.000ns period=10.000ns})
  Path Group:             core_clk
  Path Type:              Setup (Max at Slow Process Corner)
  Requirement:            10.000ns  (core_clk rise@10.000ns - core_clk rise@0.000ns)
  Data Path Delay:        7.940ns  (logic 4.864ns (61.259%)  route 3.076ns (38.741%))
  Logic Levels:           4  (DSP48E1=1 LUT5=1 LUT6=2)
  Clock Path Skew:        0.096ns (DCD - SCD + CPR)
    Destination Clock Delay (DCD):    1.713ns = ( 11.713 - 10.000 ) 
    Source Clock Delay      (SCD):    1.732ns
    Clock Pessimism Removal (CPR):    0.115ns
  Clock Uncertainty:      0.235ns  ((TSJ^2 + TIJ^2)^1/2 + DJ) / 2 + PE + UU
    Total System Jitter     (TSJ):    0.071ns
    Total Input Jitter      (TIJ):    0.000ns
    Discrete Jitter          (DJ):    0.000ns
    Phase Error              (PE):    0.000ns
    User Uncertainty         (UU):    0.200ns

    Location             Delay type                Incr(ns)  Path(ns)    Netlist Resource(s)
  -------------------------------------------------------------------    -------------------
                         (clock core_clk rise edge)
                                                      0.000     0.000 r  <hidden>
                                                      0.000     0.000 r  aclk
                         net (fo=25094, unset)        1.732     1.732    core/data_subsystem/conv2d_pipeline/post/aclk
    SLICE_X67Y46         FDRE                                         r  core/data_subsystem/conv2d_pipeline/post/biased_q_reg[4][2]/C
  -------------------------------------------------------------------    -------------------
    SLICE_X67Y46         FDRE (Prop_fdre_C_Q)         0.456     2.188 r  core/data_subsystem/conv2d_pipeline/post/biased_q_reg[4][2]/Q
                         net (fo=1, estimated)        0.952     3.140    core/data_subsystem/conv2d_pipeline/post/biased_q_reg[4]_6[2]
    SLICE_X71Y45         LUT5 (Prop_lut5_I0_O)        0.124     3.264 r  core/data_subsystem/conv2d_pipeline/post/product_q0__0_i_66/O
                         net (fo=1, estimated)        0.679     3.943    core/data_subsystem/conv2d_pipeline/post/product_q0__0_i_66_n_0
    SLICE_X85Y41         LUT6 (Prop_lut6_I5_O)        0.124     4.067 r  core/data_subsystem/conv2d_pipeline/post/product_q0__0_i_47/O
                         net (fo=1, estimated)        0.718     4.785    core/data_subsystem/conv2d_pipeline/post/product_q0__0_i_47_n_0
    SLICE_X95Y41         LUT6 (Prop_lut6_I5_O)        0.124     4.909 r  core/data_subsystem/conv2d_pipeline/post/product_q0__0_i_15/O
                         net (fo=1, estimated)        0.727     5.636    core/data_subsystem/conv2d_pipeline/post/biased_q[2]
    DSP48_X3Y18          DSP48E1 (Prop_dsp48e1_A[2]_PCOUT[1])
                                                      4.036     9.672 r  core/data_subsystem/conv2d_pipeline/post/product_q0__0/PCOUT[1]
                         net (fo=1, estimated)        0.000     9.672    core/data_subsystem/conv2d_pipeline/post/product_q0__0_n_152
    DSP48_X3Y19          DSP48E1                                      r  core/data_subsystem/conv2d_pipeline/post/product_q_reg__0/PCIN[1]
  -------------------------------------------------------------------    -------------------

                         (clock core_clk rise edge)
                                                     10.000    10.000 r  <hidden>
                                                      0.000    10.000 r  aclk
                         net (fo=25094, unset)        1.713    11.713    core/data_subsystem/conv2d_pipeline/post/aclk
    DSP48_X3Y19          DSP48E1                                      r  core/data_subsystem/conv2d_pipeline/post/product_q_reg__0/CLK
                         clock pessimism              0.115    11.828    <hidden>
                         clock uncertainty           -0.235    11.592    <hidden>
    DSP48_X3Y19          DSP48E1 (Setup_dsp48e1_CLK_PCIN[1])
                                                     -1.400    10.192    core/data_subsystem/conv2d_pipeline/post/product_q_reg__0
  -------------------------------------------------------------------
                         required time                         10.192    <hidden>
                         arrival time                          -9.672    <hidden>
  -------------------------------------------------------------------
                         slack                                  0.520    <hidden>





Pulse Width Checks
--------------------------------------------------------------------------------------
Clock Name:         core_clk
Waveform(ns):       { 0.000 5.000 }
Period(ns):         10.000
Sources:            { aclk }

Check Type        Corner  Lib Pin      Reference Pin  Required(ns)  Actual(ns)  Slack(ns)  Location       Pin
Min Period        n/a     DSP48E1/CLK  n/a            3.884         10.000      6.116      DSP48_X1Y17    core/data_subsystem/conv2d_pipeline/controller/mac/product_q_reg[0][0]/CLK
Min Period        n/a     DSP48E1/CLK  n/a            3.884         10.000      6.116      DSP48_X1Y18    core/data_subsystem/conv2d_pipeline/controller/mac/product_q_reg[0][1]/CLK
Min Period        n/a     DSP48E1/CLK  n/a            3.884         10.000      6.116      DSP48_X2Y19    core/data_subsystem/conv2d_pipeline/controller/mac/product_q_reg[0][2]/CLK
Min Period        n/a     DSP48E1/CLK  n/a            3.884         10.000      6.116      DSP48_X2Y20    core/data_subsystem/conv2d_pipeline/controller/mac/product_q_reg[0][3]/CLK
Min Period        n/a     DSP48E1/CLK  n/a            3.884         10.000      6.116      DSP48_X3Y26    core/data_subsystem/conv2d_pipeline/controller/mac/product_q_reg[0][4]/CLK
Min Period        n/a     DSP48E1/CLK  n/a            3.884         10.000      6.116      DSP48_X3Y25    core/data_subsystem/conv2d_pipeline/controller/mac/product_q_reg[0][5]/CLK
Min Period        n/a     DSP48E1/CLK  n/a            3.884         10.000      6.116      DSP48_X3Y28    core/data_subsystem/conv2d_pipeline/controller/mac/product_q_reg[0][6]/CLK
Min Period        n/a     DSP48E1/CLK  n/a            3.884         10.000      6.116      DSP48_X3Y29    core/data_subsystem/conv2d_pipeline/controller/mac/product_q_reg[0][7]/CLK
Min Period        n/a     DSP48E1/CLK  n/a            3.884         10.000      6.116      DSP48_X3Y14    core/data_subsystem/conv2d_pipeline/controller/mac/product_q_reg[1][0]/CLK
Min Period        n/a     DSP48E1/CLK  n/a            3.884         10.000      6.116      DSP48_X3Y20    core/data_subsystem/conv2d_pipeline/controller/mac/product_q_reg[1][1]/CLK
Min Period        n/a     DSP48E1/CLK  n/a            3.884         10.000      6.116      DSP48_X3Y21    core/data_subsystem/conv2d_pipeline/controller/mac/product_q_reg[1][2]/CLK
Min Period        n/a     DSP48E1/CLK  n/a            3.884         10.000      6.116      DSP48_X2Y21    core/data_subsystem/conv2d_pipeline/controller/mac/product_q_reg[1][3]/CLK
Min Period        n/a     DSP48E1/CLK  n/a            3.884         10.000      6.116      DSP48_X2Y26    core/data_subsystem/conv2d_pipeline/controller/mac/product_q_reg[1][4]/CLK
Min Period        n/a     DSP48E1/CLK  n/a            3.884         10.000      6.116      DSP48_X2Y25    core/data_subsystem/conv2d_pipeline/controller/mac/product_q_reg[1][5]/CLK
Min Period        n/a     DSP48E1/CLK  n/a            3.884         10.000      6.116      DSP48_X2Y28    core/data_subsystem/conv2d_pipeline/controller/mac/product_q_reg[1][6]/CLK
Min Period        n/a     DSP48E1/CLK  n/a            3.884         10.000      6.116      DSP48_X2Y29    core/data_subsystem/conv2d_pipeline/controller/mac/product_q_reg[1][7]/CLK
Min Period        n/a     DSP48E1/CLK  n/a            3.884         10.000      6.116      DSP48_X4Y17    core/data_subsystem/conv2d_pipeline/controller/mac/product_q_reg[2][0]/CLK
Min Period        n/a     DSP48E1/CLK  n/a            3.884         10.000      6.116      DSP48_X3Y15    core/data_subsystem/conv2d_pipeline/controller/mac/product_q_reg[2][1]/CLK
Min Period        n/a     DSP48E1/CLK  n/a            3.884         10.000      6.116      DSP48_X3Y22    core/data_subsystem/conv2d_pipeline/controller/mac/product_q_reg[2][2]/CLK
Min Period        n/a     DSP48E1/CLK  n/a            3.884         10.000      6.116      DSP48_X4Y20    core/data_subsystem/conv2d_pipeline/controller/mac/product_q_reg[2][3]/CLK
Low Pulse Width   Slow    SRL16E/CLK   n/a            0.980         5.000       4.020      SLICE_X62Y46   core/data_subsystem/conv2d_pipeline/controller/mac/sum_l2_first_q_reg_srl2/CLK
Low Pulse Width   Fast    SRL16E/CLK   n/a            0.980         5.000       4.020      SLICE_X62Y46   core/data_subsystem/conv2d_pipeline/controller/mac/sum_l2_first_q_reg_srl2/CLK
Low Pulse Width   Slow    SRL16E/CLK   n/a            0.980         5.000       4.020      SLICE_X62Y46   core/data_subsystem/conv2d_pipeline/controller/mac/sum_l2_last_q_reg_srl2/CLK
Low Pulse Width   Fast    SRL16E/CLK   n/a            0.980         5.000       4.020      SLICE_X62Y46   core/data_subsystem/conv2d_pipeline/controller/mac/sum_l2_last_q_reg_srl2/CLK
Low Pulse Width   Slow    SRL16E/CLK   n/a            0.980         5.000       4.020      SLICE_X66Y48   core/data_subsystem/conv2d_pipeline/controller/mac/sum_l2_output_mask_q_reg[1]_srl3/CLK
Low Pulse Width   Fast    SRL16E/CLK   n/a            0.980         5.000       4.020      SLICE_X66Y48   core/data_subsystem/conv2d_pipeline/controller/mac/sum_l2_output_mask_q_reg[1]_srl3/CLK
Low Pulse Width   Slow    SRL16E/CLK   n/a            0.980         5.000       4.020      SLICE_X66Y48   core/data_subsystem/conv2d_pipeline/controller/mac/sum_l2_output_mask_q_reg[2]_srl3/CLK
Low Pulse Width   Fast    SRL16E/CLK   n/a            0.980         5.000       4.020      SLICE_X66Y48   core/data_subsystem/conv2d_pipeline/controller/mac/sum_l2_output_mask_q_reg[2]_srl3/CLK
Low Pulse Width   Slow    SRL16E/CLK   n/a            0.980         5.000       4.020      SLICE_X66Y48   core/data_subsystem/conv2d_pipeline/controller/mac/sum_l2_output_mask_q_reg[3]_srl3/CLK
Low Pulse Width   Fast    SRL16E/CLK   n/a            0.980         5.000       4.020      SLICE_X66Y48   core/data_subsystem/conv2d_pipeline/controller/mac/sum_l2_output_mask_q_reg[3]_srl3/CLK
Low Pulse Width   Slow    SRL16E/CLK   n/a            0.980         5.000       4.020      SLICE_X66Y48   core/data_subsystem/conv2d_pipeline/controller/mac/sum_l2_output_mask_q_reg[4]_srl3/CLK
Low Pulse Width   Fast    SRL16E/CLK   n/a            0.980         5.000       4.020      SLICE_X66Y48   core/data_subsystem/conv2d_pipeline/controller/mac/sum_l2_output_mask_q_reg[4]_srl3/CLK
Low Pulse Width   Slow    SRL16E/CLK   n/a            0.980         5.000       4.020      SLICE_X66Y48   core/data_subsystem/conv2d_pipeline/controller/mac/sum_l2_output_mask_q_reg[5]_srl3/CLK
Low Pulse Width   Fast    SRL16E/CLK   n/a            0.980         5.000       4.020      SLICE_X66Y48   core/data_subsystem/conv2d_pipeline/controller/mac/sum_l2_output_mask_q_reg[5]_srl3/CLK
Low Pulse Width   Slow    SRL16E/CLK   n/a            0.980         5.000       4.020      SLICE_X66Y48   core/data_subsystem/conv2d_pipeline/controller/mac/sum_l2_output_mask_q_reg[6]_srl3/CLK
Low Pulse Width   Fast    SRL16E/CLK   n/a            0.980         5.000       4.020      SLICE_X66Y48   core/data_subsystem/conv2d_pipeline/controller/mac/sum_l2_output_mask_q_reg[6]_srl3/CLK
Low Pulse Width   Slow    SRL16E/CLK   n/a            0.980         5.000       4.020      SLICE_X66Y48   core/data_subsystem/conv2d_pipeline/controller/mac/sum_l2_output_mask_q_reg[7]_srl3/CLK
Low Pulse Width   Fast    SRL16E/CLK   n/a            0.980         5.000       4.020      SLICE_X66Y48   core/data_subsystem/conv2d_pipeline/controller/mac/sum_l2_output_mask_q_reg[7]_srl3/CLK
Low Pulse Width   Slow    FDCE/C       n/a            0.500         5.000       4.500      SLICE_X103Y50  core/FSM_sequential_state_q_reg[0]/C
Low Pulse Width   Fast    FDCE/C       n/a            0.500         5.000       4.500      SLICE_X103Y50  core/FSM_sequential_state_q_reg[0]/C
High Pulse Width  Slow    SRL16E/CLK   n/a            0.980         5.000       4.020      SLICE_X62Y46   core/data_subsystem/conv2d_pipeline/controller/mac/sum_l2_first_q_reg_srl2/CLK
High Pulse Width  Fast    SRL16E/CLK   n/a            0.980         5.000       4.020      SLICE_X62Y46   core/data_subsystem/conv2d_pipeline/controller/mac/sum_l2_first_q_reg_srl2/CLK
High Pulse Width  Slow    SRL16E/CLK   n/a            0.980         5.000       4.020      SLICE_X62Y46   core/data_subsystem/conv2d_pipeline/controller/mac/sum_l2_last_q_reg_srl2/CLK
High Pulse Width  Fast    SRL16E/CLK   n/a            0.980         5.000       4.020      SLICE_X62Y46   core/data_subsystem/conv2d_pipeline/controller/mac/sum_l2_last_q_reg_srl2/CLK
High Pulse Width  Slow    SRL16E/CLK   n/a            0.980         5.000       4.020      SLICE_X66Y48   core/data_subsystem/conv2d_pipeline/controller/mac/sum_l2_output_mask_q_reg[1]_srl3/CLK
High Pulse Width  Fast    SRL16E/CLK   n/a            0.980         5.000       4.020      SLICE_X66Y48   core/data_subsystem/conv2d_pipeline/controller/mac/sum_l2_output_mask_q_reg[1]_srl3/CLK
High Pulse Width  Slow    SRL16E/CLK   n/a            0.980         5.000       4.020      SLICE_X66Y48   core/data_subsystem/conv2d_pipeline/controller/mac/sum_l2_output_mask_q_reg[2]_srl3/CLK
High Pulse Width  Fast    SRL16E/CLK   n/a            0.980         5.000       4.020      SLICE_X66Y48   core/data_subsystem/conv2d_pipeline/controller/mac/sum_l2_output_mask_q_reg[2]_srl3/CLK
High Pulse Width  Slow    SRL16E/CLK   n/a            0.980         5.000       4.020      SLICE_X66Y48   core/data_subsystem/conv2d_pipeline/controller/mac/sum_l2_output_mask_q_reg[3]_srl3/CLK
High Pulse Width  Fast    SRL16E/CLK   n/a            0.980         5.000       4.020      SLICE_X66Y48   core/data_subsystem/conv2d_pipeline/controller/mac/sum_l2_output_mask_q_reg[3]_srl3/CLK
High Pulse Width  Slow    SRL16E/CLK   n/a            0.980         5.000       4.020      SLICE_X66Y48   core/data_subsystem/conv2d_pipeline/controller/mac/sum_l2_output_mask_q_reg[4]_srl3/CLK
High Pulse Width  Fast    SRL16E/CLK   n/a            0.980         5.000       4.020      SLICE_X66Y48   core/data_subsystem/conv2d_pipeline/controller/mac/sum_l2_output_mask_q_reg[4]_srl3/CLK
High Pulse Width  Slow    SRL16E/CLK   n/a            0.980         5.000       4.020      SLICE_X66Y48   core/data_subsystem/conv2d_pipeline/controller/mac/sum_l2_output_mask_q_reg[5]_srl3/CLK
High Pulse Width  Fast    SRL16E/CLK   n/a            0.980         5.000       4.020      SLICE_X66Y48   core/data_subsystem/conv2d_pipeline/controller/mac/sum_l2_output_mask_q_reg[5]_srl3/CLK
High Pulse Width  Slow    SRL16E/CLK   n/a            0.980         5.000       4.020      SLICE_X66Y48   core/data_subsystem/conv2d_pipeline/controller/mac/sum_l2_output_mask_q_reg[6]_srl3/CLK
High Pulse Width  Fast    SRL16E/CLK   n/a            0.980         5.000       4.020      SLICE_X66Y48   core/data_subsystem/conv2d_pipeline/controller/mac/sum_l2_output_mask_q_reg[6]_srl3/CLK
High Pulse Width  Slow    SRL16E/CLK   n/a            0.980         5.000       4.020      SLICE_X66Y48   core/data_subsystem/conv2d_pipeline/controller/mac/sum_l2_output_mask_q_reg[7]_srl3/CLK
High Pulse Width  Fast    SRL16E/CLK   n/a            0.980         5.000       4.020      SLICE_X66Y48   core/data_subsystem/conv2d_pipeline/controller/mac/sum_l2_output_mask_q_reg[7]_srl3/CLK
High Pulse Width  Slow    FDCE/C       n/a            0.500         5.000       4.500      SLICE_X103Y50  core/FSM_sequential_state_q_reg[0]/C
High Pulse Width  Fast    FDCE/C       n/a            0.500         5.000       4.500      SLICE_X103Y50  core/FSM_sequential_state_q_reg[0]/C



