Copyright 1986-2022 Xilinx, Inc. All Rights Reserved. Copyright 2022-2026 Advanced Micro Devices, Inc. All Rights Reserved.
-----------------------------------------------------------------------------------------------------------------------------------------------------------------------------------------------------------------------------------------------------------------
| Tool Version : Vivado v.2026.1 (win64) Build 6511674 Tue Jun 16 11:02:23 MDT 2026
| Date         : Wed Sep 16 09:32:14 2026
| Host         : RAW2332 running 64-bit major release  (build 9200)
| Command      : report_timing -delay_type min -from [all_registers] -to [all_registers] -max_paths 100 -nworst 1 -path_type full_clock_expanded -file D:/WORKBUDDY/STEM/npu-stem-repo/hardware/reports/vivado_2026_1/npu_top_impl_fast/timing_internal_hold.rpt
| Design       : npu_top
| Device       : 7z020-clg400
| Speed File   : -1  PRODUCTION 1.12 2019-11-22
| Design State : Routed
-----------------------------------------------------------------------------------------------------------------------------------------------------------------------------------------------------------------------------------------------------------------

Timing Report

Slack (MET) :             0.007ns  (arrival time - required time)
  Source:                 core/data_subsystem/conv2d_pipeline/quant_params_q_reg[157]/C
                            (rising edge-triggered cell FDRE clocked by core_clk  {rise@0.000ns fall@5.000ns period=10.000ns})
  Destination:            core/data_subsystem/conv2d_pipeline/post/multiplier_q_reg[1][29]/D
                            (rising edge-triggered cell FDRE clocked by core_clk  {rise@0.000ns fall@5.000ns period=10.000ns})
  Path Group:             core_clk
  Path Type:              Hold (Min at Fast Process Corner)
  Requirement:            0.000ns  (core_clk rise@0.000ns - core_clk rise@0.000ns)
  Data Path Delay:        0.289ns  (logic 0.141ns (48.837%)  route 0.148ns (51.163%))
  Logic Levels:           0  
  Clock Path Skew:        0.016ns (DCD - SCD - CPR)
    Destination Clock Delay (DCD):    0.913ns
    Source Clock Delay      (SCD):    0.641ns
    Clock Pessimism Removal (CPR):    0.256ns
  Clock Uncertainty:      0.200ns  ((TSJ^2 + TIJ^2)^1/2 + DJ) / 2 + PE + UU
    Total System Jitter     (TSJ):    0.000ns
    Total Input Jitter      (TIJ):    0.000ns
    Discrete Jitter          (DJ):    0.000ns
    Phase Error              (PE):    0.000ns
    User Uncertainty         (UU):    0.200ns

    Location             Delay type                Incr(ns)  Path(ns)    Netlist Resource(s)
  -------------------------------------------------------------------    -------------------
                         (clock core_clk rise edge)
                                                      0.000     0.000 r  <hidden>
                                                      0.000     0.000 r  aclk
                         net (fo=25094, unset)        0.641     0.641    core/data_subsystem/conv2d_pipeline/aclk
    SLICE_X106Y48        FDRE                                         r  core/data_subsystem/conv2d_pipeline/quant_params_q_reg[157]/C
  -------------------------------------------------------------------    -------------------
    SLICE_X106Y48        FDRE (Prop_fdre_C_Q)         0.141     0.782 r  core/data_subsystem/conv2d_pipeline/quant_params_q_reg[157]/Q
                         net (fo=1, routed)           0.148     0.930    core/data_subsystem/conv2d_pipeline/post/clamp_max_q_reg[7][31]_0[133]
    SLICE_X106Y49        FDRE                                         r  core/data_subsystem/conv2d_pipeline/post/multiplier_q_reg[1][29]/D
  -------------------------------------------------------------------    -------------------

                         (clock core_clk rise edge)
                                                      0.000     0.000 r  <hidden>
                                                      0.000     0.000 r  aclk
                         net (fo=25094, unset)        0.913     0.913    core/data_subsystem/conv2d_pipeline/post/aclk
    SLICE_X106Y49        FDRE                                         r  core/data_subsystem/conv2d_pipeline/post/multiplier_q_reg[1][29]/C
                         clock pessimism             -0.256     0.657    <hidden>
                         clock uncertainty            0.200     0.857    <hidden>
    SLICE_X106Y49        FDRE (Hold_fdre_C_D)         0.066     0.923    core/data_subsystem/conv2d_pipeline/post/multiplier_q_reg[1][29]
  -------------------------------------------------------------------
                         required time                         -0.923    <hidden>
                         arrival time                           0.930    <hidden>
  -------------------------------------------------------------------
                         slack                                  0.007    <hidden>

Slack (MET) :             0.010ns  (arrival time - required time)
  Source:                 core/data_subsystem/conv2d_pipeline/quant_params_q_reg[28]/C
                            (rising edge-triggered cell FDRE clocked by core_clk  {rise@0.000ns fall@5.000ns period=10.000ns})
  Destination:            core/data_subsystem/conv2d_pipeline/post/multiplier_q_reg[0][28]/D
                            (rising edge-triggered cell FDRE clocked by core_clk  {rise@0.000ns fall@5.000ns period=10.000ns})
  Path Group:             core_clk
  Path Type:              Hold (Min at Fast Process Corner)
  Requirement:            0.000ns  (core_clk rise@0.000ns - core_clk rise@0.000ns)
  Data Path Delay:        0.296ns  (logic 0.141ns (47.613%)  route 0.155ns (52.387%))
  Logic Levels:           0  
  Clock Path Skew:        0.016ns (DCD - SCD - CPR)
    Destination Clock Delay (DCD):    0.846ns
    Source Clock Delay      (SCD):    0.576ns
    Clock Pessimism Removal (CPR):    0.254ns
  Clock Uncertainty:      0.200ns  ((TSJ^2 + TIJ^2)^1/2 + DJ) / 2 + PE + UU
    Total System Jitter     (TSJ):    0.000ns
    Total Input Jitter      (TIJ):    0.000ns
    Discrete Jitter          (DJ):    0.000ns
    Phase Error              (PE):    0.000ns
    User Uncertainty         (UU):    0.200ns

    Location             Delay type                Incr(ns)  Path(ns)    Netlist Resource(s)
  -------------------------------------------------------------------    -------------------
                         (clock core_clk rise edge)
                                                      0.000     0.000 r  <hidden>
                                                      0.000     0.000 r  aclk
                         net (fo=25094, unset)        0.576     0.576    core/data_subsystem/conv2d_pipeline/aclk
    SLICE_X57Y53         FDRE                                         r  core/data_subsystem/conv2d_pipeline/quant_params_q_reg[28]/C
  -------------------------------------------------------------------    -------------------
    SLICE_X57Y53         FDRE (Prop_fdre_C_Q)         0.141     0.717 r  core/data_subsystem/conv2d_pipeline/quant_params_q_reg[28]/Q
                         net (fo=1, routed)           0.155     0.872    core/data_subsystem/conv2d_pipeline/post/clamp_max_q_reg[7][31]_0[28]
    SLICE_X59Y53         FDRE                                         r  core/data_subsystem/conv2d_pipeline/post/multiplier_q_reg[0][28]/D
  -------------------------------------------------------------------    -------------------

                         (clock core_clk rise edge)
                                                      0.000     0.000 r  <hidden>
                                                      0.000     0.000 r  aclk
                         net (fo=25094, unset)        0.846     0.846    core/data_subsystem/conv2d_pipeline/post/aclk
    SLICE_X59Y53         FDRE                                         r  core/data_subsystem/conv2d_pipeline/post/multiplier_q_reg[0][28]/C
                         clock pessimism             -0.254     0.592    <hidden>
                         clock uncertainty            0.200     0.792    <hidden>
    SLICE_X59Y53         FDRE (Hold_fdre_C_D)         0.070     0.862    core/data_subsystem/conv2d_pipeline/post/multiplier_q_reg[0][28]
  -------------------------------------------------------------------
                         required time                         -0.862    <hidden>
                         arrival time                           0.872    <hidden>
  -------------------------------------------------------------------
                         slack                                  0.010    <hidden>

Slack (MET) :             0.012ns  (arrival time - required time)
  Source:                 core/data_subsystem/conv2d_pipeline/bias_q_reg[161]/C
                            (rising edge-triggered cell FDRE clocked by core_clk  {rise@0.000ns fall@5.000ns period=10.000ns})
  Destination:            core/data_subsystem/conv2d_pipeline/post/biased_q_reg[5][12]/D
                            (rising edge-triggered cell FDRE clocked by core_clk  {rise@0.000ns fall@5.000ns period=10.000ns})
  Path Group:             core_clk
  Path Type:              Hold (Min at Fast Process Corner)
  Requirement:            0.000ns  (core_clk rise@0.000ns - core_clk rise@0.000ns)
  Data Path Delay:        0.580ns  (logic 0.496ns (85.547%)  route 0.084ns (14.453%))
  Logic Levels:           5  (CARRY4=4 LUT2=1)
  Clock Path Skew:        0.263ns (DCD - SCD - CPR)
    Destination Clock Delay (DCD):    0.853ns
    Source Clock Delay      (SCD):    0.590ns
    Clock Pessimism Removal (CPR):    -0.000ns
  Clock Uncertainty:      0.200ns  ((TSJ^2 + TIJ^2)^1/2 + DJ) / 2 + PE + UU
    Total System Jitter     (TSJ):    0.000ns
    Total Input Jitter      (TIJ):    0.000ns
    Discrete Jitter          (DJ):    0.000ns
    Phase Error              (PE):    0.000ns
    User Uncertainty         (UU):    0.200ns

    Location             Delay type                Incr(ns)  Path(ns)    Netlist Resource(s)
  -------------------------------------------------------------------    -------------------
                         (clock core_clk rise edge)
                                                      0.000     0.000 r  <hidden>
                                                      0.000     0.000 r  aclk
                         net (fo=25094, unset)        0.590     0.590    core/data_subsystem/conv2d_pipeline/aclk
    SLICE_X86Y47         FDRE                                         r  core/data_subsystem/conv2d_pipeline/bias_q_reg[161]/C
  -------------------------------------------------------------------    -------------------
    SLICE_X86Y47         FDRE (Prop_fdre_C_Q)         0.164     0.754 r  core/data_subsystem/conv2d_pipeline/bias_q_reg[161]/Q
                         net (fo=1, routed)           0.083     0.837    core/data_subsystem/conv2d_pipeline/post/biased_q_reg[7][31]_1[161]
    SLICE_X87Y47         LUT2 (Prop_lut2_I1_O)        0.045     0.882 r  core/data_subsystem/conv2d_pipeline/post/biased_q[5][3]_i_4/O
                         net (fo=1, routed)           0.000     0.882    core/data_subsystem/conv2d_pipeline/post/biased_q[5][3]_i_4_n_0
    SLICE_X87Y47         CARRY4 (Prop_carry4_S[1]_CO[3])
                                                      0.155     1.037 r  core/data_subsystem/conv2d_pipeline/post/biased_q_reg[5][3]_i_1/CO[3]
                         net (fo=1, routed)           0.000     1.037    core/data_subsystem/conv2d_pipeline/post/biased_q_reg[5][3]_i_1_n_0
    SLICE_X87Y48         CARRY4 (Prop_carry4_CI_CO[3])
                                                      0.039     1.076 r  core/data_subsystem/conv2d_pipeline/post/biased_q_reg[5][7]_i_1/CO[3]
                         net (fo=1, routed)           0.000     1.076    core/data_subsystem/conv2d_pipeline/post/biased_q_reg[5][7]_i_1_n_0
    SLICE_X87Y49         CARRY4 (Prop_carry4_CI_CO[3])
                                                      0.039     1.115 r  core/data_subsystem/conv2d_pipeline/post/biased_q_reg[5][11]_i_1/CO[3]
                         net (fo=1, routed)           0.001     1.116    core/data_subsystem/conv2d_pipeline/post/biased_q_reg[5][11]_i_1_n_0
    SLICE_X87Y50         CARRY4 (Prop_carry4_CI_O[0])
                                                      0.054     1.170 r  core/data_subsystem/conv2d_pipeline/post/biased_q_reg[5][15]_i_1/O[0]
                         net (fo=1, routed)           0.000     1.170    core/data_subsystem/conv2d_pipeline/post/biased_q_reg[5][15]_i_1_n_7
    SLICE_X87Y50         FDRE                                         r  core/data_subsystem/conv2d_pipeline/post/biased_q_reg[5][12]/D
  -------------------------------------------------------------------    -------------------

                         (clock core_clk rise edge)
                                                      0.000     0.000 r  <hidden>
                                                      0.000     0.000 r  aclk
                         net (fo=25094, unset)        0.853     0.853    core/data_subsystem/conv2d_pipeline/post/aclk
    SLICE_X87Y50         FDRE                                         r  core/data_subsystem/conv2d_pipeline/post/biased_q_reg[5][12]/C
                         clock pessimism              0.000     0.853    <hidden>
                         clock uncertainty            0.200     1.053    <hidden>
    SLICE_X87Y50         FDRE (Hold_fdre_C_D)         0.105     1.158    core/data_subsystem/conv2d_pipeline/post/biased_q_reg[5][12]
  -------------------------------------------------------------------
                         required time                         -1.158    <hidden>
                         arrival time                           1.170    <hidden>
  -------------------------------------------------------------------
                         slack                                  0.012    <hidden>

Slack (MET) :             0.012ns  (arrival time - required time)
  Source:                 core/data_subsystem/conv2d_pipeline/quant_params_q_reg[404]/C
                            (rising edge-triggered cell FDRE clocked by core_clk  {rise@0.000ns fall@5.000ns period=10.000ns})
  Destination:            core/data_subsystem/conv2d_pipeline/post/multiplier_q_reg[3][20]/D
                            (rising edge-triggered cell FDRE clocked by core_clk  {rise@0.000ns fall@5.000ns period=10.000ns})
  Path Group:             core_clk
  Path Type:              Hold (Min at Fast Process Corner)
  Requirement:            0.000ns  (core_clk rise@0.000ns - core_clk rise@0.000ns)
  Data Path Delay:        0.294ns  (logic 0.141ns (47.936%)  route 0.153ns (52.064%))
  Logic Levels:           0  
  Clock Path Skew:        0.016ns (DCD - SCD - CPR)
    Destination Clock Delay (DCD):    0.853ns
    Source Clock Delay      (SCD):    0.586ns
    Clock Pessimism Removal (CPR):    0.251ns
  Clock Uncertainty:      0.200ns  ((TSJ^2 + TIJ^2)^1/2 + DJ) / 2 + PE + UU
    Total System Jitter     (TSJ):    0.000ns
    Total Input Jitter      (TIJ):    0.000ns
    Discrete Jitter          (DJ):    0.000ns
    Phase Error              (PE):    0.000ns
    User Uncertainty         (UU):    0.200ns

    Location             Delay type                Incr(ns)  Path(ns)    Netlist Resource(s)
  -------------------------------------------------------------------    -------------------
                         (clock core_clk rise edge)
                                                      0.000     0.000 r  <hidden>
                                                      0.000     0.000 r  aclk
                         net (fo=25094, unset)        0.586     0.586    core/data_subsystem/conv2d_pipeline/aclk
    SLICE_X73Y40         FDRE                                         r  core/data_subsystem/conv2d_pipeline/quant_params_q_reg[404]/C
  -------------------------------------------------------------------    -------------------
    SLICE_X73Y40         FDRE (Prop_fdre_C_Q)         0.141     0.727 r  core/data_subsystem/conv2d_pipeline/quant_params_q_reg[404]/Q
                         net (fo=1, routed)           0.153     0.880    core/data_subsystem/conv2d_pipeline/post/clamp_max_q_reg[7][31]_0[332]
    SLICE_X75Y40         FDRE                                         r  core/data_subsystem/conv2d_pipeline/post/multiplier_q_reg[3][20]/D
  -------------------------------------------------------------------    -------------------

                         (clock core_clk rise edge)
                                                      0.000     0.000 r  <hidden>
                                                      0.000     0.000 r  aclk
                         net (fo=25094, unset)        0.853     0.853    core/data_subsystem/conv2d_pipeline/post/aclk
    SLICE_X75Y40         FDRE                                         r  core/data_subsystem/conv2d_pipeline/post/multiplier_q_reg[3][20]/C
                         clock pessimism             -0.251     0.602    <hidden>
                         clock uncertainty            0.200     0.802    <hidden>
    SLICE_X75Y40         FDRE (Hold_fdre_C_D)         0.066     0.868    core/data_subsystem/conv2d_pipeline/post/multiplier_q_reg[3][20]
  -------------------------------------------------------------------
                         required time                         -0.868    <hidden>
                         arrival time                           0.880    <hidden>
  -------------------------------------------------------------------
                         slack                                  0.012    <hidden>

Slack (MET) :             0.012ns  (arrival time - required time)
  Source:                 core/data_subsystem/conv2d_pipeline/quant_params_q_reg[158]/C
                            (rising edge-triggered cell FDRE clocked by core_clk  {rise@0.000ns fall@5.000ns period=10.000ns})
  Destination:            core/data_subsystem/conv2d_pipeline/post/multiplier_q_reg[1][30]/D
                            (rising edge-triggered cell FDRE clocked by core_clk  {rise@0.000ns fall@5.000ns period=10.000ns})
  Path Group:             core_clk
  Path Type:              Hold (Min at Fast Process Corner)
  Requirement:            0.000ns  (core_clk rise@0.000ns - core_clk rise@0.000ns)
  Data Path Delay:        0.294ns  (logic 0.141ns (47.936%)  route 0.153ns (52.064%))
  Logic Levels:           0  
  Clock Path Skew:        0.016ns (DCD - SCD - CPR)
    Destination Clock Delay (DCD):    0.851ns
    Source Clock Delay      (SCD):    0.582ns
    Clock Pessimism Removal (CPR):    0.253ns
  Clock Uncertainty:      0.200ns  ((TSJ^2 + TIJ^2)^1/2 + DJ) / 2 + PE + UU
    Total System Jitter     (TSJ):    0.000ns
    Total Input Jitter      (TIJ):    0.000ns
    Discrete Jitter          (DJ):    0.000ns
    Phase Error              (PE):    0.000ns
    User Uncertainty         (UU):    0.200ns

    Location             Delay type                Incr(ns)  Path(ns)    Netlist Resource(s)
  -------------------------------------------------------------------    -------------------
                         (clock core_clk rise edge)
                                                      0.000     0.000 r  <hidden>
                                                      0.000     0.000 r  aclk
                         net (fo=25094, unset)        0.582     0.582    core/data_subsystem/conv2d_pipeline/aclk
    SLICE_X83Y54         FDRE                                         r  core/data_subsystem/conv2d_pipeline/quant_params_q_reg[158]/C
  -------------------------------------------------------------------    -------------------
    SLICE_X83Y54         FDRE (Prop_fdre_C_Q)         0.141     0.723 r  core/data_subsystem/conv2d_pipeline/quant_params_q_reg[158]/Q
                         net (fo=1, routed)           0.153     0.876    core/data_subsystem/conv2d_pipeline/post/clamp_max_q_reg[7][31]_0[134]
    SLICE_X84Y54         FDRE                                         r  core/data_subsystem/conv2d_pipeline/post/multiplier_q_reg[1][30]/D
  -------------------------------------------------------------------    -------------------

                         (clock core_clk rise edge)
                                                      0.000     0.000 r  <hidden>
                                                      0.000     0.000 r  aclk
                         net (fo=25094, unset)        0.851     0.851    core/data_subsystem/conv2d_pipeline/post/aclk
    SLICE_X84Y54         FDRE                                         r  core/data_subsystem/conv2d_pipeline/post/multiplier_q_reg[1][30]/C
                         clock pessimism             -0.253     0.598    <hidden>
                         clock uncertainty            0.200     0.798    <hidden>
    SLICE_X84Y54         FDRE (Hold_fdre_C_D)         0.066     0.864    core/data_subsystem/conv2d_pipeline/post/multiplier_q_reg[1][30]
  -------------------------------------------------------------------
                         required time                         -0.864    <hidden>
                         arrival time                           0.876    <hidden>
  -------------------------------------------------------------------
                         slack                                  0.012    <hidden>

Slack (MET) :             0.012ns  (arrival time - required time)
  Source:                 core/data_subsystem/frontend/descriptor_cache/pending_line_q_reg[0]/C
                            (rising edge-triggered cell FDCE clocked by core_clk  {rise@0.000ns fall@5.000ns period=10.000ns})
  Destination:            core/data_subsystem/frontend/descriptor_cache/valid_q_reg[3]/D
                            (rising edge-triggered cell FDCE clocked by core_clk  {rise@0.000ns fall@5.000ns period=10.000ns})
  Path Group:             core_clk
  Path Type:              Hold (Min at Fast Process Corner)
  Requirement:            0.000ns  (core_clk rise@0.000ns - core_clk rise@0.000ns)
  Data Path Delay:        0.348ns  (logic 0.186ns (53.396%)  route 0.162ns (46.604%))
  Logic Levels:           1  (LUT6=1)
  Clock Path Skew:        0.015ns (DCD - SCD - CPR)
    Destination Clock Delay (DCD):    0.960ns
    Source Clock Delay      (SCD):    0.687ns
    Clock Pessimism Removal (CPR):    0.258ns
  Clock Uncertainty:      0.200ns  ((TSJ^2 + TIJ^2)^1/2 + DJ) / 2 + PE + UU
    Total System Jitter     (TSJ):    0.000ns
    Total Input Jitter      (TIJ):    0.000ns
    Discrete Jitter          (DJ):    0.000ns
    Phase Error              (PE):    0.000ns
    User Uncertainty         (UU):    0.200ns

    Location             Delay type                Incr(ns)  Path(ns)    Netlist Resource(s)
  -------------------------------------------------------------------    -------------------
                         (clock core_clk rise edge)
                                                      0.000     0.000 r  <hidden>
                                                      0.000     0.000 r  aclk
                         net (fo=25094, unset)        0.687     0.687    core/data_subsystem/frontend/descriptor_cache/aclk
    SLICE_X105Y112       FDCE                                         r  core/data_subsystem/frontend/descriptor_cache/pending_line_q_reg[0]/C
  -------------------------------------------------------------------    -------------------
    SLICE_X105Y112       FDCE (Prop_fdce_C_Q)         0.141     0.828 r  core/data_subsystem/frontend/descriptor_cache/pending_line_q_reg[0]/Q
                         net (fo=12, routed)          0.162     0.990    core/data_subsystem/frontend/descriptor_cache/pending_line_q_reg_n_0_[0]
    SLICE_X104Y112       LUT6 (Prop_lut6_I2_O)        0.045     1.035 r  core/data_subsystem/frontend/descriptor_cache/valid_q[3]_i_1/O
                         net (fo=1, routed)           0.000     1.035    core/data_subsystem/frontend/descriptor_cache/valid_q[3]_i_1_n_0
    SLICE_X104Y112       FDCE                                         r  core/data_subsystem/frontend/descriptor_cache/valid_q_reg[3]/D
  -------------------------------------------------------------------    -------------------

                         (clock core_clk rise edge)
                                                      0.000     0.000 r  <hidden>
                                                      0.000     0.000 r  aclk
                         net (fo=25094, unset)        0.960     0.960    core/data_subsystem/frontend/descriptor_cache/aclk
    SLICE_X104Y112       FDCE                                         r  core/data_subsystem/frontend/descriptor_cache/valid_q_reg[3]/C
                         clock pessimism             -0.258     0.702    <hidden>
                         clock uncertainty            0.200     0.902    <hidden>
    SLICE_X104Y112       FDCE (Hold_fdce_C_D)         0.121     1.023    core/data_subsystem/frontend/descriptor_cache/valid_q_reg[3]
  -------------------------------------------------------------------
                         required time                         -1.023    <hidden>
                         arrival time                           1.035    <hidden>
  -------------------------------------------------------------------
                         slack                                  0.012    <hidden>

Slack (MET) :             0.013ns  (arrival time - required time)
  Source:                 core/data_subsystem/conv2d_pipeline/result_buffer_data_q_reg[211]/C
                            (rising edge-triggered cell FDRE clocked by core_clk  {rise@0.000ns fall@5.000ns period=10.000ns})
  Destination:            core/data_subsystem/conv2d_pipeline/post/biased_q_reg[6][19]/D
                            (rising edge-triggered cell FDRE clocked by core_clk  {rise@0.000ns fall@5.000ns period=10.000ns})
  Path Group:             core_clk
  Path Type:              Hold (Min at Fast Process Corner)
  Requirement:            0.000ns  (core_clk rise@0.000ns - core_clk rise@0.000ns)
  Data Path Delay:        0.334ns  (logic 0.249ns (74.566%)  route 0.085ns (25.434%))
  Logic Levels:           2  (CARRY4=1 LUT2=1)
  Clock Path Skew:        0.016ns (DCD - SCD - CPR)
    Destination Clock Delay (DCD):    0.857ns
    Source Clock Delay      (SCD):    0.588ns
    Clock Pessimism Removal (CPR):    0.253ns
  Clock Uncertainty:      0.200ns  ((TSJ^2 + TIJ^2)^1/2 + DJ) / 2 + PE + UU
    Total System Jitter     (TSJ):    0.000ns
    Total Input Jitter      (TIJ):    0.000ns
    Discrete Jitter          (DJ):    0.000ns
    Phase Error              (PE):    0.000ns
    User Uncertainty         (UU):    0.200ns

    Location             Delay type                Incr(ns)  Path(ns)    Netlist Resource(s)
  -------------------------------------------------------------------    -------------------
                         (clock core_clk rise edge)
                                                      0.000     0.000 r  <hidden>
                                                      0.000     0.000 r  aclk
                         net (fo=25094, unset)        0.588     0.588    core/data_subsystem/conv2d_pipeline/aclk
    SLICE_X80Y43         FDRE                                         r  core/data_subsystem/conv2d_pipeline/result_buffer_data_q_reg[211]/C
  -------------------------------------------------------------------    -------------------
    SLICE_X80Y43         FDRE (Prop_fdre_C_Q)         0.141     0.729 r  core/data_subsystem/conv2d_pipeline/result_buffer_data_q_reg[211]/Q
                         net (fo=2, routed)           0.085     0.814    core/data_subsystem/conv2d_pipeline/post/biased_q_reg[7][31]_0[211]
    SLICE_X81Y43         LUT2 (Prop_lut2_I0_O)        0.045     0.859 r  core/data_subsystem/conv2d_pipeline/post/biased_q[6][19]_i_2/O
                         net (fo=1, routed)           0.000     0.859    core/data_subsystem/conv2d_pipeline/post/biased_q[6][19]_i_2_n_0
    SLICE_X81Y43         CARRY4 (Prop_carry4_S[3]_O[3])
                                                      0.063     0.922 r  core/data_subsystem/conv2d_pipeline/post/biased_q_reg[6][19]_i_1/O[3]
                         net (fo=1, routed)           0.000     0.922    core/data_subsystem/conv2d_pipeline/post/biased_q_reg[6][19]_i_1_n_4
    SLICE_X81Y43         FDRE                                         r  core/data_subsystem/conv2d_pipeline/post/biased_q_reg[6][19]/D
  -------------------------------------------------------------------    -------------------

                         (clock core_clk rise edge)
                                                      0.000     0.000 r  <hidden>
                                                      0.000     0.000 r  aclk
                         net (fo=25094, unset)        0.857     0.857    core/data_subsystem/conv2d_pipeline/post/aclk
    SLICE_X81Y43         FDRE                                         r  core/data_subsystem/conv2d_pipeline/post/biased_q_reg[6][19]/C
                         clock pessimism             -0.253     0.604    <hidden>
                         clock uncertainty            0.200     0.804    <hidden>
    SLICE_X81Y43         FDRE (Hold_fdre_C_D)         0.105     0.909    core/data_subsystem/conv2d_pipeline/post/biased_q_reg[6][19]
  -------------------------------------------------------------------
                         required time                         -0.909    <hidden>
                         arrival time                           0.922    <hidden>
  -------------------------------------------------------------------
                         slack                                  0.013    <hidden>

Slack (MET) :             0.013ns  (arrival time - required time)
  Source:                 core/data_subsystem/scratchpad/dma_output_data_q_reg[42]/C
                            (rising edge-triggered cell FDRE clocked by core_clk  {rise@0.000ns fall@5.000ns period=10.000ns})
  Destination:            core/data_subsystem/engine/write_data_q_reg[42]/D
                            (rising edge-triggered cell FDCE clocked by core_clk  {rise@0.000ns fall@5.000ns period=10.000ns})
  Path Group:             core_clk
  Path Type:              Hold (Min at Fast Process Corner)
  Requirement:            0.000ns  (core_clk rise@0.000ns - core_clk rise@0.000ns)
  Data Path Delay:        0.296ns  (logic 0.141ns (47.613%)  route 0.155ns (52.387%))
  Logic Levels:           0  
  Clock Path Skew:        0.013ns (DCD - SCD - CPR)
    Destination Clock Delay (DCD):    0.837ns
    Source Clock Delay      (SCD):    0.571ns
    Clock Pessimism Removal (CPR):    0.253ns
  Clock Uncertainty:      0.200ns  ((TSJ^2 + TIJ^2)^1/2 + DJ) / 2 + PE + UU
    Total System Jitter     (TSJ):    0.000ns
    Total Input Jitter      (TIJ):    0.000ns
    Discrete Jitter          (DJ):    0.000ns
    Phase Error              (PE):    0.000ns
    User Uncertainty         (UU):    0.200ns

    Location             Delay type                Incr(ns)  Path(ns)    Netlist Resource(s)
  -------------------------------------------------------------------    -------------------
                         (clock core_clk rise edge)
                                                      0.000     0.000 r  <hidden>
                                                      0.000     0.000 r  aclk
                         net (fo=25094, unset)        0.571     0.571    core/data_subsystem/scratchpad/aclk
    SLICE_X65Y24         FDRE                                         r  core/data_subsystem/scratchpad/dma_output_data_q_reg[42]/C
  -------------------------------------------------------------------    -------------------
    SLICE_X65Y24         FDRE (Prop_fdre_C_Q)         0.141     0.712 r  core/data_subsystem/scratchpad/dma_output_data_q_reg[42]/Q
                         net (fo=1, routed)           0.155     0.867    core/data_subsystem/engine/write_data_q_reg[63]_1[42]
    SLICE_X67Y24         FDCE                                         r  core/data_subsystem/engine/write_data_q_reg[42]/D
  -------------------------------------------------------------------    -------------------

                         (clock core_clk rise edge)
                                                      0.000     0.000 r  <hidden>
                                                      0.000     0.000 r  aclk
                         net (fo=25094, unset)        0.837     0.837    core/data_subsystem/engine/aclk
    SLICE_X67Y24         FDCE                                         r  core/data_subsystem/engine/write_data_q_reg[42]/C
                         clock pessimism             -0.253     0.584    <hidden>
                         clock uncertainty            0.200     0.784    <hidden>
    SLICE_X67Y24         FDCE (Hold_fdce_C_D)         0.070     0.854    core/data_subsystem/engine/write_data_q_reg[42]
  -------------------------------------------------------------------
                         required time                         -0.854    <hidden>
                         arrival time                           0.867    <hidden>
  -------------------------------------------------------------------
                         slack                                  0.013    <hidden>

Slack (MET) :             0.014ns  (arrival time - required time)
  Source:                 core/data_subsystem/conv2d_pipeline/quant_params_q_reg[651]/C
                            (rising edge-triggered cell FDRE clocked by core_clk  {rise@0.000ns fall@5.000ns period=10.000ns})
  Destination:            core/data_subsystem/conv2d_pipeline/post/multiplier_q_reg[5][11]/D
                            (rising edge-triggered cell FDRE clocked by core_clk  {rise@0.000ns fall@5.000ns period=10.000ns})
  Path Group:             core_clk
  Path Type:              Hold (Min at Fast Process Corner)
  Requirement:            0.000ns  (core_clk rise@0.000ns - core_clk rise@0.000ns)
  Data Path Delay:        0.300ns  (logic 0.141ns (47.000%)  route 0.159ns (53.000%))
  Logic Levels:           0  
  Clock Path Skew:        0.016ns (DCD - SCD - CPR)
    Destination Clock Delay (DCD):    0.851ns
    Source Clock Delay      (SCD):    0.582ns
    Clock Pessimism Removal (CPR):    0.253ns
  Clock Uncertainty:      0.200ns  ((TSJ^2 + TIJ^2)^1/2 + DJ) / 2 + PE + UU
    Total System Jitter     (TSJ):    0.000ns
    Total Input Jitter      (TIJ):    0.000ns
    Discrete Jitter          (DJ):    0.000ns
    Phase Error              (PE):    0.000ns
    User Uncertainty         (UU):    0.200ns

    Location             Delay type                Incr(ns)  Path(ns)    Netlist Resource(s)
  -------------------------------------------------------------------    -------------------
                         (clock core_clk rise edge)
                                                      0.000     0.000 r  <hidden>
                                                      0.000     0.000 r  aclk
                         net (fo=25094, unset)        0.582     0.582    core/data_subsystem/conv2d_pipeline/aclk
    SLICE_X83Y55         FDRE                                         r  core/data_subsystem/conv2d_pipeline/quant_params_q_reg[651]/C
  -------------------------------------------------------------------    -------------------
    SLICE_X83Y55         FDRE (Prop_fdre_C_Q)         0.141     0.723 r  core/data_subsystem/conv2d_pipeline/quant_params_q_reg[651]/Q
                         net (fo=1, routed)           0.159     0.882    core/data_subsystem/conv2d_pipeline/post/clamp_max_q_reg[7][31]_0[531]
    SLICE_X84Y55         FDRE                                         r  core/data_subsystem/conv2d_pipeline/post/multiplier_q_reg[5][11]/D
  -------------------------------------------------------------------    -------------------

                         (clock core_clk rise edge)
                                                      0.000     0.000 r  <hidden>
                                                      0.000     0.000 r  aclk
                         net (fo=25094, unset)        0.851     0.851    core/data_subsystem/conv2d_pipeline/post/aclk
    SLICE_X84Y55         FDRE                                         r  core/data_subsystem/conv2d_pipeline/post/multiplier_q_reg[5][11]/C
                         clock pessimism             -0.253     0.598    <hidden>
                         clock uncertainty            0.200     0.798    <hidden>
    SLICE_X84Y55         FDRE (Hold_fdre_C_D)         0.070     0.868    core/data_subsystem/conv2d_pipeline/post/multiplier_q_reg[5][11]
  -------------------------------------------------------------------
                         required time                         -0.868    <hidden>
                         arrival time                           0.882    <hidden>
  -------------------------------------------------------------------
                         slack                                  0.014    <hidden>

Slack (MET) :             0.014ns  (arrival time - required time)
  Source:                 core/data_subsystem/frontend/descriptor_cache/pending_line_q_reg[0]/C
                            (rising edge-triggered cell FDCE clocked by core_clk  {rise@0.000ns fall@5.000ns period=10.000ns})
  Destination:            core/data_subsystem/frontend/descriptor_cache/valid_q_reg[2]/D
                            (rising edge-triggered cell FDCE clocked by core_clk  {rise@0.000ns fall@5.000ns period=10.000ns})
  Path Group:             core_clk
  Path Type:              Hold (Min at Fast Process Corner)
  Requirement:            0.000ns  (core_clk rise@0.000ns - core_clk rise@0.000ns)
  Data Path Delay:        0.349ns  (logic 0.186ns (53.243%)  route 0.163ns (46.757%))
  Logic Levels:           1  (LUT6=1)
  Clock Path Skew:        0.015ns (DCD - SCD - CPR)
    Destination Clock Delay (DCD):    0.960ns
    Source Clock Delay      (SCD):    0.687ns
    Clock Pessimism Removal (CPR):    0.258ns
  Clock Uncertainty:      0.200ns  ((TSJ^2 + TIJ^2)^1/2 + DJ) / 2 + PE + UU
    Total System Jitter     (TSJ):    0.000ns
    Total Input Jitter      (TIJ):    0.000ns
    Discrete Jitter          (DJ):    0.000ns
    Phase Error              (PE):    0.000ns
    User Uncertainty         (UU):    0.200ns

    Location             Delay type                Incr(ns)  Path(ns)    Netlist Resource(s)
  -------------------------------------------------------------------    -------------------
                         (clock core_clk rise edge)
                                                      0.000     0.000 r  <hidden>
                                                      0.000     0.000 r  aclk
                         net (fo=25094, unset)        0.687     0.687    core/data_subsystem/frontend/descriptor_cache/aclk
    SLICE_X105Y112       FDCE                                         r  core/data_subsystem/frontend/descriptor_cache/pending_line_q_reg[0]/C
  -------------------------------------------------------------------    -------------------
    SLICE_X105Y112       FDCE (Prop_fdce_C_Q)         0.141     0.828 f  core/data_subsystem/frontend/descriptor_cache/pending_line_q_reg[0]/Q
                         net (fo=12, routed)          0.163     0.991    core/data_subsystem/frontend/descriptor_cache/pending_line_q_reg_n_0_[0]
    SLICE_X104Y112       LUT6 (Prop_lut6_I1_O)        0.045     1.036 r  core/data_subsystem/frontend/descriptor_cache/valid_q[2]_i_1/O
                         net (fo=1, routed)           0.000     1.036    core/data_subsystem/frontend/descriptor_cache/valid_q[2]_i_1_n_0
    SLICE_X104Y112       FDCE                                         r  core/data_subsystem/frontend/descriptor_cache/valid_q_reg[2]/D
  -------------------------------------------------------------------    -------------------

                         (clock core_clk rise edge)
                                                      0.000     0.000 r  <hidden>
                                                      0.000     0.000 r  aclk
                         net (fo=25094, unset)        0.960     0.960    core/data_subsystem/frontend/descriptor_cache/aclk
    SLICE_X104Y112       FDCE                                         r  core/data_subsystem/frontend/descriptor_cache/valid_q_reg[2]/C
                         clock pessimism             -0.258     0.702    <hidden>
                         clock uncertainty            0.200     0.902    <hidden>
    SLICE_X104Y112       FDCE (Hold_fdce_C_D)         0.120     1.022    core/data_subsystem/frontend/descriptor_cache/valid_q_reg[2]
  -------------------------------------------------------------------
                         required time                         -1.022    <hidden>
                         arrival time                           1.036    <hidden>
  -------------------------------------------------------------------
                         slack                                  0.014    <hidden>

Slack (MET) :             0.015ns  (arrival time - required time)
  Source:                 core/data_subsystem/conv2d_pipeline/quant_params_q_reg[533]/C
                            (rising edge-triggered cell FDRE clocked by core_clk  {rise@0.000ns fall@5.000ns period=10.000ns})
  Destination:            core/data_subsystem/conv2d_pipeline/post/multiplier_q_reg[4][21]/D
                            (rising edge-triggered cell FDRE clocked by core_clk  {rise@0.000ns fall@5.000ns period=10.000ns})
  Path Group:             core_clk
  Path Type:              Hold (Min at Fast Process Corner)
  Requirement:            0.000ns  (core_clk rise@0.000ns - core_clk rise@0.000ns)
  Data Path Delay:        0.322ns  (logic 0.141ns (43.854%)  route 0.181ns (56.146%))
  Logic Levels:           0  
  Clock Path Skew:        0.032ns (DCD - SCD - CPR)
    Destination Clock Delay (DCD):    0.853ns
    Source Clock Delay      (SCD):    0.587ns
    Clock Pessimism Removal (CPR):    0.234ns
  Clock Uncertainty:      0.200ns  ((TSJ^2 + TIJ^2)^1/2 + DJ) / 2 + PE + UU
    Total System Jitter     (TSJ):    0.000ns
    Total Input Jitter      (TIJ):    0.000ns
    Discrete Jitter          (DJ):    0.000ns
    Phase Error              (PE):    0.000ns
    User Uncertainty         (UU):    0.200ns

    Location             Delay type                Incr(ns)  Path(ns)    Netlist Resource(s)
  -------------------------------------------------------------------    -------------------
                         (clock core_clk rise edge)
                                                      0.000     0.000 r  <hidden>
                                                      0.000     0.000 r  aclk
                         net (fo=25094, unset)        0.587     0.587    core/data_subsystem/conv2d_pipeline/aclk
    SLICE_X71Y47         FDRE                                         r  core/data_subsystem/conv2d_pipeline/quant_params_q_reg[533]/C
  -------------------------------------------------------------------    -------------------
    SLICE_X71Y47         FDRE (Prop_fdre_C_Q)         0.141     0.728 r  core/data_subsystem/conv2d_pipeline/quant_params_q_reg[533]/Q
                         net (fo=1, routed)           0.181     0.909    core/data_subsystem/conv2d_pipeline/post/clamp_max_q_reg[7][31]_0[437]
    SLICE_X67Y47         FDRE                                         r  core/data_subsystem/conv2d_pipeline/post/multiplier_q_reg[4][21]/D
  -------------------------------------------------------------------    -------------------

                         (clock core_clk rise edge)
                                                      0.000     0.000 r  <hidden>
                                                      0.000     0.000 r  aclk
                         net (fo=25094, unset)        0.853     0.853    core/data_subsystem/conv2d_pipeline/post/aclk
    SLICE_X67Y47         FDRE                                         r  core/data_subsystem/conv2d_pipeline/post/multiplier_q_reg[4][21]/C
                         clock pessimism             -0.234     0.619    <hidden>
                         clock uncertainty            0.200     0.819    <hidden>
    SLICE_X67Y47         FDRE (Hold_fdre_C_D)         0.075     0.894    core/data_subsystem/conv2d_pipeline/post/multiplier_q_reg[4][21]
  -------------------------------------------------------------------
                         required time                         -0.894    <hidden>
                         arrival time                           0.909    <hidden>
  -------------------------------------------------------------------
                         slack                                  0.015    <hidden>

Slack (MET) :             0.015ns  (arrival time - required time)
  Source:                 core/fetch_command_bits_reg[51]/C
                            (rising edge-triggered cell FDCE clocked by core_clk  {rise@0.000ns fall@5.000ns period=10.000ns})
  Destination:            core/command_processor/command_bits_q_reg[51]/D
                            (rising edge-triggered cell FDCE clocked by core_clk  {rise@0.000ns fall@5.000ns period=10.000ns})
  Path Group:             core_clk
  Path Type:              Hold (Min at Fast Process Corner)
  Requirement:            0.000ns  (core_clk rise@0.000ns - core_clk rise@0.000ns)
  Data Path Delay:        0.323ns  (logic 0.186ns (57.598%)  route 0.137ns (42.402%))
  Logic Levels:           1  (LUT4=1)
  Clock Path Skew:        0.017ns (DCD - SCD - CPR)
    Destination Clock Delay (DCD):    0.852ns
    Source Clock Delay      (SCD):    0.581ns
    Clock Pessimism Removal (CPR):    0.254ns
  Clock Uncertainty:      0.200ns  ((TSJ^2 + TIJ^2)^1/2 + DJ) / 2 + PE + UU
    Total System Jitter     (TSJ):    0.000ns
    Total Input Jitter      (TIJ):    0.000ns
    Discrete Jitter          (DJ):    0.000ns
    Phase Error              (PE):    0.000ns
    User Uncertainty         (UU):    0.200ns

    Location             Delay type                Incr(ns)  Path(ns)    Netlist Resource(s)
  -------------------------------------------------------------------    -------------------
                         (clock core_clk rise edge)
                                                      0.000     0.000 r  <hidden>
                                                      0.000     0.000 r  aclk
                         net (fo=25094, unset)        0.581     0.581    core/aclk
    SLICE_X88Y92         FDCE                                         r  core/fetch_command_bits_reg[51]/C
  -------------------------------------------------------------------    -------------------
    SLICE_X88Y92         FDCE (Prop_fdce_C_Q)         0.141     0.722 r  core/fetch_command_bits_reg[51]/Q
                         net (fo=1, routed)           0.137     0.859    core/command_processor/command_bits_q_reg[127]_1[51]
    SLICE_X89Y92         LUT4 (Prop_lut4_I0_O)        0.045     0.904 r  core/command_processor/command_bits_q[51]_i_1/O
                         net (fo=1, routed)           0.000     0.904    core/command_processor/command_bits_q[51]_i_1_n_0
    SLICE_X89Y92         FDCE                                         r  core/command_processor/command_bits_q_reg[51]/D
  -------------------------------------------------------------------    -------------------

                         (clock core_clk rise edge)
                                                      0.000     0.000 r  <hidden>
                                                      0.000     0.000 r  aclk
                         net (fo=25094, unset)        0.852     0.852    core/command_processor/aclk
    SLICE_X89Y92         FDCE                                         r  core/command_processor/command_bits_q_reg[51]/C
                         clock pessimism             -0.254     0.598    <hidden>
                         clock uncertainty            0.200     0.798    <hidden>
    SLICE_X89Y92         FDCE (Hold_fdce_C_D)         0.091     0.889    core/command_processor/command_bits_q_reg[51]
  -------------------------------------------------------------------
                         required time                         -0.889    <hidden>
                         arrival time                           0.904    <hidden>
  -------------------------------------------------------------------
                         slack                                  0.015    <hidden>

Slack (MET) :             0.015ns  (arrival time - required time)
  Source:                 core/loader/command_base_o_reg[30]/C
                            (rising edge-triggered cell FDCE clocked by core_clk  {rise@0.000ns fall@5.000ns period=10.000ns})
  Destination:            core/command_fetch/base_q_reg[30]/D
                            (rising edge-triggered cell FDCE clocked by core_clk  {rise@0.000ns fall@5.000ns period=10.000ns})
  Path Group:             core_clk
  Path Type:              Hold (Min at Fast Process Corner)
  Requirement:            0.000ns  (core_clk rise@0.000ns - core_clk rise@0.000ns)
  Data Path Delay:        0.295ns  (logic 0.141ns (47.774%)  route 0.154ns (52.226%))
  Logic Levels:           0  
  Clock Path Skew:        0.017ns (DCD - SCD - CPR)
    Destination Clock Delay (DCD):    0.963ns
    Source Clock Delay      (SCD):    0.689ns
    Clock Pessimism Removal (CPR):    0.257ns
  Clock Uncertainty:      0.200ns  ((TSJ^2 + TIJ^2)^1/2 + DJ) / 2 + PE + UU
    Total System Jitter     (TSJ):    0.000ns
    Total Input Jitter      (TIJ):    0.000ns
    Discrete Jitter          (DJ):    0.000ns
    Phase Error              (PE):    0.000ns
    User Uncertainty         (UU):    0.200ns

    Location             Delay type                Incr(ns)  Path(ns)    Netlist Resource(s)
  -------------------------------------------------------------------    -------------------
                         (clock core_clk rise edge)
                                                      0.000     0.000 r  <hidden>
                                                      0.000     0.000 r  aclk
                         net (fo=25094, unset)        0.689     0.689    core/loader/aclk
    SLICE_X95Y106        FDCE                                         r  core/loader/command_base_o_reg[30]/C
  -------------------------------------------------------------------    -------------------
    SLICE_X95Y106        FDCE (Prop_fdce_C_Q)         0.141     0.830 r  core/loader/command_base_o_reg[30]/Q
                         net (fo=1, routed)           0.154     0.984    core/command_fetch/command_base_o[30]
    SLICE_X96Y106        FDCE                                         r  core/command_fetch/base_q_reg[30]/D
  -------------------------------------------------------------------    -------------------

                         (clock core_clk rise edge)
                                                      0.000     0.000 r  <hidden>
                                                      0.000     0.000 r  aclk
                         net (fo=25094, unset)        0.963     0.963    core/command_fetch/aclk
    SLICE_X96Y106        FDCE                                         r  core/command_fetch/base_q_reg[30]/C
                         clock pessimism             -0.257     0.706    <hidden>
                         clock uncertainty            0.200     0.906    <hidden>
    SLICE_X96Y106        FDCE (Hold_fdce_C_D)         0.063     0.969    core/command_fetch/base_q_reg[30]
  -------------------------------------------------------------------
                         required time                         -0.969    <hidden>
                         arrival time                           0.984    <hidden>
  -------------------------------------------------------------------
                         slack                                  0.015    <hidden>

Slack (MET) :             0.016ns  (arrival time - required time)
  Source:                 core/fetch_command_pc_reg[16]/C
                            (rising edge-triggered cell FDCE clocked by core_clk  {rise@0.000ns fall@5.000ns period=10.000ns})
  Destination:            core/execution_frontend/command_pc_q_reg[16]/D
                            (rising edge-triggered cell FDCE clocked by core_clk  {rise@0.000ns fall@5.000ns period=10.000ns})
  Path Group:             core_clk
  Path Type:              Hold (Min at Fast Process Corner)
  Requirement:            0.000ns  (core_clk rise@0.000ns - core_clk rise@0.000ns)
  Data Path Delay:        0.299ns  (logic 0.141ns (47.235%)  route 0.158ns (52.765%))
  Logic Levels:           0  
  Clock Path Skew:        0.013ns (DCD - SCD - CPR)
    Destination Clock Delay (DCD):    0.864ns
    Source Clock Delay      (SCD):    0.597ns
    Clock Pessimism Removal (CPR):    0.254ns
  Clock Uncertainty:      0.200ns  ((TSJ^2 + TIJ^2)^1/2 + DJ) / 2 + PE + UU
    Total System Jitter     (TSJ):    0.000ns
    Total Input Jitter      (TIJ):    0.000ns
    Discrete Jitter          (DJ):    0.000ns
    Phase Error              (PE):    0.000ns
    User Uncertainty         (UU):    0.200ns

    Location             Delay type                Incr(ns)  Path(ns)    Netlist Resource(s)
  -------------------------------------------------------------------    -------------------
                         (clock core_clk rise edge)
                                                      0.000     0.000 r  <hidden>
                                                      0.000     0.000 r  aclk
                         net (fo=25094, unset)        0.597     0.597    core/aclk
    SLICE_X93Y80         FDCE                                         r  core/fetch_command_pc_reg[16]/C
  -------------------------------------------------------------------    -------------------
    SLICE_X93Y80         FDCE (Prop_fdce_C_Q)         0.141     0.738 r  core/fetch_command_pc_reg[16]/Q
                         net (fo=2, routed)           0.158     0.896    core/execution_frontend/command_pc_q_reg[31]_1[12]
    SLICE_X93Y79         FDCE                                         r  core/execution_frontend/command_pc_q_reg[16]/D
  -------------------------------------------------------------------    -------------------

                         (clock core_clk rise edge)
                                                      0.000     0.000 r  <hidden>
                                                      0.000     0.000 r  aclk
                         net (fo=25094, unset)        0.864     0.864    core/execution_frontend/aclk
    SLICE_X93Y79         FDCE                                         r  core/execution_frontend/command_pc_q_reg[16]/C
                         clock pessimism             -0.254     0.610    <hidden>
                         clock uncertainty            0.200     0.810    <hidden>
    SLICE_X93Y79         FDCE (Hold_fdce_C_D)         0.070     0.880    core/execution_frontend/command_pc_q_reg[16]
  -------------------------------------------------------------------
                         required time                         -0.880    <hidden>
                         arrival time                           0.896    <hidden>
  -------------------------------------------------------------------
                         slack                                  0.016    <hidden>

Slack (MET) :             0.016ns  (arrival time - required time)
  Source:                 core/data_subsystem/conv2d_pipeline/bias_q_reg[29]/C
                            (rising edge-triggered cell FDRE clocked by core_clk  {rise@0.000ns fall@5.000ns period=10.000ns})
  Destination:            core/data_subsystem/conv2d_pipeline/post/biased_q_reg[0][29]/D
                            (rising edge-triggered cell FDRE clocked by core_clk  {rise@0.000ns fall@5.000ns period=10.000ns})
  Path Group:             core_clk
  Path Type:              Hold (Min at Fast Process Corner)
  Requirement:            0.000ns  (core_clk rise@0.000ns - core_clk rise@0.000ns)
  Data Path Delay:        0.338ns  (logic 0.251ns (74.331%)  route 0.087ns (25.669%))
  Logic Levels:           2  (CARRY4=1 LUT2=1)
  Clock Path Skew:        0.017ns (DCD - SCD - CPR)
    Destination Clock Delay (DCD):    0.848ns
    Source Clock Delay      (SCD):    0.578ns
    Clock Pessimism Removal (CPR):    0.253ns
  Clock Uncertainty:      0.200ns  ((TSJ^2 + TIJ^2)^1/2 + DJ) / 2 + PE + UU
    Total System Jitter     (TSJ):    0.000ns
    Total Input Jitter      (TIJ):    0.000ns
    Discrete Jitter          (DJ):    0.000ns
    Phase Error              (PE):    0.000ns
    User Uncertainty         (UU):    0.200ns

    Location             Delay type                Incr(ns)  Path(ns)    Netlist Resource(s)
  -------------------------------------------------------------------    -------------------
                         (clock core_clk rise edge)
                                                      0.000     0.000 r  <hidden>
                                                      0.000     0.000 r  aclk
                         net (fo=25094, unset)        0.578     0.578    core/data_subsystem/conv2d_pipeline/aclk
    SLICE_X64Y55         FDRE                                         r  core/data_subsystem/conv2d_pipeline/bias_q_reg[29]/C
  -------------------------------------------------------------------    -------------------
    SLICE_X64Y55         FDRE (Prop_fdre_C_Q)         0.141     0.719 r  core/data_subsystem/conv2d_pipeline/bias_q_reg[29]/Q
                         net (fo=1, routed)           0.087     0.806    core/data_subsystem/conv2d_pipeline/post/biased_q_reg[7][31]_1[29]
    SLICE_X65Y55         LUT2 (Prop_lut2_I1_O)        0.045     0.851 r  core/data_subsystem/conv2d_pipeline/post/biased_q[0][31]_i_4/O
                         net (fo=1, routed)           0.000     0.851    core/data_subsystem/conv2d_pipeline/post/biased_q[0][31]_i_4_n_0
    SLICE_X65Y55         CARRY4 (Prop_carry4_S[1]_O[1])
                                                      0.065     0.916 r  core/data_subsystem/conv2d_pipeline/post/biased_q_reg[0][31]_i_1/O[1]
                         net (fo=1, routed)           0.000     0.916    core/data_subsystem/conv2d_pipeline/post/biased_q_reg[0][31]_i_1_n_6
    SLICE_X65Y55         FDRE                                         r  core/data_subsystem/conv2d_pipeline/post/biased_q_reg[0][29]/D
  -------------------------------------------------------------------    -------------------

                         (clock core_clk rise edge)
                                                      0.000     0.000 r  <hidden>
                                                      0.000     0.000 r  aclk
                         net (fo=25094, unset)        0.848     0.848    core/data_subsystem/conv2d_pipeline/post/aclk
    SLICE_X65Y55         FDRE                                         r  core/data_subsystem/conv2d_pipeline/post/biased_q_reg[0][29]/C
                         clock pessimism             -0.253     0.595    <hidden>
                         clock uncertainty            0.200     0.795    <hidden>
    SLICE_X65Y55         FDRE (Hold_fdre_C_D)         0.105     0.900    core/data_subsystem/conv2d_pipeline/post/biased_q_reg[0][29]
  -------------------------------------------------------------------
                         required time                         -0.900    <hidden>
                         arrival time                           0.916    <hidden>
  -------------------------------------------------------------------
                         slack                                  0.016    <hidden>

Slack (MET) :             0.016ns  (arrival time - required time)
  Source:                 core/execution_frontend/descriptor_cache/pending_address_q_reg[23]/C
                            (rising edge-triggered cell FDCE clocked by core_clk  {rise@0.000ns fall@5.000ns period=10.000ns})
  Destination:            core/block_reader/address_q_reg[23]/D
                            (rising edge-triggered cell FDCE clocked by core_clk  {rise@0.000ns fall@5.000ns period=10.000ns})
  Path Group:             core_clk
  Path Type:              Hold (Min at Fast Process Corner)
  Requirement:            0.000ns  (core_clk rise@0.000ns - core_clk rise@0.000ns)
  Data Path Delay:        0.323ns  (logic 0.186ns (57.598%)  route 0.137ns (42.402%))
  Logic Levels:           1  (LUT6=1)
  Clock Path Skew:        0.016ns (DCD - SCD - CPR)
    Destination Clock Delay (DCD):    0.936ns
    Source Clock Delay      (SCD):    0.664ns
    Clock Pessimism Removal (CPR):    0.256ns
  Clock Uncertainty:      0.200ns  ((TSJ^2 + TIJ^2)^1/2 + DJ) / 2 + PE + UU
    Total System Jitter     (TSJ):    0.000ns
    Total Input Jitter      (TIJ):    0.000ns
    Discrete Jitter          (DJ):    0.000ns
    Phase Error              (PE):    0.000ns
    User Uncertainty         (UU):    0.200ns

    Location             Delay type                Incr(ns)  Path(ns)    Netlist Resource(s)
  -------------------------------------------------------------------    -------------------
                         (clock core_clk rise edge)
                                                      0.000     0.000 r  <hidden>
                                                      0.000     0.000 r  aclk
                         net (fo=25094, unset)        0.664     0.664    core/execution_frontend/descriptor_cache/aclk
    SLICE_X84Y109        FDCE                                         r  core/execution_frontend/descriptor_cache/pending_address_q_reg[23]/C
  -------------------------------------------------------------------    -------------------
    SLICE_X84Y109        FDCE (Prop_fdce_C_Q)         0.141     0.805 r  core/execution_frontend/descriptor_cache/pending_address_q_reg[23]/Q
                         net (fo=1, routed)           0.137     0.942    core/memory_arbiter/address_q_reg[63][23]
    SLICE_X85Y109        LUT6 (Prop_lut6_I2_O)        0.045     0.987 r  core/memory_arbiter/address_q[23]_i_1__0/O
                         net (fo=1, routed)           0.000     0.987    core/block_reader/address_q_reg[63]_1[23]
    SLICE_X85Y109        FDCE                                         r  core/block_reader/address_q_reg[23]/D
  -------------------------------------------------------------------    -------------------

                         (clock core_clk rise edge)
                                                      0.000     0.000 r  <hidden>
                                                      0.000     0.000 r  aclk
                         net (fo=25094, unset)        0.936     0.936    core/block_reader/aclk
    SLICE_X85Y109        FDCE                                         r  core/block_reader/address_q_reg[23]/C
                         clock pessimism             -0.256     0.680    <hidden>
                         clock uncertainty            0.200     0.880    <hidden>
    SLICE_X85Y109        FDCE (Hold_fdce_C_D)         0.091     0.971    core/block_reader/address_q_reg[23]
  -------------------------------------------------------------------
                         required time                         -0.971    <hidden>
                         arrival time                           0.987    <hidden>
  -------------------------------------------------------------------
                         slack                                  0.016    <hidden>

Slack (MET) :             0.016ns  (arrival time - required time)
  Source:                 core/upsample/write_burst_address_q_reg[30]/C
                            (rising edge-triggered cell FDRE clocked by core_clk  {rise@0.000ns fall@5.000ns period=10.000ns})
  Destination:            core/write_arbiter/address_q_reg[30]/D
                            (rising edge-triggered cell FDCE clocked by core_clk  {rise@0.000ns fall@5.000ns period=10.000ns})
  Path Group:             core_clk
  Path Type:              Hold (Min at Fast Process Corner)
  Requirement:            0.000ns  (core_clk rise@0.000ns - core_clk rise@0.000ns)
  Data Path Delay:        0.371ns  (logic 0.186ns (50.136%)  route 0.185ns (49.864%))
  Logic Levels:           1  (LUT6=1)
  Clock Path Skew:        0.034ns (DCD - SCD - CPR)
    Destination Clock Delay (DCD):    0.824ns
    Source Clock Delay      (SCD):    0.556ns
    Clock Pessimism Removal (CPR):    0.234ns
  Clock Uncertainty:      0.200ns  ((TSJ^2 + TIJ^2)^1/2 + DJ) / 2 + PE + UU
    Total System Jitter     (TSJ):    0.000ns
    Total Input Jitter      (TIJ):    0.000ns
    Discrete Jitter          (DJ):    0.000ns
    Phase Error              (PE):    0.000ns
    User Uncertainty         (UU):    0.200ns

    Location             Delay type                Incr(ns)  Path(ns)    Netlist Resource(s)
  -------------------------------------------------------------------    -------------------
                         (clock core_clk rise edge)
                                                      0.000     0.000 r  <hidden>
                                                      0.000     0.000 r  aclk
                         net (fo=25094, unset)        0.556     0.556    core/upsample/aclk
    SLICE_X47Y98         FDRE                                         r  core/upsample/write_burst_address_q_reg[30]/C
  -------------------------------------------------------------------    -------------------
    SLICE_X47Y98         FDRE (Prop_fdre_C_Q)         0.141     0.697 r  core/upsample/write_burst_address_q_reg[30]/Q
                         net (fo=1, routed)           0.185     0.882    core/data_subsystem/engine/m_axi_awaddr_o[30]
    SLICE_X42Y99         LUT6 (Prop_lut6_I2_O)        0.045     0.927 r  core/data_subsystem/engine/address_q[30]_i_1__1/O
                         net (fo=1, routed)           0.000     0.927    core/write_arbiter/D[30]
    SLICE_X42Y99         FDCE                                         r  core/write_arbiter/address_q_reg[30]/D
  -------------------------------------------------------------------    -------------------

                         (clock core_clk rise edge)
                                                      0.000     0.000 r  <hidden>
                                                      0.000     0.000 r  aclk
                         net (fo=25094, unset)        0.824     0.824    core/write_arbiter/aclk
    SLICE_X42Y99         FDCE                                         r  core/write_arbiter/address_q_reg[30]/C
                         clock pessimism             -0.234     0.590    <hidden>
                         clock uncertainty            0.200     0.790    <hidden>
    SLICE_X42Y99         FDCE (Hold_fdce_C_D)         0.121     0.911    core/write_arbiter/address_q_reg[30]
  -------------------------------------------------------------------
                         required time                         -0.911    <hidden>
                         arrival time                           0.927    <hidden>
  -------------------------------------------------------------------
                         slack                                  0.016    <hidden>

Slack (MET) :             0.017ns  (arrival time - required time)
  Source:                 core/loader/command_base_o_reg[18]/C
                            (rising edge-triggered cell FDCE clocked by core_clk  {rise@0.000ns fall@5.000ns period=10.000ns})
  Destination:            core/command_fetch/base_q_reg[18]/D
                            (rising edge-triggered cell FDCE clocked by core_clk  {rise@0.000ns fall@5.000ns period=10.000ns})
  Path Group:             core_clk
  Path Type:              Hold (Min at Fast Process Corner)
  Requirement:            0.000ns  (core_clk rise@0.000ns - core_clk rise@0.000ns)
  Data Path Delay:        0.297ns  (logic 0.141ns (47.452%)  route 0.156ns (52.548%))
  Logic Levels:           0  
  Clock Path Skew:        0.017ns (DCD - SCD - CPR)
    Destination Clock Delay (DCD):    0.963ns
    Source Clock Delay      (SCD):    0.689ns
    Clock Pessimism Removal (CPR):    0.257ns
  Clock Uncertainty:      0.200ns  ((TSJ^2 + TIJ^2)^1/2 + DJ) / 2 + PE + UU
    Total System Jitter     (TSJ):    0.000ns
    Total Input Jitter      (TIJ):    0.000ns
    Discrete Jitter          (DJ):    0.000ns
    Phase Error              (PE):    0.000ns
    User Uncertainty         (UU):    0.200ns

    Location             Delay type                Incr(ns)  Path(ns)    Netlist Resource(s)
  -------------------------------------------------------------------    -------------------
                         (clock core_clk rise edge)
                                                      0.000     0.000 r  <hidden>
                                                      0.000     0.000 r  aclk
                         net (fo=25094, unset)        0.689     0.689    core/loader/aclk
    SLICE_X95Y103        FDCE                                         r  core/loader/command_base_o_reg[18]/C
  -------------------------------------------------------------------    -------------------
    SLICE_X95Y103        FDCE (Prop_fdce_C_Q)         0.141     0.830 r  core/loader/command_base_o_reg[18]/Q
                         net (fo=1, routed)           0.156     0.986    core/command_fetch/command_base_o[18]
    SLICE_X96Y103        FDCE                                         r  core/command_fetch/base_q_reg[18]/D
  -------------------------------------------------------------------    -------------------

                         (clock core_clk rise edge)
                                                      0.000     0.000 r  <hidden>
                                                      0.000     0.000 r  aclk
                         net (fo=25094, unset)        0.963     0.963    core/command_fetch/aclk
    SLICE_X96Y103        FDCE                                         r  core/command_fetch/base_q_reg[18]/C
                         clock pessimism             -0.257     0.706    <hidden>
                         clock uncertainty            0.200     0.906    <hidden>
    SLICE_X96Y103        FDCE (Hold_fdce_C_D)         0.063     0.969    core/command_fetch/base_q_reg[18]
  -------------------------------------------------------------------
                         required time                         -0.969    <hidden>
                         arrival time                           0.986    <hidden>
  -------------------------------------------------------------------
                         slack                                  0.017    <hidden>

Slack (MET) :             0.017ns  (arrival time - required time)
  Source:                 core/data_subsystem/scratchpad/compute_weight_output_data_q_reg[48]/C
                            (rising edge-triggered cell FDRE clocked by core_clk  {rise@0.000ns fall@5.000ns period=10.000ns})
  Destination:            core/data_subsystem/conv2d_pipeline/bias_q_reg[48]/D
                            (rising edge-triggered cell FDRE clocked by core_clk  {rise@0.000ns fall@5.000ns period=10.000ns})
  Path Group:             core_clk
  Path Type:              Hold (Min at Fast Process Corner)
  Requirement:            0.000ns  (core_clk rise@0.000ns - core_clk rise@0.000ns)
  Data Path Delay:        0.309ns  (logic 0.141ns (45.559%)  route 0.168ns (54.441%))
  Logic Levels:           0  
  Clock Path Skew:        0.016ns (DCD - SCD - CPR)
    Destination Clock Delay (DCD):    0.875ns
    Source Clock Delay      (SCD):    0.605ns
    Clock Pessimism Removal (CPR):    0.254ns
  Clock Uncertainty:      0.200ns  ((TSJ^2 + TIJ^2)^1/2 + DJ) / 2 + PE + UU
    Total System Jitter     (TSJ):    0.000ns
    Total Input Jitter      (TIJ):    0.000ns
    Discrete Jitter          (DJ):    0.000ns
    Phase Error              (PE):    0.000ns
    User Uncertainty         (UU):    0.200ns

    Location             Delay type                Incr(ns)  Path(ns)    Netlist Resource(s)
  -------------------------------------------------------------------    -------------------
                         (clock core_clk rise edge)
                                                      0.000     0.000 r  <hidden>
                                                      0.000     0.000 r  aclk
                         net (fo=25094, unset)        0.605     0.605    core/data_subsystem/scratchpad/aclk
    SLICE_X91Y53         FDRE                                         r  core/data_subsystem/scratchpad/compute_weight_output_data_q_reg[48]/C
  -------------------------------------------------------------------    -------------------
    SLICE_X91Y53         FDRE (Prop_fdre_C_Q)         0.141     0.746 r  core/data_subsystem/scratchpad/compute_weight_output_data_q_reg[48]/Q
                         net (fo=1, routed)           0.168     0.914    core/data_subsystem/conv2d_pipeline/quant_params_q_reg[511]_0[48]
    SLICE_X90Y53         FDRE                                         r  core/data_subsystem/conv2d_pipeline/bias_q_reg[48]/D
  -------------------------------------------------------------------    -------------------

                         (clock core_clk rise edge)
                                                      0.000     0.000 r  <hidden>
                                                      0.000     0.000 r  aclk
                         net (fo=25094, unset)        0.875     0.875    core/data_subsystem/conv2d_pipeline/aclk
    SLICE_X90Y53         FDRE                                         r  core/data_subsystem/conv2d_pipeline/bias_q_reg[48]/C
                         clock pessimism             -0.254     0.621    <hidden>
                         clock uncertainty            0.200     0.821    <hidden>
    SLICE_X90Y53         FDRE (Hold_fdre_C_D)         0.076     0.897    core/data_subsystem/conv2d_pipeline/bias_q_reg[48]
  -------------------------------------------------------------------
                         required time                         -0.897    <hidden>
                         arrival time                           0.914    <hidden>
  -------------------------------------------------------------------
                         slack                                  0.017    <hidden>

Slack (MET) :             0.018ns  (arrival time - required time)
  Source:                 core/data_subsystem/conv2d_pipeline/controller/mac/result_q_reg[127]/C
                            (rising edge-triggered cell FDRE clocked by core_clk  {rise@0.000ns fall@5.000ns period=10.000ns})
  Destination:            core/data_subsystem/conv2d_pipeline/result_buffer_data_q_reg[127]/D
                            (rising edge-triggered cell FDRE clocked by core_clk  {rise@0.000ns fall@5.000ns period=10.000ns})
  Path Group:             core_clk
  Path Type:              Hold (Min at Fast Process Corner)
  Requirement:            0.000ns  (core_clk rise@0.000ns - core_clk rise@0.000ns)
  Data Path Delay:        0.318ns  (logic 0.141ns (44.347%)  route 0.177ns (55.653%))
  Logic Levels:           0  
  Clock Path Skew:        0.034ns (DCD - SCD - CPR)
    Destination Clock Delay (DCD):    0.855ns
    Source Clock Delay      (SCD):    0.587ns
    Clock Pessimism Removal (CPR):    0.234ns
  Clock Uncertainty:      0.200ns  ((TSJ^2 + TIJ^2)^1/2 + DJ) / 2 + PE + UU
    Total System Jitter     (TSJ):    0.000ns
    Total Input Jitter      (TIJ):    0.000ns
    Discrete Jitter          (DJ):    0.000ns
    Phase Error              (PE):    0.000ns
    User Uncertainty         (UU):    0.200ns

    Location             Delay type                Incr(ns)  Path(ns)    Netlist Resource(s)
  -------------------------------------------------------------------    -------------------
                         (clock core_clk rise edge)
                                                      0.000     0.000 r  <hidden>
                                                      0.000     0.000 r  aclk
                         net (fo=25094, unset)        0.587     0.587    core/data_subsystem/conv2d_pipeline/controller/mac/aclk
    SLICE_X70Y49         FDRE                                         r  core/data_subsystem/conv2d_pipeline/controller/mac/result_q_reg[127]/C
  -------------------------------------------------------------------    -------------------
    SLICE_X70Y49         FDRE (Prop_fdre_C_Q)         0.141     0.728 r  core/data_subsystem/conv2d_pipeline/controller/mac/result_q_reg[127]/Q
                         net (fo=1, routed)           0.177     0.905    core/data_subsystem/conv2d_pipeline/controller_result_data[127]
    SLICE_X73Y48         FDRE                                         r  core/data_subsystem/conv2d_pipeline/result_buffer_data_q_reg[127]/D
  -------------------------------------------------------------------    -------------------

                         (clock core_clk rise edge)
                                                      0.000     0.000 r  <hidden>
                                                      0.000     0.000 r  aclk
                         net (fo=25094, unset)        0.855     0.855    core/data_subsystem/conv2d_pipeline/aclk
    SLICE_X73Y48         FDRE                                         r  core/data_subsystem/conv2d_pipeline/result_buffer_data_q_reg[127]/C
                         clock pessimism             -0.234     0.621    <hidden>
                         clock uncertainty            0.200     0.821    <hidden>
    SLICE_X73Y48         FDRE (Hold_fdre_C_D)         0.066     0.887    core/data_subsystem/conv2d_pipeline/result_buffer_data_q_reg[127]
  -------------------------------------------------------------------
                         required time                         -0.887    <hidden>
                         arrival time                           0.905    <hidden>
  -------------------------------------------------------------------
                         slack                                  0.018    <hidden>

Slack (MET) :             0.018ns  (arrival time - required time)
  Source:                 core/fetch_command_bits_reg[35]/C
                            (rising edge-triggered cell FDCE clocked by core_clk  {rise@0.000ns fall@5.000ns period=10.000ns})
  Destination:            core/command_processor/command_bits_q_reg[35]/D
                            (rising edge-triggered cell FDCE clocked by core_clk  {rise@0.000ns fall@5.000ns period=10.000ns})
  Path Group:             core_clk
  Path Type:              Hold (Min at Fast Process Corner)
  Requirement:            0.000ns  (core_clk rise@0.000ns - core_clk rise@0.000ns)
  Data Path Delay:        0.356ns  (logic 0.209ns (58.679%)  route 0.147ns (41.321%))
  Logic Levels:           1  (LUT4=1)
  Clock Path Skew:        0.017ns (DCD - SCD - CPR)
    Destination Clock Delay (DCD):    0.873ns
    Source Clock Delay      (SCD):    0.602ns
    Clock Pessimism Removal (CPR):    0.254ns
  Clock Uncertainty:      0.200ns  ((TSJ^2 + TIJ^2)^1/2 + DJ) / 2 + PE + UU
    Total System Jitter     (TSJ):    0.000ns
    Total Input Jitter      (TIJ):    0.000ns
    Discrete Jitter          (DJ):    0.000ns
    Phase Error              (PE):    0.000ns
    User Uncertainty         (UU):    0.200ns

    Location             Delay type                Incr(ns)  Path(ns)    Netlist Resource(s)
  -------------------------------------------------------------------    -------------------
                         (clock core_clk rise edge)
                                                      0.000     0.000 r  <hidden>
                                                      0.000     0.000 r  aclk
                         net (fo=25094, unset)        0.602     0.602    core/aclk
    SLICE_X92Y87         FDCE                                         r  core/fetch_command_bits_reg[35]/C
  -------------------------------------------------------------------    -------------------
    SLICE_X92Y87         FDCE (Prop_fdce_C_Q)         0.164     0.766 r  core/fetch_command_bits_reg[35]/Q
                         net (fo=1, routed)           0.147     0.913    core/command_processor/command_bits_q_reg[127]_1[35]
    SLICE_X92Y88         LUT4 (Prop_lut4_I0_O)        0.045     0.958 r  core/command_processor/command_bits_q[35]_i_1/O
                         net (fo=1, routed)           0.000     0.958    core/command_processor/command_bits_q[35]_i_1_n_0
    SLICE_X92Y88         FDCE                                         r  core/command_processor/command_bits_q_reg[35]/D
  -------------------------------------------------------------------    -------------------

                         (clock core_clk rise edge)
                                                      0.000     0.000 r  <hidden>
                                                      0.000     0.000 r  aclk
                         net (fo=25094, unset)        0.873     0.873    core/command_processor/aclk
    SLICE_X92Y88         FDCE                                         r  core/command_processor/command_bits_q_reg[35]/C
                         clock pessimism             -0.254     0.619    <hidden>
                         clock uncertainty            0.200     0.819    <hidden>
    SLICE_X92Y88         FDCE (Hold_fdce_C_D)         0.121     0.940    core/command_processor/command_bits_q_reg[35]
  -------------------------------------------------------------------
                         required time                         -0.940    <hidden>
                         arrival time                           0.958    <hidden>
  -------------------------------------------------------------------
                         slack                                  0.018    <hidden>

Slack (MET) :             0.019ns  (arrival time - required time)
  Source:                 core/loader/command_base_o_reg[33]/C
                            (rising edge-triggered cell FDCE clocked by core_clk  {rise@0.000ns fall@5.000ns period=10.000ns})
  Destination:            core/command_fetch/base_q_reg[33]/D
                            (rising edge-triggered cell FDCE clocked by core_clk  {rise@0.000ns fall@5.000ns period=10.000ns})
  Path Group:             core_clk
  Path Type:              Hold (Min at Fast Process Corner)
  Requirement:            0.000ns  (core_clk rise@0.000ns - core_clk rise@0.000ns)
  Data Path Delay:        0.300ns  (logic 0.141ns (47.019%)  route 0.159ns (52.981%))
  Logic Levels:           0  
  Clock Path Skew:        0.018ns (DCD - SCD - CPR)
    Destination Clock Delay (DCD):    0.963ns
    Source Clock Delay      (SCD):    0.688ns
    Clock Pessimism Removal (CPR):    0.257ns
  Clock Uncertainty:      0.200ns  ((TSJ^2 + TIJ^2)^1/2 + DJ) / 2 + PE + UU
    Total System Jitter     (TSJ):    0.000ns
    Total Input Jitter      (TIJ):    0.000ns
    Discrete Jitter          (DJ):    0.000ns
    Phase Error              (PE):    0.000ns
    User Uncertainty         (UU):    0.200ns

    Location             Delay type                Incr(ns)  Path(ns)    Netlist Resource(s)
  -------------------------------------------------------------------    -------------------
                         (clock core_clk rise edge)
                                                      0.000     0.000 r  <hidden>
                                                      0.000     0.000 r  aclk
                         net (fo=25094, unset)        0.688     0.688    core/loader/aclk
    SLICE_X95Y107        FDCE                                         r  core/loader/command_base_o_reg[33]/C
  -------------------------------------------------------------------    -------------------
    SLICE_X95Y107        FDCE (Prop_fdce_C_Q)         0.141     0.829 r  core/loader/command_base_o_reg[33]/Q
                         net (fo=1, routed)           0.159     0.988    core/command_fetch/command_base_o[33]
    SLICE_X96Y106        FDCE                                         r  core/command_fetch/base_q_reg[33]/D
  -------------------------------------------------------------------    -------------------

                         (clock core_clk rise edge)
                                                      0.000     0.000 r  <hidden>
                                                      0.000     0.000 r  aclk
                         net (fo=25094, unset)        0.963     0.963    core/command_fetch/aclk
    SLICE_X96Y106        FDCE                                         r  core/command_fetch/base_q_reg[33]/C
                         clock pessimism             -0.257     0.706    <hidden>
                         clock uncertainty            0.200     0.906    <hidden>
    SLICE_X96Y106        FDCE (Hold_fdce_C_D)         0.063     0.969    core/command_fetch/base_q_reg[33]
  -------------------------------------------------------------------
                         required time                         -0.969    <hidden>
                         arrival time                           0.988    <hidden>
  -------------------------------------------------------------------
                         slack                                  0.019    <hidden>

Slack (MET) :             0.019ns  (arrival time - required time)
  Source:                 core/fetch_command_bits_reg[41]/C
                            (rising edge-triggered cell FDCE clocked by core_clk  {rise@0.000ns fall@5.000ns period=10.000ns})
  Destination:            core/command_processor/command_bits_q_reg[41]/D
                            (rising edge-triggered cell FDCE clocked by core_clk  {rise@0.000ns fall@5.000ns period=10.000ns})
  Path Group:             core_clk
  Path Type:              Hold (Min at Fast Process Corner)
  Requirement:            0.000ns  (core_clk rise@0.000ns - core_clk rise@0.000ns)
  Data Path Delay:        0.326ns  (logic 0.186ns (57.063%)  route 0.140ns (42.937%))
  Logic Levels:           1  (LUT4=1)
  Clock Path Skew:        0.015ns (DCD - SCD - CPR)
    Destination Clock Delay (DCD):    0.848ns
    Source Clock Delay      (SCD):    0.579ns
    Clock Pessimism Removal (CPR):    0.254ns
  Clock Uncertainty:      0.200ns  ((TSJ^2 + TIJ^2)^1/2 + DJ) / 2 + PE + UU
    Total System Jitter     (TSJ):    0.000ns
    Total Input Jitter      (TIJ):    0.000ns
    Discrete Jitter          (DJ):    0.000ns
    Phase Error              (PE):    0.000ns
    User Uncertainty         (UU):    0.200ns

    Location             Delay type                Incr(ns)  Path(ns)    Netlist Resource(s)
  -------------------------------------------------------------------    -------------------
                         (clock core_clk rise edge)
                                                      0.000     0.000 r  <hidden>
                                                      0.000     0.000 r  aclk
                         net (fo=25094, unset)        0.579     0.579    core/aclk
    SLICE_X88Y87         FDCE                                         r  core/fetch_command_bits_reg[41]/C
  -------------------------------------------------------------------    -------------------
    SLICE_X88Y87         FDCE (Prop_fdce_C_Q)         0.141     0.720 r  core/fetch_command_bits_reg[41]/Q
                         net (fo=1, routed)           0.140     0.860    core/command_processor/command_bits_q_reg[127]_1[41]
    SLICE_X89Y87         LUT4 (Prop_lut4_I0_O)        0.045     0.905 r  core/command_processor/command_bits_q[41]_i_1/O
                         net (fo=1, routed)           0.000     0.905    core/command_processor/command_bits_q[41]_i_1_n_0
    SLICE_X89Y87         FDCE                                         r  core/command_processor/command_bits_q_reg[41]/D
  -------------------------------------------------------------------    -------------------

                         (clock core_clk rise edge)
                                                      0.000     0.000 r  <hidden>
                                                      0.000     0.000 r  aclk
                         net (fo=25094, unset)        0.848     0.848    core/command_processor/aclk
    SLICE_X89Y87         FDCE                                         r  core/command_processor/command_bits_q_reg[41]/C
                         clock pessimism             -0.254     0.594    <hidden>
                         clock uncertainty            0.200     0.794    <hidden>
    SLICE_X89Y87         FDCE (Hold_fdce_C_D)         0.092     0.886    core/command_processor/command_bits_q_reg[41]
  -------------------------------------------------------------------
                         required time                         -0.886    <hidden>
                         arrival time                           0.905    <hidden>
  -------------------------------------------------------------------
                         slack                                  0.019    <hidden>

Slack (MET) :             0.019ns  (arrival time - required time)
  Source:                 core/vec_add/setup_multiplier/multiplier_q_reg[15]/C
                            (rising edge-triggered cell FDCE clocked by core_clk  {rise@0.000ns fall@5.000ns period=10.000ns})
  Destination:            core/vec_add/setup_multiplier/multiplier_q_reg[13]/D
                            (rising edge-triggered cell FDCE clocked by core_clk  {rise@0.000ns fall@5.000ns period=10.000ns})
  Path Group:             core_clk
  Path Type:              Hold (Min at Fast Process Corner)
  Requirement:            0.000ns  (core_clk rise@0.000ns - core_clk rise@0.000ns)
  Data Path Delay:        0.342ns  (logic 0.183ns (53.493%)  route 0.159ns (46.507%))
  Logic Levels:           1  (LUT4=1)
  Clock Path Skew:        0.016ns (DCD - SCD - CPR)
    Destination Clock Delay (DCD):    0.863ns
    Source Clock Delay      (SCD):    0.593ns
    Clock Pessimism Removal (CPR):    0.254ns
  Clock Uncertainty:      0.200ns  ((TSJ^2 + TIJ^2)^1/2 + DJ) / 2 + PE + UU
    Total System Jitter     (TSJ):    0.000ns
    Total Input Jitter      (TIJ):    0.000ns
    Discrete Jitter          (DJ):    0.000ns
    Phase Error              (PE):    0.000ns
    User Uncertainty         (UU):    0.200ns

    Location             Delay type                Incr(ns)  Path(ns)    Netlist Resource(s)
  -------------------------------------------------------------------    -------------------
                         (clock core_clk rise edge)
                                                      0.000     0.000 r  <hidden>
                                                      0.000     0.000 r  aclk
                         net (fo=25094, unset)        0.593     0.593    core/vec_add/setup_multiplier/aclk
    SLICE_X21Y41         FDCE                                         r  core/vec_add/setup_multiplier/multiplier_q_reg[15]/C
  -------------------------------------------------------------------    -------------------
    SLICE_X21Y41         FDCE (Prop_fdce_C_Q)         0.141     0.734 r  core/vec_add/setup_multiplier/multiplier_q_reg[15]/Q
                         net (fo=1, routed)           0.159     0.893    core/vec_add/setup_multiplier/multiplier_q_reg_n_0_[15]
    SLICE_X21Y41         LUT4 (Prop_lut4_I1_O)        0.042     0.935 r  core/vec_add/setup_multiplier/multiplier_q[13]_i_1__1/O
                         net (fo=1, routed)           0.000     0.935    core/vec_add/setup_multiplier/p_0_in[13]
    SLICE_X21Y41         FDCE                                         r  core/vec_add/setup_multiplier/multiplier_q_reg[13]/D
  -------------------------------------------------------------------    -------------------

                         (clock core_clk rise edge)
                                                      0.000     0.000 r  <hidden>
                                                      0.000     0.000 r  aclk
                         net (fo=25094, unset)        0.863     0.863    core/vec_add/setup_multiplier/aclk
    SLICE_X21Y41         FDCE                                         r  core/vec_add/setup_multiplier/multiplier_q_reg[13]/C
                         clock pessimism             -0.254     0.609    <hidden>
                         clock uncertainty            0.200     0.809    <hidden>
    SLICE_X21Y41         FDCE (Hold_fdce_C_D)         0.107     0.916    core/vec_add/setup_multiplier/multiplier_q_reg[13]
  -------------------------------------------------------------------
                         required time                         -0.916    <hidden>
                         arrival time                           0.935    <hidden>
  -------------------------------------------------------------------
                         slack                                  0.019    <hidden>

Slack (MET) :             0.019ns  (arrival time - required time)
  Source:                 core/data_subsystem/scratchpad/dma_output_data_q_reg[55]/C
                            (rising edge-triggered cell FDRE clocked by core_clk  {rise@0.000ns fall@5.000ns period=10.000ns})
  Destination:            core/data_subsystem/engine/write_data_q_reg[55]/D
                            (rising edge-triggered cell FDCE clocked by core_clk  {rise@0.000ns fall@5.000ns period=10.000ns})
  Path Group:             core_clk
  Path Type:              Hold (Min at Fast Process Corner)
  Requirement:            0.000ns  (core_clk rise@0.000ns - core_clk rise@0.000ns)
  Data Path Delay:        0.294ns  (logic 0.141ns (47.936%)  route 0.153ns (52.064%))
  Logic Levels:           0  
  Clock Path Skew:        0.012ns (DCD - SCD - CPR)
    Destination Clock Delay (DCD):    0.840ns
    Source Clock Delay      (SCD):    0.575ns
    Clock Pessimism Removal (CPR):    0.253ns
  Clock Uncertainty:      0.200ns  ((TSJ^2 + TIJ^2)^1/2 + DJ) / 2 + PE + UU
    Total System Jitter     (TSJ):    0.000ns
    Total Input Jitter      (TIJ):    0.000ns
    Discrete Jitter          (DJ):    0.000ns
    Phase Error              (PE):    0.000ns
    User Uncertainty         (UU):    0.200ns

    Location             Delay type                Incr(ns)  Path(ns)    Netlist Resource(s)
  -------------------------------------------------------------------    -------------------
                         (clock core_clk rise edge)
                                                      0.000     0.000 r  <hidden>
                                                      0.000     0.000 r  aclk
                         net (fo=25094, unset)        0.575     0.575    core/data_subsystem/scratchpad/aclk
    SLICE_X61Y20         FDRE                                         r  core/data_subsystem/scratchpad/dma_output_data_q_reg[55]/C
  -------------------------------------------------------------------    -------------------
    SLICE_X61Y20         FDRE (Prop_fdre_C_Q)         0.141     0.716 r  core/data_subsystem/scratchpad/dma_output_data_q_reg[55]/Q
                         net (fo=1, routed)           0.153     0.869    core/data_subsystem/engine/write_data_q_reg[63]_1[55]
    SLICE_X62Y21         FDCE                                         r  core/data_subsystem/engine/write_data_q_reg[55]/D
  -------------------------------------------------------------------    -------------------

                         (clock core_clk rise edge)
                                                      0.000     0.000 r  <hidden>
                                                      0.000     0.000 r  aclk
                         net (fo=25094, unset)        0.840     0.840    core/data_subsystem/engine/aclk
    SLICE_X62Y21         FDCE                                         r  core/data_subsystem/engine/write_data_q_reg[55]/C
                         clock pessimism             -0.253     0.587    <hidden>
                         clock uncertainty            0.200     0.787    <hidden>
    SLICE_X62Y21         FDCE (Hold_fdce_C_D)         0.063     0.850    core/data_subsystem/engine/write_data_q_reg[55]
  -------------------------------------------------------------------
                         required time                         -0.850    <hidden>
                         arrival time                           0.869    <hidden>
  -------------------------------------------------------------------
                         slack                                  0.019    <hidden>

Slack (MET) :             0.020ns  (arrival time - required time)
  Source:                 core/execution_frontend/destination_desc_q_reg[57]/C
                            (rising edge-triggered cell FDCE clocked by core_clk  {rise@0.000ns fall@5.000ns period=10.000ns})
  Destination:            core/upsample/destination_base_q_reg[57]/D
                            (rising edge-triggered cell FDRE clocked by core_clk  {rise@0.000ns fall@5.000ns period=10.000ns})
  Path Group:             core_clk
  Path Type:              Hold (Min at Fast Process Corner)
  Requirement:            0.000ns  (core_clk rise@0.000ns - core_clk rise@0.000ns)
  Data Path Delay:        0.338ns  (logic 0.251ns (74.331%)  route 0.087ns (25.669%))
  Logic Levels:           2  (CARRY4=1 LUT2=1)
  Clock Path Skew:        0.016ns (DCD - SCD - CPR)
    Destination Clock Delay (DCD):    0.904ns
    Source Clock Delay      (SCD):    0.633ns
    Clock Pessimism Removal (CPR):    0.255ns
  Clock Uncertainty:      0.200ns  ((TSJ^2 + TIJ^2)^1/2 + DJ) / 2 + PE + UU
    Total System Jitter     (TSJ):    0.000ns
    Total Input Jitter      (TIJ):    0.000ns
    Discrete Jitter          (DJ):    0.000ns
    Phase Error              (PE):    0.000ns
    User Uncertainty         (UU):    0.200ns

    Location             Delay type                Incr(ns)  Path(ns)    Netlist Resource(s)
  -------------------------------------------------------------------    -------------------
                         (clock core_clk rise edge)
                                                      0.000     0.000 r  <hidden>
                                                      0.000     0.000 r  aclk
                         net (fo=25094, unset)        0.633     0.633    core/execution_frontend/aclk
    SLICE_X52Y107        FDCE                                         r  core/execution_frontend/destination_desc_q_reg[57]/C
  -------------------------------------------------------------------    -------------------
    SLICE_X52Y107        FDCE (Prop_fdce_C_Q)         0.141     0.774 r  core/execution_frontend/destination_desc_q_reg[57]/Q
                         net (fo=1, routed)           0.087     0.861    core/loader/destination_base_q_reg[63][57]
    SLICE_X53Y107        LUT2 (Prop_lut2_I1_O)        0.045     0.906 r  core/loader/destination_base_q[59]_i_4/O
                         net (fo=1, routed)           0.000     0.906    core/loader/destination_base_q[59]_i_4_n_0
    SLICE_X53Y107        CARRY4 (Prop_carry4_S[1]_O[1])
                                                      0.065     0.971 r  core/loader/destination_base_q_reg[59]_i_1/O[1]
                         net (fo=2, routed)           0.000     0.971    core/upsample/destination_base_q_reg[63]_0[57]
    SLICE_X53Y107        FDRE                                         r  core/upsample/destination_base_q_reg[57]/D
  -------------------------------------------------------------------    -------------------

                         (clock core_clk rise edge)
                                                      0.000     0.000 r  <hidden>
                                                      0.000     0.000 r  aclk
                         net (fo=25094, unset)        0.904     0.904    core/upsample/aclk
    SLICE_X53Y107        FDRE                                         r  core/upsample/destination_base_q_reg[57]/C
                         clock pessimism             -0.255     0.649    <hidden>
                         clock uncertainty            0.200     0.849    <hidden>
    SLICE_X53Y107        FDRE (Hold_fdre_C_D)         0.102     0.951    core/upsample/destination_base_q_reg[57]
  -------------------------------------------------------------------
                         required time                         -0.951    <hidden>
                         arrival time                           0.971    <hidden>
  -------------------------------------------------------------------
                         slack                                  0.020    <hidden>

Slack (MET) :             0.020ns  (arrival time - required time)
  Source:                 core/execution_frontend/descriptor_cache/pending_address_q_reg[29]/C
                            (rising edge-triggered cell FDCE clocked by core_clk  {rise@0.000ns fall@5.000ns period=10.000ns})
  Destination:            core/block_reader/address_q_reg[29]/D
                            (rising edge-triggered cell FDCE clocked by core_clk  {rise@0.000ns fall@5.000ns period=10.000ns})
  Path Group:             core_clk
  Path Type:              Hold (Min at Fast Process Corner)
  Requirement:            0.000ns  (core_clk rise@0.000ns - core_clk rise@0.000ns)
  Data Path Delay:        0.327ns  (logic 0.186ns (56.881%)  route 0.141ns (43.119%))
  Logic Levels:           1  (LUT6=1)
  Clock Path Skew:        0.016ns (DCD - SCD - CPR)
    Destination Clock Delay (DCD):    0.935ns
    Source Clock Delay      (SCD):    0.663ns
    Clock Pessimism Removal (CPR):    0.256ns
  Clock Uncertainty:      0.200ns  ((TSJ^2 + TIJ^2)^1/2 + DJ) / 2 + PE + UU
    Total System Jitter     (TSJ):    0.000ns
    Total Input Jitter      (TIJ):    0.000ns
    Discrete Jitter          (DJ):    0.000ns
    Phase Error              (PE):    0.000ns
    User Uncertainty         (UU):    0.200ns

    Location             Delay type                Incr(ns)  Path(ns)    Netlist Resource(s)
  -------------------------------------------------------------------    -------------------
                         (clock core_clk rise edge)
                                                      0.000     0.000 r  <hidden>
                                                      0.000     0.000 r  aclk
                         net (fo=25094, unset)        0.663     0.663    core/execution_frontend/descriptor_cache/aclk
    SLICE_X84Y110        FDCE                                         r  core/execution_frontend/descriptor_cache/pending_address_q_reg[29]/C
  -------------------------------------------------------------------    -------------------
    SLICE_X84Y110        FDCE (Prop_fdce_C_Q)         0.141     0.804 r  core/execution_frontend/descriptor_cache/pending_address_q_reg[29]/Q
                         net (fo=1, routed)           0.141     0.945    core/memory_arbiter/address_q_reg[63][29]
    SLICE_X85Y110        LUT6 (Prop_lut6_I2_O)        0.045     0.990 r  core/memory_arbiter/address_q[29]_i_1__0/O
                         net (fo=1, routed)           0.000     0.990    core/block_reader/address_q_reg[63]_1[29]
    SLICE_X85Y110        FDCE                                         r  core/block_reader/address_q_reg[29]/D
  -------------------------------------------------------------------    -------------------

                         (clock core_clk rise edge)
                                                      0.000     0.000 r  <hidden>
                                                      0.000     0.000 r  aclk
                         net (fo=25094, unset)        0.935     0.935    core/block_reader/aclk
    SLICE_X85Y110        FDCE                                         r  core/block_reader/address_q_reg[29]/C
                         clock pessimism             -0.256     0.679    <hidden>
                         clock uncertainty            0.200     0.879    <hidden>
    SLICE_X85Y110        FDCE (Hold_fdce_C_D)         0.091     0.970    core/block_reader/address_q_reg[29]
  -------------------------------------------------------------------
                         required time                         -0.970    <hidden>
                         arrival time                           0.990    <hidden>
  -------------------------------------------------------------------
                         slack                                  0.020    <hidden>

Slack (MET) :             0.020ns  (arrival time - required time)
  Source:                 core/loader/command_base_o_reg[16]/C
                            (rising edge-triggered cell FDCE clocked by core_clk  {rise@0.000ns fall@5.000ns period=10.000ns})
  Destination:            core/command_fetch/base_q_reg[16]/D
                            (rising edge-triggered cell FDCE clocked by core_clk  {rise@0.000ns fall@5.000ns period=10.000ns})
  Path Group:             core_clk
  Path Type:              Hold (Min at Fast Process Corner)
  Requirement:            0.000ns  (core_clk rise@0.000ns - core_clk rise@0.000ns)
  Data Path Delay:        0.296ns  (logic 0.141ns (47.613%)  route 0.155ns (52.387%))
  Logic Levels:           0  
  Clock Path Skew:        0.017ns (DCD - SCD - CPR)
    Destination Clock Delay (DCD):    0.963ns
    Source Clock Delay      (SCD):    0.689ns
    Clock Pessimism Removal (CPR):    0.257ns
  Clock Uncertainty:      0.200ns  ((TSJ^2 + TIJ^2)^1/2 + DJ) / 2 + PE + UU
    Total System Jitter     (TSJ):    0.000ns
    Total Input Jitter      (TIJ):    0.000ns
    Discrete Jitter          (DJ):    0.000ns
    Phase Error              (PE):    0.000ns
    User Uncertainty         (UU):    0.200ns

    Location             Delay type                Incr(ns)  Path(ns)    Netlist Resource(s)
  -------------------------------------------------------------------    -------------------
                         (clock core_clk rise edge)
                                                      0.000     0.000 r  <hidden>
                                                      0.000     0.000 r  aclk
                         net (fo=25094, unset)        0.689     0.689    core/loader/aclk
    SLICE_X95Y103        FDCE                                         r  core/loader/command_base_o_reg[16]/C
  -------------------------------------------------------------------    -------------------
    SLICE_X95Y103        FDCE (Prop_fdce_C_Q)         0.141     0.830 r  core/loader/command_base_o_reg[16]/Q
                         net (fo=1, routed)           0.155     0.985    core/command_fetch/command_base_o[16]
    SLICE_X96Y103        FDCE                                         r  core/command_fetch/base_q_reg[16]/D
  -------------------------------------------------------------------    -------------------

                         (clock core_clk rise edge)
                                                      0.000     0.000 r  <hidden>
                                                      0.000     0.000 r  aclk
                         net (fo=25094, unset)        0.963     0.963    core/command_fetch/aclk
    SLICE_X96Y103        FDCE                                         r  core/command_fetch/base_q_reg[16]/C
                         clock pessimism             -0.257     0.706    <hidden>
                         clock uncertainty            0.200     0.906    <hidden>
    SLICE_X96Y103        FDCE (Hold_fdce_C_D)         0.059     0.965    core/command_fetch/base_q_reg[16]
  -------------------------------------------------------------------
                         required time                         -0.965    <hidden>
                         arrival time                           0.985    <hidden>
  -------------------------------------------------------------------
                         slack                                  0.020    <hidden>

Slack (MET) :             0.020ns  (arrival time - required time)
  Source:                 core/data_subsystem/conv2d_pipeline/controller/mac/sum_l1_q_reg[0][1][19]/C
                            (rising edge-triggered cell FDRE clocked by core_clk  {rise@0.000ns fall@5.000ns period=10.000ns})
  Destination:            core/data_subsystem/conv2d_pipeline/controller/mac/sum_l2_q_reg[0][0][19]/D
                            (rising edge-triggered cell FDRE clocked by core_clk  {rise@0.000ns fall@5.000ns period=10.000ns})
  Path Group:             core_clk
  Path Type:              Hold (Min at Fast Process Corner)
  Requirement:            0.000ns  (core_clk rise@0.000ns - core_clk rise@0.000ns)
  Data Path Delay:        0.370ns  (logic 0.273ns (73.749%)  route 0.097ns (26.251%))
  Logic Levels:           2  (CARRY4=1 LUT2=1)
  Clock Path Skew:        0.016ns (DCD - SCD - CPR)
    Destination Clock Delay (DCD):    0.824ns
    Source Clock Delay      (SCD):    0.556ns
    Clock Pessimism Removal (CPR):    0.252ns
  Clock Uncertainty:      0.200ns  ((TSJ^2 + TIJ^2)^1/2 + DJ) / 2 + PE + UU
    Total System Jitter     (TSJ):    0.000ns
    Total Input Jitter      (TIJ):    0.000ns
    Discrete Jitter          (DJ):    0.000ns
    Phase Error              (PE):    0.000ns
    User Uncertainty         (UU):    0.200ns

    Location             Delay type                Incr(ns)  Path(ns)    Netlist Resource(s)
  -------------------------------------------------------------------    -------------------
                         (clock core_clk rise edge)
                                                      0.000     0.000 r  <hidden>
                                                      0.000     0.000 r  aclk
                         net (fo=25094, unset)        0.556     0.556    core/data_subsystem/conv2d_pipeline/controller/mac/aclk
    SLICE_X36Y51         FDRE                                         r  core/data_subsystem/conv2d_pipeline/controller/mac/sum_l1_q_reg[0][1][19]/C
  -------------------------------------------------------------------    -------------------
    SLICE_X36Y51         FDRE (Prop_fdre_C_Q)         0.164     0.720 r  core/data_subsystem/conv2d_pipeline/controller/mac/sum_l1_q_reg[0][1][19]/Q
                         net (fo=1, routed)           0.097     0.817    core/data_subsystem/conv2d_pipeline/controller/mac/sum_l1_q_reg[0][1]_45[19]
    SLICE_X38Y51         LUT2 (Prop_lut2_I1_O)        0.045     0.862 r  core/data_subsystem/conv2d_pipeline/controller/mac/sum_l2_q[0][0][19]_i_2/O
                         net (fo=1, routed)           0.000     0.862    core_n_1825
    SLICE_X38Y51         CARRY4 (Prop_carry4_S[3]_O[3])
                                                      0.064     0.926 r  controller/mac/sum_l2_q_reg[0][0][19]_i_1/O[3]
                         net (fo=1, routed)           0.000     0.926    core/data_subsystem/conv2d_pipeline/controller/mac/sum_l2_q_reg[0][0][23]_2[19]
    SLICE_X38Y51         FDRE                                         r  core/data_subsystem/conv2d_pipeline/controller/mac/sum_l2_q_reg[0][0][19]/D
  -------------------------------------------------------------------    -------------------

                         (clock core_clk rise edge)
                                                      0.000     0.000 r  <hidden>
                                                      0.000     0.000 r  aclk
                         net (fo=25094, unset)        0.824     0.824    core/data_subsystem/conv2d_pipeline/controller/mac/aclk
    SLICE_X38Y51         FDRE                                         r  core/data_subsystem/conv2d_pipeline/controller/mac/sum_l2_q_reg[0][0][19]/C
                         clock pessimism             -0.252     0.572    <hidden>
                         clock uncertainty            0.200     0.772    <hidden>
    SLICE_X38Y51         FDRE (Hold_fdre_C_D)         0.134     0.906    core/data_subsystem/conv2d_pipeline/controller/mac/sum_l2_q_reg[0][0][19]
  -------------------------------------------------------------------
                         required time                         -0.906    <hidden>
                         arrival time                           0.926    <hidden>
  -------------------------------------------------------------------
                         slack                                  0.020    <hidden>

Slack (MET) :             0.020ns  (arrival time - required time)
  Source:                 core/data_subsystem/conv2d_pipeline/controller/mac/sum_l1_q_reg[0][1][23]/C
                            (rising edge-triggered cell FDRE clocked by core_clk  {rise@0.000ns fall@5.000ns period=10.000ns})
  Destination:            core/data_subsystem/conv2d_pipeline/controller/mac/sum_l2_q_reg[0][0][23]/D
                            (rising edge-triggered cell FDRE clocked by core_clk  {rise@0.000ns fall@5.000ns period=10.000ns})
  Path Group:             core_clk
  Path Type:              Hold (Min at Fast Process Corner)
  Requirement:            0.000ns  (core_clk rise@0.000ns - core_clk rise@0.000ns)
  Data Path Delay:        0.370ns  (logic 0.273ns (73.749%)  route 0.097ns (26.251%))
  Logic Levels:           2  (CARRY4=1 LUT2=1)
  Clock Path Skew:        0.016ns (DCD - SCD - CPR)
    Destination Clock Delay (DCD):    0.824ns
    Source Clock Delay      (SCD):    0.556ns
    Clock Pessimism Removal (CPR):    0.252ns
  Clock Uncertainty:      0.200ns  ((TSJ^2 + TIJ^2)^1/2 + DJ) / 2 + PE + UU
    Total System Jitter     (TSJ):    0.000ns
    Total Input Jitter      (TIJ):    0.000ns
    Discrete Jitter          (DJ):    0.000ns
    Phase Error              (PE):    0.000ns
    User Uncertainty         (UU):    0.200ns

    Location             Delay type                Incr(ns)  Path(ns)    Netlist Resource(s)
  -------------------------------------------------------------------    -------------------
                         (clock core_clk rise edge)
                                                      0.000     0.000 r  <hidden>
                                                      0.000     0.000 r  aclk
                         net (fo=25094, unset)        0.556     0.556    core/data_subsystem/conv2d_pipeline/controller/mac/aclk
    SLICE_X36Y52         FDRE                                         r  core/data_subsystem/conv2d_pipeline/controller/mac/sum_l1_q_reg[0][1][23]/C
  -------------------------------------------------------------------    -------------------
    SLICE_X36Y52         FDRE (Prop_fdre_C_Q)         0.164     0.720 r  core/data_subsystem/conv2d_pipeline/controller/mac/sum_l1_q_reg[0][1][23]/Q
                         net (fo=1, routed)           0.097     0.817    core/data_subsystem/conv2d_pipeline/controller/mac/sum_l1_q_reg[0][1]_45[23]
    SLICE_X38Y52         LUT2 (Prop_lut2_I1_O)        0.045     0.862 r  core/data_subsystem/conv2d_pipeline/controller/mac/sum_l2_q[0][0][23]_i_2/O
                         net (fo=1, routed)           0.000     0.862    core_n_1829
    SLICE_X38Y52         CARRY4 (Prop_carry4_S[3]_O[3])
                                                      0.064     0.926 r  controller/mac/sum_l2_q_reg[0][0][23]_i_1/O[3]
                         net (fo=1, routed)           0.000     0.926    core/data_subsystem/conv2d_pipeline/controller/mac/sum_l2_q_reg[0][0][23]_2[23]
    SLICE_X38Y52         FDRE                                         r  core/data_subsystem/conv2d_pipeline/controller/mac/sum_l2_q_reg[0][0][23]/D
  -------------------------------------------------------------------    -------------------

                         (clock core_clk rise edge)
                                                      0.000     0.000 r  <hidden>
                                                      0.000     0.000 r  aclk
                         net (fo=25094, unset)        0.824     0.824    core/data_subsystem/conv2d_pipeline/controller/mac/aclk
    SLICE_X38Y52         FDRE                                         r  core/data_subsystem/conv2d_pipeline/controller/mac/sum_l2_q_reg[0][0][23]/C
                         clock pessimism             -0.252     0.572    <hidden>
                         clock uncertainty            0.200     0.772    <hidden>
    SLICE_X38Y52         FDRE (Hold_fdre_C_D)         0.134     0.906    core/data_subsystem/conv2d_pipeline/controller/mac/sum_l2_q_reg[0][0][23]
  -------------------------------------------------------------------
                         required time                         -0.906    <hidden>
                         arrival time                           0.926    <hidden>
  -------------------------------------------------------------------
                         slack                                  0.020    <hidden>

Slack (MET) :             0.020ns  (arrival time - required time)
  Source:                 core/execution_frontend/descriptor_cache/response_data_q_reg[132]/C
                            (rising edge-triggered cell FDCE clocked by core_clk  {rise@0.000ns fall@5.000ns period=10.000ns})
  Destination:            core/execution_frontend/operator_desc_q_reg[132]/D
                            (rising edge-triggered cell FDCE clocked by core_clk  {rise@0.000ns fall@5.000ns period=10.000ns})
  Path Group:             core_clk
  Path Type:              Hold (Min at Fast Process Corner)
  Requirement:            0.000ns  (core_clk rise@0.000ns - core_clk rise@0.000ns)
  Data Path Delay:        0.306ns  (logic 0.141ns (46.028%)  route 0.165ns (53.972%))
  Logic Levels:           0  
  Clock Path Skew:        0.016ns (DCD - SCD - CPR)
    Destination Clock Delay (DCD):    0.814ns
    Source Clock Delay      (SCD):    0.546ns
    Clock Pessimism Removal (CPR):    0.252ns
  Clock Uncertainty:      0.200ns  ((TSJ^2 + TIJ^2)^1/2 + DJ) / 2 + PE + UU
    Total System Jitter     (TSJ):    0.000ns
    Total Input Jitter      (TIJ):    0.000ns
    Discrete Jitter          (DJ):    0.000ns
    Phase Error              (PE):    0.000ns
    User Uncertainty         (UU):    0.200ns

    Location             Delay type                Incr(ns)  Path(ns)    Netlist Resource(s)
  -------------------------------------------------------------------    -------------------
                         (clock core_clk rise edge)
                                                      0.000     0.000 r  <hidden>
                                                      0.000     0.000 r  aclk
                         net (fo=25094, unset)        0.546     0.546    core/execution_frontend/descriptor_cache/aclk
    SLICE_X51Y66         FDCE                                         r  core/execution_frontend/descriptor_cache/response_data_q_reg[132]/C
  -------------------------------------------------------------------    -------------------
    SLICE_X51Y66         FDCE (Prop_fdce_C_Q)         0.141     0.687 r  core/execution_frontend/descriptor_cache/response_data_q_reg[132]/Q
                         net (fo=3, routed)           0.165     0.852    core/execution_frontend/cache_response_data[132]
    SLICE_X53Y64         FDCE                                         r  core/execution_frontend/operator_desc_q_reg[132]/D
  -------------------------------------------------------------------    -------------------

                         (clock core_clk rise edge)
                                                      0.000     0.000 r  <hidden>
                                                      0.000     0.000 r  aclk
                         net (fo=25094, unset)        0.814     0.814    core/execution_frontend/aclk
    SLICE_X53Y64         FDCE                                         r  core/execution_frontend/operator_desc_q_reg[132]/C
                         clock pessimism             -0.252     0.562    <hidden>
                         clock uncertainty            0.200     0.762    <hidden>
    SLICE_X53Y64         FDCE (Hold_fdce_C_D)         0.070     0.832    core/execution_frontend/operator_desc_q_reg[132]
  -------------------------------------------------------------------
                         required time                         -0.832    <hidden>
                         arrival time                           0.852    <hidden>
  -------------------------------------------------------------------
                         slack                                  0.020    <hidden>

Slack (MET) :             0.020ns  (arrival time - required time)
  Source:                 core/task_base_q_reg[61]/C
                            (rising edge-triggered cell FDCE clocked by core_clk  {rise@0.000ns fall@5.000ns period=10.000ns})
  Destination:            core/loader/task_base_q_reg[61]/D
                            (rising edge-triggered cell FDCE clocked by core_clk  {rise@0.000ns fall@5.000ns period=10.000ns})
  Path Group:             core_clk
  Path Type:              Hold (Min at Fast Process Corner)
  Requirement:            0.000ns  (core_clk rise@0.000ns - core_clk rise@0.000ns)
  Data Path Delay:        0.301ns  (logic 0.141ns (46.787%)  route 0.160ns (53.213%))
  Logic Levels:           0  
  Clock Path Skew:        0.017ns (DCD - SCD - CPR)
    Destination Clock Delay (DCD):    0.903ns
    Source Clock Delay      (SCD):    0.631ns
    Clock Pessimism Removal (CPR):    0.255ns
  Clock Uncertainty:      0.200ns  ((TSJ^2 + TIJ^2)^1/2 + DJ) / 2 + PE + UU
    Total System Jitter     (TSJ):    0.000ns
    Total Input Jitter      (TIJ):    0.000ns
    Discrete Jitter          (DJ):    0.000ns
    Phase Error              (PE):    0.000ns
    User Uncertainty         (UU):    0.200ns

    Location             Delay type                Incr(ns)  Path(ns)    Netlist Resource(s)
  -------------------------------------------------------------------    -------------------
                         (clock core_clk rise edge)
                                                      0.000     0.000 r  <hidden>
                                                      0.000     0.000 r  aclk
                         net (fo=25094, unset)        0.631     0.631    core/aclk
    SLICE_X107Y87        FDCE                                         r  core/task_base_q_reg[61]/C
  -------------------------------------------------------------------    -------------------
    SLICE_X107Y87        FDCE (Prop_fdce_C_Q)         0.141     0.772 r  core/task_base_q_reg[61]/Q
                         net (fo=1, routed)           0.160     0.932    core/loader/task_base_q_reg[63]_0[61]
    SLICE_X108Y90        FDCE                                         r  core/loader/task_base_q_reg[61]/D
  -------------------------------------------------------------------    -------------------

                         (clock core_clk rise edge)
                                                      0.000     0.000 r  <hidden>
                                                      0.000     0.000 r  aclk
                         net (fo=25094, unset)        0.903     0.903    core/loader/aclk
    SLICE_X108Y90        FDCE                                         r  core/loader/task_base_q_reg[61]/C
                         clock pessimism             -0.255     0.648    <hidden>
                         clock uncertainty            0.200     0.848    <hidden>
    SLICE_X108Y90        FDCE (Hold_fdce_C_D)         0.064     0.912    core/loader/task_base_q_reg[61]
  -------------------------------------------------------------------
                         required time                         -0.912    <hidden>
                         arrival time                           0.932    <hidden>
  -------------------------------------------------------------------
                         slack                                  0.020    <hidden>

Slack (MET) :             0.021ns  (arrival time - required time)
  Source:                 core/data_subsystem/conv2d_pipeline/bias_q_reg[12]/C
                            (rising edge-triggered cell FDRE clocked by core_clk  {rise@0.000ns fall@5.000ns period=10.000ns})
  Destination:            core/data_subsystem/conv2d_pipeline/post/biased_q_reg[0][12]/D
                            (rising edge-triggered cell FDRE clocked by core_clk  {rise@0.000ns fall@5.000ns period=10.000ns})
  Path Group:             core_clk
  Path Type:              Hold (Min at Fast Process Corner)
  Requirement:            0.000ns  (core_clk rise@0.000ns - core_clk rise@0.000ns)
  Data Path Delay:        0.342ns  (logic 0.256ns (74.924%)  route 0.086ns (25.076%))
  Logic Levels:           2  (CARRY4=1 LUT2=1)
  Clock Path Skew:        0.016ns (DCD - SCD - CPR)
    Destination Clock Delay (DCD):    0.848ns
    Source Clock Delay      (SCD):    0.579ns
    Clock Pessimism Removal (CPR):    0.253ns
  Clock Uncertainty:      0.200ns  ((TSJ^2 + TIJ^2)^1/2 + DJ) / 2 + PE + UU
    Total System Jitter     (TSJ):    0.000ns
    Total Input Jitter      (TIJ):    0.000ns
    Discrete Jitter          (DJ):    0.000ns
    Phase Error              (PE):    0.000ns
    User Uncertainty         (UU):    0.200ns

    Location             Delay type                Incr(ns)  Path(ns)    Netlist Resource(s)
  -------------------------------------------------------------------    -------------------
                         (clock core_clk rise edge)
                                                      0.000     0.000 r  <hidden>
                                                      0.000     0.000 r  aclk
                         net (fo=25094, unset)        0.579     0.579    core/data_subsystem/conv2d_pipeline/aclk
    SLICE_X64Y51         FDRE                                         r  core/data_subsystem/conv2d_pipeline/bias_q_reg[12]/C
  -------------------------------------------------------------------    -------------------
    SLICE_X64Y51         FDRE (Prop_fdre_C_Q)         0.141     0.720 r  core/data_subsystem/conv2d_pipeline/bias_q_reg[12]/Q
                         net (fo=1, routed)           0.086     0.806    core/data_subsystem/conv2d_pipeline/post/biased_q_reg[7][31]_1[12]
    SLICE_X65Y51         LUT2 (Prop_lut2_I1_O)        0.045     0.851 r  core/data_subsystem/conv2d_pipeline/post/biased_q[0][15]_i_5/O
                         net (fo=1, routed)           0.000     0.851    core/data_subsystem/conv2d_pipeline/post/biased_q[0][15]_i_5_n_0
    SLICE_X65Y51         CARRY4 (Prop_carry4_S[0]_O[0])
                                                      0.070     0.921 r  core/data_subsystem/conv2d_pipeline/post/biased_q_reg[0][15]_i_1/O[0]
                         net (fo=1, routed)           0.000     0.921    core/data_subsystem/conv2d_pipeline/post/biased_q_reg[0][15]_i_1_n_7
    SLICE_X65Y51         FDRE                                         r  core/data_subsystem/conv2d_pipeline/post/biased_q_reg[0][12]/D
  -------------------------------------------------------------------    -------------------

                         (clock core_clk rise edge)
                                                      0.000     0.000 r  <hidden>
                                                      0.000     0.000 r  aclk
                         net (fo=25094, unset)        0.848     0.848    core/data_subsystem/conv2d_pipeline/post/aclk
    SLICE_X65Y51         FDRE                                         r  core/data_subsystem/conv2d_pipeline/post/biased_q_reg[0][12]/C
                         clock pessimism             -0.253     0.595    <hidden>
                         clock uncertainty            0.200     0.795    <hidden>
    SLICE_X65Y51         FDRE (Hold_fdre_C_D)         0.105     0.900    core/data_subsystem/conv2d_pipeline/post/biased_q_reg[0][12]
  -------------------------------------------------------------------
                         required time                         -0.900    <hidden>
                         arrival time                           0.921    <hidden>
  -------------------------------------------------------------------
                         slack                                  0.021    <hidden>

Slack (MET) :             0.021ns  (arrival time - required time)
  Source:                 csr/task_bytes_o_reg[16]/C
                            (rising edge-triggered cell FDCE clocked by core_clk  {rise@0.000ns fall@5.000ns period=10.000ns})
  Destination:            core/task_bytes_q_reg[16]/D
                            (rising edge-triggered cell FDCE clocked by core_clk  {rise@0.000ns fall@5.000ns period=10.000ns})
  Path Group:             core_clk
  Path Type:              Hold (Min at Fast Process Corner)
  Requirement:            0.000ns  (core_clk rise@0.000ns - core_clk rise@0.000ns)
  Data Path Delay:        0.305ns  (logic 0.141ns (46.233%)  route 0.164ns (53.767%))
  Logic Levels:           0  
  Clock Path Skew:        0.014ns (DCD - SCD - CPR)
    Destination Clock Delay (DCD):    0.898ns
    Source Clock Delay      (SCD):    0.629ns
    Clock Pessimism Removal (CPR):    0.255ns
  Clock Uncertainty:      0.200ns  ((TSJ^2 + TIJ^2)^1/2 + DJ) / 2 + PE + UU
    Total System Jitter     (TSJ):    0.000ns
    Total Input Jitter      (TIJ):    0.000ns
    Discrete Jitter          (DJ):    0.000ns
    Phase Error              (PE):    0.000ns
    User Uncertainty         (UU):    0.200ns

    Location             Delay type                Incr(ns)  Path(ns)    Netlist Resource(s)
  -------------------------------------------------------------------    -------------------
                         (clock core_clk rise edge)
                                                      0.000     0.000 r  <hidden>
                                                      0.000     0.000 r  aclk
                         net (fo=25094, unset)        0.629     0.629    csr/aclk
    SLICE_X109Y83        FDCE                                         r  csr/task_bytes_o_reg[16]/C
  -------------------------------------------------------------------    -------------------
    SLICE_X109Y83        FDCE (Prop_fdce_C_Q)         0.141     0.770 r  csr/task_bytes_o_reg[16]/Q
                         net (fo=2, routed)           0.164     0.934    core/task_bytes_q_reg[31]_0[16]
    SLICE_X106Y84        FDCE                                         r  core/task_bytes_q_reg[16]/D
  -------------------------------------------------------------------    -------------------

                         (clock core_clk rise edge)
                                                      0.000     0.000 r  <hidden>
                                                      0.000     0.000 r  aclk
                         net (fo=25094, unset)        0.898     0.898    core/aclk
    SLICE_X106Y84        FDCE                                         r  core/task_bytes_q_reg[16]/C
                         clock pessimism             -0.255     0.643    <hidden>
                         clock uncertainty            0.200     0.843    <hidden>
    SLICE_X106Y84        FDCE (Hold_fdce_C_D)         0.070     0.913    core/task_bytes_q_reg[16]
  -------------------------------------------------------------------
                         required time                         -0.913    <hidden>
                         arrival time                           0.934    <hidden>
  -------------------------------------------------------------------
                         slack                                  0.021    <hidden>

Slack (MET) :             0.021ns  (arrival time - required time)
  Source:                 core/data_subsystem/conv2d_pipeline/post/output_data_q_reg[105]/C
                            (rising edge-triggered cell FDRE clocked by core_clk  {rise@0.000ns fall@5.000ns period=10.000ns})
  Destination:            core/data_subsystem/conv_output_data_fifo_q_reg[0][105]/D
                            (rising edge-triggered cell FDRE clocked by core_clk  {rise@0.000ns fall@5.000ns period=10.000ns})
  Path Group:             core_clk
  Path Type:              Hold (Min at Fast Process Corner)
  Requirement:            0.000ns  (core_clk rise@0.000ns - core_clk rise@0.000ns)
  Data Path Delay:        0.305ns  (logic 0.141ns (46.228%)  route 0.164ns (53.772%))
  Logic Levels:           0  
  Clock Path Skew:        0.014ns (DCD - SCD - CPR)
    Destination Clock Delay (DCD):    0.846ns
    Source Clock Delay      (SCD):    0.578ns
    Clock Pessimism Removal (CPR):    0.254ns
  Clock Uncertainty:      0.200ns  ((TSJ^2 + TIJ^2)^1/2 + DJ) / 2 + PE + UU
    Total System Jitter     (TSJ):    0.000ns
    Total Input Jitter      (TIJ):    0.000ns
    Discrete Jitter          (DJ):    0.000ns
    Phase Error              (PE):    0.000ns
    User Uncertainty         (UU):    0.200ns

    Location             Delay type                Incr(ns)  Path(ns)    Netlist Resource(s)
  -------------------------------------------------------------------    -------------------
                         (clock core_clk rise edge)
                                                      0.000     0.000 r  <hidden>
                                                      0.000     0.000 r  aclk
                         net (fo=25094, unset)        0.578     0.578    core/data_subsystem/conv2d_pipeline/post/aclk
    SLICE_X57Y34         FDRE                                         r  core/data_subsystem/conv2d_pipeline/post/output_data_q_reg[105]/C
  -------------------------------------------------------------------    -------------------
    SLICE_X57Y34         FDRE (Prop_fdre_C_Q)         0.141     0.719 r  core/data_subsystem/conv2d_pipeline/post/output_data_q_reg[105]/Q
                         net (fo=2, routed)           0.164     0.883    core/data_subsystem/conv_result_data[105]
    SLICE_X59Y34         FDRE                                         r  core/data_subsystem/conv_output_data_fifo_q_reg[0][105]/D
  -------------------------------------------------------------------    -------------------

                         (clock core_clk rise edge)
                                                      0.000     0.000 r  <hidden>
                                                      0.000     0.000 r  aclk
                         net (fo=25094, unset)        0.846     0.846    core/data_subsystem/aclk
    SLICE_X59Y34         FDRE                                         r  core/data_subsystem/conv_output_data_fifo_q_reg[0][105]/C
                         clock pessimism             -0.254     0.592    <hidden>
                         clock uncertainty            0.200     0.792    <hidden>
    SLICE_X59Y34         FDRE (Hold_fdre_C_D)         0.070     0.862    core/data_subsystem/conv_output_data_fifo_q_reg[0][105]
  -------------------------------------------------------------------
                         required time                         -0.862    <hidden>
                         arrival time                           0.883    <hidden>
  -------------------------------------------------------------------
                         slack                                  0.021    <hidden>

Slack (MET) :             0.021ns  (arrival time - required time)
  Source:                 core/data_subsystem/scratchpad/compute_weight_output_data_q_reg[457]/C
                            (rising edge-triggered cell FDRE clocked by core_clk  {rise@0.000ns fall@5.000ns period=10.000ns})
  Destination:            core/data_subsystem/conv2d_pipeline/quant_params_q_reg[969]/D
                            (rising edge-triggered cell FDRE clocked by core_clk  {rise@0.000ns fall@5.000ns period=10.000ns})
  Path Group:             core_clk
  Path Type:              Hold (Min at Fast Process Corner)
  Requirement:            0.000ns  (core_clk rise@0.000ns - core_clk rise@0.000ns)
  Data Path Delay:        0.304ns  (logic 0.141ns (46.341%)  route 0.163ns (53.659%))
  Logic Levels:           0  
  Clock Path Skew:        0.013ns (DCD - SCD - CPR)
    Destination Clock Delay (DCD):    0.870ns
    Source Clock Delay      (SCD):    0.603ns
    Clock Pessimism Removal (CPR):    0.254ns
  Clock Uncertainty:      0.200ns  ((TSJ^2 + TIJ^2)^1/2 + DJ) / 2 + PE + UU
    Total System Jitter     (TSJ):    0.000ns
    Total Input Jitter      (TIJ):    0.000ns
    Discrete Jitter          (DJ):    0.000ns
    Phase Error              (PE):    0.000ns
    User Uncertainty         (UU):    0.200ns

    Location             Delay type                Incr(ns)  Path(ns)    Netlist Resource(s)
  -------------------------------------------------------------------    -------------------
                         (clock core_clk rise edge)
                                                      0.000     0.000 r  <hidden>
                                                      0.000     0.000 r  aclk
                         net (fo=25094, unset)        0.603     0.603    core/data_subsystem/scratchpad/aclk
    SLICE_X99Y22         FDRE                                         r  core/data_subsystem/scratchpad/compute_weight_output_data_q_reg[457]/C
  -------------------------------------------------------------------    -------------------
    SLICE_X99Y22         FDRE (Prop_fdre_C_Q)         0.141     0.744 r  core/data_subsystem/scratchpad/compute_weight_output_data_q_reg[457]/Q
                         net (fo=2, routed)           0.163     0.907    core/data_subsystem/conv2d_pipeline/quant_params_q_reg[511]_0[409]
    SLICE_X101Y22        FDRE                                         r  core/data_subsystem/conv2d_pipeline/quant_params_q_reg[969]/D
  -------------------------------------------------------------------    -------------------

                         (clock core_clk rise edge)
                                                      0.000     0.000 r  <hidden>
                                                      0.000     0.000 r  aclk
                         net (fo=25094, unset)        0.870     0.870    core/data_subsystem/conv2d_pipeline/aclk
    SLICE_X101Y22        FDRE                                         r  core/data_subsystem/conv2d_pipeline/quant_params_q_reg[969]/C
                         clock pessimism             -0.254     0.616    <hidden>
                         clock uncertainty            0.200     0.816    <hidden>
    SLICE_X101Y22        FDRE (Hold_fdre_C_D)         0.070     0.886    core/data_subsystem/conv2d_pipeline/quant_params_q_reg[969]
  -------------------------------------------------------------------
                         required time                         -0.886    <hidden>
                         arrival time                           0.907    <hidden>
  -------------------------------------------------------------------
                         slack                                  0.021    <hidden>

Slack (MET) :             0.021ns  (arrival time - required time)
  Source:                 core/data_subsystem/frontend/address_generator/request_q_reg[tag][2]/C
                            (rising edge-triggered cell FDCE clocked by core_clk  {rise@0.000ns fall@5.000ns period=10.000ns})
  Destination:            core/data_subsystem/engine/request_q_reg[tag][2]/D
                            (rising edge-triggered cell FDCE clocked by core_clk  {rise@0.000ns fall@5.000ns period=10.000ns})
  Path Group:             core_clk
  Path Type:              Hold (Min at Fast Process Corner)
  Requirement:            0.000ns  (core_clk rise@0.000ns - core_clk rise@0.000ns)
  Data Path Delay:        0.251ns  (logic 0.148ns (58.859%)  route 0.103ns (41.141%))
  Logic Levels:           0  
  Clock Path Skew:        0.017ns (DCD - SCD - CPR)
    Destination Clock Delay (DCD):    0.878ns
    Source Clock Delay      (SCD):    0.607ns
    Clock Pessimism Removal (CPR):    0.254ns
  Clock Uncertainty:      0.200ns  ((TSJ^2 + TIJ^2)^1/2 + DJ) / 2 + PE + UU
    Total System Jitter     (TSJ):    0.000ns
    Total Input Jitter      (TIJ):    0.000ns
    Discrete Jitter          (DJ):    0.000ns
    Phase Error              (PE):    0.000ns
    User Uncertainty         (UU):    0.200ns

    Location             Delay type                Incr(ns)  Path(ns)    Netlist Resource(s)
  -------------------------------------------------------------------    -------------------
                         (clock core_clk rise edge)
                                                      0.000     0.000 r  <hidden>
                                                      0.000     0.000 r  aclk
                         net (fo=25094, unset)        0.607     0.607    core/data_subsystem/frontend/address_generator/aclk
    SLICE_X100Y94        FDCE                                         r  core/data_subsystem/frontend/address_generator/request_q_reg[tag][2]/C
  -------------------------------------------------------------------    -------------------
    SLICE_X100Y94        FDCE (Prop_fdce_C_Q)         0.148     0.755 r  core/data_subsystem/frontend/address_generator/request_q_reg[tag][2]/Q
                         net (fo=1, routed)           0.103     0.858    core/data_subsystem/engine/frontend_request_bits[286]
    SLICE_X99Y94         FDCE                                         r  core/data_subsystem/engine/request_q_reg[tag][2]/D
  -------------------------------------------------------------------    -------------------

                         (clock core_clk rise edge)
                                                      0.000     0.000 r  <hidden>
                                                      0.000     0.000 r  aclk
                         net (fo=25094, unset)        0.878     0.878    core/data_subsystem/engine/aclk
    SLICE_X99Y94         FDCE                                         r  core/data_subsystem/engine/request_q_reg[tag][2]/C
                         clock pessimism             -0.254     0.624    <hidden>
                         clock uncertainty            0.200     0.824    <hidden>
    SLICE_X99Y94         FDCE (Hold_fdce_C_D)         0.013     0.837    core/data_subsystem/engine/request_q_reg[tag][2]
  -------------------------------------------------------------------
                         required time                         -0.837    <hidden>
                         arrival time                           0.858    <hidden>
  -------------------------------------------------------------------
                         slack                                  0.021    <hidden>

Slack (MET) :             0.022ns  (arrival time - required time)
  Source:                 core/data_subsystem/conv2d_pipeline/quant_params_q_reg[10]/C
                            (rising edge-triggered cell FDRE clocked by core_clk  {rise@0.000ns fall@5.000ns period=10.000ns})
  Destination:            core/data_subsystem/conv2d_pipeline/post/multiplier_q_reg[0][10]/D
                            (rising edge-triggered cell FDRE clocked by core_clk  {rise@0.000ns fall@5.000ns period=10.000ns})
  Path Group:             core_clk
  Path Type:              Hold (Min at Fast Process Corner)
  Requirement:            0.000ns  (core_clk rise@0.000ns - core_clk rise@0.000ns)
  Data Path Delay:        0.304ns  (logic 0.141ns (46.447%)  route 0.163ns (53.553%))
  Logic Levels:           0  
  Clock Path Skew:        0.012ns (DCD - SCD - CPR)
    Destination Clock Delay (DCD):    0.848ns
    Source Clock Delay      (SCD):    0.584ns
    Clock Pessimism Removal (CPR):    0.252ns
  Clock Uncertainty:      0.200ns  ((TSJ^2 + TIJ^2)^1/2 + DJ) / 2 + PE + UU
    Total System Jitter     (TSJ):    0.000ns
    Total Input Jitter      (TIJ):    0.000ns
    Discrete Jitter          (DJ):    0.000ns
    Phase Error              (PE):    0.000ns
    User Uncertainty         (UU):    0.200ns

    Location             Delay type                Incr(ns)  Path(ns)    Netlist Resource(s)
  -------------------------------------------------------------------    -------------------
                         (clock core_clk rise edge)
                                                      0.000     0.000 r  <hidden>
                                                      0.000     0.000 r  aclk
                         net (fo=25094, unset)        0.584     0.584    core/data_subsystem/conv2d_pipeline/aclk
    SLICE_X68Y38         FDRE                                         r  core/data_subsystem/conv2d_pipeline/quant_params_q_reg[10]/C
  -------------------------------------------------------------------    -------------------
    SLICE_X68Y38         FDRE (Prop_fdre_C_Q)         0.141     0.725 r  core/data_subsystem/conv2d_pipeline/quant_params_q_reg[10]/Q
                         net (fo=1, routed)           0.163     0.888    core/data_subsystem/conv2d_pipeline/post/clamp_max_q_reg[7][31]_0[10]
    SLICE_X70Y36         FDRE                                         r  core/data_subsystem/conv2d_pipeline/post/multiplier_q_reg[0][10]/D
  -------------------------------------------------------------------    -------------------

                         (clock core_clk rise edge)
                                                      0.000     0.000 r  <hidden>
                                                      0.000     0.000 r  aclk
                         net (fo=25094, unset)        0.848     0.848    core/data_subsystem/conv2d_pipeline/post/aclk
    SLICE_X70Y36         FDRE                                         r  core/data_subsystem/conv2d_pipeline/post/multiplier_q_reg[0][10]/C
                         clock pessimism             -0.252     0.596    <hidden>
                         clock uncertainty            0.200     0.796    <hidden>
    SLICE_X70Y36         FDRE (Hold_fdre_C_D)         0.070     0.866    core/data_subsystem/conv2d_pipeline/post/multiplier_q_reg[0][10]
  -------------------------------------------------------------------
                         required time                         -0.866    <hidden>
                         arrival time                           0.888    <hidden>
  -------------------------------------------------------------------
                         slack                                  0.022    <hidden>

Slack (MET) :             0.022ns  (arrival time - required time)
  Source:                 core/data_subsystem/conv2d_pipeline/quant_params_q_reg[414]/C
                            (rising edge-triggered cell FDRE clocked by core_clk  {rise@0.000ns fall@5.000ns period=10.000ns})
  Destination:            core/data_subsystem/conv2d_pipeline/post/multiplier_q_reg[3][30]/D
                            (rising edge-triggered cell FDRE clocked by core_clk  {rise@0.000ns fall@5.000ns period=10.000ns})
  Path Group:             core_clk
  Path Type:              Hold (Min at Fast Process Corner)
  Requirement:            0.000ns  (core_clk rise@0.000ns - core_clk rise@0.000ns)
  Data Path Delay:        0.308ns  (logic 0.141ns (45.797%)  route 0.167ns (54.203%))
  Logic Levels:           0  
  Clock Path Skew:        0.016ns (DCD - SCD - CPR)
    Destination Clock Delay (DCD):    0.848ns
    Source Clock Delay      (SCD):    0.579ns
    Clock Pessimism Removal (CPR):    0.253ns
  Clock Uncertainty:      0.200ns  ((TSJ^2 + TIJ^2)^1/2 + DJ) / 2 + PE + UU
    Total System Jitter     (TSJ):    0.000ns
    Total Input Jitter      (TIJ):    0.000ns
    Discrete Jitter          (DJ):    0.000ns
    Phase Error              (PE):    0.000ns
    User Uncertainty         (UU):    0.200ns

    Location             Delay type                Incr(ns)  Path(ns)    Netlist Resource(s)
  -------------------------------------------------------------------    -------------------
                         (clock core_clk rise edge)
                                                      0.000     0.000 r  <hidden>
                                                      0.000     0.000 r  aclk
                         net (fo=25094, unset)        0.579     0.579    core/data_subsystem/conv2d_pipeline/aclk
    SLICE_X61Y52         FDRE                                         r  core/data_subsystem/conv2d_pipeline/quant_params_q_reg[414]/C
  -------------------------------------------------------------------    -------------------
    SLICE_X61Y52         FDRE (Prop_fdre_C_Q)         0.141     0.720 r  core/data_subsystem/conv2d_pipeline/quant_params_q_reg[414]/Q
                         net (fo=1, routed)           0.167     0.887    core/data_subsystem/conv2d_pipeline/post/clamp_max_q_reg[7][31]_0[342]
    SLICE_X61Y51         FDRE                                         r  core/data_subsystem/conv2d_pipeline/post/multiplier_q_reg[3][30]/D
  -------------------------------------------------------------------    -------------------

                         (clock core_clk rise edge)
                                                      0.000     0.000 r  <hidden>
                                                      0.000     0.000 r  aclk
                         net (fo=25094, unset)        0.848     0.848    core/data_subsystem/conv2d_pipeline/post/aclk
    SLICE_X61Y51         FDRE                                         r  core/data_subsystem/conv2d_pipeline/post/multiplier_q_reg[3][30]/C
                         clock pessimism             -0.253     0.595    <hidden>
                         clock uncertainty            0.200     0.795    <hidden>
    SLICE_X61Y51         FDRE (Hold_fdre_C_D)         0.070     0.865    core/data_subsystem/conv2d_pipeline/post/multiplier_q_reg[3][30]
  -------------------------------------------------------------------
                         required time                         -0.865    <hidden>
                         arrival time                           0.887    <hidden>
  -------------------------------------------------------------------
                         slack                                  0.022    <hidden>

Slack (MET) :             0.022ns  (arrival time - required time)
  Source:                 core/data_subsystem/conv2d_pipeline/quant_params_q_reg[648]/C
                            (rising edge-triggered cell FDRE clocked by core_clk  {rise@0.000ns fall@5.000ns period=10.000ns})
  Destination:            core/data_subsystem/conv2d_pipeline/post/multiplier_q_reg[5][8]/D
                            (rising edge-triggered cell FDRE clocked by core_clk  {rise@0.000ns fall@5.000ns period=10.000ns})
  Path Group:             core_clk
  Path Type:              Hold (Min at Fast Process Corner)
  Requirement:            0.000ns  (core_clk rise@0.000ns - core_clk rise@0.000ns)
  Data Path Delay:        0.318ns  (logic 0.141ns (44.343%)  route 0.177ns (55.657%))
  Logic Levels:           0  
  Clock Path Skew:        0.036ns (DCD - SCD - CPR)
    Destination Clock Delay (DCD):    0.857ns
    Source Clock Delay      (SCD):    0.587ns
    Clock Pessimism Removal (CPR):    0.234ns
  Clock Uncertainty:      0.200ns  ((TSJ^2 + TIJ^2)^1/2 + DJ) / 2 + PE + UU
    Total System Jitter     (TSJ):    0.000ns
    Total Input Jitter      (TIJ):    0.000ns
    Discrete Jitter          (DJ):    0.000ns
    Phase Error              (PE):    0.000ns
    User Uncertainty         (UU):    0.200ns

    Location             Delay type                Incr(ns)  Path(ns)    Netlist Resource(s)
  -------------------------------------------------------------------    -------------------
                         (clock core_clk rise edge)
                                                      0.000     0.000 r  <hidden>
                                                      0.000     0.000 r  aclk
                         net (fo=25094, unset)        0.587     0.587    core/data_subsystem/conv2d_pipeline/aclk
    SLICE_X85Y42         FDRE                                         r  core/data_subsystem/conv2d_pipeline/quant_params_q_reg[648]/C
  -------------------------------------------------------------------    -------------------
    SLICE_X85Y42         FDRE (Prop_fdre_C_Q)         0.141     0.728 r  core/data_subsystem/conv2d_pipeline/quant_params_q_reg[648]/Q
                         net (fo=1, routed)           0.177     0.905    core/data_subsystem/conv2d_pipeline/post/clamp_max_q_reg[7][31]_0[528]
    SLICE_X86Y42         FDRE                                         r  core/data_subsystem/conv2d_pipeline/post/multiplier_q_reg[5][8]/D
  -------------------------------------------------------------------    -------------------

                         (clock core_clk rise edge)
                                                      0.000     0.000 r  <hidden>
                                                      0.000     0.000 r  aclk
                         net (fo=25094, unset)        0.857     0.857    core/data_subsystem/conv2d_pipeline/post/aclk
    SLICE_X86Y42         FDRE                                         r  core/data_subsystem/conv2d_pipeline/post/multiplier_q_reg[5][8]/C
                         clock pessimism             -0.234     0.623    <hidden>
                         clock uncertainty            0.200     0.823    <hidden>
    SLICE_X86Y42         FDRE (Hold_fdre_C_D)         0.060     0.883    core/data_subsystem/conv2d_pipeline/post/multiplier_q_reg[5][8]
  -------------------------------------------------------------------
                         required time                         -0.883    <hidden>
                         arrival time                           0.905    <hidden>
  -------------------------------------------------------------------
                         slack                                  0.022    <hidden>

Slack (MET) :             0.022ns  (arrival time - required time)
  Source:                 core/data_subsystem/conv2d_pipeline/descriptor_q_reg[post_op_id][0]/C
                            (rising edge-triggered cell FDRE clocked by core_clk  {rise@0.000ns fall@5.000ns period=10.000ns})
  Destination:            core/data_subsystem/conv2d_pipeline/post/post_op_q_reg[0]/D
                            (rising edge-triggered cell FDRE clocked by core_clk  {rise@0.000ns fall@5.000ns period=10.000ns})
  Path Group:             core_clk
  Path Type:              Hold (Min at Fast Process Corner)
  Requirement:            0.000ns  (core_clk rise@0.000ns - core_clk rise@0.000ns)
  Data Path Delay:        0.311ns  (logic 0.141ns (45.298%)  route 0.170ns (54.702%))
  Logic Levels:           0  
  Clock Path Skew:        0.017ns (DCD - SCD - CPR)
    Destination Clock Delay (DCD):    0.847ns
    Source Clock Delay      (SCD):    0.576ns
    Clock Pessimism Removal (CPR):    0.254ns
  Clock Uncertainty:      0.200ns  ((TSJ^2 + TIJ^2)^1/2 + DJ) / 2 + PE + UU
    Total System Jitter     (TSJ):    0.000ns
    Total Input Jitter      (TIJ):    0.000ns
    Discrete Jitter          (DJ):    0.000ns
    Phase Error              (PE):    0.000ns
    User Uncertainty         (UU):    0.200ns

    Location             Delay type                Incr(ns)  Path(ns)    Netlist Resource(s)
  -------------------------------------------------------------------    -------------------
                         (clock core_clk rise edge)
                                                      0.000     0.000 r  <hidden>
                                                      0.000     0.000 r  aclk
                         net (fo=25094, unset)        0.576     0.576    core/data_subsystem/conv2d_pipeline/aclk
    SLICE_X59Y54         FDRE                                         r  core/data_subsystem/conv2d_pipeline/descriptor_q_reg[post_op_id][0]/C
  -------------------------------------------------------------------    -------------------
    SLICE_X59Y54         FDRE (Prop_fdre_C_Q)         0.141     0.717 r  core/data_subsystem/conv2d_pipeline/descriptor_q_reg[post_op_id][0]/Q
                         net (fo=1, routed)           0.170     0.887    core/data_subsystem/conv2d_pipeline/post/post_op_q_reg[15]_0[0]
    SLICE_X59Y52         FDRE                                         r  core/data_subsystem/conv2d_pipeline/post/post_op_q_reg[0]/D
  -------------------------------------------------------------------    -------------------

                         (clock core_clk rise edge)
                                                      0.000     0.000 r  <hidden>
                                                      0.000     0.000 r  aclk
                         net (fo=25094, unset)        0.847     0.847    core/data_subsystem/conv2d_pipeline/post/aclk
    SLICE_X59Y52         FDRE                                         r  core/data_subsystem/conv2d_pipeline/post/post_op_q_reg[0]/C
                         clock pessimism             -0.254     0.593    <hidden>
                         clock uncertainty            0.200     0.793    <hidden>
    SLICE_X59Y52         FDRE (Hold_fdre_C_D)         0.072     0.865    core/data_subsystem/conv2d_pipeline/post/post_op_q_reg[0]
  -------------------------------------------------------------------
                         required time                         -0.865    <hidden>
                         arrival time                           0.887    <hidden>
  -------------------------------------------------------------------
                         slack                                  0.022    <hidden>

Slack (MET) :             0.022ns  (arrival time - required time)
  Source:                 core/data_subsystem/scratchpad/compute_weight_output_data_q_reg[290]/C
                            (rising edge-triggered cell FDRE clocked by core_clk  {rise@0.000ns fall@5.000ns period=10.000ns})
  Destination:            core/data_subsystem/conv2d_pipeline/quant_params_q_reg[290]/D
                            (rising edge-triggered cell FDRE clocked by core_clk  {rise@0.000ns fall@5.000ns period=10.000ns})
  Path Group:             core_clk
  Path Type:              Hold (Min at Fast Process Corner)
  Requirement:            0.000ns  (core_clk rise@0.000ns - core_clk rise@0.000ns)
  Data Path Delay:        0.308ns  (logic 0.141ns (45.711%)  route 0.167ns (54.289%))
  Logic Levels:           0  
  Clock Path Skew:        0.016ns (DCD - SCD - CPR)
    Destination Clock Delay (DCD):    0.850ns
    Source Clock Delay      (SCD):    0.583ns
    Clock Pessimism Removal (CPR):    0.251ns
  Clock Uncertainty:      0.200ns  ((TSJ^2 + TIJ^2)^1/2 + DJ) / 2 + PE + UU
    Total System Jitter     (TSJ):    0.000ns
    Total Input Jitter      (TIJ):    0.000ns
    Discrete Jitter          (DJ):    0.000ns
    Phase Error              (PE):    0.000ns
    User Uncertainty         (UU):    0.200ns

    Location             Delay type                Incr(ns)  Path(ns)    Netlist Resource(s)
  -------------------------------------------------------------------    -------------------
                         (clock core_clk rise edge)
                                                      0.000     0.000 r  <hidden>
                                                      0.000     0.000 r  aclk
                         net (fo=25094, unset)        0.583     0.583    core/data_subsystem/scratchpad/aclk
    SLICE_X72Y34         FDRE                                         r  core/data_subsystem/scratchpad/compute_weight_output_data_q_reg[290]/C
  -------------------------------------------------------------------    -------------------
    SLICE_X72Y34         FDRE (Prop_fdre_C_Q)         0.141     0.724 r  core/data_subsystem/scratchpad/compute_weight_output_data_q_reg[290]/Q
                         net (fo=2, routed)           0.167     0.891    core/data_subsystem/conv2d_pipeline/quant_params_q_reg[511]_0[290]
    SLICE_X73Y35         FDRE                                         r  core/data_subsystem/conv2d_pipeline/quant_params_q_reg[290]/D
  -------------------------------------------------------------------    -------------------

                         (clock core_clk rise edge)
                                                      0.000     0.000 r  <hidden>
                                                      0.000     0.000 r  aclk
                         net (fo=25094, unset)        0.850     0.850    core/data_subsystem/conv2d_pipeline/aclk
    SLICE_X73Y35         FDRE                                         r  core/data_subsystem/conv2d_pipeline/quant_params_q_reg[290]/C
                         clock pessimism             -0.251     0.599    <hidden>
                         clock uncertainty            0.200     0.799    <hidden>
    SLICE_X73Y35         FDRE (Hold_fdre_C_D)         0.070     0.869    core/data_subsystem/conv2d_pipeline/quant_params_q_reg[290]
  -------------------------------------------------------------------
                         required time                         -0.869    <hidden>
                         arrival time                           0.891    <hidden>
  -------------------------------------------------------------------
                         slack                                  0.022    <hidden>

Slack (MET) :             0.023ns  (arrival time - required time)
  Source:                 core/data_subsystem/conv2d_pipeline/bias_q_reg[161]/C
                            (rising edge-triggered cell FDRE clocked by core_clk  {rise@0.000ns fall@5.000ns period=10.000ns})
  Destination:            core/data_subsystem/conv2d_pipeline/post/biased_q_reg[5][14]/D
                            (rising edge-triggered cell FDRE clocked by core_clk  {rise@0.000ns fall@5.000ns period=10.000ns})
  Path Group:             core_clk
  Path Type:              Hold (Min at Fast Process Corner)
  Requirement:            0.000ns  (core_clk rise@0.000ns - core_clk rise@0.000ns)
  Data Path Delay:        0.591ns  (logic 0.507ns (85.816%)  route 0.084ns (14.184%))
  Logic Levels:           5  (CARRY4=4 LUT2=1)
  Clock Path Skew:        0.263ns (DCD - SCD - CPR)
    Destination Clock Delay (DCD):    0.853ns
    Source Clock Delay      (SCD):    0.590ns
    Clock Pessimism Removal (CPR):    -0.000ns
  Clock Uncertainty:      0.200ns  ((TSJ^2 + TIJ^2)^1/2 + DJ) / 2 + PE + UU
    Total System Jitter     (TSJ):    0.000ns
    Total Input Jitter      (TIJ):    0.000ns
    Discrete Jitter          (DJ):    0.000ns
    Phase Error              (PE):    0.000ns
    User Uncertainty         (UU):    0.200ns

    Location             Delay type                Incr(ns)  Path(ns)    Netlist Resource(s)
  -------------------------------------------------------------------    -------------------
                         (clock core_clk rise edge)
                                                      0.000     0.000 r  <hidden>
                                                      0.000     0.000 r  aclk
                         net (fo=25094, unset)        0.590     0.590    core/data_subsystem/conv2d_pipeline/aclk
    SLICE_X86Y47         FDRE                                         r  core/data_subsystem/conv2d_pipeline/bias_q_reg[161]/C
  -------------------------------------------------------------------    -------------------
    SLICE_X86Y47         FDRE (Prop_fdre_C_Q)         0.164     0.754 r  core/data_subsystem/conv2d_pipeline/bias_q_reg[161]/Q
                         net (fo=1, routed)           0.083     0.837    core/data_subsystem/conv2d_pipeline/post/biased_q_reg[7][31]_1[161]
    SLICE_X87Y47         LUT2 (Prop_lut2_I1_O)        0.045     0.882 r  core/data_subsystem/conv2d_pipeline/post/biased_q[5][3]_i_4/O
                         net (fo=1, routed)           0.000     0.882    core/data_subsystem/conv2d_pipeline/post/biased_q[5][3]_i_4_n_0
    SLICE_X87Y47         CARRY4 (Prop_carry4_S[1]_CO[3])
                                                      0.155     1.037 r  core/data_subsystem/conv2d_pipeline/post/biased_q_reg[5][3]_i_1/CO[3]
                         net (fo=1, routed)           0.000     1.037    core/data_subsystem/conv2d_pipeline/post/biased_q_reg[5][3]_i_1_n_0
    SLICE_X87Y48         CARRY4 (Prop_carry4_CI_CO[3])
                                                      0.039     1.076 r  core/data_subsystem/conv2d_pipeline/post/biased_q_reg[5][7]_i_1/CO[3]
                         net (fo=1, routed)           0.000     1.076    core/data_subsystem/conv2d_pipeline/post/biased_q_reg[5][7]_i_1_n_0
    SLICE_X87Y49         CARRY4 (Prop_carry4_CI_CO[3])
                                                      0.039     1.115 r  core/data_subsystem/conv2d_pipeline/post/biased_q_reg[5][11]_i_1/CO[3]
                         net (fo=1, routed)           0.001     1.116    core/data_subsystem/conv2d_pipeline/post/biased_q_reg[5][11]_i_1_n_0
    SLICE_X87Y50         CARRY4 (Prop_carry4_CI_O[2])
                                                      0.065     1.181 r  core/data_subsystem/conv2d_pipeline/post/biased_q_reg[5][15]_i_1/O[2]
                         net (fo=1, routed)           0.000     1.181    core/data_subsystem/conv2d_pipeline/post/biased_q_reg[5][15]_i_1_n_5
    SLICE_X87Y50         FDRE                                         r  core/data_subsystem/conv2d_pipeline/post/biased_q_reg[5][14]/D
  -------------------------------------------------------------------    -------------------

                         (clock core_clk rise edge)
                                                      0.000     0.000 r  <hidden>
                                                      0.000     0.000 r  aclk
                         net (fo=25094, unset)        0.853     0.853    core/data_subsystem/conv2d_pipeline/post/aclk
    SLICE_X87Y50         FDRE                                         r  core/data_subsystem/conv2d_pipeline/post/biased_q_reg[5][14]/C
                         clock pessimism              0.000     0.853    <hidden>
                         clock uncertainty            0.200     1.053    <hidden>
    SLICE_X87Y50         FDRE (Hold_fdre_C_D)         0.105     1.158    core/data_subsystem/conv2d_pipeline/post/biased_q_reg[5][14]
  -------------------------------------------------------------------
                         required time                         -1.158    <hidden>
                         arrival time                           1.181    <hidden>
  -------------------------------------------------------------------
                         slack                                  0.023    <hidden>

Slack (MET) :             0.023ns  (arrival time - required time)
  Source:                 core/data_subsystem/conv2d_pipeline/quant_params_q_reg[151]/C
                            (rising edge-triggered cell FDRE clocked by core_clk  {rise@0.000ns fall@5.000ns period=10.000ns})
  Destination:            core/data_subsystem/conv2d_pipeline/post/multiplier_q_reg[1][23]/D
                            (rising edge-triggered cell FDRE clocked by core_clk  {rise@0.000ns fall@5.000ns period=10.000ns})
  Path Group:             core_clk
  Path Type:              Hold (Min at Fast Process Corner)
  Requirement:            0.000ns  (core_clk rise@0.000ns - core_clk rise@0.000ns)
  Data Path Delay:        0.297ns  (logic 0.141ns (47.494%)  route 0.156ns (52.506%))
  Logic Levels:           0  
  Clock Path Skew:        0.015ns (DCD - SCD - CPR)
    Destination Clock Delay (DCD):    0.883ns
    Source Clock Delay      (SCD):    0.614ns
    Clock Pessimism Removal (CPR):    0.254ns
  Clock Uncertainty:      0.200ns  ((TSJ^2 + TIJ^2)^1/2 + DJ) / 2 + PE + UU
    Total System Jitter     (TSJ):    0.000ns
    Total Input Jitter      (TIJ):    0.000ns
    Discrete Jitter          (DJ):    0.000ns
    Phase Error              (PE):    0.000ns
    User Uncertainty         (UU):    0.200ns

    Location             Delay type                Incr(ns)  Path(ns)    Netlist Resource(s)
  -------------------------------------------------------------------    -------------------
                         (clock core_clk rise edge)
                                                      0.000     0.000 r  <hidden>
                                                      0.000     0.000 r  aclk
                         net (fo=25094, unset)        0.614     0.614    core/data_subsystem/conv2d_pipeline/aclk
    SLICE_X99Y47         FDRE                                         r  core/data_subsystem/conv2d_pipeline/quant_params_q_reg[151]/C
  -------------------------------------------------------------------    -------------------
    SLICE_X99Y47         FDRE (Prop_fdre_C_Q)         0.141     0.755 r  core/data_subsystem/conv2d_pipeline/quant_params_q_reg[151]/Q
                         net (fo=1, routed)           0.156     0.911    core/data_subsystem/conv2d_pipeline/post/clamp_max_q_reg[7][31]_0[127]
    SLICE_X100Y47        FDRE                                         r  core/data_subsystem/conv2d_pipeline/post/multiplier_q_reg[1][23]/D
  -------------------------------------------------------------------    -------------------

                         (clock core_clk rise edge)
                                                      0.000     0.000 r  <hidden>
                                                      0.000     0.000 r  aclk
                         net (fo=25094, unset)        0.883     0.883    core/data_subsystem/conv2d_pipeline/post/aclk
    SLICE_X100Y47        FDRE                                         r  core/data_subsystem/conv2d_pipeline/post/multiplier_q_reg[1][23]/C
                         clock pessimism             -0.254     0.629    <hidden>
                         clock uncertainty            0.200     0.829    <hidden>
    SLICE_X100Y47        FDRE (Hold_fdre_C_D)         0.059     0.888    core/data_subsystem/conv2d_pipeline/post/multiplier_q_reg[1][23]
  -------------------------------------------------------------------
                         required time                         -0.888    <hidden>
                         arrival time                           0.911    <hidden>
  -------------------------------------------------------------------
                         slack                                  0.023    <hidden>

Slack (MET) :             0.023ns  (arrival time - required time)
  Source:                 core/data_subsystem/conv2d_pipeline/quant_params_q_reg[392]/C
                            (rising edge-triggered cell FDRE clocked by core_clk  {rise@0.000ns fall@5.000ns period=10.000ns})
  Destination:            core/data_subsystem/conv2d_pipeline/post/multiplier_q_reg[3][8]/D
                            (rising edge-triggered cell FDRE clocked by core_clk  {rise@0.000ns fall@5.000ns period=10.000ns})
  Path Group:             core_clk
  Path Type:              Hold (Min at Fast Process Corner)
  Requirement:            0.000ns  (core_clk rise@0.000ns - core_clk rise@0.000ns)
  Data Path Delay:        0.309ns  (logic 0.141ns (45.612%)  route 0.168ns (54.388%))
  Logic Levels:           0  
  Clock Path Skew:        0.016ns (DCD - SCD - CPR)
    Destination Clock Delay (DCD):    0.857ns
    Source Clock Delay      (SCD):    0.588ns
    Clock Pessimism Removal (CPR):    0.253ns
  Clock Uncertainty:      0.200ns  ((TSJ^2 + TIJ^2)^1/2 + DJ) / 2 + PE + UU
    Total System Jitter     (TSJ):    0.000ns
    Total Input Jitter      (TIJ):    0.000ns
    Discrete Jitter          (DJ):    0.000ns
    Phase Error              (PE):    0.000ns
    User Uncertainty         (UU):    0.200ns

    Location             Delay type                Incr(ns)  Path(ns)    Netlist Resource(s)
  -------------------------------------------------------------------    -------------------
                         (clock core_clk rise edge)
                                                      0.000     0.000 r  <hidden>
                                                      0.000     0.000 r  aclk
                         net (fo=25094, unset)        0.588     0.588    core/data_subsystem/conv2d_pipeline/aclk
    SLICE_X87Y42         FDRE                                         r  core/data_subsystem/conv2d_pipeline/quant_params_q_reg[392]/C
  -------------------------------------------------------------------    -------------------
    SLICE_X87Y42         FDRE (Prop_fdre_C_Q)         0.141     0.729 r  core/data_subsystem/conv2d_pipeline/quant_params_q_reg[392]/Q
                         net (fo=1, routed)           0.168     0.897    core/data_subsystem/conv2d_pipeline/post/clamp_max_q_reg[7][31]_0[320]
    SLICE_X88Y42         FDRE                                         r  core/data_subsystem/conv2d_pipeline/post/multiplier_q_reg[3][8]/D
  -------------------------------------------------------------------    -------------------

                         (clock core_clk rise edge)
                                                      0.000     0.000 r  <hidden>
                                                      0.000     0.000 r  aclk
                         net (fo=25094, unset)        0.857     0.857    core/data_subsystem/conv2d_pipeline/post/aclk
    SLICE_X88Y42         FDRE                                         r  core/data_subsystem/conv2d_pipeline/post/multiplier_q_reg[3][8]/C
                         clock pessimism             -0.253     0.604    <hidden>
                         clock uncertainty            0.200     0.804    <hidden>
    SLICE_X88Y42         FDRE (Hold_fdre_C_D)         0.070     0.874    core/data_subsystem/conv2d_pipeline/post/multiplier_q_reg[3][8]
  -------------------------------------------------------------------
                         required time                         -0.874    <hidden>
                         arrival time                           0.897    <hidden>
  -------------------------------------------------------------------
                         slack                                  0.023    <hidden>

Slack (MET) :             0.023ns  (arrival time - required time)
  Source:                 core/loader/command_base_o_reg[26]/C
                            (rising edge-triggered cell FDCE clocked by core_clk  {rise@0.000ns fall@5.000ns period=10.000ns})
  Destination:            core/command_fetch/base_q_reg[26]/D
                            (rising edge-triggered cell FDCE clocked by core_clk  {rise@0.000ns fall@5.000ns period=10.000ns})
  Path Group:             core_clk
  Path Type:              Hold (Min at Fast Process Corner)
  Requirement:            0.000ns  (core_clk rise@0.000ns - core_clk rise@0.000ns)
  Data Path Delay:        0.303ns  (logic 0.141ns (46.493%)  route 0.162ns (53.507%))
  Logic Levels:           0  
  Clock Path Skew:        0.017ns (DCD - SCD - CPR)
    Destination Clock Delay (DCD):    0.963ns
    Source Clock Delay      (SCD):    0.689ns
    Clock Pessimism Removal (CPR):    0.257ns
  Clock Uncertainty:      0.200ns  ((TSJ^2 + TIJ^2)^1/2 + DJ) / 2 + PE + UU
    Total System Jitter     (TSJ):    0.000ns
    Total Input Jitter      (TIJ):    0.000ns
    Discrete Jitter          (DJ):    0.000ns
    Phase Error              (PE):    0.000ns
    User Uncertainty         (UU):    0.200ns

    Location             Delay type                Incr(ns)  Path(ns)    Netlist Resource(s)
  -------------------------------------------------------------------    -------------------
                         (clock core_clk rise edge)
                                                      0.000     0.000 r  <hidden>
                                                      0.000     0.000 r  aclk
                         net (fo=25094, unset)        0.689     0.689    core/loader/aclk
    SLICE_X95Y105        FDCE                                         r  core/loader/command_base_o_reg[26]/C
  -------------------------------------------------------------------    -------------------
    SLICE_X95Y105        FDCE (Prop_fdce_C_Q)         0.141     0.830 r  core/loader/command_base_o_reg[26]/Q
                         net (fo=1, routed)           0.162     0.992    core/command_fetch/command_base_o[26]
    SLICE_X96Y105        FDCE                                         r  core/command_fetch/base_q_reg[26]/D
  -------------------------------------------------------------------    -------------------

                         (clock core_clk rise edge)
                                                      0.000     0.000 r  <hidden>
                                                      0.000     0.000 r  aclk
                         net (fo=25094, unset)        0.963     0.963    core/command_fetch/aclk
    SLICE_X96Y105        FDCE                                         r  core/command_fetch/base_q_reg[26]/C
                         clock pessimism             -0.257     0.706    <hidden>
                         clock uncertainty            0.200     0.906    <hidden>
    SLICE_X96Y105        FDCE (Hold_fdce_C_D)         0.063     0.969    core/command_fetch/base_q_reg[26]
  -------------------------------------------------------------------
                         required time                         -0.969    <hidden>
                         arrival time                           0.992    <hidden>
  -------------------------------------------------------------------
                         slack                                  0.023    <hidden>

Slack (MET) :             0.023ns  (arrival time - required time)
  Source:                 core/data_subsystem/conv2d_pipeline/post/output_data_q_reg[33]/C
                            (rising edge-triggered cell FDRE clocked by core_clk  {rise@0.000ns fall@5.000ns period=10.000ns})
  Destination:            core/data_subsystem/conv_output_data_fifo_q_reg[0][33]/D
                            (rising edge-triggered cell FDRE clocked by core_clk  {rise@0.000ns fall@5.000ns period=10.000ns})
  Path Group:             core_clk
  Path Type:              Hold (Min at Fast Process Corner)
  Requirement:            0.000ns  (core_clk rise@0.000ns - core_clk rise@0.000ns)
  Data Path Delay:        0.310ns  (logic 0.141ns (45.420%)  route 0.169ns (54.580%))
  Logic Levels:           0  
  Clock Path Skew:        0.017ns (DCD - SCD - CPR)
    Destination Clock Delay (DCD):    0.815ns
    Source Clock Delay      (SCD):    0.547ns
    Clock Pessimism Removal (CPR):    0.251ns
  Clock Uncertainty:      0.200ns  ((TSJ^2 + TIJ^2)^1/2 + DJ) / 2 + PE + UU
    Total System Jitter     (TSJ):    0.000ns
    Total Input Jitter      (TIJ):    0.000ns
    Discrete Jitter          (DJ):    0.000ns
    Phase Error              (PE):    0.000ns
    User Uncertainty         (UU):    0.200ns

    Location             Delay type                Incr(ns)  Path(ns)    Netlist Resource(s)
  -------------------------------------------------------------------    -------------------
                         (clock core_clk rise edge)
                                                      0.000     0.000 r  <hidden>
                                                      0.000     0.000 r  aclk
                         net (fo=25094, unset)        0.547     0.547    core/data_subsystem/conv2d_pipeline/post/aclk
    SLICE_X53Y21         FDRE                                         r  core/data_subsystem/conv2d_pipeline/post/output_data_q_reg[33]/C
  -------------------------------------------------------------------    -------------------
    SLICE_X53Y21         FDRE (Prop_fdre_C_Q)         0.141     0.688 r  core/data_subsystem/conv2d_pipeline/post/output_data_q_reg[33]/Q
                         net (fo=2, routed)           0.169     0.857    core/data_subsystem/conv_result_data[33]
    SLICE_X51Y18         FDRE                                         r  core/data_subsystem/conv_output_data_fifo_q_reg[0][33]/D
  -------------------------------------------------------------------    -------------------

                         (clock core_clk rise edge)
                                                      0.000     0.000 r  <hidden>
                                                      0.000     0.000 r  aclk
                         net (fo=25094, unset)        0.815     0.815    core/data_subsystem/aclk
    SLICE_X51Y18         FDRE                                         r  core/data_subsystem/conv_output_data_fifo_q_reg[0][33]/C
                         clock pessimism             -0.251     0.564    <hidden>
                         clock uncertainty            0.200     0.764    <hidden>
    SLICE_X51Y18         FDRE (Hold_fdre_C_D)         0.070     0.834    core/data_subsystem/conv_output_data_fifo_q_reg[0][33]
  -------------------------------------------------------------------
                         required time                         -0.834    <hidden>
                         arrival time                           0.857    <hidden>
  -------------------------------------------------------------------
                         slack                                  0.023    <hidden>

Slack (MET) :             0.024ns  (arrival time - required time)
  Source:                 core/data_subsystem/frontend/quant_desc_q_reg[30]/C
                            (rising edge-triggered cell FDCE clocked by core_clk  {rise@0.000ns fall@5.000ns period=10.000ns})
  Destination:            core/data_subsystem/frontend/address_generator/quant_q_reg[param_offset][30]/D
                            (rising edge-triggered cell FDCE clocked by core_clk  {rise@0.000ns fall@5.000ns period=10.000ns})
  Path Group:             core_clk
  Path Type:              Hold (Min at Fast Process Corner)
  Requirement:            0.000ns  (core_clk rise@0.000ns - core_clk rise@0.000ns)
  Data Path Delay:        0.325ns  (logic 0.141ns (43.446%)  route 0.184ns (56.554%))
  Logic Levels:           0  
  Clock Path Skew:        0.031ns (DCD - SCD - CPR)
    Destination Clock Delay (DCD):    0.923ns
    Source Clock Delay      (SCD):    0.655ns
    Clock Pessimism Removal (CPR):    0.237ns
  Clock Uncertainty:      0.200ns  ((TSJ^2 + TIJ^2)^1/2 + DJ) / 2 + PE + UU
    Total System Jitter     (TSJ):    0.000ns
    Total Input Jitter      (TIJ):    0.000ns
    Discrete Jitter          (DJ):    0.000ns
    Phase Error              (PE):    0.000ns
    User Uncertainty         (UU):    0.200ns

    Location             Delay type                Incr(ns)  Path(ns)    Netlist Resource(s)
  -------------------------------------------------------------------    -------------------
                         (clock core_clk rise edge)
                                                      0.000     0.000 r  <hidden>
                                                      0.000     0.000 r  aclk
                         net (fo=25094, unset)        0.655     0.655    core/data_subsystem/frontend/aclk
    SLICE_X84Y128        FDCE                                         r  core/data_subsystem/frontend/quant_desc_q_reg[30]/C
  -------------------------------------------------------------------    -------------------
    SLICE_X84Y128        FDCE (Prop_fdce_C_Q)         0.141     0.796 r  core/data_subsystem/frontend/quant_desc_q_reg[30]/Q
                         net (fo=1, routed)           0.184     0.980    core/data_subsystem/frontend/address_generator/quant_q_reg[param_count][31]_0[30]
    SLICE_X65Y129        FDCE                                         r  core/data_subsystem/frontend/address_generator/quant_q_reg[param_offset][30]/D
  -------------------------------------------------------------------    -------------------

                         (clock core_clk rise edge)
                                                      0.000     0.000 r  <hidden>
                                                      0.000     0.000 r  aclk
                         net (fo=25094, unset)        0.923     0.923    core/data_subsystem/frontend/address_generator/aclk
    SLICE_X65Y129        FDCE                                         r  core/data_subsystem/frontend/address_generator/quant_q_reg[param_offset][30]/C
                         clock pessimism             -0.237     0.686    <hidden>
                         clock uncertainty            0.200     0.886    <hidden>
    SLICE_X65Y129        FDCE (Hold_fdce_C_D)         0.070     0.956    core/data_subsystem/frontend/address_generator/quant_q_reg[param_offset][30]
  -------------------------------------------------------------------
                         required time                         -0.956    <hidden>
                         arrival time                           0.980    <hidden>
  -------------------------------------------------------------------
                         slack                                  0.024    <hidden>

Slack (MET) :             0.024ns  (arrival time - required time)
  Source:                 core/execution_frontend/destination_desc_q_reg[48]/C
                            (rising edge-triggered cell FDCE clocked by core_clk  {rise@0.000ns fall@5.000ns period=10.000ns})
  Destination:            core/upsample/destination_base_q_reg[48]/D
                            (rising edge-triggered cell FDRE clocked by core_clk  {rise@0.000ns fall@5.000ns period=10.000ns})
  Path Group:             core_clk
  Path Type:              Hold (Min at Fast Process Corner)
  Requirement:            0.000ns  (core_clk rise@0.000ns - core_clk rise@0.000ns)
  Data Path Delay:        0.342ns  (logic 0.256ns (74.924%)  route 0.086ns (25.076%))
  Logic Levels:           2  (CARRY4=1 LUT2=1)
  Clock Path Skew:        0.016ns (DCD - SCD - CPR)
    Destination Clock Delay (DCD):    0.905ns
    Source Clock Delay      (SCD):    0.634ns
    Clock Pessimism Removal (CPR):    0.255ns
  Clock Uncertainty:      0.200ns  ((TSJ^2 + TIJ^2)^1/2 + DJ) / 2 + PE + UU
    Total System Jitter     (TSJ):    0.000ns
    Total Input Jitter      (TIJ):    0.000ns
    Discrete Jitter          (DJ):    0.000ns
    Phase Error              (PE):    0.000ns
    User Uncertainty         (UU):    0.200ns

    Location             Delay type                Incr(ns)  Path(ns)    Netlist Resource(s)
  -------------------------------------------------------------------    -------------------
                         (clock core_clk rise edge)
                                                      0.000     0.000 r  <hidden>
                                                      0.000     0.000 r  aclk
                         net (fo=25094, unset)        0.634     0.634    core/execution_frontend/aclk
    SLICE_X52Y105        FDCE                                         r  core/execution_frontend/destination_desc_q_reg[48]/C
  -------------------------------------------------------------------    -------------------
    SLICE_X52Y105        FDCE (Prop_fdce_C_Q)         0.141     0.775 r  core/execution_frontend/destination_desc_q_reg[48]/Q
                         net (fo=1, routed)           0.086     0.861    core/loader/destination_base_q_reg[63][48]
    SLICE_X53Y105        LUT2 (Prop_lut2_I1_O)        0.045     0.906 r  core/loader/destination_base_q[51]_i_5/O
                         net (fo=1, routed)           0.000     0.906    core/loader/destination_base_q[51]_i_5_n_0
    SLICE_X53Y105        CARRY4 (Prop_carry4_S[0]_O[0])
                                                      0.070     0.976 r  core/loader/destination_base_q_reg[51]_i_1/O[0]
                         net (fo=2, routed)           0.000     0.976    core/upsample/destination_base_q_reg[63]_0[48]
    SLICE_X53Y105        FDRE                                         r  core/upsample/destination_base_q_reg[48]/D
  -------------------------------------------------------------------    -------------------

                         (clock core_clk rise edge)
                                                      0.000     0.000 r  <hidden>
                                                      0.000     0.000 r  aclk
                         net (fo=25094, unset)        0.905     0.905    core/upsample/aclk
    SLICE_X53Y105        FDRE                                         r  core/upsample/destination_base_q_reg[48]/C
                         clock pessimism             -0.255     0.650    <hidden>
                         clock uncertainty            0.200     0.850    <hidden>
    SLICE_X53Y105        FDRE (Hold_fdre_C_D)         0.102     0.952    core/upsample/destination_base_q_reg[48]
  -------------------------------------------------------------------
                         required time                         -0.952    <hidden>
                         arrival time                           0.976    <hidden>
  -------------------------------------------------------------------
                         slack                                  0.024    <hidden>

Slack (MET) :             0.024ns  (arrival time - required time)
  Source:                 core/data_subsystem/frontend/segment_desc_q_reg[5]/C
                            (rising edge-triggered cell FDCE clocked by core_clk  {rise@0.000ns fall@5.000ns period=10.000ns})
  Destination:            core/data_subsystem/frontend/address_generator/segment_q_reg[tensor_index][5]/D
                            (rising edge-triggered cell FDCE clocked by core_clk  {rise@0.000ns fall@5.000ns period=10.000ns})
  Path Group:             core_clk
  Path Type:              Hold (Min at Fast Process Corner)
  Requirement:            0.000ns  (core_clk rise@0.000ns - core_clk rise@0.000ns)
  Data Path Delay:        0.244ns  (logic 0.128ns (52.512%)  route 0.116ns (47.488%))
  Logic Levels:           0  
  Clock Path Skew:        0.013ns (DCD - SCD - CPR)
    Destination Clock Delay (DCD):    0.924ns
    Source Clock Delay      (SCD):    0.655ns
    Clock Pessimism Removal (CPR):    0.256ns
  Clock Uncertainty:      0.200ns  ((TSJ^2 + TIJ^2)^1/2 + DJ) / 2 + PE + UU
    Total System Jitter     (TSJ):    0.000ns
    Total Input Jitter      (TIJ):    0.000ns
    Discrete Jitter          (DJ):    0.000ns
    Phase Error              (PE):    0.000ns
    User Uncertainty         (UU):    0.200ns

    Location             Delay type                Incr(ns)  Path(ns)    Netlist Resource(s)
  -------------------------------------------------------------------    -------------------
                         (clock core_clk rise edge)
                                                      0.000     0.000 r  <hidden>
                                                      0.000     0.000 r  aclk
                         net (fo=25094, unset)        0.655     0.655    core/data_subsystem/frontend/aclk
    SLICE_X83Y127        FDCE                                         r  core/data_subsystem/frontend/segment_desc_q_reg[5]/C
  -------------------------------------------------------------------    -------------------
    SLICE_X83Y127        FDCE (Prop_fdce_C_Q)         0.128     0.783 r  core/data_subsystem/frontend/segment_desc_q_reg[5]/Q
                         net (fo=1, routed)           0.116     0.899    core/data_subsystem/frontend/address_generator/channel_count_q_reg[15]_0[5]
    SLICE_X82Y127        FDCE                                         r  core/data_subsystem/frontend/address_generator/segment_q_reg[tensor_index][5]/D
  -------------------------------------------------------------------    -------------------

                         (clock core_clk rise edge)
                                                      0.000     0.000 r  <hidden>
                                                      0.000     0.000 r  aclk
                         net (fo=25094, unset)        0.924     0.924    core/data_subsystem/frontend/address_generator/aclk
    SLICE_X82Y127        FDCE                                         r  core/data_subsystem/frontend/address_generator/segment_q_reg[tensor_index][5]/C
                         clock pessimism             -0.256     0.668    <hidden>
                         clock uncertainty            0.200     0.868    <hidden>
    SLICE_X82Y127        FDCE (Hold_fdce_C_D)         0.007     0.875    core/data_subsystem/frontend/address_generator/segment_q_reg[tensor_index][5]
  -------------------------------------------------------------------
                         required time                         -0.875    <hidden>
                         arrival time                           0.899    <hidden>
  -------------------------------------------------------------------
                         slack                                  0.024    <hidden>

Slack (MET) :             0.024ns  (arrival time - required time)
  Source:                 core/data_subsystem/conv2d_pipeline/controller/mac/result_q_reg[29]/C
                            (rising edge-triggered cell FDRE clocked by core_clk  {rise@0.000ns fall@5.000ns period=10.000ns})
  Destination:            core/data_subsystem/conv2d_pipeline/result_buffer_data_q_reg[29]/D
                            (rising edge-triggered cell FDRE clocked by core_clk  {rise@0.000ns fall@5.000ns period=10.000ns})
  Path Group:             core_clk
  Path Type:              Hold (Min at Fast Process Corner)
  Requirement:            0.000ns  (core_clk rise@0.000ns - core_clk rise@0.000ns)
  Data Path Delay:        0.324ns  (logic 0.164ns (50.628%)  route 0.160ns (49.372%))
  Logic Levels:           0  
  Clock Path Skew:        0.037ns (DCD - SCD - CPR)
    Destination Clock Delay (DCD):    0.845ns
    Source Clock Delay      (SCD):    0.574ns
    Clock Pessimism Removal (CPR):    0.234ns
  Clock Uncertainty:      0.200ns  ((TSJ^2 + TIJ^2)^1/2 + DJ) / 2 + PE + UU
    Total System Jitter     (TSJ):    0.000ns
    Total Input Jitter      (TIJ):    0.000ns
    Discrete Jitter          (DJ):    0.000ns
    Phase Error              (PE):    0.000ns
    User Uncertainty         (UU):    0.200ns

    Location             Delay type                Incr(ns)  Path(ns)    Netlist Resource(s)
  -------------------------------------------------------------------    -------------------
                         (clock core_clk rise edge)
                                                      0.000     0.000 r  <hidden>
                                                      0.000     0.000 r  aclk
                         net (fo=25094, unset)        0.574     0.574    core/data_subsystem/conv2d_pipeline/controller/mac/aclk
    SLICE_X54Y59         FDRE                                         r  core/data_subsystem/conv2d_pipeline/controller/mac/result_q_reg[29]/C
  -------------------------------------------------------------------    -------------------
    SLICE_X54Y59         FDRE (Prop_fdre_C_Q)         0.164     0.738 r  core/data_subsystem/conv2d_pipeline/controller/mac/result_q_reg[29]/Q
                         net (fo=1, routed)           0.160     0.898    core/data_subsystem/conv2d_pipeline/controller_result_data[29]
    SLICE_X58Y58         FDRE                                         r  core/data_subsystem/conv2d_pipeline/result_buffer_data_q_reg[29]/D
  -------------------------------------------------------------------    -------------------

                         (clock core_clk rise edge)
                                                      0.000     0.000 r  <hidden>
                                                      0.000     0.000 r  aclk
                         net (fo=25094, unset)        0.845     0.845    core/data_subsystem/conv2d_pipeline/aclk
    SLICE_X58Y58         FDRE                                         r  core/data_subsystem/conv2d_pipeline/result_buffer_data_q_reg[29]/C
                         clock pessimism             -0.234     0.611    <hidden>
                         clock uncertainty            0.200     0.811    <hidden>
    SLICE_X58Y58         FDRE (Hold_fdre_C_D)         0.063     0.874    core/data_subsystem/conv2d_pipeline/result_buffer_data_q_reg[29]
  -------------------------------------------------------------------
                         required time                         -0.874    <hidden>
                         arrival time                           0.898    <hidden>
  -------------------------------------------------------------------
                         slack                                  0.024    <hidden>

Slack (MET) :             0.024ns  (arrival time - required time)
  Source:                 core/data_subsystem/scratchpad/compute_weight_output_data_q_reg[418]/C
                            (rising edge-triggered cell FDRE clocked by core_clk  {rise@0.000ns fall@5.000ns period=10.000ns})
  Destination:            core/data_subsystem/conv2d_pipeline/quant_params_q_reg[930]/D
                            (rising edge-triggered cell FDRE clocked by core_clk  {rise@0.000ns fall@5.000ns period=10.000ns})
  Path Group:             core_clk
  Path Type:              Hold (Min at Fast Process Corner)
  Requirement:            0.000ns  (core_clk rise@0.000ns - core_clk rise@0.000ns)
  Data Path Delay:        0.306ns  (logic 0.141ns (46.076%)  route 0.165ns (53.924%))
  Logic Levels:           0  
  Clock Path Skew:        0.016ns (DCD - SCD - CPR)
    Destination Clock Delay (DCD):    0.850ns
    Source Clock Delay      (SCD):    0.583ns
    Clock Pessimism Removal (CPR):    0.251ns
  Clock Uncertainty:      0.200ns  ((TSJ^2 + TIJ^2)^1/2 + DJ) / 2 + PE + UU
    Total System Jitter     (TSJ):    0.000ns
    Total Input Jitter      (TIJ):    0.000ns
    Discrete Jitter          (DJ):    0.000ns
    Phase Error              (PE):    0.000ns
    User Uncertainty         (UU):    0.200ns

    Location             Delay type                Incr(ns)  Path(ns)    Netlist Resource(s)
  -------------------------------------------------------------------    -------------------
                         (clock core_clk rise edge)
                                                      0.000     0.000 r  <hidden>
                                                      0.000     0.000 r  aclk
                         net (fo=25094, unset)        0.583     0.583    core/data_subsystem/scratchpad/aclk
    SLICE_X73Y34         FDRE                                         r  core/data_subsystem/scratchpad/compute_weight_output_data_q_reg[418]/C
  -------------------------------------------------------------------    -------------------
    SLICE_X73Y34         FDRE (Prop_fdre_C_Q)         0.141     0.724 r  core/data_subsystem/scratchpad/compute_weight_output_data_q_reg[418]/Q
                         net (fo=2, routed)           0.165     0.889    core/data_subsystem/conv2d_pipeline/quant_params_q_reg[511]_0[394]
    SLICE_X75Y36         FDRE                                         r  core/data_subsystem/conv2d_pipeline/quant_params_q_reg[930]/D
  -------------------------------------------------------------------    -------------------

                         (clock core_clk rise edge)
                                                      0.000     0.000 r  <hidden>
                                                      0.000     0.000 r  aclk
                         net (fo=25094, unset)        0.850     0.850    core/data_subsystem/conv2d_pipeline/aclk
    SLICE_X75Y36         FDRE                                         r  core/data_subsystem/conv2d_pipeline/quant_params_q_reg[930]/C
                         clock pessimism             -0.251     0.599    <hidden>
                         clock uncertainty            0.200     0.799    <hidden>
    SLICE_X75Y36         FDRE (Hold_fdre_C_D)         0.066     0.865    core/data_subsystem/conv2d_pipeline/quant_params_q_reg[930]
  -------------------------------------------------------------------
                         required time                         -0.865    <hidden>
                         arrival time                           0.889    <hidden>
  -------------------------------------------------------------------
                         slack                                  0.024    <hidden>

Slack (MET) :             0.024ns  (arrival time - required time)
  Source:                 core/data_subsystem/conv2d_pipeline/controller/mac/accumulator_q_reg[6][31]/C
                            (rising edge-triggered cell FDRE clocked by core_clk  {rise@0.000ns fall@5.000ns period=10.000ns})
  Destination:            core/data_subsystem/conv2d_pipeline/controller/mac/result_q_reg[223]/D
                            (rising edge-triggered cell FDRE clocked by core_clk  {rise@0.000ns fall@5.000ns period=10.000ns})
  Path Group:             core_clk
  Path Type:              Hold (Min at Fast Process Corner)
  Requirement:            0.000ns  (core_clk rise@0.000ns - core_clk rise@0.000ns)
  Data Path Delay:        0.345ns  (logic 0.249ns (72.167%)  route 0.096ns (27.833%))
  Logic Levels:           2  (CARRY4=1 LUT3=1)
  Clock Path Skew:        0.016ns (DCD - SCD - CPR)
    Destination Clock Delay (DCD):    0.823ns
    Source Clock Delay      (SCD):    0.556ns
    Clock Pessimism Removal (CPR):    0.251ns
  Clock Uncertainty:      0.200ns  ((TSJ^2 + TIJ^2)^1/2 + DJ) / 2 + PE + UU
    Total System Jitter     (TSJ):    0.000ns
    Total Input Jitter      (TIJ):    0.000ns
    Discrete Jitter          (DJ):    0.000ns
    Phase Error              (PE):    0.000ns
    User Uncertainty         (UU):    0.200ns

    Location             Delay type                Incr(ns)  Path(ns)    Netlist Resource(s)
  -------------------------------------------------------------------    -------------------
                         (clock core_clk rise edge)
                                                      0.000     0.000 r  <hidden>
                                                      0.000     0.000 r  aclk
                         net (fo=25094, unset)        0.556     0.556    core/data_subsystem/conv2d_pipeline/controller/mac/aclk
    SLICE_X52Y40         FDRE                                         r  core/data_subsystem/conv2d_pipeline/controller/mac/accumulator_q_reg[6][31]/C
  -------------------------------------------------------------------    -------------------
    SLICE_X52Y40         FDRE (Prop_fdre_C_Q)         0.141     0.697 r  core/data_subsystem/conv2d_pipeline/controller/mac/accumulator_q_reg[6][31]/Q
                         net (fo=2, routed)           0.096     0.793    core/data_subsystem/conv2d_pipeline/controller/mac/accumulator_q_reg[6]_159[31]
    SLICE_X53Y40         LUT3 (Prop_lut3_I2_O)        0.045     0.838 r  core/data_subsystem/conv2d_pipeline/controller/mac/result_q[223]_i_7/O
                         net (fo=1, routed)           0.000     0.838    core/data_subsystem/conv2d_pipeline/controller/mac/result_q[223]_i_7_n_0
    SLICE_X53Y40         CARRY4 (Prop_carry4_S[3]_O[3])
                                                      0.063     0.901 r  core/data_subsystem/conv2d_pipeline/controller/mac/result_q_reg[223]_i_3/O[3]
                         net (fo=1, routed)           0.000     0.901    core/data_subsystem/conv2d_pipeline/controller/mac/result_q_reg[223]_i_3_n_4
    SLICE_X53Y40         FDRE                                         r  core/data_subsystem/conv2d_pipeline/controller/mac/result_q_reg[223]/D
  -------------------------------------------------------------------    -------------------

                         (clock core_clk rise edge)
                                                      0.000     0.000 r  <hidden>
                                                      0.000     0.000 r  aclk
                         net (fo=25094, unset)        0.823     0.823    core/data_subsystem/conv2d_pipeline/controller/mac/aclk
    SLICE_X53Y40         FDRE                                         r  core/data_subsystem/conv2d_pipeline/controller/mac/result_q_reg[223]/C
                         clock pessimism             -0.251     0.572    <hidden>
                         clock uncertainty            0.200     0.772    <hidden>
    SLICE_X53Y40         FDRE (Hold_fdre_C_D)         0.105     0.877    core/data_subsystem/conv2d_pipeline/controller/mac/result_q_reg[223]
  -------------------------------------------------------------------
                         required time                         -0.877    <hidden>
                         arrival time                           0.901    <hidden>
  -------------------------------------------------------------------
                         slack                                  0.024    <hidden>

Slack (MET) :             0.024ns  (arrival time - required time)
  Source:                 core/data_subsystem/conv2d_pipeline/controller/mac/accumulator_q_reg[1][31]/C
                            (rising edge-triggered cell FDRE clocked by core_clk  {rise@0.000ns fall@5.000ns period=10.000ns})
  Destination:            core/data_subsystem/conv2d_pipeline/controller/mac/result_q_reg[63]/D
                            (rising edge-triggered cell FDRE clocked by core_clk  {rise@0.000ns fall@5.000ns period=10.000ns})
  Path Group:             core_clk
  Path Type:              Hold (Min at Fast Process Corner)
  Requirement:            0.000ns  (core_clk rise@0.000ns - core_clk rise@0.000ns)
  Data Path Delay:        0.345ns  (logic 0.249ns (72.167%)  route 0.096ns (27.833%))
  Logic Levels:           2  (CARRY4=1 LUT3=1)
  Clock Path Skew:        0.016ns (DCD - SCD - CPR)
    Destination Clock Delay (DCD):    0.851ns
    Source Clock Delay      (SCD):    0.582ns
    Clock Pessimism Removal (CPR):    0.253ns
  Clock Uncertainty:      0.200ns  ((TSJ^2 + TIJ^2)^1/2 + DJ) / 2 + PE + UU
    Total System Jitter     (TSJ):    0.000ns
    Total Input Jitter      (TIJ):    0.000ns
    Discrete Jitter          (DJ):    0.000ns
    Phase Error              (PE):    0.000ns
    User Uncertainty         (UU):    0.200ns

    Location             Delay type                Incr(ns)  Path(ns)    Netlist Resource(s)
  -------------------------------------------------------------------    -------------------
                         (clock core_clk rise edge)
                                                      0.000     0.000 r  <hidden>
                                                      0.000     0.000 r  aclk
                         net (fo=25094, unset)        0.582     0.582    core/data_subsystem/conv2d_pipeline/controller/mac/aclk
    SLICE_X80Y56         FDRE                                         r  core/data_subsystem/conv2d_pipeline/controller/mac/accumulator_q_reg[1][31]/C
  -------------------------------------------------------------------    -------------------
    SLICE_X80Y56         FDRE (Prop_fdre_C_Q)         0.141     0.723 r  core/data_subsystem/conv2d_pipeline/controller/mac/accumulator_q_reg[1][31]/Q
                         net (fo=2, routed)           0.096     0.819    core/data_subsystem/conv2d_pipeline/controller/mac/accumulator_q_reg[1]_154[31]
    SLICE_X81Y56         LUT3 (Prop_lut3_I2_O)        0.045     0.864 r  core/data_subsystem/conv2d_pipeline/controller/mac/result_q[63]_i_7/O
                         net (fo=1, routed)           0.000     0.864    core/data_subsystem/conv2d_pipeline/controller/mac/result_q[63]_i_7_n_0
    SLICE_X81Y56         CARRY4 (Prop_carry4_S[3]_O[3])
                                                      0.063     0.927 r  core/data_subsystem/conv2d_pipeline/controller/mac/result_q_reg[63]_i_3/O[3]
                         net (fo=1, routed)           0.000     0.927    core/data_subsystem/conv2d_pipeline/controller/mac/result_q_reg[63]_i_3_n_4
    SLICE_X81Y56         FDRE                                         r  core/data_subsystem/conv2d_pipeline/controller/mac/result_q_reg[63]/D
  -------------------------------------------------------------------    -------------------

                         (clock core_clk rise edge)
                                                      0.000     0.000 r  <hidden>
                                                      0.000     0.000 r  aclk
                         net (fo=25094, unset)        0.851     0.851    core/data_subsystem/conv2d_pipeline/controller/mac/aclk
    SLICE_X81Y56         FDRE                                         r  core/data_subsystem/conv2d_pipeline/controller/mac/result_q_reg[63]/C
                         clock pessimism             -0.253     0.598    <hidden>
                         clock uncertainty            0.200     0.798    <hidden>
    SLICE_X81Y56         FDRE (Hold_fdre_C_D)         0.105     0.903    core/data_subsystem/conv2d_pipeline/controller/mac/result_q_reg[63]
  -------------------------------------------------------------------
                         required time                         -0.903    <hidden>
                         arrival time                           0.927    <hidden>
  -------------------------------------------------------------------
                         slack                                  0.024    <hidden>

Slack (MET) :             0.024ns  (arrival time - required time)
  Source:                 core/data_subsystem/conv2d_pipeline/controller/mac/accumulator_q_reg[7][31]/C
                            (rising edge-triggered cell FDRE clocked by core_clk  {rise@0.000ns fall@5.000ns period=10.000ns})
  Destination:            core/data_subsystem/conv2d_pipeline/controller/mac/result_q_reg[255]/D
                            (rising edge-triggered cell FDRE clocked by core_clk  {rise@0.000ns fall@5.000ns period=10.000ns})
  Path Group:             core_clk
  Path Type:              Hold (Min at Fast Process Corner)
  Requirement:            0.000ns  (core_clk rise@0.000ns - core_clk rise@0.000ns)
  Data Path Delay:        0.345ns  (logic 0.249ns (72.167%)  route 0.096ns (27.833%))
  Logic Levels:           2  (CARRY4=1 LUT3=1)
  Clock Path Skew:        0.016ns (DCD - SCD - CPR)
    Destination Clock Delay (DCD):    0.857ns
    Source Clock Delay      (SCD):    0.587ns
    Clock Pessimism Removal (CPR):    0.254ns
  Clock Uncertainty:      0.200ns  ((TSJ^2 + TIJ^2)^1/2 + DJ) / 2 + PE + UU
    Total System Jitter     (TSJ):    0.000ns
    Total Input Jitter      (TIJ):    0.000ns
    Discrete Jitter          (DJ):    0.000ns
    Phase Error              (PE):    0.000ns
    User Uncertainty         (UU):    0.200ns

    Location             Delay type                Incr(ns)  Path(ns)    Netlist Resource(s)
  -------------------------------------------------------------------    -------------------
                         (clock core_clk rise edge)
                                                      0.000     0.000 r  <hidden>
                                                      0.000     0.000 r  aclk
                         net (fo=25094, unset)        0.587     0.587    core/data_subsystem/conv2d_pipeline/controller/mac/aclk
    SLICE_X78Y44         FDRE                                         r  core/data_subsystem/conv2d_pipeline/controller/mac/accumulator_q_reg[7][31]/C
  -------------------------------------------------------------------    -------------------
    SLICE_X78Y44         FDRE (Prop_fdre_C_Q)         0.141     0.728 r  core/data_subsystem/conv2d_pipeline/controller/mac/accumulator_q_reg[7][31]/Q
                         net (fo=2, routed)           0.096     0.824    core/data_subsystem/conv2d_pipeline/controller/mac/accumulator_q_reg[7]_160[31]
    SLICE_X79Y44         LUT3 (Prop_lut3_I2_O)        0.045     0.869 r  core/data_subsystem/conv2d_pipeline/controller/mac/result_q[255]_i_7/O
                         net (fo=1, routed)           0.000     0.869    core/data_subsystem/conv2d_pipeline/controller/mac/result_q[255]_i_7_n_0
    SLICE_X79Y44         CARRY4 (Prop_carry4_S[3]_O[3])
                                                      0.063     0.932 r  core/data_subsystem/conv2d_pipeline/controller/mac/result_q_reg[255]_i_3/O[3]
                         net (fo=1, routed)           0.000     0.932    core/data_subsystem/conv2d_pipeline/controller/mac/result_q[31]
    SLICE_X79Y44         FDRE                                         r  core/data_subsystem/conv2d_pipeline/controller/mac/result_q_reg[255]/D
  -------------------------------------------------------------------    -------------------

                         (clock core_clk rise edge)
                                                      0.000     0.000 r  <hidden>
                                                      0.000     0.000 r  aclk
                         net (fo=25094, unset)        0.857     0.857    core/data_subsystem/conv2d_pipeline/controller/mac/aclk
    SLICE_X79Y44         FDRE                                         r  core/data_subsystem/conv2d_pipeline/controller/mac/result_q_reg[255]/C
                         clock pessimism             -0.254     0.603    <hidden>
                         clock uncertainty            0.200     0.803    <hidden>
    SLICE_X79Y44         FDRE (Hold_fdre_C_D)         0.105     0.908    core/data_subsystem/conv2d_pipeline/controller/mac/result_q_reg[255]
  -------------------------------------------------------------------
                         required time                         -0.908    <hidden>
                         arrival time                           0.932    <hidden>
  -------------------------------------------------------------------
                         slack                                  0.024    <hidden>

Slack (MET) :             0.024ns  (arrival time - required time)
  Source:                 core/data_subsystem/scratchpad/compute_weight_output_data_q_reg[322]/C
                            (rising edge-triggered cell FDRE clocked by core_clk  {rise@0.000ns fall@5.000ns period=10.000ns})
  Destination:            core/data_subsystem/conv2d_pipeline/quant_params_q_reg[322]/D
                            (rising edge-triggered cell FDRE clocked by core_clk  {rise@0.000ns fall@5.000ns period=10.000ns})
  Path Group:             core_clk
  Path Type:              Hold (Min at Fast Process Corner)
  Requirement:            0.000ns  (core_clk rise@0.000ns - core_clk rise@0.000ns)
  Data Path Delay:        0.306ns  (logic 0.141ns (46.050%)  route 0.165ns (53.950%))
  Logic Levels:           0  
  Clock Path Skew:        0.012ns (DCD - SCD - CPR)
    Destination Clock Delay (DCD):    0.838ns
    Source Clock Delay      (SCD):    0.575ns
    Clock Pessimism Removal (CPR):    0.251ns
  Clock Uncertainty:      0.200ns  ((TSJ^2 + TIJ^2)^1/2 + DJ) / 2 + PE + UU
    Total System Jitter     (TSJ):    0.000ns
    Total Input Jitter      (TIJ):    0.000ns
    Discrete Jitter          (DJ):    0.000ns
    Phase Error              (PE):    0.000ns
    User Uncertainty         (UU):    0.200ns

    Location             Delay type                Incr(ns)  Path(ns)    Netlist Resource(s)
  -------------------------------------------------------------------    -------------------
                         (clock core_clk rise edge)
                                                      0.000     0.000 r  <hidden>
                                                      0.000     0.000 r  aclk
                         net (fo=25094, unset)        0.575     0.575    core/data_subsystem/scratchpad/aclk
    SLICE_X72Y26         FDRE                                         r  core/data_subsystem/scratchpad/compute_weight_output_data_q_reg[322]/C
  -------------------------------------------------------------------    -------------------
    SLICE_X72Y26         FDRE (Prop_fdre_C_Q)         0.141     0.716 r  core/data_subsystem/scratchpad/compute_weight_output_data_q_reg[322]/Q
                         net (fo=2, routed)           0.165     0.881    core/data_subsystem/conv2d_pipeline/quant_params_q_reg[511]_0[298]
    SLICE_X72Y25         FDRE                                         r  core/data_subsystem/conv2d_pipeline/quant_params_q_reg[322]/D
  -------------------------------------------------------------------    -------------------

                         (clock core_clk rise edge)
                                                      0.000     0.000 r  <hidden>
                                                      0.000     0.000 r  aclk
                         net (fo=25094, unset)        0.838     0.838    core/data_subsystem/conv2d_pipeline/aclk
    SLICE_X72Y25         FDRE                                         r  core/data_subsystem/conv2d_pipeline/quant_params_q_reg[322]/C
                         clock pessimism             -0.251     0.587    <hidden>
                         clock uncertainty            0.200     0.787    <hidden>
    SLICE_X72Y25         FDRE (Hold_fdre_C_D)         0.070     0.857    core/data_subsystem/conv2d_pipeline/quant_params_q_reg[322]
  -------------------------------------------------------------------
                         required time                         -0.857    <hidden>
                         arrival time                           0.881    <hidden>
  -------------------------------------------------------------------
                         slack                                  0.024    <hidden>

Slack (MET) :             0.024ns  (arrival time - required time)
  Source:                 core/data_subsystem/conv2d_pipeline/result_buffer_data_q_reg[252]/C
                            (rising edge-triggered cell FDRE clocked by core_clk  {rise@0.000ns fall@5.000ns period=10.000ns})
  Destination:            core/data_subsystem/conv2d_pipeline/post/biased_q_reg[7][29]/D
                            (rising edge-triggered cell FDRE clocked by core_clk  {rise@0.000ns fall@5.000ns period=10.000ns})
  Path Group:             core_clk
  Path Type:              Hold (Min at Fast Process Corner)
  Requirement:            0.000ns  (core_clk rise@0.000ns - core_clk rise@0.000ns)
  Data Path Delay:        0.394ns  (logic 0.270ns (68.466%)  route 0.124ns (31.534%))
  Logic Levels:           1  (CARRY4=1)
  Clock Path Skew:        0.036ns (DCD - SCD - CPR)
    Destination Clock Delay (DCD):    0.858ns
    Source Clock Delay      (SCD):    0.588ns
    Clock Pessimism Removal (CPR):    0.234ns
  Clock Uncertainty:      0.200ns  ((TSJ^2 + TIJ^2)^1/2 + DJ) / 2 + PE + UU
    Total System Jitter     (TSJ):    0.000ns
    Total Input Jitter      (TIJ):    0.000ns
    Discrete Jitter          (DJ):    0.000ns
    Phase Error              (PE):    0.000ns
    User Uncertainty         (UU):    0.200ns

    Location             Delay type                Incr(ns)  Path(ns)    Netlist Resource(s)
  -------------------------------------------------------------------    -------------------
                         (clock core_clk rise edge)
                                                      0.000     0.000 r  <hidden>
                                                      0.000     0.000 r  aclk
                         net (fo=25094, unset)        0.588     0.588    core/data_subsystem/conv2d_pipeline/aclk
    SLICE_X85Y43         FDRE                                         r  core/data_subsystem/conv2d_pipeline/result_buffer_data_q_reg[252]/C
  -------------------------------------------------------------------    -------------------
    SLICE_X85Y43         FDRE (Prop_fdre_C_Q)         0.141     0.729 r  core/data_subsystem/conv2d_pipeline/result_buffer_data_q_reg[252]/Q
                         net (fo=2, routed)           0.124     0.853    core/data_subsystem/conv2d_pipeline/post/biased_q_reg[7][31]_0[252]
    SLICE_X86Y44         CARRY4 (Prop_carry4_DI[0]_O[1])
                                                      0.129     0.982 r  core/data_subsystem/conv2d_pipeline/post/biased_q_reg[7][31]_i_1/O[1]
                         net (fo=1, routed)           0.000     0.982    core/data_subsystem/conv2d_pipeline/post/biased_q_reg[7][31]_i_1_n_6
    SLICE_X86Y44         FDRE                                         r  core/data_subsystem/conv2d_pipeline/post/biased_q_reg[7][29]/D
  -------------------------------------------------------------------    -------------------

                         (clock core_clk rise edge)
                                                      0.000     0.000 r  <hidden>
                                                      0.000     0.000 r  aclk
                         net (fo=25094, unset)        0.858     0.858    core/data_subsystem/conv2d_pipeline/post/aclk
    SLICE_X86Y44         FDRE                                         r  core/data_subsystem/conv2d_pipeline/post/biased_q_reg[7][29]/C
                         clock pessimism             -0.234     0.624    <hidden>
                         clock uncertainty            0.200     0.824    <hidden>
    SLICE_X86Y44         FDRE (Hold_fdre_C_D)         0.134     0.958    core/data_subsystem/conv2d_pipeline/post/biased_q_reg[7][29]
  -------------------------------------------------------------------
                         required time                         -0.958    <hidden>
                         arrival time                           0.982    <hidden>
  -------------------------------------------------------------------
                         slack                                  0.024    <hidden>

Slack (MET) :             0.024ns  (arrival time - required time)
  Source:                 core/execution_frontend/descriptor_cache/response_data_q_reg[375]/C
                            (rising edge-triggered cell FDCE clocked by core_clk  {rise@0.000ns fall@5.000ns period=10.000ns})
  Destination:            core/execution_frontend/operator_desc_q_reg[375]/D
                            (rising edge-triggered cell FDCE clocked by core_clk  {rise@0.000ns fall@5.000ns period=10.000ns})
  Path Group:             core_clk
  Path Type:              Hold (Min at Fast Process Corner)
  Requirement:            0.000ns  (core_clk rise@0.000ns - core_clk rise@0.000ns)
  Data Path Delay:        0.313ns  (logic 0.141ns (44.990%)  route 0.172ns (55.010%))
  Logic Levels:           0  
  Clock Path Skew:        0.017ns (DCD - SCD - CPR)
    Destination Clock Delay (DCD):    0.823ns
    Source Clock Delay      (SCD):    0.554ns
    Clock Pessimism Removal (CPR):    0.252ns
  Clock Uncertainty:      0.200ns  ((TSJ^2 + TIJ^2)^1/2 + DJ) / 2 + PE + UU
    Total System Jitter     (TSJ):    0.000ns
    Total Input Jitter      (TIJ):    0.000ns
    Discrete Jitter          (DJ):    0.000ns
    Phase Error              (PE):    0.000ns
    User Uncertainty         (UU):    0.200ns

    Location             Delay type                Incr(ns)  Path(ns)    Netlist Resource(s)
  -------------------------------------------------------------------    -------------------
                         (clock core_clk rise edge)
                                                      0.000     0.000 r  <hidden>
                                                      0.000     0.000 r  aclk
                         net (fo=25094, unset)        0.554     0.554    core/execution_frontend/descriptor_cache/aclk
    SLICE_X43Y57         FDCE                                         r  core/execution_frontend/descriptor_cache/response_data_q_reg[375]/C
  -------------------------------------------------------------------    -------------------
    SLICE_X43Y57         FDCE (Prop_fdce_C_Q)         0.141     0.695 r  core/execution_frontend/descriptor_cache/response_data_q_reg[375]/Q
                         net (fo=1, routed)           0.172     0.867    core/execution_frontend/cache_response_data[375]
    SLICE_X43Y55         FDCE                                         r  core/execution_frontend/operator_desc_q_reg[375]/D
  -------------------------------------------------------------------    -------------------

                         (clock core_clk rise edge)
                                                      0.000     0.000 r  <hidden>
                                                      0.000     0.000 r  aclk
                         net (fo=25094, unset)        0.823     0.823    core/execution_frontend/aclk
    SLICE_X43Y55         FDCE                                         r  core/execution_frontend/operator_desc_q_reg[375]/C
                         clock pessimism             -0.252     0.571    <hidden>
                         clock uncertainty            0.200     0.771    <hidden>
    SLICE_X43Y55         FDCE (Hold_fdce_C_D)         0.072     0.843    core/execution_frontend/operator_desc_q_reg[375]
  -------------------------------------------------------------------
                         required time                         -0.843    <hidden>
                         arrival time                           0.867    <hidden>
  -------------------------------------------------------------------
                         slack                                  0.024    <hidden>

Slack (MET) :             0.025ns  (arrival time - required time)
  Source:                 core/data_subsystem/conv2d_pipeline/quant_params_q_reg[530]/C
                            (rising edge-triggered cell FDRE clocked by core_clk  {rise@0.000ns fall@5.000ns period=10.000ns})
  Destination:            core/data_subsystem/conv2d_pipeline/post/multiplier_q_reg[4][18]/D
                            (rising edge-triggered cell FDRE clocked by core_clk  {rise@0.000ns fall@5.000ns period=10.000ns})
  Path Group:             core_clk
  Path Type:              Hold (Min at Fast Process Corner)
  Requirement:            0.000ns  (core_clk rise@0.000ns - core_clk rise@0.000ns)
  Data Path Delay:        0.301ns  (logic 0.141ns (46.920%)  route 0.160ns (53.080%))
  Logic Levels:           0  
  Clock Path Skew:        0.013ns (DCD - SCD - CPR)
    Destination Clock Delay (DCD):    0.845ns
    Source Clock Delay      (SCD):    0.579ns
    Clock Pessimism Removal (CPR):    0.253ns
  Clock Uncertainty:      0.200ns  ((TSJ^2 + TIJ^2)^1/2 + DJ) / 2 + PE + UU
    Total System Jitter     (TSJ):    0.000ns
    Total Input Jitter      (TIJ):    0.000ns
    Discrete Jitter          (DJ):    0.000ns
    Phase Error              (PE):    0.000ns
    User Uncertainty         (UU):    0.200ns

    Location             Delay type                Incr(ns)  Path(ns)    Netlist Resource(s)
  -------------------------------------------------------------------    -------------------
                         (clock core_clk rise edge)
                                                      0.000     0.000 r  <hidden>
                                                      0.000     0.000 r  aclk
                         net (fo=25094, unset)        0.579     0.579    core/data_subsystem/conv2d_pipeline/aclk
    SLICE_X65Y33         FDRE                                         r  core/data_subsystem/conv2d_pipeline/quant_params_q_reg[530]/C
  -------------------------------------------------------------------    -------------------
    SLICE_X65Y33         FDRE (Prop_fdre_C_Q)         0.141     0.720 r  core/data_subsystem/conv2d_pipeline/quant_params_q_reg[530]/Q
                         net (fo=1, routed)           0.160     0.880    core/data_subsystem/conv2d_pipeline/post/clamp_max_q_reg[7][31]_0[434]
    SLICE_X66Y33         FDRE                                         r  core/data_subsystem/conv2d_pipeline/post/multiplier_q_reg[4][18]/D
  -------------------------------------------------------------------    -------------------

                         (clock core_clk rise edge)
                                                      0.000     0.000 r  <hidden>
                                                      0.000     0.000 r  aclk
                         net (fo=25094, unset)        0.845     0.845    core/data_subsystem/conv2d_pipeline/post/aclk
    SLICE_X66Y33         FDRE                                         r  core/data_subsystem/conv2d_pipeline/post/multiplier_q_reg[4][18]/C
                         clock pessimism             -0.253     0.592    <hidden>
                         clock uncertainty            0.200     0.792    <hidden>
    SLICE_X66Y33         FDRE (Hold_fdre_C_D)         0.063     0.855    core/data_subsystem/conv2d_pipeline/post/multiplier_q_reg[4][18]
  -------------------------------------------------------------------
                         required time                         -0.855    <hidden>
                         arrival time                           0.880    <hidden>
  -------------------------------------------------------------------
                         slack                                  0.025    <hidden>

Slack (MET) :             0.025ns  (arrival time - required time)
  Source:                 core/data_subsystem/conv2d_pipeline/quant_params_q_reg[787]/C
                            (rising edge-triggered cell FDRE clocked by core_clk  {rise@0.000ns fall@5.000ns period=10.000ns})
  Destination:            core/data_subsystem/conv2d_pipeline/post/multiplier_q_reg[6][19]/D
                            (rising edge-triggered cell FDRE clocked by core_clk  {rise@0.000ns fall@5.000ns period=10.000ns})
  Path Group:             core_clk
  Path Type:              Hold (Min at Fast Process Corner)
  Requirement:            0.000ns  (core_clk rise@0.000ns - core_clk rise@0.000ns)
  Data Path Delay:        0.301ns  (logic 0.141ns (46.920%)  route 0.160ns (53.080%))
  Logic Levels:           0  
  Clock Path Skew:        0.013ns (DCD - SCD - CPR)
    Destination Clock Delay (DCD):    0.845ns
    Source Clock Delay      (SCD):    0.579ns
    Clock Pessimism Removal (CPR):    0.253ns
  Clock Uncertainty:      0.200ns  ((TSJ^2 + TIJ^2)^1/2 + DJ) / 2 + PE + UU
    Total System Jitter     (TSJ):    0.000ns
    Total Input Jitter      (TIJ):    0.000ns
    Discrete Jitter          (DJ):    0.000ns
    Phase Error              (PE):    0.000ns
    User Uncertainty         (UU):    0.200ns

    Location             Delay type                Incr(ns)  Path(ns)    Netlist Resource(s)
  -------------------------------------------------------------------    -------------------
                         (clock core_clk rise edge)
                                                      0.000     0.000 r  <hidden>
                                                      0.000     0.000 r  aclk
                         net (fo=25094, unset)        0.579     0.579    core/data_subsystem/conv2d_pipeline/aclk
    SLICE_X65Y33         FDRE                                         r  core/data_subsystem/conv2d_pipeline/quant_params_q_reg[787]/C
  -------------------------------------------------------------------    -------------------
    SLICE_X65Y33         FDRE (Prop_fdre_C_Q)         0.141     0.720 r  core/data_subsystem/conv2d_pipeline/quant_params_q_reg[787]/Q
                         net (fo=1, routed)           0.160     0.880    core/data_subsystem/conv2d_pipeline/post/clamp_max_q_reg[7][31]_0[643]
    SLICE_X66Y33         FDRE                                         r  core/data_subsystem/conv2d_pipeline/post/multiplier_q_reg[6][19]/D
  -------------------------------------------------------------------    -------------------

                         (clock core_clk rise edge)
                                                      0.000     0.000 r  <hidden>
                                                      0.000     0.000 r  aclk
                         net (fo=25094, unset)        0.845     0.845    core/data_subsystem/conv2d_pipeline/post/aclk
    SLICE_X66Y33         FDRE                                         r  core/data_subsystem/conv2d_pipeline/post/multiplier_q_reg[6][19]/C
                         clock pessimism             -0.253     0.592    <hidden>
                         clock uncertainty            0.200     0.792    <hidden>
    SLICE_X66Y33         FDRE (Hold_fdre_C_D)         0.063     0.855    core/data_subsystem/conv2d_pipeline/post/multiplier_q_reg[6][19]
  -------------------------------------------------------------------
                         required time                         -0.855    <hidden>
                         arrival time                           0.880    <hidden>
  -------------------------------------------------------------------
                         slack                                  0.025    <hidden>

Slack (MET) :             0.025ns  (arrival time - required time)
  Source:                 core/data_subsystem/conv2d_pipeline/quant_params_q_reg[401]/C
                            (rising edge-triggered cell FDRE clocked by core_clk  {rise@0.000ns fall@5.000ns period=10.000ns})
  Destination:            core/data_subsystem/conv2d_pipeline/post/multiplier_q_reg[3][17]/D
                            (rising edge-triggered cell FDRE clocked by core_clk  {rise@0.000ns fall@5.000ns period=10.000ns})
  Path Group:             core_clk
  Path Type:              Hold (Min at Fast Process Corner)
  Requirement:            0.000ns  (core_clk rise@0.000ns - core_clk rise@0.000ns)
  Data Path Delay:        0.305ns  (logic 0.141ns (46.248%)  route 0.164ns (53.752%))
  Logic Levels:           0  
  Clock Path Skew:        0.014ns (DCD - SCD - CPR)
    Destination Clock Delay (DCD):    0.848ns
    Source Clock Delay      (SCD):    0.582ns
    Clock Pessimism Removal (CPR):    0.252ns
  Clock Uncertainty:      0.200ns  ((TSJ^2 + TIJ^2)^1/2 + DJ) / 2 + PE + UU
    Total System Jitter     (TSJ):    0.000ns
    Total Input Jitter      (TIJ):    0.000ns
    Discrete Jitter          (DJ):    0.000ns
    Phase Error              (PE):    0.000ns
    User Uncertainty         (UU):    0.200ns

    Location             Delay type                Incr(ns)  Path(ns)    Netlist Resource(s)
  -------------------------------------------------------------------    -------------------
                         (clock core_clk rise edge)
                                                      0.000     0.000 r  <hidden>
                                                      0.000     0.000 r  aclk
                         net (fo=25094, unset)        0.582     0.582    core/data_subsystem/conv2d_pipeline/aclk
    SLICE_X69Y34         FDRE                                         r  core/data_subsystem/conv2d_pipeline/quant_params_q_reg[401]/C
  -------------------------------------------------------------------    -------------------
    SLICE_X69Y34         FDRE (Prop_fdre_C_Q)         0.141     0.723 r  core/data_subsystem/conv2d_pipeline/quant_params_q_reg[401]/Q
                         net (fo=1, routed)           0.164     0.887    core/data_subsystem/conv2d_pipeline/post/clamp_max_q_reg[7][31]_0[329]
    SLICE_X69Y35         FDRE                                         r  core/data_subsystem/conv2d_pipeline/post/multiplier_q_reg[3][17]/D
  -------------------------------------------------------------------    -------------------

                         (clock core_clk rise edge)
                                                      0.000     0.000 r  <hidden>
                                                      0.000     0.000 r  aclk
                         net (fo=25094, unset)        0.848     0.848    core/data_subsystem/conv2d_pipeline/post/aclk
    SLICE_X69Y35         FDRE                                         r  core/data_subsystem/conv2d_pipeline/post/multiplier_q_reg[3][17]/C
                         clock pessimism             -0.252     0.596    <hidden>
                         clock uncertainty            0.200     0.796    <hidden>
    SLICE_X69Y35         FDRE (Hold_fdre_C_D)         0.066     0.862    core/data_subsystem/conv2d_pipeline/post/multiplier_q_reg[3][17]
  -------------------------------------------------------------------
                         required time                         -0.862    <hidden>
                         arrival time                           0.887    <hidden>
  -------------------------------------------------------------------
                         slack                                  0.025    <hidden>

Slack (MET) :             0.025ns  (arrival time - required time)
  Source:                 core/loader/command_base_o_reg[17]/C
                            (rising edge-triggered cell FDCE clocked by core_clk  {rise@0.000ns fall@5.000ns period=10.000ns})
  Destination:            core/command_fetch/base_q_reg[17]/D
                            (rising edge-triggered cell FDCE clocked by core_clk  {rise@0.000ns fall@5.000ns period=10.000ns})
  Path Group:             core_clk
  Path Type:              Hold (Min at Fast Process Corner)
  Requirement:            0.000ns  (core_clk rise@0.000ns - core_clk rise@0.000ns)
  Data Path Delay:        0.294ns  (logic 0.141ns (47.936%)  route 0.153ns (52.064%))
  Logic Levels:           0  
  Clock Path Skew:        0.017ns (DCD - SCD - CPR)
    Destination Clock Delay (DCD):    0.963ns
    Source Clock Delay      (SCD):    0.689ns
    Clock Pessimism Removal (CPR):    0.257ns
  Clock Uncertainty:      0.200ns  ((TSJ^2 + TIJ^2)^1/2 + DJ) / 2 + PE + UU
    Total System Jitter     (TSJ):    0.000ns
    Total Input Jitter      (TIJ):    0.000ns
    Discrete Jitter          (DJ):    0.000ns
    Phase Error              (PE):    0.000ns
    User Uncertainty         (UU):    0.200ns

    Location             Delay type                Incr(ns)  Path(ns)    Netlist Resource(s)
  -------------------------------------------------------------------    -------------------
                         (clock core_clk rise edge)
                                                      0.000     0.000 r  <hidden>
                                                      0.000     0.000 r  aclk
                         net (fo=25094, unset)        0.689     0.689    core/loader/aclk
    SLICE_X95Y103        FDCE                                         r  core/loader/command_base_o_reg[17]/C
  -------------------------------------------------------------------    -------------------
    SLICE_X95Y103        FDCE (Prop_fdce_C_Q)         0.141     0.830 r  core/loader/command_base_o_reg[17]/Q
                         net (fo=1, routed)           0.153     0.983    core/command_fetch/command_base_o[17]
    SLICE_X96Y103        FDCE                                         r  core/command_fetch/base_q_reg[17]/D
  -------------------------------------------------------------------    -------------------

                         (clock core_clk rise edge)
                                                      0.000     0.000 r  <hidden>
                                                      0.000     0.000 r  aclk
                         net (fo=25094, unset)        0.963     0.963    core/command_fetch/aclk
    SLICE_X96Y103        FDCE                                         r  core/command_fetch/base_q_reg[17]/C
                         clock pessimism             -0.257     0.706    <hidden>
                         clock uncertainty            0.200     0.906    <hidden>
    SLICE_X96Y103        FDCE (Hold_fdce_C_D)         0.052     0.958    core/command_fetch/base_q_reg[17]
  -------------------------------------------------------------------
                         required time                         -0.958    <hidden>
                         arrival time                           0.983    <hidden>
  -------------------------------------------------------------------
                         slack                                  0.025    <hidden>

Slack (MET) :             0.026ns  (arrival time - required time)
  Source:                 core/data_subsystem/conv2d_pipeline/post/output_data_q_reg[95]/C
                            (rising edge-triggered cell FDRE clocked by core_clk  {rise@0.000ns fall@5.000ns period=10.000ns})
  Destination:            core/data_subsystem/conv_output_data_fifo_q_reg[0][95]/D
                            (rising edge-triggered cell FDRE clocked by core_clk  {rise@0.000ns fall@5.000ns period=10.000ns})
  Path Group:             core_clk
  Path Type:              Hold (Min at Fast Process Corner)
  Requirement:            0.000ns  (core_clk rise@0.000ns - core_clk rise@0.000ns)
  Data Path Delay:        0.300ns  (logic 0.141ns (47.045%)  route 0.159ns (52.955%))
  Logic Levels:           0  
  Clock Path Skew:        0.015ns (DCD - SCD - CPR)
    Destination Clock Delay (DCD):    0.848ns
    Source Clock Delay      (SCD):    0.580ns
    Clock Pessimism Removal (CPR):    0.253ns
  Clock Uncertainty:      0.200ns  ((TSJ^2 + TIJ^2)^1/2 + DJ) / 2 + PE + UU
    Total System Jitter     (TSJ):    0.000ns
    Total Input Jitter      (TIJ):    0.000ns
    Discrete Jitter          (DJ):    0.000ns
    Phase Error              (PE):    0.000ns
    User Uncertainty         (UU):    0.200ns

    Location             Delay type                Incr(ns)  Path(ns)    Netlist Resource(s)
  -------------------------------------------------------------------    -------------------
                         (clock core_clk rise edge)
                                                      0.000     0.000 r  <hidden>
                                                      0.000     0.000 r  aclk
                         net (fo=25094, unset)        0.580     0.580    core/data_subsystem/conv2d_pipeline/post/aclk
    SLICE_X60Y34         FDRE                                         r  core/data_subsystem/conv2d_pipeline/post/output_data_q_reg[95]/C
  -------------------------------------------------------------------    -------------------
    SLICE_X60Y34         FDRE (Prop_fdre_C_Q)         0.141     0.721 r  core/data_subsystem/conv2d_pipeline/post/output_data_q_reg[95]/Q
                         net (fo=2, routed)           0.159     0.880    core/data_subsystem/conv_result_data[95]
    SLICE_X62Y36         FDRE                                         r  core/data_subsystem/conv_output_data_fifo_q_reg[0][95]/D
  -------------------------------------------------------------------    -------------------

                         (clock core_clk rise edge)
                                                      0.000     0.000 r  <hidden>
                                                      0.000     0.000 r  aclk
                         net (fo=25094, unset)        0.848     0.848    core/data_subsystem/aclk
    SLICE_X62Y36         FDRE                                         r  core/data_subsystem/conv_output_data_fifo_q_reg[0][95]/C
                         clock pessimism             -0.253     0.595    <hidden>
                         clock uncertainty            0.200     0.795    <hidden>
    SLICE_X62Y36         FDRE (Hold_fdre_C_D)         0.059     0.854    core/data_subsystem/conv_output_data_fifo_q_reg[0][95]
  -------------------------------------------------------------------
                         required time                         -0.854    <hidden>
                         arrival time                           0.880    <hidden>
  -------------------------------------------------------------------
                         slack                                  0.026    <hidden>

Slack (MET) :             0.026ns  (arrival time - required time)
  Source:                 core/data_subsystem/conv2d_pipeline/post/output_data_q_reg[127]/C
                            (rising edge-triggered cell FDRE clocked by core_clk  {rise@0.000ns fall@5.000ns period=10.000ns})
  Destination:            core/data_subsystem/conv_output_data_fifo_q_reg[0][127]/D
                            (rising edge-triggered cell FDRE clocked by core_clk  {rise@0.000ns fall@5.000ns period=10.000ns})
  Path Group:             core_clk
  Path Type:              Hold (Min at Fast Process Corner)
  Requirement:            0.000ns  (core_clk rise@0.000ns - core_clk rise@0.000ns)
  Data Path Delay:        0.306ns  (logic 0.141ns (46.116%)  route 0.165ns (53.884%))
  Logic Levels:           0  
  Clock Path Skew:        0.014ns (DCD - SCD - CPR)
    Destination Clock Delay (DCD):    0.846ns
    Source Clock Delay      (SCD):    0.578ns
    Clock Pessimism Removal (CPR):    0.254ns
  Clock Uncertainty:      0.200ns  ((TSJ^2 + TIJ^2)^1/2 + DJ) / 2 + PE + UU
    Total System Jitter     (TSJ):    0.000ns
    Total Input Jitter      (TIJ):    0.000ns
    Discrete Jitter          (DJ):    0.000ns
    Phase Error              (PE):    0.000ns
    User Uncertainty         (UU):    0.200ns

    Location             Delay type                Incr(ns)  Path(ns)    Netlist Resource(s)
  -------------------------------------------------------------------    -------------------
                         (clock core_clk rise edge)
                                                      0.000     0.000 r  <hidden>
                                                      0.000     0.000 r  aclk
                         net (fo=25094, unset)        0.578     0.578    core/data_subsystem/conv2d_pipeline/post/aclk
    SLICE_X57Y35         FDRE                                         r  core/data_subsystem/conv2d_pipeline/post/output_data_q_reg[127]/C
  -------------------------------------------------------------------    -------------------
    SLICE_X57Y35         FDRE (Prop_fdre_C_Q)         0.141     0.719 r  core/data_subsystem/conv2d_pipeline/post/output_data_q_reg[127]/Q
                         net (fo=2, routed)           0.165     0.884    core/data_subsystem/conv_result_data[127]
    SLICE_X59Y34         FDRE                                         r  core/data_subsystem/conv_output_data_fifo_q_reg[0][127]/D
  -------------------------------------------------------------------    -------------------

                         (clock core_clk rise edge)
                                                      0.000     0.000 r  <hidden>
                                                      0.000     0.000 r  aclk
                         net (fo=25094, unset)        0.846     0.846    core/data_subsystem/aclk
    SLICE_X59Y34         FDRE                                         r  core/data_subsystem/conv_output_data_fifo_q_reg[0][127]/C
                         clock pessimism             -0.254     0.592    <hidden>
                         clock uncertainty            0.200     0.792    <hidden>
    SLICE_X59Y34         FDRE (Hold_fdre_C_D)         0.066     0.858    core/data_subsystem/conv_output_data_fifo_q_reg[0][127]
  -------------------------------------------------------------------
                         required time                         -0.858    <hidden>
                         arrival time                           0.884    <hidden>
  -------------------------------------------------------------------
                         slack                                  0.026    <hidden>

Slack (MET) :             0.026ns  (arrival time - required time)
  Source:                 core/data_subsystem/conv2d_pipeline/quant_params_q_reg[285]/C
                            (rising edge-triggered cell FDRE clocked by core_clk  {rise@0.000ns fall@5.000ns period=10.000ns})
  Destination:            core/data_subsystem/conv2d_pipeline/post/multiplier_q_reg[2][29]/D
                            (rising edge-triggered cell FDRE clocked by core_clk  {rise@0.000ns fall@5.000ns period=10.000ns})
  Path Group:             core_clk
  Path Type:              Hold (Min at Fast Process Corner)
  Requirement:            0.000ns  (core_clk rise@0.000ns - core_clk rise@0.000ns)
  Data Path Delay:        0.307ns  (logic 0.141ns (45.946%)  route 0.166ns (54.054%))
  Logic Levels:           0  
  Clock Path Skew:        0.015ns (DCD - SCD - CPR)
    Destination Clock Delay (DCD):    0.848ns
    Source Clock Delay      (SCD):    0.580ns
    Clock Pessimism Removal (CPR):    0.253ns
  Clock Uncertainty:      0.200ns  ((TSJ^2 + TIJ^2)^1/2 + DJ) / 2 + PE + UU
    Total System Jitter     (TSJ):    0.000ns
    Total Input Jitter      (TIJ):    0.000ns
    Discrete Jitter          (DJ):    0.000ns
    Phase Error              (PE):    0.000ns
    User Uncertainty         (UU):    0.200ns

    Location             Delay type                Incr(ns)  Path(ns)    Netlist Resource(s)
  -------------------------------------------------------------------    -------------------
                         (clock core_clk rise edge)
                                                      0.000     0.000 r  <hidden>
                                                      0.000     0.000 r  aclk
                         net (fo=25094, unset)        0.580     0.580    core/data_subsystem/conv2d_pipeline/aclk
    SLICE_X65Y35         FDRE                                         r  core/data_subsystem/conv2d_pipeline/quant_params_q_reg[285]/C
  -------------------------------------------------------------------    -------------------
    SLICE_X65Y35         FDRE (Prop_fdre_C_Q)         0.141     0.721 r  core/data_subsystem/conv2d_pipeline/quant_params_q_reg[285]/Q
                         net (fo=1, routed)           0.166     0.887    core/data_subsystem/conv2d_pipeline/post/clamp_max_q_reg[7][31]_0[237]
    SLICE_X64Y37         FDRE                                         r  core/data_subsystem/conv2d_pipeline/post/multiplier_q_reg[2][29]/D
  -------------------------------------------------------------------    -------------------

                         (clock core_clk rise edge)
                                                      0.000     0.000 r  <hidden>
                                                      0.000     0.000 r  aclk
                         net (fo=25094, unset)        0.848     0.848    core/data_subsystem/conv2d_pipeline/post/aclk
    SLICE_X64Y37         FDRE                                         r  core/data_subsystem/conv2d_pipeline/post/multiplier_q_reg[2][29]/C
                         clock pessimism             -0.253     0.595    <hidden>
                         clock uncertainty            0.200     0.795    <hidden>
    SLICE_X64Y37         FDRE (Hold_fdre_C_D)         0.066     0.861    core/data_subsystem/conv2d_pipeline/post/multiplier_q_reg[2][29]
  -------------------------------------------------------------------
                         required time                         -0.861    <hidden>
                         arrival time                           0.887    <hidden>
  -------------------------------------------------------------------
                         slack                                  0.026    <hidden>

Slack (MET) :             0.026ns  (arrival time - required time)
  Source:                 core/fetch_command_pc_reg[6]/C
                            (rising edge-triggered cell FDCE clocked by core_clk  {rise@0.000ns fall@5.000ns period=10.000ns})
  Destination:            core/execution_frontend/command_pc_q_reg[6]/D
                            (rising edge-triggered cell FDCE clocked by core_clk  {rise@0.000ns fall@5.000ns period=10.000ns})
  Path Group:             core_clk
  Path Type:              Hold (Min at Fast Process Corner)
  Requirement:            0.000ns  (core_clk rise@0.000ns - core_clk rise@0.000ns)
  Data Path Delay:        0.320ns  (logic 0.141ns (44.051%)  route 0.179ns (55.949%))
  Logic Levels:           0  
  Clock Path Skew:        0.034ns (DCD - SCD - CPR)
    Destination Clock Delay (DCD):    0.866ns
    Source Clock Delay      (SCD):    0.598ns
    Clock Pessimism Removal (CPR):    0.234ns
  Clock Uncertainty:      0.200ns  ((TSJ^2 + TIJ^2)^1/2 + DJ) / 2 + PE + UU
    Total System Jitter     (TSJ):    0.000ns
    Total Input Jitter      (TIJ):    0.000ns
    Discrete Jitter          (DJ):    0.000ns
    Phase Error              (PE):    0.000ns
    User Uncertainty         (UU):    0.200ns

    Location             Delay type                Incr(ns)  Path(ns)    Netlist Resource(s)
  -------------------------------------------------------------------    -------------------
                         (clock core_clk rise edge)
                                                      0.000     0.000 r  <hidden>
                                                      0.000     0.000 r  aclk
                         net (fo=25094, unset)        0.598     0.598    core/aclk
    SLICE_X93Y81         FDCE                                         r  core/fetch_command_pc_reg[6]/C
  -------------------------------------------------------------------    -------------------
    SLICE_X93Y81         FDCE (Prop_fdce_C_Q)         0.141     0.739 r  core/fetch_command_pc_reg[6]/Q
                         net (fo=2, routed)           0.179     0.918    core/execution_frontend/command_pc_q_reg[31]_1[2]
    SLICE_X94Y80         FDCE                                         r  core/execution_frontend/command_pc_q_reg[6]/D
  -------------------------------------------------------------------    -------------------

                         (clock core_clk rise edge)
                                                      0.000     0.000 r  <hidden>
                                                      0.000     0.000 r  aclk
                         net (fo=25094, unset)        0.866     0.866    core/execution_frontend/aclk
    SLICE_X94Y80         FDCE                                         r  core/execution_frontend/command_pc_q_reg[6]/C
                         clock pessimism             -0.234     0.632    <hidden>
                         clock uncertainty            0.200     0.832    <hidden>
    SLICE_X94Y80         FDCE (Hold_fdce_C_D)         0.060     0.892    core/execution_frontend/command_pc_q_reg[6]
  -------------------------------------------------------------------
                         required time                         -0.892    <hidden>
                         arrival time                           0.918    <hidden>
  -------------------------------------------------------------------
                         slack                                  0.026    <hidden>

Slack (MET) :             0.026ns  (arrival time - required time)
  Source:                 core/vec_add/residual_requant/clamp_max_q_reg[0][11]/C
                            (rising edge-triggered cell FDRE clocked by core_clk  {rise@0.000ns fall@5.000ns period=10.000ns})
  Destination:            core/vec_add/residual_requant/clamped_q_reg[11]/D
                            (rising edge-triggered cell FDRE clocked by core_clk  {rise@0.000ns fall@5.000ns period=10.000ns})
  Path Group:             core_clk
  Path Type:              Hold (Min at Fast Process Corner)
  Requirement:            0.000ns  (core_clk rise@0.000ns - core_clk rise@0.000ns)
  Data Path Delay:        0.362ns  (logic 0.209ns (57.719%)  route 0.153ns (42.281%))
  Logic Levels:           1  (LUT5=1)
  Clock Path Skew:        0.016ns (DCD - SCD - CPR)
    Destination Clock Delay (DCD):    0.860ns
    Source Clock Delay      (SCD):    0.591ns
    Clock Pessimism Removal (CPR):    0.253ns
  Clock Uncertainty:      0.200ns  ((TSJ^2 + TIJ^2)^1/2 + DJ) / 2 + PE + UU
    Total System Jitter     (TSJ):    0.000ns
    Total Input Jitter      (TIJ):    0.000ns
    Discrete Jitter          (DJ):    0.000ns
    Phase Error              (PE):    0.000ns
    User Uncertainty         (UU):    0.200ns

    Location             Delay type                Incr(ns)  Path(ns)    Netlist Resource(s)
  -------------------------------------------------------------------    -------------------
                         (clock core_clk rise edge)
                                                      0.000     0.000 r  <hidden>
                                                      0.000     0.000 r  aclk
                         net (fo=25094, unset)        0.591     0.591    core/vec_add/residual_requant/aclk
    SLICE_X14Y36         FDRE                                         r  core/vec_add/residual_requant/clamp_max_q_reg[0][11]/C
  -------------------------------------------------------------------    -------------------
    SLICE_X14Y36         FDRE (Prop_fdre_C_Q)         0.164     0.755 r  core/vec_add/residual_requant/clamp_max_q_reg[0][11]/Q
                         net (fo=3, routed)           0.153     0.908    core/vec_add/residual_requant/clamp_max_q_reg[0]_174[11]
    SLICE_X14Y37         LUT5 (Prop_lut5_I1_O)        0.045     0.953 r  core/vec_add/residual_requant/i___26/O
                         net (fo=1, routed)           0.000     0.953    core/vec_add/residual_requant/clamp_value_return[11]
    SLICE_X14Y37         FDRE                                         r  core/vec_add/residual_requant/clamped_q_reg[11]/D
  -------------------------------------------------------------------    -------------------

                         (clock core_clk rise edge)
                                                      0.000     0.000 r  <hidden>
                                                      0.000     0.000 r  aclk
                         net (fo=25094, unset)        0.860     0.860    core/vec_add/residual_requant/aclk
    SLICE_X14Y37         FDRE                                         r  core/vec_add/residual_requant/clamped_q_reg[11]/C
                         clock pessimism             -0.253     0.607    <hidden>
                         clock uncertainty            0.200     0.807    <hidden>
    SLICE_X14Y37         FDRE (Hold_fdre_C_D)         0.120     0.927    core/vec_add/residual_requant/clamped_q_reg[11]
  -------------------------------------------------------------------
                         required time                         -0.927    <hidden>
                         arrival time                           0.953    <hidden>
  -------------------------------------------------------------------
                         slack                                  0.026    <hidden>

Slack (MET) :             0.026ns  (arrival time - required time)
  Source:                 core/data_subsystem/frontend/address_generator/src_tensor_q_reg[base_offset][52]/C
                            (rising edge-triggered cell FDCE clocked by core_clk  {rise@0.000ns fall@5.000ns period=10.000ns})
  Destination:            core/data_subsystem/frontend/address_generator/external_relative_offset_q_reg[52]/D
                            (rising edge-triggered cell FDCE clocked by core_clk  {rise@0.000ns fall@5.000ns period=10.000ns})
  Path Group:             core_clk
  Path Type:              Hold (Min at Fast Process Corner)
  Requirement:            0.000ns  (core_clk rise@0.000ns - core_clk rise@0.000ns)
  Data Path Delay:        0.335ns  (logic 0.186ns (55.501%)  route 0.149ns (44.499%))
  Logic Levels:           1  (LUT6=1)
  Clock Path Skew:        0.017ns (DCD - SCD - CPR)
    Destination Clock Delay (DCD):    0.938ns
    Source Clock Delay      (SCD):    0.665ns
    Clock Pessimism Removal (CPR):    0.256ns
  Clock Uncertainty:      0.200ns  ((TSJ^2 + TIJ^2)^1/2 + DJ) / 2 + PE + UU
    Total System Jitter     (TSJ):    0.000ns
    Total Input Jitter      (TIJ):    0.000ns
    Discrete Jitter          (DJ):    0.000ns
    Phase Error              (PE):    0.000ns
    User Uncertainty         (UU):    0.200ns

    Location             Delay type                Incr(ns)  Path(ns)    Netlist Resource(s)
  -------------------------------------------------------------------    -------------------
                         (clock core_clk rise edge)
                                                      0.000     0.000 r  <hidden>
                                                      0.000     0.000 r  aclk
                         net (fo=25094, unset)        0.665     0.665    core/data_subsystem/frontend/address_generator/aclk
    SLICE_X84Y145        FDCE                                         r  core/data_subsystem/frontend/address_generator/src_tensor_q_reg[base_offset][52]/C
  -------------------------------------------------------------------    -------------------
    SLICE_X84Y145        FDCE (Prop_fdce_C_Q)         0.141     0.806 r  core/data_subsystem/frontend/address_generator/src_tensor_q_reg[base_offset][52]/Q
                         net (fo=4, routed)           0.149     0.955    core/data_subsystem/frontend/address_generator/shared_address_multiplier/Q[52]
    SLICE_X85Y145        LUT6 (Prop_lut6_I1_O)        0.045     1.000 r  core/data_subsystem/frontend/address_generator/shared_address_multiplier/external_relative_offset_q[52]_i_1/O
                         net (fo=1, routed)           0.000     1.000    core/data_subsystem/frontend/address_generator/shared_address_multiplier_n_243
    SLICE_X85Y145        FDCE                                         r  core/data_subsystem/frontend/address_generator/external_relative_offset_q_reg[52]/D
  -------------------------------------------------------------------    -------------------

                         (clock core_clk rise edge)
                                                      0.000     0.000 r  <hidden>
                                                      0.000     0.000 r  aclk
                         net (fo=25094, unset)        0.938     0.938    core/data_subsystem/frontend/address_generator/aclk
    SLICE_X85Y145        FDCE                                         r  core/data_subsystem/frontend/address_generator/external_relative_offset_q_reg[52]/C
                         clock pessimism             -0.256     0.682    <hidden>
                         clock uncertainty            0.200     0.882    <hidden>
    SLICE_X85Y145        FDCE (Hold_fdce_C_D)         0.092     0.974    core/data_subsystem/frontend/address_generator/external_relative_offset_q_reg[52]
  -------------------------------------------------------------------
                         required time                         -0.974    <hidden>
                         arrival time                           1.000    <hidden>
  -------------------------------------------------------------------
                         slack                                  0.026    <hidden>

Slack (MET) :             0.026ns  (arrival time - required time)
  Source:                 core/execution_frontend/descriptor_cache/response_data_q_reg[132]/C
                            (rising edge-triggered cell FDCE clocked by core_clk  {rise@0.000ns fall@5.000ns period=10.000ns})
  Destination:            core/execution_frontend/source_desc_q_reg[132]/D
                            (rising edge-triggered cell FDCE clocked by core_clk  {rise@0.000ns fall@5.000ns period=10.000ns})
  Path Group:             core_clk
  Path Type:              Hold (Min at Fast Process Corner)
  Requirement:            0.000ns  (core_clk rise@0.000ns - core_clk rise@0.000ns)
  Data Path Delay:        0.308ns  (logic 0.141ns (45.729%)  route 0.167ns (54.271%))
  Logic Levels:           0  
  Clock Path Skew:        0.012ns (DCD - SCD - CPR)
    Destination Clock Delay (DCD):    0.810ns
    Source Clock Delay      (SCD):    0.546ns
    Clock Pessimism Removal (CPR):    0.252ns
  Clock Uncertainty:      0.200ns  ((TSJ^2 + TIJ^2)^1/2 + DJ) / 2 + PE + UU
    Total System Jitter     (TSJ):    0.000ns
    Total Input Jitter      (TIJ):    0.000ns
    Discrete Jitter          (DJ):    0.000ns
    Phase Error              (PE):    0.000ns
    User Uncertainty         (UU):    0.200ns

    Location             Delay type                Incr(ns)  Path(ns)    Netlist Resource(s)
  -------------------------------------------------------------------    -------------------
                         (clock core_clk rise edge)
                                                      0.000     0.000 r  <hidden>
                                                      0.000     0.000 r  aclk
                         net (fo=25094, unset)        0.546     0.546    core/execution_frontend/descriptor_cache/aclk
    SLICE_X51Y66         FDCE                                         r  core/execution_frontend/descriptor_cache/response_data_q_reg[132]/C
  -------------------------------------------------------------------    -------------------
    SLICE_X51Y66         FDCE (Prop_fdce_C_Q)         0.141     0.687 r  core/execution_frontend/descriptor_cache/response_data_q_reg[132]/Q
                         net (fo=3, routed)           0.167     0.854    core/execution_frontend/cache_response_data[132]
    SLICE_X53Y68         FDCE                                         r  core/execution_frontend/source_desc_q_reg[132]/D
  -------------------------------------------------------------------    -------------------

                         (clock core_clk rise edge)
                                                      0.000     0.000 r  <hidden>
                                                      0.000     0.000 r  aclk
                         net (fo=25094, unset)        0.810     0.810    core/execution_frontend/aclk
    SLICE_X53Y68         FDCE                                         r  core/execution_frontend/source_desc_q_reg[132]/C
                         clock pessimism             -0.252     0.558    <hidden>
                         clock uncertainty            0.200     0.758    <hidden>
    SLICE_X53Y68         FDCE (Hold_fdce_C_D)         0.070     0.828    core/execution_frontend/source_desc_q_reg[132]
  -------------------------------------------------------------------
                         required time                         -0.828    <hidden>
                         arrival time                           0.854    <hidden>
  -------------------------------------------------------------------
                         slack                                  0.026    <hidden>

Slack (MET) :             0.026ns  (arrival time - required time)
  Source:                 core/execution_frontend/operator_desc_q_reg[175]/C
                            (rising edge-triggered cell FDCE clocked by core_clk  {rise@0.000ns fall@5.000ns period=10.000ns})
  Destination:            core/vec_add/descriptor_q_reg[pad_top][15]/D
                            (rising edge-triggered cell FDRE clocked by core_clk  {rise@0.000ns fall@5.000ns period=10.000ns})
  Path Group:             core_clk
  Path Type:              Hold (Min at Fast Process Corner)
  Requirement:            0.000ns  (core_clk rise@0.000ns - core_clk rise@0.000ns)
  Data Path Delay:        0.313ns  (logic 0.141ns (44.990%)  route 0.172ns (55.010%))
  Logic Levels:           0  
  Clock Path Skew:        0.017ns (DCD - SCD - CPR)
    Destination Clock Delay (DCD):    0.843ns
    Source Clock Delay      (SCD):    0.572ns
    Clock Pessimism Removal (CPR):    0.254ns
  Clock Uncertainty:      0.200ns  ((TSJ^2 + TIJ^2)^1/2 + DJ) / 2 + PE + UU
    Total System Jitter     (TSJ):    0.000ns
    Total Input Jitter      (TIJ):    0.000ns
    Discrete Jitter          (DJ):    0.000ns
    Phase Error              (PE):    0.000ns
    User Uncertainty         (UU):    0.200ns

    Location             Delay type                Incr(ns)  Path(ns)    Netlist Resource(s)
  -------------------------------------------------------------------    -------------------
                         (clock core_clk rise edge)
                                                      0.000     0.000 r  <hidden>
                                                      0.000     0.000 r  aclk
                         net (fo=25094, unset)        0.572     0.572    core/execution_frontend/aclk
    SLICE_X27Y53         FDCE                                         r  core/execution_frontend/operator_desc_q_reg[175]/C
  -------------------------------------------------------------------    -------------------
    SLICE_X27Y53         FDCE (Prop_fdce_C_Q)         0.141     0.713 r  core/execution_frontend/operator_desc_q_reg[175]/Q
                         net (fo=1, routed)           0.172     0.885    core/vec_add/descriptor_q_reg[tile_w][31]_0[15]
    SLICE_X27Y52         FDRE                                         r  core/vec_add/descriptor_q_reg[pad_top][15]/D
  -------------------------------------------------------------------    -------------------

                         (clock core_clk rise edge)
                                                      0.000     0.000 r  <hidden>
                                                      0.000     0.000 r  aclk
                         net (fo=25094, unset)        0.843     0.843    core/vec_add/aclk
    SLICE_X27Y52         FDRE                                         r  core/vec_add/descriptor_q_reg[pad_top][15]/C
                         clock pessimism             -0.254     0.589    <hidden>
                         clock uncertainty            0.200     0.789    <hidden>
    SLICE_X27Y52         FDRE (Hold_fdre_C_D)         0.070     0.859    core/vec_add/descriptor_q_reg[pad_top][15]
  -------------------------------------------------------------------
                         required time                         -0.859    <hidden>
                         arrival time                           0.885    <hidden>
  -------------------------------------------------------------------
                         slack                                  0.026    <hidden>

Slack (MET) :             0.026ns  (arrival time - required time)
  Source:                 core/data_subsystem/conv2d_pipeline/quant_params_q_reg[409]/C
                            (rising edge-triggered cell FDRE clocked by core_clk  {rise@0.000ns fall@5.000ns period=10.000ns})
  Destination:            core/data_subsystem/conv2d_pipeline/post/multiplier_q_reg[3][25]/D
                            (rising edge-triggered cell FDRE clocked by core_clk  {rise@0.000ns fall@5.000ns period=10.000ns})
  Path Group:             core_clk
  Path Type:              Hold (Min at Fast Process Corner)
  Requirement:            0.000ns  (core_clk rise@0.000ns - core_clk rise@0.000ns)
  Data Path Delay:        0.308ns  (logic 0.141ns (45.711%)  route 0.167ns (54.289%))
  Logic Levels:           0  
  Clock Path Skew:        0.016ns (DCD - SCD - CPR)
    Destination Clock Delay (DCD):    0.851ns
    Source Clock Delay      (SCD):    0.583ns
    Clock Pessimism Removal (CPR):    0.252ns
  Clock Uncertainty:      0.200ns  ((TSJ^2 + TIJ^2)^1/2 + DJ) / 2 + PE + UU
    Total System Jitter     (TSJ):    0.000ns
    Total Input Jitter      (TIJ):    0.000ns
    Discrete Jitter          (DJ):    0.000ns
    Phase Error              (PE):    0.000ns
    User Uncertainty         (UU):    0.200ns

    Location             Delay type                Incr(ns)  Path(ns)    Netlist Resource(s)
  -------------------------------------------------------------------    -------------------
                         (clock core_clk rise edge)
                                                      0.000     0.000 r  <hidden>
                                                      0.000     0.000 r  aclk
                         net (fo=25094, unset)        0.583     0.583    core/data_subsystem/conv2d_pipeline/aclk
    SLICE_X68Y37         FDRE                                         r  core/data_subsystem/conv2d_pipeline/quant_params_q_reg[409]/C
  -------------------------------------------------------------------    -------------------
    SLICE_X68Y37         FDRE (Prop_fdre_C_Q)         0.141     0.724 r  core/data_subsystem/conv2d_pipeline/quant_params_q_reg[409]/Q
                         net (fo=1, routed)           0.167     0.891    core/data_subsystem/conv2d_pipeline/post/clamp_max_q_reg[7][31]_0[337]
    SLICE_X69Y38         FDRE                                         r  core/data_subsystem/conv2d_pipeline/post/multiplier_q_reg[3][25]/D
  -------------------------------------------------------------------    -------------------

                         (clock core_clk rise edge)
                                                      0.000     0.000 r  <hidden>
                                                      0.000     0.000 r  aclk
                         net (fo=25094, unset)        0.851     0.851    core/data_subsystem/conv2d_pipeline/post/aclk
    SLICE_X69Y38         FDRE                                         r  core/data_subsystem/conv2d_pipeline/post/multiplier_q_reg[3][25]/C
                         clock pessimism             -0.252     0.599    <hidden>
                         clock uncertainty            0.200     0.799    <hidden>
    SLICE_X69Y38         FDRE (Hold_fdre_C_D)         0.066     0.865    core/data_subsystem/conv2d_pipeline/post/multiplier_q_reg[3][25]
  -------------------------------------------------------------------
                         required time                         -0.865    <hidden>
                         arrival time                           0.891    <hidden>
  -------------------------------------------------------------------
                         slack                                  0.026    <hidden>

Slack (MET) :             0.027ns  (arrival time - required time)
  Source:                 core/execution_frontend/operator_desc_q_reg[245]/C
                            (rising edge-triggered cell FDCE clocked by core_clk  {rise@0.000ns fall@5.000ns period=10.000ns})
  Destination:            core/data_subsystem/conv2d_pipeline/descriptor_q_reg[post_op_id][5]/D
                            (rising edge-triggered cell FDRE clocked by core_clk  {rise@0.000ns fall@5.000ns period=10.000ns})
  Path Group:             core_clk
  Path Type:              Hold (Min at Fast Process Corner)
  Requirement:            0.000ns  (core_clk rise@0.000ns - core_clk rise@0.000ns)
  Data Path Delay:        0.315ns  (logic 0.141ns (44.771%)  route 0.174ns (55.229%))
  Logic Levels:           0  
  Clock Path Skew:        0.018ns (DCD - SCD - CPR)
    Destination Clock Delay (DCD):    0.848ns
    Source Clock Delay      (SCD):    0.577ns
    Clock Pessimism Removal (CPR):    0.253ns
  Clock Uncertainty:      0.200ns  ((TSJ^2 + TIJ^2)^1/2 + DJ) / 2 + PE + UU
    Total System Jitter     (TSJ):    0.000ns
    Total Input Jitter      (TIJ):    0.000ns
    Discrete Jitter          (DJ):    0.000ns
    Phase Error              (PE):    0.000ns
    User Uncertainty         (UU):    0.200ns

    Location             Delay type                Incr(ns)  Path(ns)    Netlist Resource(s)
  -------------------------------------------------------------------    -------------------
                         (clock core_clk rise edge)
                                                      0.000     0.000 r  <hidden>
                                                      0.000     0.000 r  aclk
                         net (fo=25094, unset)        0.577     0.577    core/execution_frontend/aclk
    SLICE_X60Y59         FDCE                                         r  core/execution_frontend/operator_desc_q_reg[245]/C
  -------------------------------------------------------------------    -------------------
    SLICE_X60Y59         FDCE (Prop_fdce_C_Q)         0.141     0.718 r  core/execution_frontend/operator_desc_q_reg[245]/Q
                         net (fo=1, routed)           0.174     0.892    core/data_subsystem/conv2d_pipeline/descriptor_q_reg[tile_cout][31]_0[9]
    SLICE_X61Y56         FDRE                                         r  core/data_subsystem/conv2d_pipeline/descriptor_q_reg[post_op_id][5]/D
  -------------------------------------------------------------------    -------------------

                         (clock core_clk rise edge)
                                                      0.000     0.000 r  <hidden>
                                                      0.000     0.000 r  aclk
                         net (fo=25094, unset)        0.848     0.848    core/data_subsystem/conv2d_pipeline/aclk
    SLICE_X61Y56         FDRE                                         r  core/data_subsystem/conv2d_pipeline/descriptor_q_reg[post_op_id][5]/C
                         clock pessimism             -0.253     0.595    <hidden>
                         clock uncertainty            0.200     0.795    <hidden>
    SLICE_X61Y56         FDRE (Hold_fdre_C_D)         0.070     0.865    core/data_subsystem/conv2d_pipeline/descriptor_q_reg[post_op_id][5]
  -------------------------------------------------------------------
                         required time                         -0.865    <hidden>
                         arrival time                           0.892    <hidden>
  -------------------------------------------------------------------
                         slack                                  0.027    <hidden>

Slack (MET) :             0.027ns  (arrival time - required time)
  Source:                 core/data_subsystem/scratchpad/compute_weight_output_data_q_reg[179]/C
                            (rising edge-triggered cell FDRE clocked by core_clk  {rise@0.000ns fall@5.000ns period=10.000ns})
  Destination:            core/data_subsystem/conv2d_pipeline/bias_q_reg[179]/D
                            (rising edge-triggered cell FDRE clocked by core_clk  {rise@0.000ns fall@5.000ns period=10.000ns})
  Path Group:             core_clk
  Path Type:              Hold (Min at Fast Process Corner)
  Requirement:            0.000ns  (core_clk rise@0.000ns - core_clk rise@0.000ns)
  Data Path Delay:        0.252ns  (logic 0.148ns (58.729%)  route 0.104ns (41.271%))
  Logic Levels:           0  
  Clock Path Skew:        0.016ns (DCD - SCD - CPR)
    Destination Clock Delay (DCD):    0.878ns
    Source Clock Delay      (SCD):    0.608ns
    Clock Pessimism Removal (CPR):    0.254ns
  Clock Uncertainty:      0.200ns  ((TSJ^2 + TIJ^2)^1/2 + DJ) / 2 + PE + UU
    Total System Jitter     (TSJ):    0.000ns
    Total Input Jitter      (TIJ):    0.000ns
    Discrete Jitter          (DJ):    0.000ns
    Phase Error              (PE):    0.000ns
    User Uncertainty         (UU):    0.200ns

    Location             Delay type                Incr(ns)  Path(ns)    Netlist Resource(s)
  -------------------------------------------------------------------    -------------------
                         (clock core_clk rise edge)
                                                      0.000     0.000 r  <hidden>
                                                      0.000     0.000 r  aclk
                         net (fo=25094, unset)        0.608     0.608    core/data_subsystem/scratchpad/aclk
    SLICE_X100Y50        FDRE                                         r  core/data_subsystem/scratchpad/compute_weight_output_data_q_reg[179]/C
  -------------------------------------------------------------------    -------------------
    SLICE_X100Y50        FDRE (Prop_fdre_C_Q)         0.148     0.756 r  core/data_subsystem/scratchpad/compute_weight_output_data_q_reg[179]/Q
                         net (fo=1, routed)           0.104     0.860    core/data_subsystem/conv2d_pipeline/quant_params_q_reg[511]_0[179]
    SLICE_X98Y50         FDRE                                         r  core/data_subsystem/conv2d_pipeline/bias_q_reg[179]/D
  -------------------------------------------------------------------    -------------------

                         (clock core_clk rise edge)
                                                      0.000     0.000 r  <hidden>
                                                      0.000     0.000 r  aclk
                         net (fo=25094, unset)        0.878     0.878    core/data_subsystem/conv2d_pipeline/aclk
    SLICE_X98Y50         FDRE                                         r  core/data_subsystem/conv2d_pipeline/bias_q_reg[179]/C
                         clock pessimism             -0.254     0.624    <hidden>
                         clock uncertainty            0.200     0.824    <hidden>
    SLICE_X98Y50         FDRE (Hold_fdre_C_D)         0.009     0.833    core/data_subsystem/conv2d_pipeline/bias_q_reg[179]
  -------------------------------------------------------------------
                         required time                         -0.833    <hidden>
                         arrival time                           0.860    <hidden>
  -------------------------------------------------------------------
                         slack                                  0.027    <hidden>

Slack (MET) :             0.027ns  (arrival time - required time)
  Source:                 core/data_subsystem/conv2d_pipeline/quant_params_q_reg[386]/C
                            (rising edge-triggered cell FDRE clocked by core_clk  {rise@0.000ns fall@5.000ns period=10.000ns})
  Destination:            core/data_subsystem/conv2d_pipeline/post/multiplier_q_reg[3][2]/D
                            (rising edge-triggered cell FDRE clocked by core_clk  {rise@0.000ns fall@5.000ns period=10.000ns})
  Path Group:             core_clk
  Path Type:              Hold (Min at Fast Process Corner)
  Requirement:            0.000ns  (core_clk rise@0.000ns - core_clk rise@0.000ns)
  Data Path Delay:        0.338ns  (logic 0.164ns (48.519%)  route 0.174ns (51.481%))
  Logic Levels:           0  
  Clock Path Skew:        0.035ns (DCD - SCD - CPR)
    Destination Clock Delay (DCD):    0.880ns
    Source Clock Delay      (SCD):    0.611ns
    Clock Pessimism Removal (CPR):    0.234ns
  Clock Uncertainty:      0.200ns  ((TSJ^2 + TIJ^2)^1/2 + DJ) / 2 + PE + UU
    Total System Jitter     (TSJ):    0.000ns
    Total Input Jitter      (TIJ):    0.000ns
    Discrete Jitter          (DJ):    0.000ns
    Phase Error              (PE):    0.000ns
    User Uncertainty         (UU):    0.200ns

    Location             Delay type                Incr(ns)  Path(ns)    Netlist Resource(s)
  -------------------------------------------------------------------    -------------------
                         (clock core_clk rise edge)
                                                      0.000     0.000 r  <hidden>
                                                      0.000     0.000 r  aclk
                         net (fo=25094, unset)        0.611     0.611    core/data_subsystem/conv2d_pipeline/aclk
    SLICE_X98Y39         FDRE                                         r  core/data_subsystem/conv2d_pipeline/quant_params_q_reg[386]/C
  -------------------------------------------------------------------    -------------------
    SLICE_X98Y39         FDRE (Prop_fdre_C_Q)         0.164     0.775 r  core/data_subsystem/conv2d_pipeline/quant_params_q_reg[386]/Q
                         net (fo=1, routed)           0.174     0.949    core/data_subsystem/conv2d_pipeline/post/clamp_max_q_reg[7][31]_0[314]
    SLICE_X96Y39         FDRE                                         r  core/data_subsystem/conv2d_pipeline/post/multiplier_q_reg[3][2]/D
  -------------------------------------------------------------------    -------------------

                         (clock core_clk rise edge)
                                                      0.000     0.000 r  <hidden>
                                                      0.000     0.000 r  aclk
                         net (fo=25094, unset)        0.880     0.880    core/data_subsystem/conv2d_pipeline/post/aclk
    SLICE_X96Y39         FDRE                                         r  core/data_subsystem/conv2d_pipeline/post/multiplier_q_reg[3][2]/C
                         clock pessimism             -0.234     0.646    <hidden>
                         clock uncertainty            0.200     0.846    <hidden>
    SLICE_X96Y39         FDRE (Hold_fdre_C_D)         0.076     0.922    core/data_subsystem/conv2d_pipeline/post/multiplier_q_reg[3][2]
  -------------------------------------------------------------------
                         required time                         -0.922    <hidden>
                         arrival time                           0.949    <hidden>
  -------------------------------------------------------------------
                         slack                                  0.027    <hidden>

Slack (MET) :             0.027ns  (arrival time - required time)
  Source:                 core/execution_frontend/descriptor_cache/response_data_q_reg[120]/C
                            (rising edge-triggered cell FDCE clocked by core_clk  {rise@0.000ns fall@5.000ns period=10.000ns})
  Destination:            core/execution_frontend/destination_desc_q_reg[120]/D
                            (rising edge-triggered cell FDCE clocked by core_clk  {rise@0.000ns fall@5.000ns period=10.000ns})
  Path Group:             core_clk
  Path Type:              Hold (Min at Fast Process Corner)
  Requirement:            0.000ns  (core_clk rise@0.000ns - core_clk rise@0.000ns)
  Data Path Delay:        0.337ns  (logic 0.164ns (48.655%)  route 0.173ns (51.345%))
  Logic Levels:           0  
  Clock Path Skew:        0.034ns (DCD - SCD - CPR)
    Destination Clock Delay (DCD):    0.842ns
    Source Clock Delay      (SCD):    0.574ns
    Clock Pessimism Removal (CPR):    0.234ns
  Clock Uncertainty:      0.200ns  ((TSJ^2 + TIJ^2)^1/2 + DJ) / 2 + PE + UU
    Total System Jitter     (TSJ):    0.000ns
    Total Input Jitter      (TIJ):    0.000ns
    Discrete Jitter          (DJ):    0.000ns
    Phase Error              (PE):    0.000ns
    User Uncertainty         (UU):    0.200ns

    Location             Delay type                Incr(ns)  Path(ns)    Netlist Resource(s)
  -------------------------------------------------------------------    -------------------
                         (clock core_clk rise edge)
                                                      0.000     0.000 r  <hidden>
                                                      0.000     0.000 r  aclk
                         net (fo=25094, unset)        0.574     0.574    core/execution_frontend/descriptor_cache/aclk
    SLICE_X66Y65         FDCE                                         r  core/execution_frontend/descriptor_cache/response_data_q_reg[120]/C
  -------------------------------------------------------------------    -------------------
    SLICE_X66Y65         FDCE (Prop_fdce_C_Q)         0.164     0.738 r  core/execution_frontend/descriptor_cache/response_data_q_reg[120]/Q
                         net (fo=3, routed)           0.173     0.911    core/execution_frontend/cache_response_data[120]
    SLICE_X61Y65         FDCE                                         r  core/execution_frontend/destination_desc_q_reg[120]/D
  -------------------------------------------------------------------    -------------------

                         (clock core_clk rise edge)
                                                      0.000     0.000 r  <hidden>
                                                      0.000     0.000 r  aclk
                         net (fo=25094, unset)        0.842     0.842    core/execution_frontend/aclk
    SLICE_X61Y65         FDCE                                         r  core/execution_frontend/destination_desc_q_reg[120]/C
                         clock pessimism             -0.234     0.608    <hidden>
                         clock uncertainty            0.200     0.808    <hidden>
    SLICE_X61Y65         FDCE (Hold_fdce_C_D)         0.076     0.884    core/execution_frontend/destination_desc_q_reg[120]
  -------------------------------------------------------------------
                         required time                         -0.884    <hidden>
                         arrival time                           0.911    <hidden>
  -------------------------------------------------------------------
                         slack                                  0.027    <hidden>

Slack (MET) :             0.027ns  (arrival time - required time)
  Source:                 core/upsample/read_burst_address_q_reg[53]/C
                            (rising edge-triggered cell FDRE clocked by core_clk  {rise@0.000ns fall@5.000ns period=10.000ns})
  Destination:            core/read_arbiter/address_q_reg[53]/D
                            (rising edge-triggered cell FDCE clocked by core_clk  {rise@0.000ns fall@5.000ns period=10.000ns})
  Path Group:             core_clk
  Path Type:              Hold (Min at Fast Process Corner)
  Requirement:            0.000ns  (core_clk rise@0.000ns - core_clk rise@0.000ns)
  Data Path Delay:        0.335ns  (logic 0.186ns (55.507%)  route 0.149ns (44.493%))
  Logic Levels:           1  (LUT6=1)
  Clock Path Skew:        0.016ns (DCD - SCD - CPR)
    Destination Clock Delay (DCD):    0.908ns
    Source Clock Delay      (SCD):    0.637ns
    Clock Pessimism Removal (CPR):    0.255ns
  Clock Uncertainty:      0.200ns  ((TSJ^2 + TIJ^2)^1/2 + DJ) / 2 + PE + UU
    Total System Jitter     (TSJ):    0.000ns
    Total Input Jitter      (TIJ):    0.000ns
    Discrete Jitter          (DJ):    0.000ns
    Phase Error              (PE):    0.000ns
    User Uncertainty         (UU):    0.200ns

    Location             Delay type                Incr(ns)  Path(ns)    Netlist Resource(s)
  -------------------------------------------------------------------    -------------------
                         (clock core_clk rise edge)
                                                      0.000     0.000 r  <hidden>
                                                      0.000     0.000 r  aclk
                         net (fo=25094, unset)        0.637     0.637    core/upsample/aclk
    SLICE_X45Y108        FDRE                                         r  core/upsample/read_burst_address_q_reg[53]/C
  -------------------------------------------------------------------    -------------------
    SLICE_X45Y108        FDRE (Prop_fdre_C_Q)         0.141     0.778 r  core/upsample/read_burst_address_q_reg[53]/Q
                         net (fo=1, routed)           0.149     0.927    core/read_arbiter/address_q_reg[63]_1[53]
    SLICE_X44Y107        LUT6 (Prop_lut6_I3_O)        0.045     0.972 r  core/read_arbiter/address_q[53]_i_1/O
                         net (fo=1, routed)           0.000     0.972    core/read_arbiter/address_q[53]_i_1_n_0
    SLICE_X44Y107        FDCE                                         r  core/read_arbiter/address_q_reg[53]/D
  -------------------------------------------------------------------    -------------------

                         (clock core_clk rise edge)
                                                      0.000     0.000 r  <hidden>
                                                      0.000     0.000 r  aclk
                         net (fo=25094, unset)        0.908     0.908    core/read_arbiter/aclk
    SLICE_X44Y107        FDCE                                         r  core/read_arbiter/address_q_reg[53]/C
                         clock pessimism             -0.255     0.653    <hidden>
                         clock uncertainty            0.200     0.853    <hidden>
    SLICE_X44Y107        FDCE (Hold_fdce_C_D)         0.092     0.945    core/read_arbiter/address_q_reg[53]
  -------------------------------------------------------------------
                         required time                         -0.945    <hidden>
                         arrival time                           0.972    <hidden>
  -------------------------------------------------------------------
                         slack                                  0.027    <hidden>

Slack (MET) :             0.027ns  (arrival time - required time)
  Source:                 core/data_subsystem/frontend/address_generator/src_tensor_q_reg[base_offset][42]/C
                            (rising edge-triggered cell FDCE clocked by core_clk  {rise@0.000ns fall@5.000ns period=10.000ns})
  Destination:            core/data_subsystem/frontend/address_generator/external_relative_offset_q_reg[42]/D
                            (rising edge-triggered cell FDCE clocked by core_clk  {rise@0.000ns fall@5.000ns period=10.000ns})
  Path Group:             core_clk
  Path Type:              Hold (Min at Fast Process Corner)
  Requirement:            0.000ns  (core_clk rise@0.000ns - core_clk rise@0.000ns)
  Data Path Delay:        0.335ns  (logic 0.186ns (55.501%)  route 0.149ns (44.499%))
  Logic Levels:           1  (LUT6=1)
  Clock Path Skew:        0.017ns (DCD - SCD - CPR)
    Destination Clock Delay (DCD):    0.938ns
    Source Clock Delay      (SCD):    0.665ns
    Clock Pessimism Removal (CPR):    0.256ns
  Clock Uncertainty:      0.200ns  ((TSJ^2 + TIJ^2)^1/2 + DJ) / 2 + PE + UU
    Total System Jitter     (TSJ):    0.000ns
    Total Input Jitter      (TIJ):    0.000ns
    Discrete Jitter          (DJ):    0.000ns
    Phase Error              (PE):    0.000ns
    User Uncertainty         (UU):    0.200ns

    Location             Delay type                Incr(ns)  Path(ns)    Netlist Resource(s)
  -------------------------------------------------------------------    -------------------
                         (clock core_clk rise edge)
                                                      0.000     0.000 r  <hidden>
                                                      0.000     0.000 r  aclk
                         net (fo=25094, unset)        0.665     0.665    core/data_subsystem/frontend/address_generator/aclk
    SLICE_X80Y144        FDCE                                         r  core/data_subsystem/frontend/address_generator/src_tensor_q_reg[base_offset][42]/C
  -------------------------------------------------------------------    -------------------
    SLICE_X80Y144        FDCE (Prop_fdce_C_Q)         0.141     0.806 r  core/data_subsystem/frontend/address_generator/src_tensor_q_reg[base_offset][42]/Q
                         net (fo=4, routed)           0.149     0.955    core/data_subsystem/frontend/address_generator/shared_address_multiplier/Q[42]
    SLICE_X81Y144        LUT6 (Prop_lut6_I1_O)        0.045     1.000 r  core/data_subsystem/frontend/address_generator/shared_address_multiplier/external_relative_offset_q[42]_i_1/O
                         net (fo=1, routed)           0.000     1.000    core/data_subsystem/frontend/address_generator/shared_address_multiplier_n_253
    SLICE_X81Y144        FDCE                                         r  core/data_subsystem/frontend/address_generator/external_relative_offset_q_reg[42]/D
  -------------------------------------------------------------------    -------------------

                         (clock core_clk rise edge)
                                                      0.000     0.000 r  <hidden>
                                                      0.000     0.000 r  aclk
                         net (fo=25094, unset)        0.938     0.938    core/data_subsystem/frontend/address_generator/aclk
    SLICE_X81Y144        FDCE                                         r  core/data_subsystem/frontend/address_generator/external_relative_offset_q_reg[42]/C
                         clock pessimism             -0.256     0.682    <hidden>
                         clock uncertainty            0.200     0.882    <hidden>
    SLICE_X81Y144        FDCE (Hold_fdce_C_D)         0.091     0.973    core/data_subsystem/frontend/address_generator/external_relative_offset_q_reg[42]
  -------------------------------------------------------------------
                         required time                         -0.973    <hidden>
                         arrival time                           1.000    <hidden>
  -------------------------------------------------------------------
                         slack                                  0.027    <hidden>

Slack (MET) :             0.027ns  (arrival time - required time)
  Source:                 core/data_subsystem/frontend/address_generator/src_tensor_q_reg[base_offset][60]/C
                            (rising edge-triggered cell FDCE clocked by core_clk  {rise@0.000ns fall@5.000ns period=10.000ns})
  Destination:            core/data_subsystem/frontend/address_generator/external_relative_offset_q_reg[60]/D
                            (rising edge-triggered cell FDCE clocked by core_clk  {rise@0.000ns fall@5.000ns period=10.000ns})
  Path Group:             core_clk
  Path Type:              Hold (Min at Fast Process Corner)
  Requirement:            0.000ns  (core_clk rise@0.000ns - core_clk rise@0.000ns)
  Data Path Delay:        0.335ns  (logic 0.186ns (55.498%)  route 0.149ns (44.502%))
  Logic Levels:           1  (LUT6=1)
  Clock Path Skew:        0.016ns (DCD - SCD - CPR)
    Destination Clock Delay (DCD):    0.938ns
    Source Clock Delay      (SCD):    0.666ns
    Clock Pessimism Removal (CPR):    0.256ns
  Clock Uncertainty:      0.200ns  ((TSJ^2 + TIJ^2)^1/2 + DJ) / 2 + PE + UU
    Total System Jitter     (TSJ):    0.000ns
    Total Input Jitter      (TIJ):    0.000ns
    Discrete Jitter          (DJ):    0.000ns
    Phase Error              (PE):    0.000ns
    User Uncertainty         (UU):    0.200ns

    Location             Delay type                Incr(ns)  Path(ns)    Netlist Resource(s)
  -------------------------------------------------------------------    -------------------
                         (clock core_clk rise edge)
                                                      0.000     0.000 r  <hidden>
                                                      0.000     0.000 r  aclk
                         net (fo=25094, unset)        0.666     0.666    core/data_subsystem/frontend/address_generator/aclk
    SLICE_X81Y147        FDCE                                         r  core/data_subsystem/frontend/address_generator/src_tensor_q_reg[base_offset][60]/C
  -------------------------------------------------------------------    -------------------
    SLICE_X81Y147        FDCE (Prop_fdce_C_Q)         0.141     0.807 r  core/data_subsystem/frontend/address_generator/src_tensor_q_reg[base_offset][60]/Q
                         net (fo=4, routed)           0.149     0.956    core/data_subsystem/frontend/address_generator/shared_address_multiplier/Q[60]
    SLICE_X80Y147        LUT6 (Prop_lut6_I1_O)        0.045     1.001 r  core/data_subsystem/frontend/address_generator/shared_address_multiplier/external_relative_offset_q[60]_i_1/O
                         net (fo=1, routed)           0.000     1.001    core/data_subsystem/frontend/address_generator/shared_address_multiplier_n_235
    SLICE_X80Y147        FDCE                                         r  core/data_subsystem/frontend/address_generator/external_relative_offset_q_reg[60]/D
  -------------------------------------------------------------------    -------------------

                         (clock core_clk rise edge)
                                                      0.000     0.000 r  <hidden>
                                                      0.000     0.000 r  aclk
                         net (fo=25094, unset)        0.938     0.938    core/data_subsystem/frontend/address_generator/aclk
    SLICE_X80Y147        FDCE                                         r  core/data_subsystem/frontend/address_generator/external_relative_offset_q_reg[60]/C
                         clock pessimism             -0.256     0.682    <hidden>
                         clock uncertainty            0.200     0.882    <hidden>
    SLICE_X80Y147        FDCE (Hold_fdce_C_D)         0.092     0.974    core/data_subsystem/frontend/address_generator/external_relative_offset_q_reg[60]
  -------------------------------------------------------------------
                         required time                         -0.974    <hidden>
                         arrival time                           1.001    <hidden>
  -------------------------------------------------------------------
                         slack                                  0.027    <hidden>

Slack (MET) :             0.027ns  (arrival time - required time)
  Source:                 core/fetch_command_bits_reg[19]/C
                            (rising edge-triggered cell FDCE clocked by core_clk  {rise@0.000ns fall@5.000ns period=10.000ns})
  Destination:            core/command_processor/command_bits_q_reg[19]/D
                            (rising edge-triggered cell FDCE clocked by core_clk  {rise@0.000ns fall@5.000ns period=10.000ns})
  Path Group:             core_clk
  Path Type:              Hold (Min at Fast Process Corner)
  Requirement:            0.000ns  (core_clk rise@0.000ns - core_clk rise@0.000ns)
  Data Path Delay:        0.373ns  (logic 0.187ns (50.111%)  route 0.186ns (49.889%))
  Logic Levels:           1  (LUT4=1)
  Clock Path Skew:        0.015ns (DCD - SCD - CPR)
    Destination Clock Delay (DCD):    0.870ns
    Source Clock Delay      (SCD):    0.601ns
    Clock Pessimism Removal (CPR):    0.254ns
  Clock Uncertainty:      0.200ns  ((TSJ^2 + TIJ^2)^1/2 + DJ) / 2 + PE + UU
    Total System Jitter     (TSJ):    0.000ns
    Total Input Jitter      (TIJ):    0.000ns
    Discrete Jitter          (DJ):    0.000ns
    Phase Error              (PE):    0.000ns
    User Uncertainty         (UU):    0.200ns

    Location             Delay type                Incr(ns)  Path(ns)    Netlist Resource(s)
  -------------------------------------------------------------------    -------------------
                         (clock core_clk rise edge)
                                                      0.000     0.000 r  <hidden>
                                                      0.000     0.000 r  aclk
                         net (fo=25094, unset)        0.601     0.601    core/aclk
    SLICE_X99Y82         FDCE                                         r  core/fetch_command_bits_reg[19]/C
  -------------------------------------------------------------------    -------------------
    SLICE_X99Y82         FDCE (Prop_fdce_C_Q)         0.141     0.742 r  core/fetch_command_bits_reg[19]/Q
                         net (fo=1, routed)           0.186     0.928    core/command_processor/command_bits_q_reg[127]_1[19]
    SLICE_X100Y82        LUT4 (Prop_lut4_I0_O)        0.046     0.974 r  core/command_processor/command_bits_q[19]_i_1/O
                         net (fo=1, routed)           0.000     0.974    core/command_processor/command_bits_q[19]_i_1_n_0
    SLICE_X100Y82        FDCE                                         r  core/command_processor/command_bits_q_reg[19]/D
  -------------------------------------------------------------------    -------------------

                         (clock core_clk rise edge)
                                                      0.000     0.000 r  <hidden>
                                                      0.000     0.000 r  aclk
                         net (fo=25094, unset)        0.870     0.870    core/command_processor/aclk
    SLICE_X100Y82        FDCE                                         r  core/command_processor/command_bits_q_reg[19]/C
                         clock pessimism             -0.254     0.616    <hidden>
                         clock uncertainty            0.200     0.816    <hidden>
    SLICE_X100Y82        FDCE (Hold_fdce_C_D)         0.131     0.947    core/command_processor/command_bits_q_reg[19]
  -------------------------------------------------------------------
                         required time                         -0.947    <hidden>
                         arrival time                           0.974    <hidden>
  -------------------------------------------------------------------
                         slack                                  0.027    <hidden>

Slack (MET) :             0.027ns  (arrival time - required time)
  Source:                 core/data_subsystem/conv2d_pipeline/quant_params_q_reg[535]/C
                            (rising edge-triggered cell FDRE clocked by core_clk  {rise@0.000ns fall@5.000ns period=10.000ns})
  Destination:            core/data_subsystem/conv2d_pipeline/post/multiplier_q_reg[4][23]/D
                            (rising edge-triggered cell FDRE clocked by core_clk  {rise@0.000ns fall@5.000ns period=10.000ns})
  Path Group:             core_clk
  Path Type:              Hold (Min at Fast Process Corner)
  Requirement:            0.000ns  (core_clk rise@0.000ns - core_clk rise@0.000ns)
  Data Path Delay:        0.333ns  (logic 0.164ns (49.224%)  route 0.169ns (50.776%))
  Logic Levels:           0  
  Clock Path Skew:        0.036ns (DCD - SCD - CPR)
    Destination Clock Delay (DCD):    0.884ns
    Source Clock Delay      (SCD):    0.614ns
    Clock Pessimism Removal (CPR):    0.234ns
  Clock Uncertainty:      0.200ns  ((TSJ^2 + TIJ^2)^1/2 + DJ) / 2 + PE + UU
    Total System Jitter     (TSJ):    0.000ns
    Total Input Jitter      (TIJ):    0.000ns
    Discrete Jitter          (DJ):    0.000ns
    Phase Error              (PE):    0.000ns
    User Uncertainty         (UU):    0.200ns

    Location             Delay type                Incr(ns)  Path(ns)    Netlist Resource(s)
  -------------------------------------------------------------------    -------------------
                         (clock core_clk rise edge)
                                                      0.000     0.000 r  <hidden>
                                                      0.000     0.000 r  aclk
                         net (fo=25094, unset)        0.614     0.614    core/data_subsystem/conv2d_pipeline/aclk
    SLICE_X104Y47        FDRE                                         r  core/data_subsystem/conv2d_pipeline/quant_params_q_reg[535]/C
  -------------------------------------------------------------------    -------------------
    SLICE_X104Y47        FDRE (Prop_fdre_C_Q)         0.164     0.778 r  core/data_subsystem/conv2d_pipeline/quant_params_q_reg[535]/Q
                         net (fo=1, routed)           0.169     0.947    core/data_subsystem/conv2d_pipeline/post/clamp_max_q_reg[7][31]_0[439]
    SLICE_X103Y47        FDRE                                         r  core/data_subsystem/conv2d_pipeline/post/multiplier_q_reg[4][23]/D
  -------------------------------------------------------------------    -------------------

                         (clock core_clk rise edge)
                                                      0.000     0.000 r  <hidden>
                                                      0.000     0.000 r  aclk
                         net (fo=25094, unset)        0.884     0.884    core/data_subsystem/conv2d_pipeline/post/aclk
    SLICE_X103Y47        FDRE                                         r  core/data_subsystem/conv2d_pipeline/post/multiplier_q_reg[4][23]/C
                         clock pessimism             -0.234     0.650    <hidden>
                         clock uncertainty            0.200     0.850    <hidden>
    SLICE_X103Y47        FDRE (Hold_fdre_C_D)         0.070     0.920    core/data_subsystem/conv2d_pipeline/post/multiplier_q_reg[4][23]
  -------------------------------------------------------------------
                         required time                         -0.920    <hidden>
                         arrival time                           0.947    <hidden>
  -------------------------------------------------------------------
                         slack                                  0.027    <hidden>

Slack (MET) :             0.027ns  (arrival time - required time)
  Source:                 core/data_subsystem/scratchpad/compute_weight_output_data_q_reg[460]/C
                            (rising edge-triggered cell FDRE clocked by core_clk  {rise@0.000ns fall@5.000ns period=10.000ns})
  Destination:            core/data_subsystem/conv2d_pipeline/quant_params_q_reg[460]/D
                            (rising edge-triggered cell FDRE clocked by core_clk  {rise@0.000ns fall@5.000ns period=10.000ns})
  Path Group:             core_clk
  Path Type:              Hold (Min at Fast Process Corner)
  Requirement:            0.000ns  (core_clk rise@0.000ns - core_clk rise@0.000ns)
  Data Path Delay:        0.289ns  (logic 0.141ns (48.749%)  route 0.148ns (51.251%))
  Logic Levels:           0  
  Clock Path Skew:        0.015ns (DCD - SCD - CPR)
    Destination Clock Delay (DCD):    0.870ns
    Source Clock Delay      (SCD):    0.600ns
    Clock Pessimism Removal (CPR):    0.255ns
  Clock Uncertainty:      0.200ns  ((TSJ^2 + TIJ^2)^1/2 + DJ) / 2 + PE + UU
    Total System Jitter     (TSJ):    0.000ns
    Total Input Jitter      (TIJ):    0.000ns
    Discrete Jitter          (DJ):    0.000ns
    Phase Error              (PE):    0.000ns
    User Uncertainty         (UU):    0.200ns

    Location             Delay type                Incr(ns)  Path(ns)    Netlist Resource(s)
  -------------------------------------------------------------------    -------------------
                         (clock core_clk rise edge)
                                                      0.000     0.000 r  <hidden>
                                                      0.000     0.000 r  aclk
                         net (fo=25094, unset)        0.600     0.600    core/data_subsystem/scratchpad/aclk
    SLICE_X97Y23         FDRE                                         r  core/data_subsystem/scratchpad/compute_weight_output_data_q_reg[460]/C
  -------------------------------------------------------------------    -------------------
    SLICE_X97Y23         FDRE (Prop_fdre_C_Q)         0.141     0.741 r  core/data_subsystem/scratchpad/compute_weight_output_data_q_reg[460]/Q
                         net (fo=2, routed)           0.148     0.889    core/data_subsystem/conv2d_pipeline/quant_params_q_reg[511]_0[412]
    SLICE_X97Y22         FDRE                                         r  core/data_subsystem/conv2d_pipeline/quant_params_q_reg[460]/D
  -------------------------------------------------------------------    -------------------

                         (clock core_clk rise edge)
                                                      0.000     0.000 r  <hidden>
                                                      0.000     0.000 r  aclk
                         net (fo=25094, unset)        0.870     0.870    core/data_subsystem/conv2d_pipeline/aclk
    SLICE_X97Y22         FDRE                                         r  core/data_subsystem/conv2d_pipeline/quant_params_q_reg[460]/C
                         clock pessimism             -0.255     0.615    <hidden>
                         clock uncertainty            0.200     0.815    <hidden>
    SLICE_X97Y22         FDRE (Hold_fdre_C_D)         0.047     0.862    core/data_subsystem/conv2d_pipeline/quant_params_q_reg[460]
  -------------------------------------------------------------------
                         required time                         -0.862    <hidden>
                         arrival time                           0.889    <hidden>
  -------------------------------------------------------------------
                         slack                                  0.027    <hidden>

Slack (MET) :             0.027ns  (arrival time - required time)
  Source:                 core/data_subsystem/conv2d_pipeline/controller/setup_multiplier/multiplicand_q_reg[6]/C
                            (rising edge-triggered cell FDCE clocked by core_clk  {rise@0.000ns fall@5.000ns period=10.000ns})
  Destination:            core/data_subsystem/conv2d_pipeline/controller/setup_multiplier/multiplicand_q_reg[8]/D
                            (rising edge-triggered cell FDCE clocked by core_clk  {rise@0.000ns fall@5.000ns period=10.000ns})
  Path Group:             core_clk
  Path Type:              Hold (Min at Fast Process Corner)
  Requirement:            0.000ns  (core_clk rise@0.000ns - core_clk rise@0.000ns)
  Data Path Delay:        0.373ns  (logic 0.229ns (61.352%)  route 0.144ns (38.648%))
  Logic Levels:           1  (LUT3=1)
  Clock Path Skew:        0.015ns (DCD - SCD - CPR)
    Destination Clock Delay (DCD):    0.826ns
    Source Clock Delay      (SCD):    0.559ns
    Clock Pessimism Removal (CPR):    0.252ns
  Clock Uncertainty:      0.200ns  ((TSJ^2 + TIJ^2)^1/2 + DJ) / 2 + PE + UU
    Total System Jitter     (TSJ):    0.000ns
    Total Input Jitter      (TIJ):    0.000ns
    Discrete Jitter          (DJ):    0.000ns
    Phase Error              (PE):    0.000ns
    User Uncertainty         (UU):    0.200ns

    Location             Delay type                Incr(ns)  Path(ns)    Netlist Resource(s)
  -------------------------------------------------------------------    -------------------
                         (clock core_clk rise edge)
                                                      0.000     0.000 r  <hidden>
                                                      0.000     0.000 r  aclk
                         net (fo=25094, unset)        0.559     0.559    core/data_subsystem/conv2d_pipeline/controller/setup_multiplier/aclk
    SLICE_X39Y39         FDCE                                         r  core/data_subsystem/conv2d_pipeline/controller/setup_multiplier/multiplicand_q_reg[6]/C
  -------------------------------------------------------------------    -------------------
    SLICE_X39Y39         FDCE (Prop_fdce_C_Q)         0.128     0.687 r  core/data_subsystem/conv2d_pipeline/controller/setup_multiplier/multiplicand_q_reg[6]/Q
                         net (fo=5, routed)           0.144     0.831    core/data_subsystem/conv2d_pipeline/controller/setup_multiplier/addend0[7]
    SLICE_X36Y39         LUT3 (Prop_lut3_I1_O)        0.101     0.932 r  core/data_subsystem/conv2d_pipeline/controller/setup_multiplier/multiplicand_q[8]_i_1__0/O
                         net (fo=1, routed)           0.000     0.932    core/data_subsystem/conv2d_pipeline/controller/setup_multiplier/multiplicand_q[8]_i_1__0_n_0
    SLICE_X36Y39         FDCE                                         r  core/data_subsystem/conv2d_pipeline/controller/setup_multiplier/multiplicand_q_reg[8]/D
  -------------------------------------------------------------------    -------------------

                         (clock core_clk rise edge)
                                                      0.000     0.000 r  <hidden>
                                                      0.000     0.000 r  aclk
                         net (fo=25094, unset)        0.826     0.826    core/data_subsystem/conv2d_pipeline/controller/setup_multiplier/aclk
    SLICE_X36Y39         FDCE                                         r  core/data_subsystem/conv2d_pipeline/controller/setup_multiplier/multiplicand_q_reg[8]/C
                         clock pessimism             -0.252     0.574    <hidden>
                         clock uncertainty            0.200     0.774    <hidden>
    SLICE_X36Y39         FDCE (Hold_fdce_C_D)         0.131     0.905    core/data_subsystem/conv2d_pipeline/controller/setup_multiplier/multiplicand_q_reg[8]
  -------------------------------------------------------------------
                         required time                         -0.905    <hidden>
                         arrival time                           0.932    <hidden>
  -------------------------------------------------------------------
                         slack                                  0.027    <hidden>

Slack (MET) :             0.027ns  (arrival time - required time)
  Source:                 core/data_subsystem/conv2d_pipeline/controller/setup_multiplier/multiplier_q_reg[10]/C
                            (rising edge-triggered cell FDCE clocked by core_clk  {rise@0.000ns fall@5.000ns period=10.000ns})
  Destination:            core/data_subsystem/conv2d_pipeline/controller/setup_multiplier/multiplier_q_reg[8]/D
                            (rising edge-triggered cell FDCE clocked by core_clk  {rise@0.000ns fall@5.000ns period=10.000ns})
  Path Group:             core_clk
  Path Type:              Hold (Min at Fast Process Corner)
  Requirement:            0.000ns  (core_clk rise@0.000ns - core_clk rise@0.000ns)
  Data Path Delay:        0.374ns  (logic 0.249ns (66.532%)  route 0.125ns (33.468%))
  Logic Levels:           1  (LUT4=1)
  Clock Path Skew:        0.016ns (DCD - SCD - CPR)
    Destination Clock Delay (DCD):    0.828ns
    Source Clock Delay      (SCD):    0.560ns
    Clock Pessimism Removal (CPR):    0.252ns
  Clock Uncertainty:      0.200ns  ((TSJ^2 + TIJ^2)^1/2 + DJ) / 2 + PE + UU
    Total System Jitter     (TSJ):    0.000ns
    Total Input Jitter      (TIJ):    0.000ns
    Discrete Jitter          (DJ):    0.000ns
    Phase Error              (PE):    0.000ns
    User Uncertainty         (UU):    0.200ns

    Location             Delay type                Incr(ns)  Path(ns)    Netlist Resource(s)
  -------------------------------------------------------------------    -------------------
                         (clock core_clk rise edge)
                                                      0.000     0.000 r  <hidden>
                                                      0.000     0.000 r  aclk
                         net (fo=25094, unset)        0.560     0.560    core/data_subsystem/conv2d_pipeline/controller/setup_multiplier/aclk
    SLICE_X42Y40         FDCE                                         r  core/data_subsystem/conv2d_pipeline/controller/setup_multiplier/multiplier_q_reg[10]/C
  -------------------------------------------------------------------    -------------------
    SLICE_X42Y40         FDCE (Prop_fdce_C_Q)         0.148     0.708 r  core/data_subsystem/conv2d_pipeline/controller/setup_multiplier/multiplier_q_reg[10]/Q
                         net (fo=1, routed)           0.125     0.833    core/data_subsystem/conv2d_pipeline/controller/setup_multiplier/multiplier_q_reg_n_0_[10]
    SLICE_X42Y40         LUT4 (Prop_lut4_I1_O)        0.101     0.934 r  core/data_subsystem/conv2d_pipeline/controller/setup_multiplier/multiplier_q[8]_i_1__0/O
                         net (fo=1, routed)           0.000     0.934    core/data_subsystem/conv2d_pipeline/controller/setup_multiplier/p_0_in[8]
    SLICE_X42Y40         FDCE                                         r  core/data_subsystem/conv2d_pipeline/controller/setup_multiplier/multiplier_q_reg[8]/D
  -------------------------------------------------------------------    -------------------

                         (clock core_clk rise edge)
                                                      0.000     0.000 r  <hidden>
                                                      0.000     0.000 r  aclk
                         net (fo=25094, unset)        0.828     0.828    core/data_subsystem/conv2d_pipeline/controller/setup_multiplier/aclk
    SLICE_X42Y40         FDCE                                         r  core/data_subsystem/conv2d_pipeline/controller/setup_multiplier/multiplier_q_reg[8]/C
                         clock pessimism             -0.252     0.576    <hidden>
                         clock uncertainty            0.200     0.776    <hidden>
    SLICE_X42Y40         FDCE (Hold_fdce_C_D)         0.131     0.907    core/data_subsystem/conv2d_pipeline/controller/setup_multiplier/multiplier_q_reg[8]
  -------------------------------------------------------------------
                         required time                         -0.907    <hidden>
                         arrival time                           0.934    <hidden>
  -------------------------------------------------------------------
                         slack                                  0.027    <hidden>

Slack (MET) :             0.027ns  (arrival time - required time)
  Source:                 core/data_subsystem/conv2d_pipeline/controller/setup_multiplier/multiplier_q_reg[11]/C
                            (rising edge-triggered cell FDCE clocked by core_clk  {rise@0.000ns fall@5.000ns period=10.000ns})
  Destination:            core/data_subsystem/conv2d_pipeline/controller/setup_multiplier/multiplier_q_reg[9]/D
                            (rising edge-triggered cell FDCE clocked by core_clk  {rise@0.000ns fall@5.000ns period=10.000ns})
  Path Group:             core_clk
  Path Type:              Hold (Min at Fast Process Corner)
  Requirement:            0.000ns  (core_clk rise@0.000ns - core_clk rise@0.000ns)
  Data Path Delay:        0.374ns  (logic 0.249ns (66.532%)  route 0.125ns (33.468%))
  Logic Levels:           1  (LUT4=1)
  Clock Path Skew:        0.016ns (DCD - SCD - CPR)
    Destination Clock Delay (DCD):    0.828ns
    Source Clock Delay      (SCD):    0.560ns
    Clock Pessimism Removal (CPR):    0.252ns
  Clock Uncertainty:      0.200ns  ((TSJ^2 + TIJ^2)^1/2 + DJ) / 2 + PE + UU
    Total System Jitter     (TSJ):    0.000ns
    Total Input Jitter      (TIJ):    0.000ns
    Discrete Jitter          (DJ):    0.000ns
    Phase Error              (PE):    0.000ns
    User Uncertainty         (UU):    0.200ns

    Location             Delay type                Incr(ns)  Path(ns)    Netlist Resource(s)
  -------------------------------------------------------------------    -------------------
                         (clock core_clk rise edge)
                                                      0.000     0.000 r  <hidden>
                                                      0.000     0.000 r  aclk
                         net (fo=25094, unset)        0.560     0.560    core/data_subsystem/conv2d_pipeline/controller/setup_multiplier/aclk
    SLICE_X42Y42         FDCE                                         r  core/data_subsystem/conv2d_pipeline/controller/setup_multiplier/multiplier_q_reg[11]/C
  -------------------------------------------------------------------    -------------------
    SLICE_X42Y42         FDCE (Prop_fdce_C_Q)         0.148     0.708 r  core/data_subsystem/conv2d_pipeline/controller/setup_multiplier/multiplier_q_reg[11]/Q
                         net (fo=1, routed)           0.125     0.833    core/data_subsystem/conv2d_pipeline/controller/setup_multiplier/multiplier_q_reg_n_0_[11]
    SLICE_X42Y42         LUT4 (Prop_lut4_I1_O)        0.101     0.934 r  core/data_subsystem/conv2d_pipeline/controller/setup_multiplier/multiplier_q[9]_i_1__0/O
                         net (fo=1, routed)           0.000     0.934    core/data_subsystem/conv2d_pipeline/controller/setup_multiplier/p_0_in[9]
    SLICE_X42Y42         FDCE                                         r  core/data_subsystem/conv2d_pipeline/controller/setup_multiplier/multiplier_q_reg[9]/D
  -------------------------------------------------------------------    -------------------

                         (clock core_clk rise edge)
                                                      0.000     0.000 r  <hidden>
                                                      0.000     0.000 r  aclk
                         net (fo=25094, unset)        0.828     0.828    core/data_subsystem/conv2d_pipeline/controller/setup_multiplier/aclk
    SLICE_X42Y42         FDCE                                         r  core/data_subsystem/conv2d_pipeline/controller/setup_multiplier/multiplier_q_reg[9]/C
                         clock pessimism             -0.252     0.576    <hidden>
                         clock uncertainty            0.200     0.776    <hidden>
    SLICE_X42Y42         FDCE (Hold_fdce_C_D)         0.131     0.907    core/data_subsystem/conv2d_pipeline/controller/setup_multiplier/multiplier_q_reg[9]
  -------------------------------------------------------------------
                         required time                         -0.907    <hidden>
                         arrival time                           0.934    <hidden>
  -------------------------------------------------------------------
                         slack                                  0.027    <hidden>

Slack (MET) :             0.027ns  (arrival time - required time)
  Source:                 core/data_subsystem/conv2d_pipeline/quant_params_q_reg[280]/C
                            (rising edge-triggered cell FDRE clocked by core_clk  {rise@0.000ns fall@5.000ns period=10.000ns})
  Destination:            core/data_subsystem/conv2d_pipeline/post/multiplier_q_reg[2][24]/D
                            (rising edge-triggered cell FDRE clocked by core_clk  {rise@0.000ns fall@5.000ns period=10.000ns})
  Path Group:             core_clk
  Path Type:              Hold (Min at Fast Process Corner)
  Requirement:            0.000ns  (core_clk rise@0.000ns - core_clk rise@0.000ns)
  Data Path Delay:        0.333ns  (logic 0.164ns (49.200%)  route 0.169ns (50.800%))
  Logic Levels:           0  
  Clock Path Skew:        0.036ns (DCD - SCD - CPR)
    Destination Clock Delay (DCD):    0.883ns
    Source Clock Delay      (SCD):    0.613ns
    Clock Pessimism Removal (CPR):    0.234ns
  Clock Uncertainty:      0.200ns  ((TSJ^2 + TIJ^2)^1/2 + DJ) / 2 + PE + UU
    Total System Jitter     (TSJ):    0.000ns
    Total Input Jitter      (TIJ):    0.000ns
    Discrete Jitter          (DJ):    0.000ns
    Phase Error              (PE):    0.000ns
    User Uncertainty         (UU):    0.200ns

    Location             Delay type                Incr(ns)  Path(ns)    Netlist Resource(s)
  -------------------------------------------------------------------    -------------------
                         (clock core_clk rise edge)
                                                      0.000     0.000 r  <hidden>
                                                      0.000     0.000 r  aclk
                         net (fo=25094, unset)        0.613     0.613    core/data_subsystem/conv2d_pipeline/aclk
    SLICE_X102Y46        FDRE                                         r  core/data_subsystem/conv2d_pipeline/quant_params_q_reg[280]/C
  -------------------------------------------------------------------    -------------------
    SLICE_X102Y46        FDRE (Prop_fdre_C_Q)         0.164     0.777 r  core/data_subsystem/conv2d_pipeline/quant_params_q_reg[280]/Q
                         net (fo=1, routed)           0.169     0.946    core/data_subsystem/conv2d_pipeline/post/clamp_max_q_reg[7][31]_0[232]
    SLICE_X101Y46        FDRE                                         r  core/data_subsystem/conv2d_pipeline/post/multiplier_q_reg[2][24]/D
  -------------------------------------------------------------------    -------------------

                         (clock core_clk rise edge)
                                                      0.000     0.000 r  <hidden>
                                                      0.000     0.000 r  aclk
                         net (fo=25094, unset)        0.883     0.883    core/data_subsystem/conv2d_pipeline/post/aclk
    SLICE_X101Y46        FDRE                                         r  core/data_subsystem/conv2d_pipeline/post/multiplier_q_reg[2][24]/C
                         clock pessimism             -0.234     0.649    <hidden>
                         clock uncertainty            0.200     0.849    <hidden>
    SLICE_X101Y46        FDRE (Hold_fdre_C_D)         0.070     0.919    core/data_subsystem/conv2d_pipeline/post/multiplier_q_reg[2][24]
  -------------------------------------------------------------------
                         required time                         -0.919    <hidden>
                         arrival time                           0.946    <hidden>
  -------------------------------------------------------------------
                         slack                                  0.027    <hidden>

Slack (MET) :             0.027ns  (arrival time - required time)
  Source:                 core/data_subsystem/conv2d_pipeline/quant_params_q_reg[778]/C
                            (rising edge-triggered cell FDRE clocked by core_clk  {rise@0.000ns fall@5.000ns period=10.000ns})
  Destination:            core/data_subsystem/conv2d_pipeline/post/multiplier_q_reg[6][10]/D
                            (rising edge-triggered cell FDRE clocked by core_clk  {rise@0.000ns fall@5.000ns period=10.000ns})
  Path Group:             core_clk
  Path Type:              Hold (Min at Fast Process Corner)
  Requirement:            0.000ns  (core_clk rise@0.000ns - core_clk rise@0.000ns)
  Data Path Delay:        0.313ns  (logic 0.141ns (44.991%)  route 0.172ns (55.009%))
  Logic Levels:           0  
  Clock Path Skew:        0.014ns (DCD - SCD - CPR)
    Destination Clock Delay (DCD):    0.848ns
    Source Clock Delay      (SCD):    0.582ns
    Clock Pessimism Removal (CPR):    0.252ns
  Clock Uncertainty:      0.200ns  ((TSJ^2 + TIJ^2)^1/2 + DJ) / 2 + PE + UU
    Total System Jitter     (TSJ):    0.000ns
    Total Input Jitter      (TIJ):    0.000ns
    Discrete Jitter          (DJ):    0.000ns
    Phase Error              (PE):    0.000ns
    User Uncertainty         (UU):    0.200ns

    Location             Delay type                Incr(ns)  Path(ns)    Netlist Resource(s)
  -------------------------------------------------------------------    -------------------
                         (clock core_clk rise edge)
                                                      0.000     0.000 r  <hidden>
                                                      0.000     0.000 r  aclk
                         net (fo=25094, unset)        0.582     0.582    core/data_subsystem/conv2d_pipeline/aclk
    SLICE_X70Y35         FDRE                                         r  core/data_subsystem/conv2d_pipeline/quant_params_q_reg[778]/C
  -------------------------------------------------------------------    -------------------
    SLICE_X70Y35         FDRE (Prop_fdre_C_Q)         0.141     0.723 r  core/data_subsystem/conv2d_pipeline/quant_params_q_reg[778]/Q
                         net (fo=1, routed)           0.172     0.895    core/data_subsystem/conv2d_pipeline/post/clamp_max_q_reg[7][31]_0[634]
    SLICE_X70Y36         FDRE                                         r  core/data_subsystem/conv2d_pipeline/post/multiplier_q_reg[6][10]/D
  -------------------------------------------------------------------    -------------------

                         (clock core_clk rise edge)
                                                      0.000     0.000 r  <hidden>
                                                      0.000     0.000 r  aclk
                         net (fo=25094, unset)        0.848     0.848    core/data_subsystem/conv2d_pipeline/post/aclk
    SLICE_X70Y36         FDRE                                         r  core/data_subsystem/conv2d_pipeline/post/multiplier_q_reg[6][10]/C
                         clock pessimism             -0.252     0.596    <hidden>
                         clock uncertainty            0.200     0.796    <hidden>
    SLICE_X70Y36         FDRE (Hold_fdre_C_D)         0.072     0.868    core/data_subsystem/conv2d_pipeline/post/multiplier_q_reg[6][10]
  -------------------------------------------------------------------
                         required time                         -0.868    <hidden>
                         arrival time                           0.895    <hidden>
  -------------------------------------------------------------------
                         slack                                  0.027    <hidden>

Slack (MET) :             0.027ns  (arrival time - required time)
  Source:                 core/data_subsystem/conv2d_pipeline/controller/mac/sum_l2_q_reg[4][1][11]/C
                            (rising edge-triggered cell FDRE clocked by core_clk  {rise@0.000ns fall@5.000ns period=10.000ns})
  Destination:            core/data_subsystem/conv2d_pipeline/controller/mac/dot_q_reg[4][11]/D
                            (rising edge-triggered cell FDRE clocked by core_clk  {rise@0.000ns fall@5.000ns period=10.000ns})
  Path Group:             core_clk
  Path Type:              Hold (Min at Fast Process Corner)
  Requirement:            0.000ns  (core_clk rise@0.000ns - core_clk rise@0.000ns)
  Data Path Delay:        0.365ns  (logic 0.249ns (68.133%)  route 0.116ns (31.867%))
  Logic Levels:           2  (CARRY4=1 LUT2=1)
  Clock Path Skew:        0.033ns (DCD - SCD - CPR)
    Destination Clock Delay (DCD):    0.853ns
    Source Clock Delay      (SCD):    0.586ns
    Clock Pessimism Removal (CPR):    0.234ns
  Clock Uncertainty:      0.200ns  ((TSJ^2 + TIJ^2)^1/2 + DJ) / 2 + PE + UU
    Total System Jitter     (TSJ):    0.000ns
    Total Input Jitter      (TIJ):    0.000ns
    Discrete Jitter          (DJ):    0.000ns
    Phase Error              (PE):    0.000ns
    User Uncertainty         (UU):    0.200ns

    Location             Delay type                Incr(ns)  Path(ns)    Netlist Resource(s)
  -------------------------------------------------------------------    -------------------
                         (clock core_clk rise edge)
                                                      0.000     0.000 r  <hidden>
                                                      0.000     0.000 r  aclk
                         net (fo=25094, unset)        0.586     0.586    core/data_subsystem/conv2d_pipeline/controller/mac/aclk
    SLICE_X27Y35         FDRE                                         r  core/data_subsystem/conv2d_pipeline/controller/mac/sum_l2_q_reg[4][1][11]/C
  -------------------------------------------------------------------    -------------------
    SLICE_X27Y35         FDRE (Prop_fdre_C_Q)         0.141     0.727 r  core/data_subsystem/conv2d_pipeline/controller/mac/sum_l2_q_reg[4][1][11]/Q
                         net (fo=1, routed)           0.116     0.843    core/data_subsystem/conv2d_pipeline/controller/mac/sum_l2_q_reg[4][1]_72[11]
    SLICE_X28Y35         LUT2 (Prop_lut2_I1_O)        0.045     0.888 r  core/data_subsystem/conv2d_pipeline/controller/mac/dot_q[4][11]_i_2/O
                         net (fo=1, routed)           0.000     0.888    core_n_2465
    SLICE_X28Y35         CARRY4 (Prop_carry4_S[3]_O[3])
                                                      0.063     0.951 r  controller/mac/dot_q_reg[4][11]_i_1/O[3]
                         net (fo=1, routed)           0.000     0.951    core/data_subsystem/conv2d_pipeline/controller/mac/dot_q_reg[4][23]_0[11]
    SLICE_X28Y35         FDRE                                         r  core/data_subsystem/conv2d_pipeline/controller/mac/dot_q_reg[4][11]/D
  -------------------------------------------------------------------    -------------------

                         (clock core_clk rise edge)
                                                      0.000     0.000 r  <hidden>
                                                      0.000     0.000 r  aclk
                         net (fo=25094, unset)        0.853     0.853    core/data_subsystem/conv2d_pipeline/controller/mac/aclk
    SLICE_X28Y35         FDRE                                         r  core/data_subsystem/conv2d_pipeline/controller/mac/dot_q_reg[4][11]/C
                         clock pessimism             -0.234     0.619    <hidden>
                         clock uncertainty            0.200     0.819    <hidden>
    SLICE_X28Y35         FDRE (Hold_fdre_C_D)         0.105     0.924    core/data_subsystem/conv2d_pipeline/controller/mac/dot_q_reg[4][11]
  -------------------------------------------------------------------
                         required time                         -0.924    <hidden>
                         arrival time                           0.951    <hidden>
  -------------------------------------------------------------------
                         slack                                  0.027    <hidden>

Slack (MET) :             0.028ns  (arrival time - required time)
  Source:                 core/data_subsystem/scratchpad/compute_weight_output_data_q_reg[415]/C
                            (rising edge-triggered cell FDRE clocked by core_clk  {rise@0.000ns fall@5.000ns period=10.000ns})
  Destination:            core/data_subsystem/conv2d_pipeline/quant_params_q_reg[415]/D
                            (rising edge-triggered cell FDRE clocked by core_clk  {rise@0.000ns fall@5.000ns period=10.000ns})
  Path Group:             core_clk
  Path Type:              Hold (Min at Fast Process Corner)
  Requirement:            0.000ns  (core_clk rise@0.000ns - core_clk rise@0.000ns)
  Data Path Delay:        0.332ns  (logic 0.141ns (42.507%)  route 0.191ns (57.493%))
  Logic Levels:           0  
  Clock Path Skew:        0.034ns (DCD - SCD - CPR)
    Destination Clock Delay (DCD):    0.846ns
    Source Clock Delay      (SCD):    0.578ns
    Clock Pessimism Removal (CPR):    0.234ns
  Clock Uncertainty:      0.200ns  ((TSJ^2 + TIJ^2)^1/2 + DJ) / 2 + PE + UU
    Total System Jitter     (TSJ):    0.000ns
    Total Input Jitter      (TIJ):    0.000ns
    Discrete Jitter          (DJ):    0.000ns
    Phase Error              (PE):    0.000ns
    User Uncertainty         (UU):    0.200ns

    Location             Delay type                Incr(ns)  Path(ns)    Netlist Resource(s)
  -------------------------------------------------------------------    -------------------
                         (clock core_clk rise edge)
                                                      0.000     0.000 r  <hidden>
                                                      0.000     0.000 r  aclk
                         net (fo=25094, unset)        0.578     0.578    core/data_subsystem/scratchpad/aclk
    SLICE_X61Y53         FDRE                                         r  core/data_subsystem/scratchpad/compute_weight_output_data_q_reg[415]/C
  -------------------------------------------------------------------    -------------------
    SLICE_X61Y53         FDRE (Prop_fdre_C_Q)         0.141     0.719 r  core/data_subsystem/scratchpad/compute_weight_output_data_q_reg[415]/Q
                         net (fo=2, routed)           0.191     0.910    core/data_subsystem/conv2d_pipeline/quant_params_q_reg[511]_0[391]
    SLICE_X57Y53         FDRE                                         r  core/data_subsystem/conv2d_pipeline/quant_params_q_reg[415]/D
  -------------------------------------------------------------------    -------------------

                         (clock core_clk rise edge)
                                                      0.000     0.000 r  <hidden>
                                                      0.000     0.000 r  aclk
                         net (fo=25094, unset)        0.846     0.846    core/data_subsystem/conv2d_pipeline/aclk
    SLICE_X57Y53         FDRE                                         r  core/data_subsystem/conv2d_pipeline/quant_params_q_reg[415]/C
                         clock pessimism             -0.234     0.612    <hidden>
                         clock uncertainty            0.200     0.812    <hidden>
    SLICE_X57Y53         FDRE (Hold_fdre_C_D)         0.070     0.882    core/data_subsystem/conv2d_pipeline/quant_params_q_reg[415]
  -------------------------------------------------------------------
                         required time                         -0.882    <hidden>
                         arrival time                           0.910    <hidden>
  -------------------------------------------------------------------
                         slack                                  0.028    <hidden>

Slack (MET) :             0.028ns  (arrival time - required time)
  Source:                 core/data_subsystem/conv2d_pipeline/controller/mac/result_q_reg[24]/C
                            (rising edge-triggered cell FDRE clocked by core_clk  {rise@0.000ns fall@5.000ns period=10.000ns})
  Destination:            core/data_subsystem/conv2d_pipeline/result_buffer_data_q_reg[24]/D
                            (rising edge-triggered cell FDRE clocked by core_clk  {rise@0.000ns fall@5.000ns period=10.000ns})
  Path Group:             core_clk
  Path Type:              Hold (Min at Fast Process Corner)
  Requirement:            0.000ns  (core_clk rise@0.000ns - core_clk rise@0.000ns)
  Data Path Delay:        0.341ns  (logic 0.164ns (48.132%)  route 0.177ns (51.868%))
  Logic Levels:           0  
  Clock Path Skew:        0.037ns (DCD - SCD - CPR)
    Destination Clock Delay (DCD):    0.845ns
    Source Clock Delay      (SCD):    0.574ns
    Clock Pessimism Removal (CPR):    0.234ns
  Clock Uncertainty:      0.200ns  ((TSJ^2 + TIJ^2)^1/2 + DJ) / 2 + PE + UU
    Total System Jitter     (TSJ):    0.000ns
    Total Input Jitter      (TIJ):    0.000ns
    Discrete Jitter          (DJ):    0.000ns
    Phase Error              (PE):    0.000ns
    User Uncertainty         (UU):    0.200ns

    Location             Delay type                Incr(ns)  Path(ns)    Netlist Resource(s)
  -------------------------------------------------------------------    -------------------
                         (clock core_clk rise edge)
                                                      0.000     0.000 r  <hidden>
                                                      0.000     0.000 r  aclk
                         net (fo=25094, unset)        0.574     0.574    core/data_subsystem/conv2d_pipeline/controller/mac/aclk
    SLICE_X54Y58         FDRE                                         r  core/data_subsystem/conv2d_pipeline/controller/mac/result_q_reg[24]/C
  -------------------------------------------------------------------    -------------------
    SLICE_X54Y58         FDRE (Prop_fdre_C_Q)         0.164     0.738 r  core/data_subsystem/conv2d_pipeline/controller/mac/result_q_reg[24]/Q
                         net (fo=1, routed)           0.177     0.915    core/data_subsystem/conv2d_pipeline/controller_result_data[24]
    SLICE_X58Y58         FDRE                                         r  core/data_subsystem/conv2d_pipeline/result_buffer_data_q_reg[24]/D
  -------------------------------------------------------------------    -------------------

                         (clock core_clk rise edge)
                                                      0.000     0.000 r  <hidden>
                                                      0.000     0.000 r  aclk
                         net (fo=25094, unset)        0.845     0.845    core/data_subsystem/conv2d_pipeline/aclk
    SLICE_X58Y58         FDRE                                         r  core/data_subsystem/conv2d_pipeline/result_buffer_data_q_reg[24]/C
                         clock pessimism             -0.234     0.611    <hidden>
                         clock uncertainty            0.200     0.811    <hidden>
    SLICE_X58Y58         FDRE (Hold_fdre_C_D)         0.076     0.887    core/data_subsystem/conv2d_pipeline/result_buffer_data_q_reg[24]
  -------------------------------------------------------------------
                         required time                         -0.887    <hidden>
                         arrival time                           0.915    <hidden>
  -------------------------------------------------------------------
                         slack                                  0.028    <hidden>

Slack (MET) :             0.028ns  (arrival time - required time)
  Source:                 core/data_subsystem/conv2d_pipeline/quant_params_q_reg[649]/C
                            (rising edge-triggered cell FDRE clocked by core_clk  {rise@0.000ns fall@5.000ns period=10.000ns})
  Destination:            core/data_subsystem/conv2d_pipeline/post/multiplier_q_reg[5][9]/D
                            (rising edge-triggered cell FDRE clocked by core_clk  {rise@0.000ns fall@5.000ns period=10.000ns})
  Path Group:             core_clk
  Path Type:              Hold (Min at Fast Process Corner)
  Requirement:            0.000ns  (core_clk rise@0.000ns - core_clk rise@0.000ns)
  Data Path Delay:        0.307ns  (logic 0.141ns (45.946%)  route 0.166ns (54.054%))
  Logic Levels:           0  
  Clock Path Skew:        0.016ns (DCD - SCD - CPR)
    Destination Clock Delay (DCD):    0.876ns
    Source Clock Delay      (SCD):    0.606ns
    Clock Pessimism Removal (CPR):    0.254ns
  Clock Uncertainty:      0.200ns  ((TSJ^2 + TIJ^2)^1/2 + DJ) / 2 + PE + UU
    Total System Jitter     (TSJ):    0.000ns
    Total Input Jitter      (TIJ):    0.000ns
    Discrete Jitter          (DJ):    0.000ns
    Phase Error              (PE):    0.000ns
    User Uncertainty         (UU):    0.200ns

    Location             Delay type                Incr(ns)  Path(ns)    Netlist Resource(s)
  -------------------------------------------------------------------    -------------------
                         (clock core_clk rise edge)
                                                      0.000     0.000 r  <hidden>
                                                      0.000     0.000 r  aclk
                         net (fo=25094, unset)        0.606     0.606    core/data_subsystem/conv2d_pipeline/aclk
    SLICE_X91Y50         FDRE                                         r  core/data_subsystem/conv2d_pipeline/quant_params_q_reg[649]/C
  -------------------------------------------------------------------    -------------------
    SLICE_X91Y50         FDRE (Prop_fdre_C_Q)         0.141     0.747 r  core/data_subsystem/conv2d_pipeline/quant_params_q_reg[649]/Q
                         net (fo=1, routed)           0.166     0.913    core/data_subsystem/conv2d_pipeline/post/clamp_max_q_reg[7][31]_0[529]
    SLICE_X90Y51         FDRE                                         r  core/data_subsystem/conv2d_pipeline/post/multiplier_q_reg[5][9]/D
  -------------------------------------------------------------------    -------------------

                         (clock core_clk rise edge)
                                                      0.000     0.000 r  <hidden>
                                                      0.000     0.000 r  aclk
                         net (fo=25094, unset)        0.876     0.876    core/data_subsystem/conv2d_pipeline/post/aclk
    SLICE_X90Y51         FDRE                                         r  core/data_subsystem/conv2d_pipeline/post/multiplier_q_reg[5][9]/C
                         clock pessimism             -0.254     0.622    <hidden>
                         clock uncertainty            0.200     0.822    <hidden>
    SLICE_X90Y51         FDRE (Hold_fdre_C_D)         0.063     0.885    core/data_subsystem/conv2d_pipeline/post/multiplier_q_reg[5][9]
  -------------------------------------------------------------------
                         required time                         -0.885    <hidden>
                         arrival time                           0.913    <hidden>
  -------------------------------------------------------------------
                         slack                                  0.028    <hidden>

Slack (MET) :             0.028ns  (arrival time - required time)
  Source:                 core/execution_frontend/descriptor_cache/response_data_q_reg[427]/C
                            (rising edge-triggered cell FDCE clocked by core_clk  {rise@0.000ns fall@5.000ns period=10.000ns})
  Destination:            core/execution_frontend/operator_desc_q_reg[427]/D
                            (rising edge-triggered cell FDCE clocked by core_clk  {rise@0.000ns fall@5.000ns period=10.000ns})
  Path Group:             core_clk
  Path Type:              Hold (Min at Fast Process Corner)
  Requirement:            0.000ns  (core_clk rise@0.000ns - core_clk rise@0.000ns)
  Data Path Delay:        0.308ns  (logic 0.141ns (45.797%)  route 0.167ns (54.203%))
  Logic Levels:           0  
  Clock Path Skew:        0.017ns (DCD - SCD - CPR)
    Destination Clock Delay (DCD):    0.823ns
    Source Clock Delay      (SCD):    0.554ns
    Clock Pessimism Removal (CPR):    0.252ns
  Clock Uncertainty:      0.200ns  ((TSJ^2 + TIJ^2)^1/2 + DJ) / 2 + PE + UU
    Total System Jitter     (TSJ):    0.000ns
    Total Input Jitter      (TIJ):    0.000ns
    Discrete Jitter          (DJ):    0.000ns
    Phase Error              (PE):    0.000ns
    User Uncertainty         (UU):    0.200ns

    Location             Delay type                Incr(ns)  Path(ns)    Netlist Resource(s)
  -------------------------------------------------------------------    -------------------
                         (clock core_clk rise edge)
                                                      0.000     0.000 r  <hidden>
                                                      0.000     0.000 r  aclk
                         net (fo=25094, unset)        0.554     0.554    core/execution_frontend/descriptor_cache/aclk
    SLICE_X43Y57         FDCE                                         r  core/execution_frontend/descriptor_cache/response_data_q_reg[427]/C
  -------------------------------------------------------------------    -------------------
    SLICE_X43Y57         FDCE (Prop_fdce_C_Q)         0.141     0.695 r  core/execution_frontend/descriptor_cache/response_data_q_reg[427]/Q
                         net (fo=1, routed)           0.167     0.862    core/execution_frontend/cache_response_data[427]
    SLICE_X42Y55         FDCE                                         r  core/execution_frontend/operator_desc_q_reg[427]/D
  -------------------------------------------------------------------    -------------------

                         (clock core_clk rise edge)
                                                      0.000     0.000 r  <hidden>
                                                      0.000     0.000 r  aclk
                         net (fo=25094, unset)        0.823     0.823    core/execution_frontend/aclk
    SLICE_X42Y55         FDCE                                         r  core/execution_frontend/operator_desc_q_reg[427]/C
                         clock pessimism             -0.252     0.571    <hidden>
                         clock uncertainty            0.200     0.771    <hidden>
    SLICE_X42Y55         FDCE (Hold_fdce_C_D)         0.063     0.834    core/execution_frontend/operator_desc_q_reg[427]
  -------------------------------------------------------------------
                         required time                         -0.834    <hidden>
                         arrival time                           0.862    <hidden>
  -------------------------------------------------------------------
                         slack                                  0.028    <hidden>

Slack (MET) :             0.028ns  (arrival time - required time)
  Source:                 core/execution_frontend/descriptor_cache/pending_index_q_reg[12]/C
                            (rising edge-triggered cell FDCE clocked by core_clk  {rise@0.000ns fall@5.000ns period=10.000ns})
  Destination:            core/execution_frontend/descriptor_cache/index_q_reg[2][12]/D
                            (rising edge-triggered cell FDCE clocked by core_clk  {rise@0.000ns fall@5.000ns period=10.000ns})
  Path Group:             core_clk
  Path Type:              Hold (Min at Fast Process Corner)
  Requirement:            0.000ns  (core_clk rise@0.000ns - core_clk rise@0.000ns)
  Data Path Delay:        0.288ns  (logic 0.164ns (56.961%)  route 0.124ns (43.039%))
  Logic Levels:           0  
  Clock Path Skew:        0.013ns (DCD - SCD - CPR)
    Destination Clock Delay (DCD):    0.845ns
    Source Clock Delay      (SCD):    0.578ns
    Clock Pessimism Removal (CPR):    0.254ns
  Clock Uncertainty:      0.200ns  ((TSJ^2 + TIJ^2)^1/2 + DJ) / 2 + PE + UU
    Total System Jitter     (TSJ):    0.000ns
    Total Input Jitter      (TIJ):    0.000ns
    Discrete Jitter          (DJ):    0.000ns
    Phase Error              (PE):    0.000ns
    User Uncertainty         (UU):    0.200ns

    Location             Delay type                Incr(ns)  Path(ns)    Netlist Resource(s)
  -------------------------------------------------------------------    -------------------
                         (clock core_clk rise edge)
                                                      0.000     0.000 r  <hidden>
                                                      0.000     0.000 r  aclk
                         net (fo=25094, unset)        0.578     0.578    core/execution_frontend/descriptor_cache/aclk
    SLICE_X86Y84         FDCE                                         r  core/execution_frontend/descriptor_cache/pending_index_q_reg[12]/C
  -------------------------------------------------------------------    -------------------
    SLICE_X86Y84         FDCE (Prop_fdce_C_Q)         0.164     0.742 r  core/execution_frontend/descriptor_cache/pending_index_q_reg[12]/Q
                         net (fo=4, routed)           0.124     0.866    core/execution_frontend/descriptor_cache/pending_index_q[12]
    SLICE_X87Y83         FDCE                                         r  core/execution_frontend/descriptor_cache/index_q_reg[2][12]/D
  -------------------------------------------------------------------    -------------------

                         (clock core_clk rise edge)
                                                      0.000     0.000 r  <hidden>
                                                      0.000     0.000 r  aclk
                         net (fo=25094, unset)        0.845     0.845    core/execution_frontend/descriptor_cache/aclk
    SLICE_X87Y83         FDCE                                         r  core/execution_frontend/descriptor_cache/index_q_reg[2][12]/C
                         clock pessimism             -0.254     0.591    <hidden>
                         clock uncertainty            0.200     0.791    <hidden>
    SLICE_X87Y83         FDCE (Hold_fdce_C_D)         0.047     0.838    core/execution_frontend/descriptor_cache/index_q_reg[2][12]
  -------------------------------------------------------------------
                         required time                         -0.838    <hidden>
                         arrival time                           0.866    <hidden>
  -------------------------------------------------------------------
                         slack                                  0.028    <hidden>

Slack (MET) :             0.028ns  (arrival time - required time)
  Source:                 core/data_subsystem/scratchpad/compute_weight_output_data_q_reg[164]/C
                            (rising edge-triggered cell FDRE clocked by core_clk  {rise@0.000ns fall@5.000ns period=10.000ns})
  Destination:            core/data_subsystem/conv2d_pipeline/quant_params_q_reg[676]/D
                            (rising edge-triggered cell FDRE clocked by core_clk  {rise@0.000ns fall@5.000ns period=10.000ns})
  Path Group:             core_clk
  Path Type:              Hold (Min at Fast Process Corner)
  Requirement:            0.000ns  (core_clk rise@0.000ns - core_clk rise@0.000ns)
  Data Path Delay:        0.314ns  (logic 0.141ns (44.895%)  route 0.173ns (55.105%))
  Logic Levels:           0  
  Clock Path Skew:        0.016ns (DCD - SCD - CPR)
    Destination Clock Delay (DCD):    0.853ns
    Source Clock Delay      (SCD):    0.586ns
    Clock Pessimism Removal (CPR):    0.251ns
  Clock Uncertainty:      0.200ns  ((TSJ^2 + TIJ^2)^1/2 + DJ) / 2 + PE + UU
    Total System Jitter     (TSJ):    0.000ns
    Total Input Jitter      (TIJ):    0.000ns
    Discrete Jitter          (DJ):    0.000ns
    Phase Error              (PE):    0.000ns
    User Uncertainty         (UU):    0.200ns

    Location             Delay type                Incr(ns)  Path(ns)    Netlist Resource(s)
  -------------------------------------------------------------------    -------------------
                         (clock core_clk rise edge)
                                                      0.000     0.000 r  <hidden>
                                                      0.000     0.000 r  aclk
                         net (fo=25094, unset)        0.586     0.586    core/data_subsystem/scratchpad/aclk
    SLICE_X74Y42         FDRE                                         r  core/data_subsystem/scratchpad/compute_weight_output_data_q_reg[164]/C
  -------------------------------------------------------------------    -------------------
    SLICE_X74Y42         FDRE (Prop_fdre_C_Q)         0.141     0.727 r  core/data_subsystem/scratchpad/compute_weight_output_data_q_reg[164]/Q
                         net (fo=3, routed)           0.173     0.900    core/data_subsystem/conv2d_pipeline/quant_params_q_reg[511]_0[164]
    SLICE_X73Y39         FDRE                                         r  core/data_subsystem/conv2d_pipeline/quant_params_q_reg[676]/D
  -------------------------------------------------------------------    -------------------

                         (clock core_clk rise edge)
                                                      0.000     0.000 r  <hidden>
                                                      0.000     0.000 r  aclk
                         net (fo=25094, unset)        0.853     0.853    core/data_subsystem/conv2d_pipeline/aclk
    SLICE_X73Y39         FDRE                                         r  core/data_subsystem/conv2d_pipeline/quant_params_q_reg[676]/C
                         clock pessimism             -0.251     0.602    <hidden>
                         clock uncertainty            0.200     0.802    <hidden>
    SLICE_X73Y39         FDRE (Hold_fdre_C_D)         0.070     0.872    core/data_subsystem/conv2d_pipeline/quant_params_q_reg[676]
  -------------------------------------------------------------------
                         required time                         -0.872    <hidden>
                         arrival time                           0.900    <hidden>
  -------------------------------------------------------------------
                         slack                                  0.028    <hidden>

Slack (MET) :             0.028ns  (arrival time - required time)
  Source:                 core/data_subsystem/scratchpad/compute_weight_output_data_q_reg[181]/C
                            (rising edge-triggered cell FDRE clocked by core_clk  {rise@0.000ns fall@5.000ns period=10.000ns})
  Destination:            core/data_subsystem/conv2d_pipeline/bias_q_reg[181]/D
                            (rising edge-triggered cell FDRE clocked by core_clk  {rise@0.000ns fall@5.000ns period=10.000ns})
  Path Group:             core_clk
  Path Type:              Hold (Min at Fast Process Corner)
  Requirement:            0.000ns  (core_clk rise@0.000ns - core_clk rise@0.000ns)
  Data Path Delay:        0.333ns  (logic 0.164ns (49.239%)  route 0.169ns (50.761%))
  Logic Levels:           0  
  Clock Path Skew:        0.035ns (DCD - SCD - CPR)
    Destination Clock Delay (DCD):    0.851ns
    Source Clock Delay      (SCD):    0.582ns
    Clock Pessimism Removal (CPR):    0.234ns
  Clock Uncertainty:      0.200ns  ((TSJ^2 + TIJ^2)^1/2 + DJ) / 2 + PE + UU
    Total System Jitter     (TSJ):    0.000ns
    Total Input Jitter      (TIJ):    0.000ns
    Discrete Jitter          (DJ):    0.000ns
    Phase Error              (PE):    0.000ns
    User Uncertainty         (UU):    0.200ns

    Location             Delay type                Incr(ns)  Path(ns)    Netlist Resource(s)
  -------------------------------------------------------------------    -------------------
                         (clock core_clk rise edge)
                                                      0.000     0.000 r  <hidden>
                                                      0.000     0.000 r  aclk
                         net (fo=25094, unset)        0.582     0.582    core/data_subsystem/scratchpad/aclk
    SLICE_X86Y54         FDRE                                         r  core/data_subsystem/scratchpad/compute_weight_output_data_q_reg[181]/C
  -------------------------------------------------------------------    -------------------
    SLICE_X86Y54         FDRE (Prop_fdre_C_Q)         0.164     0.746 r  core/data_subsystem/scratchpad/compute_weight_output_data_q_reg[181]/Q
                         net (fo=1, routed)           0.169     0.915    core/data_subsystem/conv2d_pipeline/quant_params_q_reg[511]_0[181]
    SLICE_X85Y54         FDRE                                         r  core/data_subsystem/conv2d_pipeline/bias_q_reg[181]/D
  -------------------------------------------------------------------    -------------------

                         (clock core_clk rise edge)
                                                      0.000     0.000 r  <hidden>
                                                      0.000     0.000 r  aclk
                         net (fo=25094, unset)        0.851     0.851    core/data_subsystem/conv2d_pipeline/aclk
    SLICE_X85Y54         FDRE                                         r  core/data_subsystem/conv2d_pipeline/bias_q_reg[181]/C
                         clock pessimism             -0.234     0.617    <hidden>
                         clock uncertainty            0.200     0.817    <hidden>
    SLICE_X85Y54         FDRE (Hold_fdre_C_D)         0.070     0.887    core/data_subsystem/conv2d_pipeline/bias_q_reg[181]
  -------------------------------------------------------------------
                         required time                         -0.887    <hidden>
                         arrival time                           0.915    <hidden>
  -------------------------------------------------------------------
                         slack                                  0.028    <hidden>

Slack (MET) :             0.028ns  (arrival time - required time)
  Source:                 core/data_subsystem/scratchpad/compute_weight_output_data_q_reg[53]/C
                            (rising edge-triggered cell FDRE clocked by core_clk  {rise@0.000ns fall@5.000ns period=10.000ns})
  Destination:            core/data_subsystem/conv2d_pipeline/bias_q_reg[53]/D
                            (rising edge-triggered cell FDRE clocked by core_clk  {rise@0.000ns fall@5.000ns period=10.000ns})
  Path Group:             core_clk
  Path Type:              Hold (Min at Fast Process Corner)
  Requirement:            0.000ns  (core_clk rise@0.000ns - core_clk rise@0.000ns)
  Data Path Delay:        0.333ns  (logic 0.164ns (49.239%)  route 0.169ns (50.761%))
  Logic Levels:           0  
  Clock Path Skew:        0.035ns (DCD - SCD - CPR)
    Destination Clock Delay (DCD):    0.851ns
    Source Clock Delay      (SCD):    0.582ns
    Clock Pessimism Removal (CPR):    0.234ns
  Clock Uncertainty:      0.200ns  ((TSJ^2 + TIJ^2)^1/2 + DJ) / 2 + PE + UU
    Total System Jitter     (TSJ):    0.000ns
    Total Input Jitter      (TIJ):    0.000ns
    Discrete Jitter          (DJ):    0.000ns
    Phase Error              (PE):    0.000ns
    User Uncertainty         (UU):    0.200ns

    Location             Delay type                Incr(ns)  Path(ns)    Netlist Resource(s)
  -------------------------------------------------------------------    -------------------
                         (clock core_clk rise edge)
                                                      0.000     0.000 r  <hidden>
                                                      0.000     0.000 r  aclk
                         net (fo=25094, unset)        0.582     0.582    core/data_subsystem/scratchpad/aclk
    SLICE_X86Y54         FDRE                                         r  core/data_subsystem/scratchpad/compute_weight_output_data_q_reg[53]/C
  -------------------------------------------------------------------    -------------------
    SLICE_X86Y54         FDRE (Prop_fdre_C_Q)         0.164     0.746 r  core/data_subsystem/scratchpad/compute_weight_output_data_q_reg[53]/Q
                         net (fo=1, routed)           0.169     0.915    core/data_subsystem/conv2d_pipeline/quant_params_q_reg[511]_0[53]
    SLICE_X85Y54         FDRE                                         r  core/data_subsystem/conv2d_pipeline/bias_q_reg[53]/D
  -------------------------------------------------------------------    -------------------

                         (clock core_clk rise edge)
                                                      0.000     0.000 r  <hidden>
                                                      0.000     0.000 r  aclk
                         net (fo=25094, unset)        0.851     0.851    core/data_subsystem/conv2d_pipeline/aclk
    SLICE_X85Y54         FDRE                                         r  core/data_subsystem/conv2d_pipeline/bias_q_reg[53]/C
                         clock pessimism             -0.234     0.617    <hidden>
                         clock uncertainty            0.200     0.817    <hidden>
    SLICE_X85Y54         FDRE (Hold_fdre_C_D)         0.070     0.887    core/data_subsystem/conv2d_pipeline/bias_q_reg[53]
  -------------------------------------------------------------------
                         required time                         -0.887    <hidden>
                         arrival time                           0.915    <hidden>
  -------------------------------------------------------------------
                         slack                                  0.028    <hidden>

Slack (MET) :             0.028ns  (arrival time - required time)
  Source:                 core/data_subsystem/conv2d_pipeline/controller/mac/result_q_reg[30]/C
                            (rising edge-triggered cell FDRE clocked by core_clk  {rise@0.000ns fall@5.000ns period=10.000ns})
  Destination:            core/data_subsystem/conv2d_pipeline/result_buffer_data_q_reg[30]/D
                            (rising edge-triggered cell FDRE clocked by core_clk  {rise@0.000ns fall@5.000ns period=10.000ns})
  Path Group:             core_clk
  Path Type:              Hold (Min at Fast Process Corner)
  Requirement:            0.000ns  (core_clk rise@0.000ns - core_clk rise@0.000ns)
  Data Path Delay:        0.325ns  (logic 0.164ns (50.438%)  route 0.161ns (49.562%))
  Logic Levels:           0  
  Clock Path Skew:        0.037ns (DCD - SCD - CPR)
    Destination Clock Delay (DCD):    0.845ns
    Source Clock Delay      (SCD):    0.574ns
    Clock Pessimism Removal (CPR):    0.234ns
  Clock Uncertainty:      0.200ns  ((TSJ^2 + TIJ^2)^1/2 + DJ) / 2 + PE + UU
    Total System Jitter     (TSJ):    0.000ns
    Total Input Jitter      (TIJ):    0.000ns
    Discrete Jitter          (DJ):    0.000ns
    Phase Error              (PE):    0.000ns
    User Uncertainty         (UU):    0.200ns

    Location             Delay type                Incr(ns)  Path(ns)    Netlist Resource(s)
  -------------------------------------------------------------------    -------------------
                         (clock core_clk rise edge)
                                                      0.000     0.000 r  <hidden>
                                                      0.000     0.000 r  aclk
                         net (fo=25094, unset)        0.574     0.574    core/data_subsystem/conv2d_pipeline/controller/mac/aclk
    SLICE_X54Y59         FDRE                                         r  core/data_subsystem/conv2d_pipeline/controller/mac/result_q_reg[30]/C
  -------------------------------------------------------------------    -------------------
    SLICE_X54Y59         FDRE (Prop_fdre_C_Q)         0.164     0.738 r  core/data_subsystem/conv2d_pipeline/controller/mac/result_q_reg[30]/Q
                         net (fo=1, routed)           0.161     0.899    core/data_subsystem/conv2d_pipeline/controller_result_data[30]
    SLICE_X58Y58         FDRE                                         r  core/data_subsystem/conv2d_pipeline/result_buffer_data_q_reg[30]/D
  -------------------------------------------------------------------    -------------------

                         (clock core_clk rise edge)
                                                      0.000     0.000 r  <hidden>
                                                      0.000     0.000 r  aclk
                         net (fo=25094, unset)        0.845     0.845    core/data_subsystem/conv2d_pipeline/aclk
    SLICE_X58Y58         FDRE                                         r  core/data_subsystem/conv2d_pipeline/result_buffer_data_q_reg[30]/C
                         clock pessimism             -0.234     0.611    <hidden>
                         clock uncertainty            0.200     0.811    <hidden>
    SLICE_X58Y58         FDRE (Hold_fdre_C_D)         0.060     0.871    core/data_subsystem/conv2d_pipeline/result_buffer_data_q_reg[30]
  -------------------------------------------------------------------
                         required time                         -0.871    <hidden>
                         arrival time                           0.899    <hidden>
  -------------------------------------------------------------------
                         slack                                  0.028    <hidden>

Slack (MET) :             0.028ns  (arrival time - required time)
  Source:                 core/execution_frontend/command_q_reg[tag][1]/C
                            (rising edge-triggered cell FDCE clocked by core_clk  {rise@0.000ns fall@5.000ns period=10.000ns})
  Destination:            core/execution_frontend/conv_command_tag_o_reg[1]/D
                            (rising edge-triggered cell FDCE clocked by core_clk  {rise@0.000ns fall@5.000ns period=10.000ns})
  Path Group:             core_clk
  Path Type:              Hold (Min at Fast Process Corner)
  Requirement:            0.000ns  (core_clk rise@0.000ns - core_clk rise@0.000ns)
  Data Path Delay:        0.303ns  (logic 0.141ns (46.508%)  route 0.162ns (53.492%))
  Logic Levels:           0  
  Clock Path Skew:        0.016ns (DCD - SCD - CPR)
    Destination Clock Delay (DCD):    0.873ns
    Source Clock Delay      (SCD):    0.603ns
    Clock Pessimism Removal (CPR):    0.254ns
  Clock Uncertainty:      0.200ns  ((TSJ^2 + TIJ^2)^1/2 + DJ) / 2 + PE + UU
    Total System Jitter     (TSJ):    0.000ns
    Total Input Jitter      (TIJ):    0.000ns
    Discrete Jitter          (DJ):    0.000ns
    Phase Error              (PE):    0.000ns
    User Uncertainty         (UU):    0.200ns

    Location             Delay type                Incr(ns)  Path(ns)    Netlist Resource(s)
  -------------------------------------------------------------------    -------------------
                         (clock core_clk rise edge)
                                                      0.000     0.000 r  <hidden>
                                                      0.000     0.000 r  aclk
                         net (fo=25094, unset)        0.603     0.603    core/execution_frontend/aclk
    SLICE_X99Y86         FDCE                                         r  core/execution_frontend/command_q_reg[tag][1]/C
  -------------------------------------------------------------------    -------------------
    SLICE_X99Y86         FDCE (Prop_fdce_C_Q)         0.141     0.744 r  core/execution_frontend/command_q_reg[tag][1]/Q
                         net (fo=2, routed)           0.162     0.906    core/execution_frontend/command_q_reg[tag][15]_0[1]
    SLICE_X100Y86        FDCE                                         r  core/execution_frontend/conv_command_tag_o_reg[1]/D
  -------------------------------------------------------------------    -------------------

                         (clock core_clk rise edge)
                                                      0.000     0.000 r  <hidden>
                                                      0.000     0.000 r  aclk
                         net (fo=25094, unset)        0.873     0.873    core/execution_frontend/aclk
    SLICE_X100Y86        FDCE                                         r  core/execution_frontend/conv_command_tag_o_reg[1]/C
                         clock pessimism             -0.254     0.619    <hidden>
                         clock uncertainty            0.200     0.819    <hidden>
    SLICE_X100Y86        FDCE (Hold_fdce_C_D)         0.059     0.878    core/execution_frontend/conv_command_tag_o_reg[1]
  -------------------------------------------------------------------
                         required time                         -0.878    <hidden>
                         arrival time                           0.906    <hidden>
  -------------------------------------------------------------------
                         slack                                  0.028    <hidden>

Slack (MET) :             0.028ns  (arrival time - required time)
  Source:                 core/data_subsystem/scratchpad/compute_weight_output_data_q_reg[412]/C
                            (rising edge-triggered cell FDRE clocked by core_clk  {rise@0.000ns fall@5.000ns period=10.000ns})
  Destination:            core/data_subsystem/conv2d_pipeline/quant_params_q_reg[924]/D
                            (rising edge-triggered cell FDRE clocked by core_clk  {rise@0.000ns fall@5.000ns period=10.000ns})
  Path Group:             core_clk
  Path Type:              Hold (Min at Fast Process Corner)
  Requirement:            0.000ns  (core_clk rise@0.000ns - core_clk rise@0.000ns)
  Data Path Delay:        0.304ns  (logic 0.141ns (46.346%)  route 0.163ns (53.654%))
  Logic Levels:           0  
  Clock Path Skew:        0.017ns (DCD - SCD - CPR)
    Destination Clock Delay (DCD):    0.853ns
    Source Clock Delay      (SCD):    0.582ns
    Clock Pessimism Removal (CPR):    0.254ns
  Clock Uncertainty:      0.200ns  ((TSJ^2 + TIJ^2)^1/2 + DJ) / 2 + PE + UU
    Total System Jitter     (TSJ):    0.000ns
    Total Input Jitter      (TIJ):    0.000ns
    Discrete Jitter          (DJ):    0.000ns
    Phase Error              (PE):    0.000ns
    User Uncertainty         (UU):    0.200ns

    Location             Delay type                Incr(ns)  Path(ns)    Netlist Resource(s)
  -------------------------------------------------------------------    -------------------
                         (clock core_clk rise edge)
                                                      0.000     0.000 r  <hidden>
                                                      0.000     0.000 r  aclk
                         net (fo=25094, unset)        0.582     0.582    core/data_subsystem/scratchpad/aclk
    SLICE_X89Y54         FDRE                                         r  core/data_subsystem/scratchpad/compute_weight_output_data_q_reg[412]/C
  -------------------------------------------------------------------    -------------------
    SLICE_X89Y54         FDRE (Prop_fdre_C_Q)         0.141     0.723 r  core/data_subsystem/scratchpad/compute_weight_output_data_q_reg[412]/Q
                         net (fo=2, routed)           0.163     0.886    core/data_subsystem/conv2d_pipeline/quant_params_q_reg[511]_0[388]
    SLICE_X86Y52         FDRE                                         r  core/data_subsystem/conv2d_pipeline/quant_params_q_reg[924]/D
  -------------------------------------------------------------------    -------------------

                         (clock core_clk rise edge)
                                                      0.000     0.000 r  <hidden>
                                                      0.000     0.000 r  aclk
                         net (fo=25094, unset)        0.853     0.853    core/data_subsystem/conv2d_pipeline/aclk
    SLICE_X86Y52         FDRE                                         r  core/data_subsystem/conv2d_pipeline/quant_params_q_reg[924]/C
                         clock pessimism             -0.254     0.599    <hidden>
                         clock uncertainty            0.200     0.799    <hidden>
    SLICE_X86Y52         FDRE (Hold_fdre_C_D)         0.059     0.858    core/data_subsystem/conv2d_pipeline/quant_params_q_reg[924]
  -------------------------------------------------------------------
                         required time                         -0.858    <hidden>
                         arrival time                           0.886    <hidden>
  -------------------------------------------------------------------
                         slack                                  0.028    <hidden>

Slack (MET) :             0.028ns  (arrival time - required time)
  Source:                 core/data_subsystem/conv2d_pipeline/quant_params_q_reg[776]/C
                            (rising edge-triggered cell FDRE clocked by core_clk  {rise@0.000ns fall@5.000ns period=10.000ns})
  Destination:            core/data_subsystem/conv2d_pipeline/post/multiplier_q_reg[6][8]/D
                            (rising edge-triggered cell FDRE clocked by core_clk  {rise@0.000ns fall@5.000ns period=10.000ns})
  Path Group:             core_clk
  Path Type:              Hold (Min at Fast Process Corner)
  Requirement:            0.000ns  (core_clk rise@0.000ns - core_clk rise@0.000ns)
  Data Path Delay:        0.311ns  (logic 0.141ns (45.298%)  route 0.170ns (54.702%))
  Logic Levels:           0  
  Clock Path Skew:        0.013ns (DCD - SCD - CPR)
    Destination Clock Delay (DCD):    0.846ns
    Source Clock Delay      (SCD):    0.581ns
    Clock Pessimism Removal (CPR):    0.252ns
  Clock Uncertainty:      0.200ns  ((TSJ^2 + TIJ^2)^1/2 + DJ) / 2 + PE + UU
    Total System Jitter     (TSJ):    0.000ns
    Total Input Jitter      (TIJ):    0.000ns
    Discrete Jitter          (DJ):    0.000ns
    Phase Error              (PE):    0.000ns
    User Uncertainty         (UU):    0.200ns

    Location             Delay type                Incr(ns)  Path(ns)    Netlist Resource(s)
  -------------------------------------------------------------------    -------------------
                         (clock core_clk rise edge)
                                                      0.000     0.000 r  <hidden>
                                                      0.000     0.000 r  aclk
                         net (fo=25094, unset)        0.581     0.581    core/data_subsystem/conv2d_pipeline/aclk
    SLICE_X71Y33         FDRE                                         r  core/data_subsystem/conv2d_pipeline/quant_params_q_reg[776]/C
  -------------------------------------------------------------------    -------------------
    SLICE_X71Y33         FDRE (Prop_fdre_C_Q)         0.141     0.722 r  core/data_subsystem/conv2d_pipeline/quant_params_q_reg[776]/Q
                         net (fo=1, routed)           0.170     0.892    core/data_subsystem/conv2d_pipeline/post/clamp_max_q_reg[7][31]_0[632]
    SLICE_X70Y33         FDRE                                         r  core/data_subsystem/conv2d_pipeline/post/multiplier_q_reg[6][8]/D
  -------------------------------------------------------------------    -------------------

                         (clock core_clk rise edge)
                                                      0.000     0.000 r  <hidden>
                                                      0.000     0.000 r  aclk
                         net (fo=25094, unset)        0.846     0.846    core/data_subsystem/conv2d_pipeline/post/aclk
    SLICE_X70Y33         FDRE                                         r  core/data_subsystem/conv2d_pipeline/post/multiplier_q_reg[6][8]/C
                         clock pessimism             -0.252     0.594    <hidden>
                         clock uncertainty            0.200     0.794    <hidden>
    SLICE_X70Y33         FDRE (Hold_fdre_C_D)         0.070     0.864    core/data_subsystem/conv2d_pipeline/post/multiplier_q_reg[6][8]
  -------------------------------------------------------------------
                         required time                         -0.864    <hidden>
                         arrival time                           0.892    <hidden>
  -------------------------------------------------------------------
                         slack                                  0.028    <hidden>

Slack (MET) :             0.028ns  (arrival time - required time)
  Source:                 core/upsample/source_row_q_reg[0]/C
                            (rising edge-triggered cell FDRE clocked by core_clk  {rise@0.000ns fall@5.000ns period=10.000ns})
  Destination:            core/upsample/source_row_q_reg[1]/D
                            (rising edge-triggered cell FDRE clocked by core_clk  {rise@0.000ns fall@5.000ns period=10.000ns})
  Path Group:             core_clk
  Path Type:              Hold (Min at Fast Process Corner)
  Requirement:            0.000ns  (core_clk rise@0.000ns - core_clk rise@0.000ns)
  Data Path Delay:        0.351ns  (logic 0.183ns (52.092%)  route 0.168ns (47.908%))
  Logic Levels:           1  (LUT2=1)
  Clock Path Skew:        0.016ns (DCD - SCD - CPR)
    Destination Clock Delay (DCD):    0.848ns
    Source Clock Delay      (SCD):    0.579ns
    Clock Pessimism Removal (CPR):    0.253ns
  Clock Uncertainty:      0.200ns  ((TSJ^2 + TIJ^2)^1/2 + DJ) / 2 + PE + UU
    Total System Jitter     (TSJ):    0.000ns
    Total Input Jitter      (TIJ):    0.000ns
    Discrete Jitter          (DJ):    0.000ns
    Phase Error              (PE):    0.000ns
    User Uncertainty         (UU):    0.200ns

    Location             Delay type                Incr(ns)  Path(ns)    Netlist Resource(s)
  -------------------------------------------------------------------    -------------------
                         (clock core_clk rise edge)
                                                      0.000     0.000 r  <hidden>
                                                      0.000     0.000 r  aclk
                         net (fo=25094, unset)        0.579     0.579    core/upsample/aclk
    SLICE_X61Y97         FDRE                                         r  core/upsample/source_row_q_reg[0]/C
  -------------------------------------------------------------------    -------------------
    SLICE_X61Y97         FDRE (Prop_fdre_C_Q)         0.141     0.720 r  core/upsample/source_row_q_reg[0]/Q
                         net (fo=5, routed)           0.168     0.888    core/upsample/source_row_q__0[0]
    SLICE_X61Y97         LUT2 (Prop_lut2_I0_O)        0.042     0.930 r  core/upsample/source_row_q[1]_i_1/O
                         net (fo=1, routed)           0.000     0.930    core/upsample/source_row_q0[1]
    SLICE_X61Y97         FDRE                                         r  core/upsample/source_row_q_reg[1]/D
  -------------------------------------------------------------------    -------------------

                         (clock core_clk rise edge)
                                                      0.000     0.000 r  <hidden>
                                                      0.000     0.000 r  aclk
                         net (fo=25094, unset)        0.848     0.848    core/upsample/aclk
    SLICE_X61Y97         FDRE                                         r  core/upsample/source_row_q_reg[1]/C
                         clock pessimism             -0.253     0.595    <hidden>
                         clock uncertainty            0.200     0.795    <hidden>
    SLICE_X61Y97         FDRE (Hold_fdre_C_D)         0.107     0.902    core/upsample/source_row_q_reg[1]
  -------------------------------------------------------------------
                         required time                         -0.902    <hidden>
                         arrival time                           0.930    <hidden>
  -------------------------------------------------------------------
                         slack                                  0.028    <hidden>




