Copyright 1986-2022 Xilinx, Inc. All Rights Reserved. Copyright 2022-2026 Advanced Micro Devices, Inc. All Rights Reserved.
------------------------------------------------------------------------------------------------------------------------------------------------------------------------------------------------------------------------------------------------------------------
| Tool Version : Vivado v.2026.1 (win64) Build 6511674 Tue Jun 16 11:02:23 MDT 2026
| Date         : Wed Sep 16 09:32:12 2026
| Host         : RAW2332 running 64-bit major release  (build 9200)
| Command      : report_timing -delay_type max -from [all_registers] -to [all_registers] -max_paths 100 -nworst 1 -path_type full_clock_expanded -file D:/WORKBUDDY/STEM/npu-stem-repo/hardware/reports/vivado_2026_1/npu_top_impl_fast/timing_internal_setup.rpt
| Design       : npu_top
| Device       : 7z020-clg400
| Speed File   : -1  PRODUCTION 1.12 2019-11-22
| Design State : Routed
------------------------------------------------------------------------------------------------------------------------------------------------------------------------------------------------------------------------------------------------------------------

Timing Report

Slack (MET) :             0.225ns  (required time - arrival time)
  Source:                 core/data_subsystem/conv2d_pipeline/post/lane_q_reg[2]_rep__1/C
                            (rising edge-triggered cell FDCE clocked by core_clk  {rise@0.000ns fall@5.000ns period=10.000ns})
  Destination:            core/data_subsystem/conv2d_pipeline/post/product_q_reg__0/PCIN[0]
                            (rising edge-triggered cell DSP48E1 clocked by core_clk  {rise@0.000ns fall@5.000ns period=10.000ns})
  Path Group:             core_clk
  Path Type:              Setup (Max at Slow Process Corner)
  Requirement:            10.000ns  (core_clk rise@10.000ns - core_clk rise@0.000ns)
  Data Path Delay:        8.231ns  (logic 4.973ns (60.416%)  route 3.258ns (39.584%))
  Logic Levels:           3  (DSP48E1=1 LUT3=1 LUT6=1)
  Clock Path Skew:        0.092ns (DCD - SCD + CPR)
    Destination Clock Delay (DCD):    1.713ns = ( 11.713 - 10.000 ) 
    Source Clock Delay      (SCD):    1.736ns
    Clock Pessimism Removal (CPR):    0.115ns
  Clock Uncertainty:      0.235ns  ((TSJ^2 + TIJ^2)^1/2 + DJ) / 2 + PE + UU
    Total System Jitter     (TSJ):    0.071ns
    Total Input Jitter      (TIJ):    0.000ns
    Discrete Jitter          (DJ):    0.000ns
    Phase Error              (PE):    0.000ns
    User Uncertainty         (UU):    0.200ns

    Location             Delay type                Incr(ns)  Path(ns)    Netlist Resource(s)
  -------------------------------------------------------------------    -------------------
                         (clock core_clk rise edge)
                                                      0.000     0.000 r  <hidden>
                                                      0.000     0.000 r  aclk
                         net (fo=25094, unset)        1.736     1.736    core/data_subsystem/conv2d_pipeline/post/aclk
    SLICE_X84Y38         FDCE                                         r  core/data_subsystem/conv2d_pipeline/post/lane_q_reg[2]_rep__1/C
  -------------------------------------------------------------------    -------------------
    SLICE_X84Y38         FDCE (Prop_fdce_C_Q)         0.456     2.192 f  core/data_subsystem/conv2d_pipeline/post/lane_q_reg[2]_rep__1/Q
                         net (fo=103, routed)         1.230     3.422    core/data_subsystem/conv2d_pipeline/post/lane_q_reg[2]_rep__1_n_0
    SLICE_X95Y38         LUT3 (Prop_lut3_I2_O)        0.149     3.571 r  core/data_subsystem/conv2d_pipeline/post/i___249_i_1/O
                         net (fo=149, routed)         1.449     5.020    core/data_subsystem/conv2d_pipeline/post/i___249_i_1_n_0
    SLICE_X91Y45         LUT6 (Prop_lut6_I4_O)        0.332     5.352 r  core/data_subsystem/conv2d_pipeline/post/product_q0__0_i_16/O
                         net (fo=1, routed)           0.577     5.929    core/data_subsystem/conv2d_pipeline/post/biased_q[1]
    DSP48_X3Y18          DSP48E1 (Prop_dsp48e1_A[1]_PCOUT[0])
                                                      4.036     9.965 r  core/data_subsystem/conv2d_pipeline/post/product_q0__0/PCOUT[0]
                         net (fo=1, routed)           0.002     9.967    core/data_subsystem/conv2d_pipeline/post/product_q0__0_n_153
    DSP48_X3Y19          DSP48E1                                      r  core/data_subsystem/conv2d_pipeline/post/product_q_reg__0/PCIN[0]
  -------------------------------------------------------------------    -------------------

                         (clock core_clk rise edge)
                                                     10.000    10.000 r  <hidden>
                                                      0.000    10.000 r  aclk
                         net (fo=25094, unset)        1.713    11.713    core/data_subsystem/conv2d_pipeline/post/aclk
    DSP48_X3Y19          DSP48E1                                      r  core/data_subsystem/conv2d_pipeline/post/product_q_reg__0/CLK
                         clock pessimism              0.115    11.828    <hidden>
                         clock uncertainty           -0.235    11.592    <hidden>
    DSP48_X3Y19          DSP48E1 (Setup_dsp48e1_CLK_PCIN[0])
                                                     -1.400    10.192    core/data_subsystem/conv2d_pipeline/post/product_q_reg__0
  -------------------------------------------------------------------
                         required time                         10.192    <hidden>
                         arrival time                          -9.967    <hidden>
  -------------------------------------------------------------------
                         slack                                  0.225    <hidden>

Slack (MET) :             0.225ns  (required time - arrival time)
  Source:                 core/data_subsystem/conv2d_pipeline/post/lane_q_reg[2]_rep__1/C
                            (rising edge-triggered cell FDCE clocked by core_clk  {rise@0.000ns fall@5.000ns period=10.000ns})
  Destination:            core/data_subsystem/conv2d_pipeline/post/product_q_reg__0/PCIN[10]
                            (rising edge-triggered cell DSP48E1 clocked by core_clk  {rise@0.000ns fall@5.000ns period=10.000ns})
  Path Group:             core_clk
  Path Type:              Setup (Max at Slow Process Corner)
  Requirement:            10.000ns  (core_clk rise@10.000ns - core_clk rise@0.000ns)
  Data Path Delay:        8.231ns  (logic 4.973ns (60.416%)  route 3.258ns (39.584%))
  Logic Levels:           3  (DSP48E1=1 LUT3=1 LUT6=1)
  Clock Path Skew:        0.092ns (DCD - SCD + CPR)
    Destination Clock Delay (DCD):    1.713ns = ( 11.713 - 10.000 ) 
    Source Clock Delay      (SCD):    1.736ns
    Clock Pessimism Removal (CPR):    0.115ns
  Clock Uncertainty:      0.235ns  ((TSJ^2 + TIJ^2)^1/2 + DJ) / 2 + PE + UU
    Total System Jitter     (TSJ):    0.071ns
    Total Input Jitter      (TIJ):    0.000ns
    Discrete Jitter          (DJ):    0.000ns
    Phase Error              (PE):    0.000ns
    User Uncertainty         (UU):    0.200ns

    Location             Delay type                Incr(ns)  Path(ns)    Netlist Resource(s)
  -------------------------------------------------------------------    -------------------
                         (clock core_clk rise edge)
                                                      0.000     0.000 r  <hidden>
                                                      0.000     0.000 r  aclk
                         net (fo=25094, unset)        1.736     1.736    core/data_subsystem/conv2d_pipeline/post/aclk
    SLICE_X84Y38         FDCE                                         r  core/data_subsystem/conv2d_pipeline/post/lane_q_reg[2]_rep__1/C
  -------------------------------------------------------------------    -------------------
    SLICE_X84Y38         FDCE (Prop_fdce_C_Q)         0.456     2.192 f  core/data_subsystem/conv2d_pipeline/post/lane_q_reg[2]_rep__1/Q
                         net (fo=103, routed)         1.230     3.422    core/data_subsystem/conv2d_pipeline/post/lane_q_reg[2]_rep__1_n_0
    SLICE_X95Y38         LUT3 (Prop_lut3_I2_O)        0.149     3.571 r  core/data_subsystem/conv2d_pipeline/post/i___249_i_1/O
                         net (fo=149, routed)         1.449     5.020    core/data_subsystem/conv2d_pipeline/post/i___249_i_1_n_0
    SLICE_X91Y45         LUT6 (Prop_lut6_I4_O)        0.332     5.352 r  core/data_subsystem/conv2d_pipeline/post/product_q0__0_i_16/O
                         net (fo=1, routed)           0.577     5.929    core/data_subsystem/conv2d_pipeline/post/biased_q[1]
    DSP48_X3Y18          DSP48E1 (Prop_dsp48e1_A[1]_PCOUT[10])
                                                      4.036     9.965 r  core/data_subsystem/conv2d_pipeline/post/product_q0__0/PCOUT[10]
                         net (fo=1, routed)           0.002     9.967    core/data_subsystem/conv2d_pipeline/post/product_q0__0_n_143
    DSP48_X3Y19          DSP48E1                                      r  core/data_subsystem/conv2d_pipeline/post/product_q_reg__0/PCIN[10]
  -------------------------------------------------------------------    -------------------

                         (clock core_clk rise edge)
                                                     10.000    10.000 r  <hidden>
                                                      0.000    10.000 r  aclk
                         net (fo=25094, unset)        1.713    11.713    core/data_subsystem/conv2d_pipeline/post/aclk
    DSP48_X3Y19          DSP48E1                                      r  core/data_subsystem/conv2d_pipeline/post/product_q_reg__0/CLK
                         clock pessimism              0.115    11.828    <hidden>
                         clock uncertainty           -0.235    11.592    <hidden>
    DSP48_X3Y19          DSP48E1 (Setup_dsp48e1_CLK_PCIN[10])
                                                     -1.400    10.192    core/data_subsystem/conv2d_pipeline/post/product_q_reg__0
  -------------------------------------------------------------------
                         required time                         10.192    <hidden>
                         arrival time                          -9.967    <hidden>
  -------------------------------------------------------------------
                         slack                                  0.225    <hidden>

Slack (MET) :             0.225ns  (required time - arrival time)
  Source:                 core/data_subsystem/conv2d_pipeline/post/lane_q_reg[2]_rep__1/C
                            (rising edge-triggered cell FDCE clocked by core_clk  {rise@0.000ns fall@5.000ns period=10.000ns})
  Destination:            core/data_subsystem/conv2d_pipeline/post/product_q_reg__0/PCIN[11]
                            (rising edge-triggered cell DSP48E1 clocked by core_clk  {rise@0.000ns fall@5.000ns period=10.000ns})
  Path Group:             core_clk
  Path Type:              Setup (Max at Slow Process Corner)
  Requirement:            10.000ns  (core_clk rise@10.000ns - core_clk rise@0.000ns)
  Data Path Delay:        8.231ns  (logic 4.973ns (60.416%)  route 3.258ns (39.584%))
  Logic Levels:           3  (DSP48E1=1 LUT3=1 LUT6=1)
  Clock Path Skew:        0.092ns (DCD - SCD + CPR)
    Destination Clock Delay (DCD):    1.713ns = ( 11.713 - 10.000 ) 
    Source Clock Delay      (SCD):    1.736ns
    Clock Pessimism Removal (CPR):    0.115ns
  Clock Uncertainty:      0.235ns  ((TSJ^2 + TIJ^2)^1/2 + DJ) / 2 + PE + UU
    Total System Jitter     (TSJ):    0.071ns
    Total Input Jitter      (TIJ):    0.000ns
    Discrete Jitter          (DJ):    0.000ns
    Phase Error              (PE):    0.000ns
    User Uncertainty         (UU):    0.200ns

    Location             Delay type                Incr(ns)  Path(ns)    Netlist Resource(s)
  -------------------------------------------------------------------    -------------------
                         (clock core_clk rise edge)
                                                      0.000     0.000 r  <hidden>
                                                      0.000     0.000 r  aclk
                         net (fo=25094, unset)        1.736     1.736    core/data_subsystem/conv2d_pipeline/post/aclk
    SLICE_X84Y38         FDCE                                         r  core/data_subsystem/conv2d_pipeline/post/lane_q_reg[2]_rep__1/C
  -------------------------------------------------------------------    -------------------
    SLICE_X84Y38         FDCE (Prop_fdce_C_Q)         0.456     2.192 f  core/data_subsystem/conv2d_pipeline/post/lane_q_reg[2]_rep__1/Q
                         net (fo=103, routed)         1.230     3.422    core/data_subsystem/conv2d_pipeline/post/lane_q_reg[2]_rep__1_n_0
    SLICE_X95Y38         LUT3 (Prop_lut3_I2_O)        0.149     3.571 r  core/data_subsystem/conv2d_pipeline/post/i___249_i_1/O
                         net (fo=149, routed)         1.449     5.020    core/data_subsystem/conv2d_pipeline/post/i___249_i_1_n_0
    SLICE_X91Y45         LUT6 (Prop_lut6_I4_O)        0.332     5.352 r  core/data_subsystem/conv2d_pipeline/post/product_q0__0_i_16/O
                         net (fo=1, routed)           0.577     5.929    core/data_subsystem/conv2d_pipeline/post/biased_q[1]
    DSP48_X3Y18          DSP48E1 (Prop_dsp48e1_A[1]_PCOUT[11])
                                                      4.036     9.965 r  core/data_subsystem/conv2d_pipeline/post/product_q0__0/PCOUT[11]
                         net (fo=1, routed)           0.002     9.967    core/data_subsystem/conv2d_pipeline/post/product_q0__0_n_142
    DSP48_X3Y19          DSP48E1                                      r  core/data_subsystem/conv2d_pipeline/post/product_q_reg__0/PCIN[11]
  -------------------------------------------------------------------    -------------------

                         (clock core_clk rise edge)
                                                     10.000    10.000 r  <hidden>
                                                      0.000    10.000 r  aclk
                         net (fo=25094, unset)        1.713    11.713    core/data_subsystem/conv2d_pipeline/post/aclk
    DSP48_X3Y19          DSP48E1                                      r  core/data_subsystem/conv2d_pipeline/post/product_q_reg__0/CLK
                         clock pessimism              0.115    11.828    <hidden>
                         clock uncertainty           -0.235    11.592    <hidden>
    DSP48_X3Y19          DSP48E1 (Setup_dsp48e1_CLK_PCIN[11])
                                                     -1.400    10.192    core/data_subsystem/conv2d_pipeline/post/product_q_reg__0
  -------------------------------------------------------------------
                         required time                         10.192    <hidden>
                         arrival time                          -9.967    <hidden>
  -------------------------------------------------------------------
                         slack                                  0.225    <hidden>

Slack (MET) :             0.225ns  (required time - arrival time)
  Source:                 core/data_subsystem/conv2d_pipeline/post/lane_q_reg[2]_rep__1/C
                            (rising edge-triggered cell FDCE clocked by core_clk  {rise@0.000ns fall@5.000ns period=10.000ns})
  Destination:            core/data_subsystem/conv2d_pipeline/post/product_q_reg__0/PCIN[12]
                            (rising edge-triggered cell DSP48E1 clocked by core_clk  {rise@0.000ns fall@5.000ns period=10.000ns})
  Path Group:             core_clk
  Path Type:              Setup (Max at Slow Process Corner)
  Requirement:            10.000ns  (core_clk rise@10.000ns - core_clk rise@0.000ns)
  Data Path Delay:        8.231ns  (logic 4.973ns (60.416%)  route 3.258ns (39.584%))
  Logic Levels:           3  (DSP48E1=1 LUT3=1 LUT6=1)
  Clock Path Skew:        0.092ns (DCD - SCD + CPR)
    Destination Clock Delay (DCD):    1.713ns = ( 11.713 - 10.000 ) 
    Source Clock Delay      (SCD):    1.736ns
    Clock Pessimism Removal (CPR):    0.115ns
  Clock Uncertainty:      0.235ns  ((TSJ^2 + TIJ^2)^1/2 + DJ) / 2 + PE + UU
    Total System Jitter     (TSJ):    0.071ns
    Total Input Jitter      (TIJ):    0.000ns
    Discrete Jitter          (DJ):    0.000ns
    Phase Error              (PE):    0.000ns
    User Uncertainty         (UU):    0.200ns

    Location             Delay type                Incr(ns)  Path(ns)    Netlist Resource(s)
  -------------------------------------------------------------------    -------------------
                         (clock core_clk rise edge)
                                                      0.000     0.000 r  <hidden>
                                                      0.000     0.000 r  aclk
                         net (fo=25094, unset)        1.736     1.736    core/data_subsystem/conv2d_pipeline/post/aclk
    SLICE_X84Y38         FDCE                                         r  core/data_subsystem/conv2d_pipeline/post/lane_q_reg[2]_rep__1/C
  -------------------------------------------------------------------    -------------------
    SLICE_X84Y38         FDCE (Prop_fdce_C_Q)         0.456     2.192 f  core/data_subsystem/conv2d_pipeline/post/lane_q_reg[2]_rep__1/Q
                         net (fo=103, routed)         1.230     3.422    core/data_subsystem/conv2d_pipeline/post/lane_q_reg[2]_rep__1_n_0
    SLICE_X95Y38         LUT3 (Prop_lut3_I2_O)        0.149     3.571 r  core/data_subsystem/conv2d_pipeline/post/i___249_i_1/O
                         net (fo=149, routed)         1.449     5.020    core/data_subsystem/conv2d_pipeline/post/i___249_i_1_n_0
    SLICE_X91Y45         LUT6 (Prop_lut6_I4_O)        0.332     5.352 r  core/data_subsystem/conv2d_pipeline/post/product_q0__0_i_16/O
                         net (fo=1, routed)           0.577     5.929    core/data_subsystem/conv2d_pipeline/post/biased_q[1]
    DSP48_X3Y18          DSP48E1 (Prop_dsp48e1_A[1]_PCOUT[12])
                                                      4.036     9.965 r  core/data_subsystem/conv2d_pipeline/post/product_q0__0/PCOUT[12]
                         net (fo=1, routed)           0.002     9.967    core/data_subsystem/conv2d_pipeline/post/product_q0__0_n_141
    DSP48_X3Y19          DSP48E1                                      r  core/data_subsystem/conv2d_pipeline/post/product_q_reg__0/PCIN[12]
  -------------------------------------------------------------------    -------------------

                         (clock core_clk rise edge)
                                                     10.000    10.000 r  <hidden>
                                                      0.000    10.000 r  aclk
                         net (fo=25094, unset)        1.713    11.713    core/data_subsystem/conv2d_pipeline/post/aclk
    DSP48_X3Y19          DSP48E1                                      r  core/data_subsystem/conv2d_pipeline/post/product_q_reg__0/CLK
                         clock pessimism              0.115    11.828    <hidden>
                         clock uncertainty           -0.235    11.592    <hidden>
    DSP48_X3Y19          DSP48E1 (Setup_dsp48e1_CLK_PCIN[12])
                                                     -1.400    10.192    core/data_subsystem/conv2d_pipeline/post/product_q_reg__0
  -------------------------------------------------------------------
                         required time                         10.192    <hidden>
                         arrival time                          -9.967    <hidden>
  -------------------------------------------------------------------
                         slack                                  0.225    <hidden>

Slack (MET) :             0.225ns  (required time - arrival time)
  Source:                 core/data_subsystem/conv2d_pipeline/post/lane_q_reg[2]_rep__1/C
                            (rising edge-triggered cell FDCE clocked by core_clk  {rise@0.000ns fall@5.000ns period=10.000ns})
  Destination:            core/data_subsystem/conv2d_pipeline/post/product_q_reg__0/PCIN[13]
                            (rising edge-triggered cell DSP48E1 clocked by core_clk  {rise@0.000ns fall@5.000ns period=10.000ns})
  Path Group:             core_clk
  Path Type:              Setup (Max at Slow Process Corner)
  Requirement:            10.000ns  (core_clk rise@10.000ns - core_clk rise@0.000ns)
  Data Path Delay:        8.231ns  (logic 4.973ns (60.416%)  route 3.258ns (39.584%))
  Logic Levels:           3  (DSP48E1=1 LUT3=1 LUT6=1)
  Clock Path Skew:        0.092ns (DCD - SCD + CPR)
    Destination Clock Delay (DCD):    1.713ns = ( 11.713 - 10.000 ) 
    Source Clock Delay      (SCD):    1.736ns
    Clock Pessimism Removal (CPR):    0.115ns
  Clock Uncertainty:      0.235ns  ((TSJ^2 + TIJ^2)^1/2 + DJ) / 2 + PE + UU
    Total System Jitter     (TSJ):    0.071ns
    Total Input Jitter      (TIJ):    0.000ns
    Discrete Jitter          (DJ):    0.000ns
    Phase Error              (PE):    0.000ns
    User Uncertainty         (UU):    0.200ns

    Location             Delay type                Incr(ns)  Path(ns)    Netlist Resource(s)
  -------------------------------------------------------------------    -------------------
                         (clock core_clk rise edge)
                                                      0.000     0.000 r  <hidden>
                                                      0.000     0.000 r  aclk
                         net (fo=25094, unset)        1.736     1.736    core/data_subsystem/conv2d_pipeline/post/aclk
    SLICE_X84Y38         FDCE                                         r  core/data_subsystem/conv2d_pipeline/post/lane_q_reg[2]_rep__1/C
  -------------------------------------------------------------------    -------------------
    SLICE_X84Y38         FDCE (Prop_fdce_C_Q)         0.456     2.192 f  core/data_subsystem/conv2d_pipeline/post/lane_q_reg[2]_rep__1/Q
                         net (fo=103, routed)         1.230     3.422    core/data_subsystem/conv2d_pipeline/post/lane_q_reg[2]_rep__1_n_0
    SLICE_X95Y38         LUT3 (Prop_lut3_I2_O)        0.149     3.571 r  core/data_subsystem/conv2d_pipeline/post/i___249_i_1/O
                         net (fo=149, routed)         1.449     5.020    core/data_subsystem/conv2d_pipeline/post/i___249_i_1_n_0
    SLICE_X91Y45         LUT6 (Prop_lut6_I4_O)        0.332     5.352 r  core/data_subsystem/conv2d_pipeline/post/product_q0__0_i_16/O
                         net (fo=1, routed)           0.577     5.929    core/data_subsystem/conv2d_pipeline/post/biased_q[1]
    DSP48_X3Y18          DSP48E1 (Prop_dsp48e1_A[1]_PCOUT[13])
                                                      4.036     9.965 r  core/data_subsystem/conv2d_pipeline/post/product_q0__0/PCOUT[13]
                         net (fo=1, routed)           0.002     9.967    core/data_subsystem/conv2d_pipeline/post/product_q0__0_n_140
    DSP48_X3Y19          DSP48E1                                      r  core/data_subsystem/conv2d_pipeline/post/product_q_reg__0/PCIN[13]
  -------------------------------------------------------------------    -------------------

                         (clock core_clk rise edge)
                                                     10.000    10.000 r  <hidden>
                                                      0.000    10.000 r  aclk
                         net (fo=25094, unset)        1.713    11.713    core/data_subsystem/conv2d_pipeline/post/aclk
    DSP48_X3Y19          DSP48E1                                      r  core/data_subsystem/conv2d_pipeline/post/product_q_reg__0/CLK
                         clock pessimism              0.115    11.828    <hidden>
                         clock uncertainty           -0.235    11.592    <hidden>
    DSP48_X3Y19          DSP48E1 (Setup_dsp48e1_CLK_PCIN[13])
                                                     -1.400    10.192    core/data_subsystem/conv2d_pipeline/post/product_q_reg__0
  -------------------------------------------------------------------
                         required time                         10.192    <hidden>
                         arrival time                          -9.967    <hidden>
  -------------------------------------------------------------------
                         slack                                  0.225    <hidden>

Slack (MET) :             0.225ns  (required time - arrival time)
  Source:                 core/data_subsystem/conv2d_pipeline/post/lane_q_reg[2]_rep__1/C
                            (rising edge-triggered cell FDCE clocked by core_clk  {rise@0.000ns fall@5.000ns period=10.000ns})
  Destination:            core/data_subsystem/conv2d_pipeline/post/product_q_reg__0/PCIN[14]
                            (rising edge-triggered cell DSP48E1 clocked by core_clk  {rise@0.000ns fall@5.000ns period=10.000ns})
  Path Group:             core_clk
  Path Type:              Setup (Max at Slow Process Corner)
  Requirement:            10.000ns  (core_clk rise@10.000ns - core_clk rise@0.000ns)
  Data Path Delay:        8.231ns  (logic 4.973ns (60.416%)  route 3.258ns (39.584%))
  Logic Levels:           3  (DSP48E1=1 LUT3=1 LUT6=1)
  Clock Path Skew:        0.092ns (DCD - SCD + CPR)
    Destination Clock Delay (DCD):    1.713ns = ( 11.713 - 10.000 ) 
    Source Clock Delay      (SCD):    1.736ns
    Clock Pessimism Removal (CPR):    0.115ns
  Clock Uncertainty:      0.235ns  ((TSJ^2 + TIJ^2)^1/2 + DJ) / 2 + PE + UU
    Total System Jitter     (TSJ):    0.071ns
    Total Input Jitter      (TIJ):    0.000ns
    Discrete Jitter          (DJ):    0.000ns
    Phase Error              (PE):    0.000ns
    User Uncertainty         (UU):    0.200ns

    Location             Delay type                Incr(ns)  Path(ns)    Netlist Resource(s)
  -------------------------------------------------------------------    -------------------
                         (clock core_clk rise edge)
                                                      0.000     0.000 r  <hidden>
                                                      0.000     0.000 r  aclk
                         net (fo=25094, unset)        1.736     1.736    core/data_subsystem/conv2d_pipeline/post/aclk
    SLICE_X84Y38         FDCE                                         r  core/data_subsystem/conv2d_pipeline/post/lane_q_reg[2]_rep__1/C
  -------------------------------------------------------------------    -------------------
    SLICE_X84Y38         FDCE (Prop_fdce_C_Q)         0.456     2.192 f  core/data_subsystem/conv2d_pipeline/post/lane_q_reg[2]_rep__1/Q
                         net (fo=103, routed)         1.230     3.422    core/data_subsystem/conv2d_pipeline/post/lane_q_reg[2]_rep__1_n_0
    SLICE_X95Y38         LUT3 (Prop_lut3_I2_O)        0.149     3.571 r  core/data_subsystem/conv2d_pipeline/post/i___249_i_1/O
                         net (fo=149, routed)         1.449     5.020    core/data_subsystem/conv2d_pipeline/post/i___249_i_1_n_0
    SLICE_X91Y45         LUT6 (Prop_lut6_I4_O)        0.332     5.352 r  core/data_subsystem/conv2d_pipeline/post/product_q0__0_i_16/O
                         net (fo=1, routed)           0.577     5.929    core/data_subsystem/conv2d_pipeline/post/biased_q[1]
    DSP48_X3Y18          DSP48E1 (Prop_dsp48e1_A[1]_PCOUT[14])
                                                      4.036     9.965 r  core/data_subsystem/conv2d_pipeline/post/product_q0__0/PCOUT[14]
                         net (fo=1, routed)           0.002     9.967    core/data_subsystem/conv2d_pipeline/post/product_q0__0_n_139
    DSP48_X3Y19          DSP48E1                                      r  core/data_subsystem/conv2d_pipeline/post/product_q_reg__0/PCIN[14]
  -------------------------------------------------------------------    -------------------

                         (clock core_clk rise edge)
                                                     10.000    10.000 r  <hidden>
                                                      0.000    10.000 r  aclk
                         net (fo=25094, unset)        1.713    11.713    core/data_subsystem/conv2d_pipeline/post/aclk
    DSP48_X3Y19          DSP48E1                                      r  core/data_subsystem/conv2d_pipeline/post/product_q_reg__0/CLK
                         clock pessimism              0.115    11.828    <hidden>
                         clock uncertainty           -0.235    11.592    <hidden>
    DSP48_X3Y19          DSP48E1 (Setup_dsp48e1_CLK_PCIN[14])
                                                     -1.400    10.192    core/data_subsystem/conv2d_pipeline/post/product_q_reg__0
  -------------------------------------------------------------------
                         required time                         10.192    <hidden>
                         arrival time                          -9.967    <hidden>
  -------------------------------------------------------------------
                         slack                                  0.225    <hidden>

Slack (MET) :             0.225ns  (required time - arrival time)
  Source:                 core/data_subsystem/conv2d_pipeline/post/lane_q_reg[2]_rep__1/C
                            (rising edge-triggered cell FDCE clocked by core_clk  {rise@0.000ns fall@5.000ns period=10.000ns})
  Destination:            core/data_subsystem/conv2d_pipeline/post/product_q_reg__0/PCIN[15]
                            (rising edge-triggered cell DSP48E1 clocked by core_clk  {rise@0.000ns fall@5.000ns period=10.000ns})
  Path Group:             core_clk
  Path Type:              Setup (Max at Slow Process Corner)
  Requirement:            10.000ns  (core_clk rise@10.000ns - core_clk rise@0.000ns)
  Data Path Delay:        8.231ns  (logic 4.973ns (60.416%)  route 3.258ns (39.584%))
  Logic Levels:           3  (DSP48E1=1 LUT3=1 LUT6=1)
  Clock Path Skew:        0.092ns (DCD - SCD + CPR)
    Destination Clock Delay (DCD):    1.713ns = ( 11.713 - 10.000 ) 
    Source Clock Delay      (SCD):    1.736ns
    Clock Pessimism Removal (CPR):    0.115ns
  Clock Uncertainty:      0.235ns  ((TSJ^2 + TIJ^2)^1/2 + DJ) / 2 + PE + UU
    Total System Jitter     (TSJ):    0.071ns
    Total Input Jitter      (TIJ):    0.000ns
    Discrete Jitter          (DJ):    0.000ns
    Phase Error              (PE):    0.000ns
    User Uncertainty         (UU):    0.200ns

    Location             Delay type                Incr(ns)  Path(ns)    Netlist Resource(s)
  -------------------------------------------------------------------    -------------------
                         (clock core_clk rise edge)
                                                      0.000     0.000 r  <hidden>
                                                      0.000     0.000 r  aclk
                         net (fo=25094, unset)        1.736     1.736    core/data_subsystem/conv2d_pipeline/post/aclk
    SLICE_X84Y38         FDCE                                         r  core/data_subsystem/conv2d_pipeline/post/lane_q_reg[2]_rep__1/C
  -------------------------------------------------------------------    -------------------
    SLICE_X84Y38         FDCE (Prop_fdce_C_Q)         0.456     2.192 f  core/data_subsystem/conv2d_pipeline/post/lane_q_reg[2]_rep__1/Q
                         net (fo=103, routed)         1.230     3.422    core/data_subsystem/conv2d_pipeline/post/lane_q_reg[2]_rep__1_n_0
    SLICE_X95Y38         LUT3 (Prop_lut3_I2_O)        0.149     3.571 r  core/data_subsystem/conv2d_pipeline/post/i___249_i_1/O
                         net (fo=149, routed)         1.449     5.020    core/data_subsystem/conv2d_pipeline/post/i___249_i_1_n_0
    SLICE_X91Y45         LUT6 (Prop_lut6_I4_O)        0.332     5.352 r  core/data_subsystem/conv2d_pipeline/post/product_q0__0_i_16/O
                         net (fo=1, routed)           0.577     5.929    core/data_subsystem/conv2d_pipeline/post/biased_q[1]
    DSP48_X3Y18          DSP48E1 (Prop_dsp48e1_A[1]_PCOUT[15])
                                                      4.036     9.965 r  core/data_subsystem/conv2d_pipeline/post/product_q0__0/PCOUT[15]
                         net (fo=1, routed)           0.002     9.967    core/data_subsystem/conv2d_pipeline/post/product_q0__0_n_138
    DSP48_X3Y19          DSP48E1                                      r  core/data_subsystem/conv2d_pipeline/post/product_q_reg__0/PCIN[15]
  -------------------------------------------------------------------    -------------------

                         (clock core_clk rise edge)
                                                     10.000    10.000 r  <hidden>
                                                      0.000    10.000 r  aclk
                         net (fo=25094, unset)        1.713    11.713    core/data_subsystem/conv2d_pipeline/post/aclk
    DSP48_X3Y19          DSP48E1                                      r  core/data_subsystem/conv2d_pipeline/post/product_q_reg__0/CLK
                         clock pessimism              0.115    11.828    <hidden>
                         clock uncertainty           -0.235    11.592    <hidden>
    DSP48_X3Y19          DSP48E1 (Setup_dsp48e1_CLK_PCIN[15])
                                                     -1.400    10.192    core/data_subsystem/conv2d_pipeline/post/product_q_reg__0
  -------------------------------------------------------------------
                         required time                         10.192    <hidden>
                         arrival time                          -9.967    <hidden>
  -------------------------------------------------------------------
                         slack                                  0.225    <hidden>

Slack (MET) :             0.225ns  (required time - arrival time)
  Source:                 core/data_subsystem/conv2d_pipeline/post/lane_q_reg[2]_rep__1/C
                            (rising edge-triggered cell FDCE clocked by core_clk  {rise@0.000ns fall@5.000ns period=10.000ns})
  Destination:            core/data_subsystem/conv2d_pipeline/post/product_q_reg__0/PCIN[16]
                            (rising edge-triggered cell DSP48E1 clocked by core_clk  {rise@0.000ns fall@5.000ns period=10.000ns})
  Path Group:             core_clk
  Path Type:              Setup (Max at Slow Process Corner)
  Requirement:            10.000ns  (core_clk rise@10.000ns - core_clk rise@0.000ns)
  Data Path Delay:        8.231ns  (logic 4.973ns (60.416%)  route 3.258ns (39.584%))
  Logic Levels:           3  (DSP48E1=1 LUT3=1 LUT6=1)
  Clock Path Skew:        0.092ns (DCD - SCD + CPR)
    Destination Clock Delay (DCD):    1.713ns = ( 11.713 - 10.000 ) 
    Source Clock Delay      (SCD):    1.736ns
    Clock Pessimism Removal (CPR):    0.115ns
  Clock Uncertainty:      0.235ns  ((TSJ^2 + TIJ^2)^1/2 + DJ) / 2 + PE + UU
    Total System Jitter     (TSJ):    0.071ns
    Total Input Jitter      (TIJ):    0.000ns
    Discrete Jitter          (DJ):    0.000ns
    Phase Error              (PE):    0.000ns
    User Uncertainty         (UU):    0.200ns

    Location             Delay type                Incr(ns)  Path(ns)    Netlist Resource(s)
  -------------------------------------------------------------------    -------------------
                         (clock core_clk rise edge)
                                                      0.000     0.000 r  <hidden>
                                                      0.000     0.000 r  aclk
                         net (fo=25094, unset)        1.736     1.736    core/data_subsystem/conv2d_pipeline/post/aclk
    SLICE_X84Y38         FDCE                                         r  core/data_subsystem/conv2d_pipeline/post/lane_q_reg[2]_rep__1/C
  -------------------------------------------------------------------    -------------------
    SLICE_X84Y38         FDCE (Prop_fdce_C_Q)         0.456     2.192 f  core/data_subsystem/conv2d_pipeline/post/lane_q_reg[2]_rep__1/Q
                         net (fo=103, routed)         1.230     3.422    core/data_subsystem/conv2d_pipeline/post/lane_q_reg[2]_rep__1_n_0
    SLICE_X95Y38         LUT3 (Prop_lut3_I2_O)        0.149     3.571 r  core/data_subsystem/conv2d_pipeline/post/i___249_i_1/O
                         net (fo=149, routed)         1.449     5.020    core/data_subsystem/conv2d_pipeline/post/i___249_i_1_n_0
    SLICE_X91Y45         LUT6 (Prop_lut6_I4_O)        0.332     5.352 r  core/data_subsystem/conv2d_pipeline/post/product_q0__0_i_16/O
                         net (fo=1, routed)           0.577     5.929    core/data_subsystem/conv2d_pipeline/post/biased_q[1]
    DSP48_X3Y18          DSP48E1 (Prop_dsp48e1_A[1]_PCOUT[16])
                                                      4.036     9.965 r  core/data_subsystem/conv2d_pipeline/post/product_q0__0/PCOUT[16]
                         net (fo=1, routed)           0.002     9.967    core/data_subsystem/conv2d_pipeline/post/product_q0__0_n_137
    DSP48_X3Y19          DSP48E1                                      r  core/data_subsystem/conv2d_pipeline/post/product_q_reg__0/PCIN[16]
  -------------------------------------------------------------------    -------------------

                         (clock core_clk rise edge)
                                                     10.000    10.000 r  <hidden>
                                                      0.000    10.000 r  aclk
                         net (fo=25094, unset)        1.713    11.713    core/data_subsystem/conv2d_pipeline/post/aclk
    DSP48_X3Y19          DSP48E1                                      r  core/data_subsystem/conv2d_pipeline/post/product_q_reg__0/CLK
                         clock pessimism              0.115    11.828    <hidden>
                         clock uncertainty           -0.235    11.592    <hidden>
    DSP48_X3Y19          DSP48E1 (Setup_dsp48e1_CLK_PCIN[16])
                                                     -1.400    10.192    core/data_subsystem/conv2d_pipeline/post/product_q_reg__0
  -------------------------------------------------------------------
                         required time                         10.192    <hidden>
                         arrival time                          -9.967    <hidden>
  -------------------------------------------------------------------
                         slack                                  0.225    <hidden>

Slack (MET) :             0.225ns  (required time - arrival time)
  Source:                 core/data_subsystem/conv2d_pipeline/post/lane_q_reg[2]_rep__1/C
                            (rising edge-triggered cell FDCE clocked by core_clk  {rise@0.000ns fall@5.000ns period=10.000ns})
  Destination:            core/data_subsystem/conv2d_pipeline/post/product_q_reg__0/PCIN[17]
                            (rising edge-triggered cell DSP48E1 clocked by core_clk  {rise@0.000ns fall@5.000ns period=10.000ns})
  Path Group:             core_clk
  Path Type:              Setup (Max at Slow Process Corner)
  Requirement:            10.000ns  (core_clk rise@10.000ns - core_clk rise@0.000ns)
  Data Path Delay:        8.231ns  (logic 4.973ns (60.416%)  route 3.258ns (39.584%))
  Logic Levels:           3  (DSP48E1=1 LUT3=1 LUT6=1)
  Clock Path Skew:        0.092ns (DCD - SCD + CPR)
    Destination Clock Delay (DCD):    1.713ns = ( 11.713 - 10.000 ) 
    Source Clock Delay      (SCD):    1.736ns
    Clock Pessimism Removal (CPR):    0.115ns
  Clock Uncertainty:      0.235ns  ((TSJ^2 + TIJ^2)^1/2 + DJ) / 2 + PE + UU
    Total System Jitter     (TSJ):    0.071ns
    Total Input Jitter      (TIJ):    0.000ns
    Discrete Jitter          (DJ):    0.000ns
    Phase Error              (PE):    0.000ns
    User Uncertainty         (UU):    0.200ns

    Location             Delay type                Incr(ns)  Path(ns)    Netlist Resource(s)
  -------------------------------------------------------------------    -------------------
                         (clock core_clk rise edge)
                                                      0.000     0.000 r  <hidden>
                                                      0.000     0.000 r  aclk
                         net (fo=25094, unset)        1.736     1.736    core/data_subsystem/conv2d_pipeline/post/aclk
    SLICE_X84Y38         FDCE                                         r  core/data_subsystem/conv2d_pipeline/post/lane_q_reg[2]_rep__1/C
  -------------------------------------------------------------------    -------------------
    SLICE_X84Y38         FDCE (Prop_fdce_C_Q)         0.456     2.192 f  core/data_subsystem/conv2d_pipeline/post/lane_q_reg[2]_rep__1/Q
                         net (fo=103, routed)         1.230     3.422    core/data_subsystem/conv2d_pipeline/post/lane_q_reg[2]_rep__1_n_0
    SLICE_X95Y38         LUT3 (Prop_lut3_I2_O)        0.149     3.571 r  core/data_subsystem/conv2d_pipeline/post/i___249_i_1/O
                         net (fo=149, routed)         1.449     5.020    core/data_subsystem/conv2d_pipeline/post/i___249_i_1_n_0
    SLICE_X91Y45         LUT6 (Prop_lut6_I4_O)        0.332     5.352 r  core/data_subsystem/conv2d_pipeline/post/product_q0__0_i_16/O
                         net (fo=1, routed)           0.577     5.929    core/data_subsystem/conv2d_pipeline/post/biased_q[1]
    DSP48_X3Y18          DSP48E1 (Prop_dsp48e1_A[1]_PCOUT[17])
                                                      4.036     9.965 r  core/data_subsystem/conv2d_pipeline/post/product_q0__0/PCOUT[17]
                         net (fo=1, routed)           0.002     9.967    core/data_subsystem/conv2d_pipeline/post/product_q0__0_n_136
    DSP48_X3Y19          DSP48E1                                      r  core/data_subsystem/conv2d_pipeline/post/product_q_reg__0/PCIN[17]
  -------------------------------------------------------------------    -------------------

                         (clock core_clk rise edge)
                                                     10.000    10.000 r  <hidden>
                                                      0.000    10.000 r  aclk
                         net (fo=25094, unset)        1.713    11.713    core/data_subsystem/conv2d_pipeline/post/aclk
    DSP48_X3Y19          DSP48E1                                      r  core/data_subsystem/conv2d_pipeline/post/product_q_reg__0/CLK
                         clock pessimism              0.115    11.828    <hidden>
                         clock uncertainty           -0.235    11.592    <hidden>
    DSP48_X3Y19          DSP48E1 (Setup_dsp48e1_CLK_PCIN[17])
                                                     -1.400    10.192    core/data_subsystem/conv2d_pipeline/post/product_q_reg__0
  -------------------------------------------------------------------
                         required time                         10.192    <hidden>
                         arrival time                          -9.967    <hidden>
  -------------------------------------------------------------------
                         slack                                  0.225    <hidden>

Slack (MET) :             0.225ns  (required time - arrival time)
  Source:                 core/data_subsystem/conv2d_pipeline/post/lane_q_reg[2]_rep__1/C
                            (rising edge-triggered cell FDCE clocked by core_clk  {rise@0.000ns fall@5.000ns period=10.000ns})
  Destination:            core/data_subsystem/conv2d_pipeline/post/product_q_reg__0/PCIN[18]
                            (rising edge-triggered cell DSP48E1 clocked by core_clk  {rise@0.000ns fall@5.000ns period=10.000ns})
  Path Group:             core_clk
  Path Type:              Setup (Max at Slow Process Corner)
  Requirement:            10.000ns  (core_clk rise@10.000ns - core_clk rise@0.000ns)
  Data Path Delay:        8.231ns  (logic 4.973ns (60.416%)  route 3.258ns (39.584%))
  Logic Levels:           3  (DSP48E1=1 LUT3=1 LUT6=1)
  Clock Path Skew:        0.092ns (DCD - SCD + CPR)
    Destination Clock Delay (DCD):    1.713ns = ( 11.713 - 10.000 ) 
    Source Clock Delay      (SCD):    1.736ns
    Clock Pessimism Removal (CPR):    0.115ns
  Clock Uncertainty:      0.235ns  ((TSJ^2 + TIJ^2)^1/2 + DJ) / 2 + PE + UU
    Total System Jitter     (TSJ):    0.071ns
    Total Input Jitter      (TIJ):    0.000ns
    Discrete Jitter          (DJ):    0.000ns
    Phase Error              (PE):    0.000ns
    User Uncertainty         (UU):    0.200ns

    Location             Delay type                Incr(ns)  Path(ns)    Netlist Resource(s)
  -------------------------------------------------------------------    -------------------
                         (clock core_clk rise edge)
                                                      0.000     0.000 r  <hidden>
                                                      0.000     0.000 r  aclk
                         net (fo=25094, unset)        1.736     1.736    core/data_subsystem/conv2d_pipeline/post/aclk
    SLICE_X84Y38         FDCE                                         r  core/data_subsystem/conv2d_pipeline/post/lane_q_reg[2]_rep__1/C
  -------------------------------------------------------------------    -------------------
    SLICE_X84Y38         FDCE (Prop_fdce_C_Q)         0.456     2.192 f  core/data_subsystem/conv2d_pipeline/post/lane_q_reg[2]_rep__1/Q
                         net (fo=103, routed)         1.230     3.422    core/data_subsystem/conv2d_pipeline/post/lane_q_reg[2]_rep__1_n_0
    SLICE_X95Y38         LUT3 (Prop_lut3_I2_O)        0.149     3.571 r  core/data_subsystem/conv2d_pipeline/post/i___249_i_1/O
                         net (fo=149, routed)         1.449     5.020    core/data_subsystem/conv2d_pipeline/post/i___249_i_1_n_0
    SLICE_X91Y45         LUT6 (Prop_lut6_I4_O)        0.332     5.352 r  core/data_subsystem/conv2d_pipeline/post/product_q0__0_i_16/O
                         net (fo=1, routed)           0.577     5.929    core/data_subsystem/conv2d_pipeline/post/biased_q[1]
    DSP48_X3Y18          DSP48E1 (Prop_dsp48e1_A[1]_PCOUT[18])
                                                      4.036     9.965 r  core/data_subsystem/conv2d_pipeline/post/product_q0__0/PCOUT[18]
                         net (fo=1, routed)           0.002     9.967    core/data_subsystem/conv2d_pipeline/post/product_q0__0_n_135
    DSP48_X3Y19          DSP48E1                                      r  core/data_subsystem/conv2d_pipeline/post/product_q_reg__0/PCIN[18]
  -------------------------------------------------------------------    -------------------

                         (clock core_clk rise edge)
                                                     10.000    10.000 r  <hidden>
                                                      0.000    10.000 r  aclk
                         net (fo=25094, unset)        1.713    11.713    core/data_subsystem/conv2d_pipeline/post/aclk
    DSP48_X3Y19          DSP48E1                                      r  core/data_subsystem/conv2d_pipeline/post/product_q_reg__0/CLK
                         clock pessimism              0.115    11.828    <hidden>
                         clock uncertainty           -0.235    11.592    <hidden>
    DSP48_X3Y19          DSP48E1 (Setup_dsp48e1_CLK_PCIN[18])
                                                     -1.400    10.192    core/data_subsystem/conv2d_pipeline/post/product_q_reg__0
  -------------------------------------------------------------------
                         required time                         10.192    <hidden>
                         arrival time                          -9.967    <hidden>
  -------------------------------------------------------------------
                         slack                                  0.225    <hidden>

Slack (MET) :             0.225ns  (required time - arrival time)
  Source:                 core/data_subsystem/conv2d_pipeline/post/lane_q_reg[2]_rep__1/C
                            (rising edge-triggered cell FDCE clocked by core_clk  {rise@0.000ns fall@5.000ns period=10.000ns})
  Destination:            core/data_subsystem/conv2d_pipeline/post/product_q_reg__0/PCIN[19]
                            (rising edge-triggered cell DSP48E1 clocked by core_clk  {rise@0.000ns fall@5.000ns period=10.000ns})
  Path Group:             core_clk
  Path Type:              Setup (Max at Slow Process Corner)
  Requirement:            10.000ns  (core_clk rise@10.000ns - core_clk rise@0.000ns)
  Data Path Delay:        8.231ns  (logic 4.973ns (60.416%)  route 3.258ns (39.584%))
  Logic Levels:           3  (DSP48E1=1 LUT3=1 LUT6=1)
  Clock Path Skew:        0.092ns (DCD - SCD + CPR)
    Destination Clock Delay (DCD):    1.713ns = ( 11.713 - 10.000 ) 
    Source Clock Delay      (SCD):    1.736ns
    Clock Pessimism Removal (CPR):    0.115ns
  Clock Uncertainty:      0.235ns  ((TSJ^2 + TIJ^2)^1/2 + DJ) / 2 + PE + UU
    Total System Jitter     (TSJ):    0.071ns
    Total Input Jitter      (TIJ):    0.000ns
    Discrete Jitter          (DJ):    0.000ns
    Phase Error              (PE):    0.000ns
    User Uncertainty         (UU):    0.200ns

    Location             Delay type                Incr(ns)  Path(ns)    Netlist Resource(s)
  -------------------------------------------------------------------    -------------------
                         (clock core_clk rise edge)
                                                      0.000     0.000 r  <hidden>
                                                      0.000     0.000 r  aclk
                         net (fo=25094, unset)        1.736     1.736    core/data_subsystem/conv2d_pipeline/post/aclk
    SLICE_X84Y38         FDCE                                         r  core/data_subsystem/conv2d_pipeline/post/lane_q_reg[2]_rep__1/C
  -------------------------------------------------------------------    -------------------
    SLICE_X84Y38         FDCE (Prop_fdce_C_Q)         0.456     2.192 f  core/data_subsystem/conv2d_pipeline/post/lane_q_reg[2]_rep__1/Q
                         net (fo=103, routed)         1.230     3.422    core/data_subsystem/conv2d_pipeline/post/lane_q_reg[2]_rep__1_n_0
    SLICE_X95Y38         LUT3 (Prop_lut3_I2_O)        0.149     3.571 r  core/data_subsystem/conv2d_pipeline/post/i___249_i_1/O
                         net (fo=149, routed)         1.449     5.020    core/data_subsystem/conv2d_pipeline/post/i___249_i_1_n_0
    SLICE_X91Y45         LUT6 (Prop_lut6_I4_O)        0.332     5.352 r  core/data_subsystem/conv2d_pipeline/post/product_q0__0_i_16/O
                         net (fo=1, routed)           0.577     5.929    core/data_subsystem/conv2d_pipeline/post/biased_q[1]
    DSP48_X3Y18          DSP48E1 (Prop_dsp48e1_A[1]_PCOUT[19])
                                                      4.036     9.965 r  core/data_subsystem/conv2d_pipeline/post/product_q0__0/PCOUT[19]
                         net (fo=1, routed)           0.002     9.967    core/data_subsystem/conv2d_pipeline/post/product_q0__0_n_134
    DSP48_X3Y19          DSP48E1                                      r  core/data_subsystem/conv2d_pipeline/post/product_q_reg__0/PCIN[19]
  -------------------------------------------------------------------    -------------------

                         (clock core_clk rise edge)
                                                     10.000    10.000 r  <hidden>
                                                      0.000    10.000 r  aclk
                         net (fo=25094, unset)        1.713    11.713    core/data_subsystem/conv2d_pipeline/post/aclk
    DSP48_X3Y19          DSP48E1                                      r  core/data_subsystem/conv2d_pipeline/post/product_q_reg__0/CLK
                         clock pessimism              0.115    11.828    <hidden>
                         clock uncertainty           -0.235    11.592    <hidden>
    DSP48_X3Y19          DSP48E1 (Setup_dsp48e1_CLK_PCIN[19])
                                                     -1.400    10.192    core/data_subsystem/conv2d_pipeline/post/product_q_reg__0
  -------------------------------------------------------------------
                         required time                         10.192    <hidden>
                         arrival time                          -9.967    <hidden>
  -------------------------------------------------------------------
                         slack                                  0.225    <hidden>

Slack (MET) :             0.225ns  (required time - arrival time)
  Source:                 core/data_subsystem/conv2d_pipeline/post/lane_q_reg[2]_rep__1/C
                            (rising edge-triggered cell FDCE clocked by core_clk  {rise@0.000ns fall@5.000ns period=10.000ns})
  Destination:            core/data_subsystem/conv2d_pipeline/post/product_q_reg__0/PCIN[1]
                            (rising edge-triggered cell DSP48E1 clocked by core_clk  {rise@0.000ns fall@5.000ns period=10.000ns})
  Path Group:             core_clk
  Path Type:              Setup (Max at Slow Process Corner)
  Requirement:            10.000ns  (core_clk rise@10.000ns - core_clk rise@0.000ns)
  Data Path Delay:        8.231ns  (logic 4.973ns (60.416%)  route 3.258ns (39.584%))
  Logic Levels:           3  (DSP48E1=1 LUT3=1 LUT6=1)
  Clock Path Skew:        0.092ns (DCD - SCD + CPR)
    Destination Clock Delay (DCD):    1.713ns = ( 11.713 - 10.000 ) 
    Source Clock Delay      (SCD):    1.736ns
    Clock Pessimism Removal (CPR):    0.115ns
  Clock Uncertainty:      0.235ns  ((TSJ^2 + TIJ^2)^1/2 + DJ) / 2 + PE + UU
    Total System Jitter     (TSJ):    0.071ns
    Total Input Jitter      (TIJ):    0.000ns
    Discrete Jitter          (DJ):    0.000ns
    Phase Error              (PE):    0.000ns
    User Uncertainty         (UU):    0.200ns

    Location             Delay type                Incr(ns)  Path(ns)    Netlist Resource(s)
  -------------------------------------------------------------------    -------------------
                         (clock core_clk rise edge)
                                                      0.000     0.000 r  <hidden>
                                                      0.000     0.000 r  aclk
                         net (fo=25094, unset)        1.736     1.736    core/data_subsystem/conv2d_pipeline/post/aclk
    SLICE_X84Y38         FDCE                                         r  core/data_subsystem/conv2d_pipeline/post/lane_q_reg[2]_rep__1/C
  -------------------------------------------------------------------    -------------------
    SLICE_X84Y38         FDCE (Prop_fdce_C_Q)         0.456     2.192 f  core/data_subsystem/conv2d_pipeline/post/lane_q_reg[2]_rep__1/Q
                         net (fo=103, routed)         1.230     3.422    core/data_subsystem/conv2d_pipeline/post/lane_q_reg[2]_rep__1_n_0
    SLICE_X95Y38         LUT3 (Prop_lut3_I2_O)        0.149     3.571 r  core/data_subsystem/conv2d_pipeline/post/i___249_i_1/O
                         net (fo=149, routed)         1.449     5.020    core/data_subsystem/conv2d_pipeline/post/i___249_i_1_n_0
    SLICE_X91Y45         LUT6 (Prop_lut6_I4_O)        0.332     5.352 r  core/data_subsystem/conv2d_pipeline/post/product_q0__0_i_16/O
                         net (fo=1, routed)           0.577     5.929    core/data_subsystem/conv2d_pipeline/post/biased_q[1]
    DSP48_X3Y18          DSP48E1 (Prop_dsp48e1_A[1]_PCOUT[1])
                                                      4.036     9.965 r  core/data_subsystem/conv2d_pipeline/post/product_q0__0/PCOUT[1]
                         net (fo=1, routed)           0.002     9.967    core/data_subsystem/conv2d_pipeline/post/product_q0__0_n_152
    DSP48_X3Y19          DSP48E1                                      r  core/data_subsystem/conv2d_pipeline/post/product_q_reg__0/PCIN[1]
  -------------------------------------------------------------------    -------------------

                         (clock core_clk rise edge)
                                                     10.000    10.000 r  <hidden>
                                                      0.000    10.000 r  aclk
                         net (fo=25094, unset)        1.713    11.713    core/data_subsystem/conv2d_pipeline/post/aclk
    DSP48_X3Y19          DSP48E1                                      r  core/data_subsystem/conv2d_pipeline/post/product_q_reg__0/CLK
                         clock pessimism              0.115    11.828    <hidden>
                         clock uncertainty           -0.235    11.592    <hidden>
    DSP48_X3Y19          DSP48E1 (Setup_dsp48e1_CLK_PCIN[1])
                                                     -1.400    10.192    core/data_subsystem/conv2d_pipeline/post/product_q_reg__0
  -------------------------------------------------------------------
                         required time                         10.192    <hidden>
                         arrival time                          -9.967    <hidden>
  -------------------------------------------------------------------
                         slack                                  0.225    <hidden>

Slack (MET) :             0.225ns  (required time - arrival time)
  Source:                 core/data_subsystem/conv2d_pipeline/post/lane_q_reg[2]_rep__1/C
                            (rising edge-triggered cell FDCE clocked by core_clk  {rise@0.000ns fall@5.000ns period=10.000ns})
  Destination:            core/data_subsystem/conv2d_pipeline/post/product_q_reg__0/PCIN[20]
                            (rising edge-triggered cell DSP48E1 clocked by core_clk  {rise@0.000ns fall@5.000ns period=10.000ns})
  Path Group:             core_clk
  Path Type:              Setup (Max at Slow Process Corner)
  Requirement:            10.000ns  (core_clk rise@10.000ns - core_clk rise@0.000ns)
  Data Path Delay:        8.231ns  (logic 4.973ns (60.416%)  route 3.258ns (39.584%))
  Logic Levels:           3  (DSP48E1=1 LUT3=1 LUT6=1)
  Clock Path Skew:        0.092ns (DCD - SCD + CPR)
    Destination Clock Delay (DCD):    1.713ns = ( 11.713 - 10.000 ) 
    Source Clock Delay      (SCD):    1.736ns
    Clock Pessimism Removal (CPR):    0.115ns
  Clock Uncertainty:      0.235ns  ((TSJ^2 + TIJ^2)^1/2 + DJ) / 2 + PE + UU
    Total System Jitter     (TSJ):    0.071ns
    Total Input Jitter      (TIJ):    0.000ns
    Discrete Jitter          (DJ):    0.000ns
    Phase Error              (PE):    0.000ns
    User Uncertainty         (UU):    0.200ns

    Location             Delay type                Incr(ns)  Path(ns)    Netlist Resource(s)
  -------------------------------------------------------------------    -------------------
                         (clock core_clk rise edge)
                                                      0.000     0.000 r  <hidden>
                                                      0.000     0.000 r  aclk
                         net (fo=25094, unset)        1.736     1.736    core/data_subsystem/conv2d_pipeline/post/aclk
    SLICE_X84Y38         FDCE                                         r  core/data_subsystem/conv2d_pipeline/post/lane_q_reg[2]_rep__1/C
  -------------------------------------------------------------------    -------------------
    SLICE_X84Y38         FDCE (Prop_fdce_C_Q)         0.456     2.192 f  core/data_subsystem/conv2d_pipeline/post/lane_q_reg[2]_rep__1/Q
                         net (fo=103, routed)         1.230     3.422    core/data_subsystem/conv2d_pipeline/post/lane_q_reg[2]_rep__1_n_0
    SLICE_X95Y38         LUT3 (Prop_lut3_I2_O)        0.149     3.571 r  core/data_subsystem/conv2d_pipeline/post/i___249_i_1/O
                         net (fo=149, routed)         1.449     5.020    core/data_subsystem/conv2d_pipeline/post/i___249_i_1_n_0
    SLICE_X91Y45         LUT6 (Prop_lut6_I4_O)        0.332     5.352 r  core/data_subsystem/conv2d_pipeline/post/product_q0__0_i_16/O
                         net (fo=1, routed)           0.577     5.929    core/data_subsystem/conv2d_pipeline/post/biased_q[1]
    DSP48_X3Y18          DSP48E1 (Prop_dsp48e1_A[1]_PCOUT[20])
                                                      4.036     9.965 r  core/data_subsystem/conv2d_pipeline/post/product_q0__0/PCOUT[20]
                         net (fo=1, routed)           0.002     9.967    core/data_subsystem/conv2d_pipeline/post/product_q0__0_n_133
    DSP48_X3Y19          DSP48E1                                      r  core/data_subsystem/conv2d_pipeline/post/product_q_reg__0/PCIN[20]
  -------------------------------------------------------------------    -------------------

                         (clock core_clk rise edge)
                                                     10.000    10.000 r  <hidden>
                                                      0.000    10.000 r  aclk
                         net (fo=25094, unset)        1.713    11.713    core/data_subsystem/conv2d_pipeline/post/aclk
    DSP48_X3Y19          DSP48E1                                      r  core/data_subsystem/conv2d_pipeline/post/product_q_reg__0/CLK
                         clock pessimism              0.115    11.828    <hidden>
                         clock uncertainty           -0.235    11.592    <hidden>
    DSP48_X3Y19          DSP48E1 (Setup_dsp48e1_CLK_PCIN[20])
                                                     -1.400    10.192    core/data_subsystem/conv2d_pipeline/post/product_q_reg__0
  -------------------------------------------------------------------
                         required time                         10.192    <hidden>
                         arrival time                          -9.967    <hidden>
  -------------------------------------------------------------------
                         slack                                  0.225    <hidden>

Slack (MET) :             0.225ns  (required time - arrival time)
  Source:                 core/data_subsystem/conv2d_pipeline/post/lane_q_reg[2]_rep__1/C
                            (rising edge-triggered cell FDCE clocked by core_clk  {rise@0.000ns fall@5.000ns period=10.000ns})
  Destination:            core/data_subsystem/conv2d_pipeline/post/product_q_reg__0/PCIN[21]
                            (rising edge-triggered cell DSP48E1 clocked by core_clk  {rise@0.000ns fall@5.000ns period=10.000ns})
  Path Group:             core_clk
  Path Type:              Setup (Max at Slow Process Corner)
  Requirement:            10.000ns  (core_clk rise@10.000ns - core_clk rise@0.000ns)
  Data Path Delay:        8.231ns  (logic 4.973ns (60.416%)  route 3.258ns (39.584%))
  Logic Levels:           3  (DSP48E1=1 LUT3=1 LUT6=1)
  Clock Path Skew:        0.092ns (DCD - SCD + CPR)
    Destination Clock Delay (DCD):    1.713ns = ( 11.713 - 10.000 ) 
    Source Clock Delay      (SCD):    1.736ns
    Clock Pessimism Removal (CPR):    0.115ns
  Clock Uncertainty:      0.235ns  ((TSJ^2 + TIJ^2)^1/2 + DJ) / 2 + PE + UU
    Total System Jitter     (TSJ):    0.071ns
    Total Input Jitter      (TIJ):    0.000ns
    Discrete Jitter          (DJ):    0.000ns
    Phase Error              (PE):    0.000ns
    User Uncertainty         (UU):    0.200ns

    Location             Delay type                Incr(ns)  Path(ns)    Netlist Resource(s)
  -------------------------------------------------------------------    -------------------
                         (clock core_clk rise edge)
                                                      0.000     0.000 r  <hidden>
                                                      0.000     0.000 r  aclk
                         net (fo=25094, unset)        1.736     1.736    core/data_subsystem/conv2d_pipeline/post/aclk
    SLICE_X84Y38         FDCE                                         r  core/data_subsystem/conv2d_pipeline/post/lane_q_reg[2]_rep__1/C
  -------------------------------------------------------------------    -------------------
    SLICE_X84Y38         FDCE (Prop_fdce_C_Q)         0.456     2.192 f  core/data_subsystem/conv2d_pipeline/post/lane_q_reg[2]_rep__1/Q
                         net (fo=103, routed)         1.230     3.422    core/data_subsystem/conv2d_pipeline/post/lane_q_reg[2]_rep__1_n_0
    SLICE_X95Y38         LUT3 (Prop_lut3_I2_O)        0.149     3.571 r  core/data_subsystem/conv2d_pipeline/post/i___249_i_1/O
                         net (fo=149, routed)         1.449     5.020    core/data_subsystem/conv2d_pipeline/post/i___249_i_1_n_0
    SLICE_X91Y45         LUT6 (Prop_lut6_I4_O)        0.332     5.352 r  core/data_subsystem/conv2d_pipeline/post/product_q0__0_i_16/O
                         net (fo=1, routed)           0.577     5.929    core/data_subsystem/conv2d_pipeline/post/biased_q[1]
    DSP48_X3Y18          DSP48E1 (Prop_dsp48e1_A[1]_PCOUT[21])
                                                      4.036     9.965 r  core/data_subsystem/conv2d_pipeline/post/product_q0__0/PCOUT[21]
                         net (fo=1, routed)           0.002     9.967    core/data_subsystem/conv2d_pipeline/post/product_q0__0_n_132
    DSP48_X3Y19          DSP48E1                                      r  core/data_subsystem/conv2d_pipeline/post/product_q_reg__0/PCIN[21]
  -------------------------------------------------------------------    -------------------

                         (clock core_clk rise edge)
                                                     10.000    10.000 r  <hidden>
                                                      0.000    10.000 r  aclk
                         net (fo=25094, unset)        1.713    11.713    core/data_subsystem/conv2d_pipeline/post/aclk
    DSP48_X3Y19          DSP48E1                                      r  core/data_subsystem/conv2d_pipeline/post/product_q_reg__0/CLK
                         clock pessimism              0.115    11.828    <hidden>
                         clock uncertainty           -0.235    11.592    <hidden>
    DSP48_X3Y19          DSP48E1 (Setup_dsp48e1_CLK_PCIN[21])
                                                     -1.400    10.192    core/data_subsystem/conv2d_pipeline/post/product_q_reg__0
  -------------------------------------------------------------------
                         required time                         10.192    <hidden>
                         arrival time                          -9.967    <hidden>
  -------------------------------------------------------------------
                         slack                                  0.225    <hidden>

Slack (MET) :             0.225ns  (required time - arrival time)
  Source:                 core/data_subsystem/conv2d_pipeline/post/lane_q_reg[2]_rep__1/C
                            (rising edge-triggered cell FDCE clocked by core_clk  {rise@0.000ns fall@5.000ns period=10.000ns})
  Destination:            core/data_subsystem/conv2d_pipeline/post/product_q_reg__0/PCIN[22]
                            (rising edge-triggered cell DSP48E1 clocked by core_clk  {rise@0.000ns fall@5.000ns period=10.000ns})
  Path Group:             core_clk
  Path Type:              Setup (Max at Slow Process Corner)
  Requirement:            10.000ns  (core_clk rise@10.000ns - core_clk rise@0.000ns)
  Data Path Delay:        8.231ns  (logic 4.973ns (60.416%)  route 3.258ns (39.584%))
  Logic Levels:           3  (DSP48E1=1 LUT3=1 LUT6=1)
  Clock Path Skew:        0.092ns (DCD - SCD + CPR)
    Destination Clock Delay (DCD):    1.713ns = ( 11.713 - 10.000 ) 
    Source Clock Delay      (SCD):    1.736ns
    Clock Pessimism Removal (CPR):    0.115ns
  Clock Uncertainty:      0.235ns  ((TSJ^2 + TIJ^2)^1/2 + DJ) / 2 + PE + UU
    Total System Jitter     (TSJ):    0.071ns
    Total Input Jitter      (TIJ):    0.000ns
    Discrete Jitter          (DJ):    0.000ns
    Phase Error              (PE):    0.000ns
    User Uncertainty         (UU):    0.200ns

    Location             Delay type                Incr(ns)  Path(ns)    Netlist Resource(s)
  -------------------------------------------------------------------    -------------------
                         (clock core_clk rise edge)
                                                      0.000     0.000 r  <hidden>
                                                      0.000     0.000 r  aclk
                         net (fo=25094, unset)        1.736     1.736    core/data_subsystem/conv2d_pipeline/post/aclk
    SLICE_X84Y38         FDCE                                         r  core/data_subsystem/conv2d_pipeline/post/lane_q_reg[2]_rep__1/C
  -------------------------------------------------------------------    -------------------
    SLICE_X84Y38         FDCE (Prop_fdce_C_Q)         0.456     2.192 f  core/data_subsystem/conv2d_pipeline/post/lane_q_reg[2]_rep__1/Q
                         net (fo=103, routed)         1.230     3.422    core/data_subsystem/conv2d_pipeline/post/lane_q_reg[2]_rep__1_n_0
    SLICE_X95Y38         LUT3 (Prop_lut3_I2_O)        0.149     3.571 r  core/data_subsystem/conv2d_pipeline/post/i___249_i_1/O
                         net (fo=149, routed)         1.449     5.020    core/data_subsystem/conv2d_pipeline/post/i___249_i_1_n_0
    SLICE_X91Y45         LUT6 (Prop_lut6_I4_O)        0.332     5.352 r  core/data_subsystem/conv2d_pipeline/post/product_q0__0_i_16/O
                         net (fo=1, routed)           0.577     5.929    core/data_subsystem/conv2d_pipeline/post/biased_q[1]
    DSP48_X3Y18          DSP48E1 (Prop_dsp48e1_A[1]_PCOUT[22])
                                                      4.036     9.965 r  core/data_subsystem/conv2d_pipeline/post/product_q0__0/PCOUT[22]
                         net (fo=1, routed)           0.002     9.967    core/data_subsystem/conv2d_pipeline/post/product_q0__0_n_131
    DSP48_X3Y19          DSP48E1                                      r  core/data_subsystem/conv2d_pipeline/post/product_q_reg__0/PCIN[22]
  -------------------------------------------------------------------    -------------------

                         (clock core_clk rise edge)
                                                     10.000    10.000 r  <hidden>
                                                      0.000    10.000 r  aclk
                         net (fo=25094, unset)        1.713    11.713    core/data_subsystem/conv2d_pipeline/post/aclk
    DSP48_X3Y19          DSP48E1                                      r  core/data_subsystem/conv2d_pipeline/post/product_q_reg__0/CLK
                         clock pessimism              0.115    11.828    <hidden>
                         clock uncertainty           -0.235    11.592    <hidden>
    DSP48_X3Y19          DSP48E1 (Setup_dsp48e1_CLK_PCIN[22])
                                                     -1.400    10.192    core/data_subsystem/conv2d_pipeline/post/product_q_reg__0
  -------------------------------------------------------------------
                         required time                         10.192    <hidden>
                         arrival time                          -9.967    <hidden>
  -------------------------------------------------------------------
                         slack                                  0.225    <hidden>

Slack (MET) :             0.225ns  (required time - arrival time)
  Source:                 core/data_subsystem/conv2d_pipeline/post/lane_q_reg[2]_rep__1/C
                            (rising edge-triggered cell FDCE clocked by core_clk  {rise@0.000ns fall@5.000ns period=10.000ns})
  Destination:            core/data_subsystem/conv2d_pipeline/post/product_q_reg__0/PCIN[23]
                            (rising edge-triggered cell DSP48E1 clocked by core_clk  {rise@0.000ns fall@5.000ns period=10.000ns})
  Path Group:             core_clk
  Path Type:              Setup (Max at Slow Process Corner)
  Requirement:            10.000ns  (core_clk rise@10.000ns - core_clk rise@0.000ns)
  Data Path Delay:        8.231ns  (logic 4.973ns (60.416%)  route 3.258ns (39.584%))
  Logic Levels:           3  (DSP48E1=1 LUT3=1 LUT6=1)
  Clock Path Skew:        0.092ns (DCD - SCD + CPR)
    Destination Clock Delay (DCD):    1.713ns = ( 11.713 - 10.000 ) 
    Source Clock Delay      (SCD):    1.736ns
    Clock Pessimism Removal (CPR):    0.115ns
  Clock Uncertainty:      0.235ns  ((TSJ^2 + TIJ^2)^1/2 + DJ) / 2 + PE + UU
    Total System Jitter     (TSJ):    0.071ns
    Total Input Jitter      (TIJ):    0.000ns
    Discrete Jitter          (DJ):    0.000ns
    Phase Error              (PE):    0.000ns
    User Uncertainty         (UU):    0.200ns

    Location             Delay type                Incr(ns)  Path(ns)    Netlist Resource(s)
  -------------------------------------------------------------------    -------------------
                         (clock core_clk rise edge)
                                                      0.000     0.000 r  <hidden>
                                                      0.000     0.000 r  aclk
                         net (fo=25094, unset)        1.736     1.736    core/data_subsystem/conv2d_pipeline/post/aclk
    SLICE_X84Y38         FDCE                                         r  core/data_subsystem/conv2d_pipeline/post/lane_q_reg[2]_rep__1/C
  -------------------------------------------------------------------    -------------------
    SLICE_X84Y38         FDCE (Prop_fdce_C_Q)         0.456     2.192 f  core/data_subsystem/conv2d_pipeline/post/lane_q_reg[2]_rep__1/Q
                         net (fo=103, routed)         1.230     3.422    core/data_subsystem/conv2d_pipeline/post/lane_q_reg[2]_rep__1_n_0
    SLICE_X95Y38         LUT3 (Prop_lut3_I2_O)        0.149     3.571 r  core/data_subsystem/conv2d_pipeline/post/i___249_i_1/O
                         net (fo=149, routed)         1.449     5.020    core/data_subsystem/conv2d_pipeline/post/i___249_i_1_n_0
    SLICE_X91Y45         LUT6 (Prop_lut6_I4_O)        0.332     5.352 r  core/data_subsystem/conv2d_pipeline/post/product_q0__0_i_16/O
                         net (fo=1, routed)           0.577     5.929    core/data_subsystem/conv2d_pipeline/post/biased_q[1]
    DSP48_X3Y18          DSP48E1 (Prop_dsp48e1_A[1]_PCOUT[23])
                                                      4.036     9.965 r  core/data_subsystem/conv2d_pipeline/post/product_q0__0/PCOUT[23]
                         net (fo=1, routed)           0.002     9.967    core/data_subsystem/conv2d_pipeline/post/product_q0__0_n_130
    DSP48_X3Y19          DSP48E1                                      r  core/data_subsystem/conv2d_pipeline/post/product_q_reg__0/PCIN[23]
  -------------------------------------------------------------------    -------------------

                         (clock core_clk rise edge)
                                                     10.000    10.000 r  <hidden>
                                                      0.000    10.000 r  aclk
                         net (fo=25094, unset)        1.713    11.713    core/data_subsystem/conv2d_pipeline/post/aclk
    DSP48_X3Y19          DSP48E1                                      r  core/data_subsystem/conv2d_pipeline/post/product_q_reg__0/CLK
                         clock pessimism              0.115    11.828    <hidden>
                         clock uncertainty           -0.235    11.592    <hidden>
    DSP48_X3Y19          DSP48E1 (Setup_dsp48e1_CLK_PCIN[23])
                                                     -1.400    10.192    core/data_subsystem/conv2d_pipeline/post/product_q_reg__0
  -------------------------------------------------------------------
                         required time                         10.192    <hidden>
                         arrival time                          -9.967    <hidden>
  -------------------------------------------------------------------
                         slack                                  0.225    <hidden>

Slack (MET) :             0.225ns  (required time - arrival time)
  Source:                 core/data_subsystem/conv2d_pipeline/post/lane_q_reg[2]_rep__1/C
                            (rising edge-triggered cell FDCE clocked by core_clk  {rise@0.000ns fall@5.000ns period=10.000ns})
  Destination:            core/data_subsystem/conv2d_pipeline/post/product_q_reg__0/PCIN[24]
                            (rising edge-triggered cell DSP48E1 clocked by core_clk  {rise@0.000ns fall@5.000ns period=10.000ns})
  Path Group:             core_clk
  Path Type:              Setup (Max at Slow Process Corner)
  Requirement:            10.000ns  (core_clk rise@10.000ns - core_clk rise@0.000ns)
  Data Path Delay:        8.231ns  (logic 4.973ns (60.416%)  route 3.258ns (39.584%))
  Logic Levels:           3  (DSP48E1=1 LUT3=1 LUT6=1)
  Clock Path Skew:        0.092ns (DCD - SCD + CPR)
    Destination Clock Delay (DCD):    1.713ns = ( 11.713 - 10.000 ) 
    Source Clock Delay      (SCD):    1.736ns
    Clock Pessimism Removal (CPR):    0.115ns
  Clock Uncertainty:      0.235ns  ((TSJ^2 + TIJ^2)^1/2 + DJ) / 2 + PE + UU
    Total System Jitter     (TSJ):    0.071ns
    Total Input Jitter      (TIJ):    0.000ns
    Discrete Jitter          (DJ):    0.000ns
    Phase Error              (PE):    0.000ns
    User Uncertainty         (UU):    0.200ns

    Location             Delay type                Incr(ns)  Path(ns)    Netlist Resource(s)
  -------------------------------------------------------------------    -------------------
                         (clock core_clk rise edge)
                                                      0.000     0.000 r  <hidden>
                                                      0.000     0.000 r  aclk
                         net (fo=25094, unset)        1.736     1.736    core/data_subsystem/conv2d_pipeline/post/aclk
    SLICE_X84Y38         FDCE                                         r  core/data_subsystem/conv2d_pipeline/post/lane_q_reg[2]_rep__1/C
  -------------------------------------------------------------------    -------------------
    SLICE_X84Y38         FDCE (Prop_fdce_C_Q)         0.456     2.192 f  core/data_subsystem/conv2d_pipeline/post/lane_q_reg[2]_rep__1/Q
                         net (fo=103, routed)         1.230     3.422    core/data_subsystem/conv2d_pipeline/post/lane_q_reg[2]_rep__1_n_0
    SLICE_X95Y38         LUT3 (Prop_lut3_I2_O)        0.149     3.571 r  core/data_subsystem/conv2d_pipeline/post/i___249_i_1/O
                         net (fo=149, routed)         1.449     5.020    core/data_subsystem/conv2d_pipeline/post/i___249_i_1_n_0
    SLICE_X91Y45         LUT6 (Prop_lut6_I4_O)        0.332     5.352 r  core/data_subsystem/conv2d_pipeline/post/product_q0__0_i_16/O
                         net (fo=1, routed)           0.577     5.929    core/data_subsystem/conv2d_pipeline/post/biased_q[1]
    DSP48_X3Y18          DSP48E1 (Prop_dsp48e1_A[1]_PCOUT[24])
                                                      4.036     9.965 r  core/data_subsystem/conv2d_pipeline/post/product_q0__0/PCOUT[24]
                         net (fo=1, routed)           0.002     9.967    core/data_subsystem/conv2d_pipeline/post/product_q0__0_n_129
    DSP48_X3Y19          DSP48E1                                      r  core/data_subsystem/conv2d_pipeline/post/product_q_reg__0/PCIN[24]
  -------------------------------------------------------------------    -------------------

                         (clock core_clk rise edge)
                                                     10.000    10.000 r  <hidden>
                                                      0.000    10.000 r  aclk
                         net (fo=25094, unset)        1.713    11.713    core/data_subsystem/conv2d_pipeline/post/aclk
    DSP48_X3Y19          DSP48E1                                      r  core/data_subsystem/conv2d_pipeline/post/product_q_reg__0/CLK
                         clock pessimism              0.115    11.828    <hidden>
                         clock uncertainty           -0.235    11.592    <hidden>
    DSP48_X3Y19          DSP48E1 (Setup_dsp48e1_CLK_PCIN[24])
                                                     -1.400    10.192    core/data_subsystem/conv2d_pipeline/post/product_q_reg__0
  -------------------------------------------------------------------
                         required time                         10.192    <hidden>
                         arrival time                          -9.967    <hidden>
  -------------------------------------------------------------------
                         slack                                  0.225    <hidden>

Slack (MET) :             0.225ns  (required time - arrival time)
  Source:                 core/data_subsystem/conv2d_pipeline/post/lane_q_reg[2]_rep__1/C
                            (rising edge-triggered cell FDCE clocked by core_clk  {rise@0.000ns fall@5.000ns period=10.000ns})
  Destination:            core/data_subsystem/conv2d_pipeline/post/product_q_reg__0/PCIN[25]
                            (rising edge-triggered cell DSP48E1 clocked by core_clk  {rise@0.000ns fall@5.000ns period=10.000ns})
  Path Group:             core_clk
  Path Type:              Setup (Max at Slow Process Corner)
  Requirement:            10.000ns  (core_clk rise@10.000ns - core_clk rise@0.000ns)
  Data Path Delay:        8.231ns  (logic 4.973ns (60.416%)  route 3.258ns (39.584%))
  Logic Levels:           3  (DSP48E1=1 LUT3=1 LUT6=1)
  Clock Path Skew:        0.092ns (DCD - SCD + CPR)
    Destination Clock Delay (DCD):    1.713ns = ( 11.713 - 10.000 ) 
    Source Clock Delay      (SCD):    1.736ns
    Clock Pessimism Removal (CPR):    0.115ns
  Clock Uncertainty:      0.235ns  ((TSJ^2 + TIJ^2)^1/2 + DJ) / 2 + PE + UU
    Total System Jitter     (TSJ):    0.071ns
    Total Input Jitter      (TIJ):    0.000ns
    Discrete Jitter          (DJ):    0.000ns
    Phase Error              (PE):    0.000ns
    User Uncertainty         (UU):    0.200ns

    Location             Delay type                Incr(ns)  Path(ns)    Netlist Resource(s)
  -------------------------------------------------------------------    -------------------
                         (clock core_clk rise edge)
                                                      0.000     0.000 r  <hidden>
                                                      0.000     0.000 r  aclk
                         net (fo=25094, unset)        1.736     1.736    core/data_subsystem/conv2d_pipeline/post/aclk
    SLICE_X84Y38         FDCE                                         r  core/data_subsystem/conv2d_pipeline/post/lane_q_reg[2]_rep__1/C
  -------------------------------------------------------------------    -------------------
    SLICE_X84Y38         FDCE (Prop_fdce_C_Q)         0.456     2.192 f  core/data_subsystem/conv2d_pipeline/post/lane_q_reg[2]_rep__1/Q
                         net (fo=103, routed)         1.230     3.422    core/data_subsystem/conv2d_pipeline/post/lane_q_reg[2]_rep__1_n_0
    SLICE_X95Y38         LUT3 (Prop_lut3_I2_O)        0.149     3.571 r  core/data_subsystem/conv2d_pipeline/post/i___249_i_1/O
                         net (fo=149, routed)         1.449     5.020    core/data_subsystem/conv2d_pipeline/post/i___249_i_1_n_0
    SLICE_X91Y45         LUT6 (Prop_lut6_I4_O)        0.332     5.352 r  core/data_subsystem/conv2d_pipeline/post/product_q0__0_i_16/O
                         net (fo=1, routed)           0.577     5.929    core/data_subsystem/conv2d_pipeline/post/biased_q[1]
    DSP48_X3Y18          DSP48E1 (Prop_dsp48e1_A[1]_PCOUT[25])
                                                      4.036     9.965 r  core/data_subsystem/conv2d_pipeline/post/product_q0__0/PCOUT[25]
                         net (fo=1, routed)           0.002     9.967    core/data_subsystem/conv2d_pipeline/post/product_q0__0_n_128
    DSP48_X3Y19          DSP48E1                                      r  core/data_subsystem/conv2d_pipeline/post/product_q_reg__0/PCIN[25]
  -------------------------------------------------------------------    -------------------

                         (clock core_clk rise edge)
                                                     10.000    10.000 r  <hidden>
                                                      0.000    10.000 r  aclk
                         net (fo=25094, unset)        1.713    11.713    core/data_subsystem/conv2d_pipeline/post/aclk
    DSP48_X3Y19          DSP48E1                                      r  core/data_subsystem/conv2d_pipeline/post/product_q_reg__0/CLK
                         clock pessimism              0.115    11.828    <hidden>
                         clock uncertainty           -0.235    11.592    <hidden>
    DSP48_X3Y19          DSP48E1 (Setup_dsp48e1_CLK_PCIN[25])
                                                     -1.400    10.192    core/data_subsystem/conv2d_pipeline/post/product_q_reg__0
  -------------------------------------------------------------------
                         required time                         10.192    <hidden>
                         arrival time                          -9.967    <hidden>
  -------------------------------------------------------------------
                         slack                                  0.225    <hidden>

Slack (MET) :             0.225ns  (required time - arrival time)
  Source:                 core/data_subsystem/conv2d_pipeline/post/lane_q_reg[2]_rep__1/C
                            (rising edge-triggered cell FDCE clocked by core_clk  {rise@0.000ns fall@5.000ns period=10.000ns})
  Destination:            core/data_subsystem/conv2d_pipeline/post/product_q_reg__0/PCIN[26]
                            (rising edge-triggered cell DSP48E1 clocked by core_clk  {rise@0.000ns fall@5.000ns period=10.000ns})
  Path Group:             core_clk
  Path Type:              Setup (Max at Slow Process Corner)
  Requirement:            10.000ns  (core_clk rise@10.000ns - core_clk rise@0.000ns)
  Data Path Delay:        8.231ns  (logic 4.973ns (60.416%)  route 3.258ns (39.584%))
  Logic Levels:           3  (DSP48E1=1 LUT3=1 LUT6=1)
  Clock Path Skew:        0.092ns (DCD - SCD + CPR)
    Destination Clock Delay (DCD):    1.713ns = ( 11.713 - 10.000 ) 
    Source Clock Delay      (SCD):    1.736ns
    Clock Pessimism Removal (CPR):    0.115ns
  Clock Uncertainty:      0.235ns  ((TSJ^2 + TIJ^2)^1/2 + DJ) / 2 + PE + UU
    Total System Jitter     (TSJ):    0.071ns
    Total Input Jitter      (TIJ):    0.000ns
    Discrete Jitter          (DJ):    0.000ns
    Phase Error              (PE):    0.000ns
    User Uncertainty         (UU):    0.200ns

    Location             Delay type                Incr(ns)  Path(ns)    Netlist Resource(s)
  -------------------------------------------------------------------    -------------------
                         (clock core_clk rise edge)
                                                      0.000     0.000 r  <hidden>
                                                      0.000     0.000 r  aclk
                         net (fo=25094, unset)        1.736     1.736    core/data_subsystem/conv2d_pipeline/post/aclk
    SLICE_X84Y38         FDCE                                         r  core/data_subsystem/conv2d_pipeline/post/lane_q_reg[2]_rep__1/C
  -------------------------------------------------------------------    -------------------
    SLICE_X84Y38         FDCE (Prop_fdce_C_Q)         0.456     2.192 f  core/data_subsystem/conv2d_pipeline/post/lane_q_reg[2]_rep__1/Q
                         net (fo=103, routed)         1.230     3.422    core/data_subsystem/conv2d_pipeline/post/lane_q_reg[2]_rep__1_n_0
    SLICE_X95Y38         LUT3 (Prop_lut3_I2_O)        0.149     3.571 r  core/data_subsystem/conv2d_pipeline/post/i___249_i_1/O
                         net (fo=149, routed)         1.449     5.020    core/data_subsystem/conv2d_pipeline/post/i___249_i_1_n_0
    SLICE_X91Y45         LUT6 (Prop_lut6_I4_O)        0.332     5.352 r  core/data_subsystem/conv2d_pipeline/post/product_q0__0_i_16/O
                         net (fo=1, routed)           0.577     5.929    core/data_subsystem/conv2d_pipeline/post/biased_q[1]
    DSP48_X3Y18          DSP48E1 (Prop_dsp48e1_A[1]_PCOUT[26])
                                                      4.036     9.965 r  core/data_subsystem/conv2d_pipeline/post/product_q0__0/PCOUT[26]
                         net (fo=1, routed)           0.002     9.967    core/data_subsystem/conv2d_pipeline/post/product_q0__0_n_127
    DSP48_X3Y19          DSP48E1                                      r  core/data_subsystem/conv2d_pipeline/post/product_q_reg__0/PCIN[26]
  -------------------------------------------------------------------    -------------------

                         (clock core_clk rise edge)
                                                     10.000    10.000 r  <hidden>
                                                      0.000    10.000 r  aclk
                         net (fo=25094, unset)        1.713    11.713    core/data_subsystem/conv2d_pipeline/post/aclk
    DSP48_X3Y19          DSP48E1                                      r  core/data_subsystem/conv2d_pipeline/post/product_q_reg__0/CLK
                         clock pessimism              0.115    11.828    <hidden>
                         clock uncertainty           -0.235    11.592    <hidden>
    DSP48_X3Y19          DSP48E1 (Setup_dsp48e1_CLK_PCIN[26])
                                                     -1.400    10.192    core/data_subsystem/conv2d_pipeline/post/product_q_reg__0
  -------------------------------------------------------------------
                         required time                         10.192    <hidden>
                         arrival time                          -9.967    <hidden>
  -------------------------------------------------------------------
                         slack                                  0.225    <hidden>

Slack (MET) :             0.225ns  (required time - arrival time)
  Source:                 core/data_subsystem/conv2d_pipeline/post/lane_q_reg[2]_rep__1/C
                            (rising edge-triggered cell FDCE clocked by core_clk  {rise@0.000ns fall@5.000ns period=10.000ns})
  Destination:            core/data_subsystem/conv2d_pipeline/post/product_q_reg__0/PCIN[27]
                            (rising edge-triggered cell DSP48E1 clocked by core_clk  {rise@0.000ns fall@5.000ns period=10.000ns})
  Path Group:             core_clk
  Path Type:              Setup (Max at Slow Process Corner)
  Requirement:            10.000ns  (core_clk rise@10.000ns - core_clk rise@0.000ns)
  Data Path Delay:        8.231ns  (logic 4.973ns (60.416%)  route 3.258ns (39.584%))
  Logic Levels:           3  (DSP48E1=1 LUT3=1 LUT6=1)
  Clock Path Skew:        0.092ns (DCD - SCD + CPR)
    Destination Clock Delay (DCD):    1.713ns = ( 11.713 - 10.000 ) 
    Source Clock Delay      (SCD):    1.736ns
    Clock Pessimism Removal (CPR):    0.115ns
  Clock Uncertainty:      0.235ns  ((TSJ^2 + TIJ^2)^1/2 + DJ) / 2 + PE + UU
    Total System Jitter     (TSJ):    0.071ns
    Total Input Jitter      (TIJ):    0.000ns
    Discrete Jitter          (DJ):    0.000ns
    Phase Error              (PE):    0.000ns
    User Uncertainty         (UU):    0.200ns

    Location             Delay type                Incr(ns)  Path(ns)    Netlist Resource(s)
  -------------------------------------------------------------------    -------------------
                         (clock core_clk rise edge)
                                                      0.000     0.000 r  <hidden>
                                                      0.000     0.000 r  aclk
                         net (fo=25094, unset)        1.736     1.736    core/data_subsystem/conv2d_pipeline/post/aclk
    SLICE_X84Y38         FDCE                                         r  core/data_subsystem/conv2d_pipeline/post/lane_q_reg[2]_rep__1/C
  -------------------------------------------------------------------    -------------------
    SLICE_X84Y38         FDCE (Prop_fdce_C_Q)         0.456     2.192 f  core/data_subsystem/conv2d_pipeline/post/lane_q_reg[2]_rep__1/Q
                         net (fo=103, routed)         1.230     3.422    core/data_subsystem/conv2d_pipeline/post/lane_q_reg[2]_rep__1_n_0
    SLICE_X95Y38         LUT3 (Prop_lut3_I2_O)        0.149     3.571 r  core/data_subsystem/conv2d_pipeline/post/i___249_i_1/O
                         net (fo=149, routed)         1.449     5.020    core/data_subsystem/conv2d_pipeline/post/i___249_i_1_n_0
    SLICE_X91Y45         LUT6 (Prop_lut6_I4_O)        0.332     5.352 r  core/data_subsystem/conv2d_pipeline/post/product_q0__0_i_16/O
                         net (fo=1, routed)           0.577     5.929    core/data_subsystem/conv2d_pipeline/post/biased_q[1]
    DSP48_X3Y18          DSP48E1 (Prop_dsp48e1_A[1]_PCOUT[27])
                                                      4.036     9.965 r  core/data_subsystem/conv2d_pipeline/post/product_q0__0/PCOUT[27]
                         net (fo=1, routed)           0.002     9.967    core/data_subsystem/conv2d_pipeline/post/product_q0__0_n_126
    DSP48_X3Y19          DSP48E1                                      r  core/data_subsystem/conv2d_pipeline/post/product_q_reg__0/PCIN[27]
  -------------------------------------------------------------------    -------------------

                         (clock core_clk rise edge)
                                                     10.000    10.000 r  <hidden>
                                                      0.000    10.000 r  aclk
                         net (fo=25094, unset)        1.713    11.713    core/data_subsystem/conv2d_pipeline/post/aclk
    DSP48_X3Y19          DSP48E1                                      r  core/data_subsystem/conv2d_pipeline/post/product_q_reg__0/CLK
                         clock pessimism              0.115    11.828    <hidden>
                         clock uncertainty           -0.235    11.592    <hidden>
    DSP48_X3Y19          DSP48E1 (Setup_dsp48e1_CLK_PCIN[27])
                                                     -1.400    10.192    core/data_subsystem/conv2d_pipeline/post/product_q_reg__0
  -------------------------------------------------------------------
                         required time                         10.192    <hidden>
                         arrival time                          -9.967    <hidden>
  -------------------------------------------------------------------
                         slack                                  0.225    <hidden>

Slack (MET) :             0.225ns  (required time - arrival time)
  Source:                 core/data_subsystem/conv2d_pipeline/post/lane_q_reg[2]_rep__1/C
                            (rising edge-triggered cell FDCE clocked by core_clk  {rise@0.000ns fall@5.000ns period=10.000ns})
  Destination:            core/data_subsystem/conv2d_pipeline/post/product_q_reg__0/PCIN[28]
                            (rising edge-triggered cell DSP48E1 clocked by core_clk  {rise@0.000ns fall@5.000ns period=10.000ns})
  Path Group:             core_clk
  Path Type:              Setup (Max at Slow Process Corner)
  Requirement:            10.000ns  (core_clk rise@10.000ns - core_clk rise@0.000ns)
  Data Path Delay:        8.231ns  (logic 4.973ns (60.416%)  route 3.258ns (39.584%))
  Logic Levels:           3  (DSP48E1=1 LUT3=1 LUT6=1)
  Clock Path Skew:        0.092ns (DCD - SCD + CPR)
    Destination Clock Delay (DCD):    1.713ns = ( 11.713 - 10.000 ) 
    Source Clock Delay      (SCD):    1.736ns
    Clock Pessimism Removal (CPR):    0.115ns
  Clock Uncertainty:      0.235ns  ((TSJ^2 + TIJ^2)^1/2 + DJ) / 2 + PE + UU
    Total System Jitter     (TSJ):    0.071ns
    Total Input Jitter      (TIJ):    0.000ns
    Discrete Jitter          (DJ):    0.000ns
    Phase Error              (PE):    0.000ns
    User Uncertainty         (UU):    0.200ns

    Location             Delay type                Incr(ns)  Path(ns)    Netlist Resource(s)
  -------------------------------------------------------------------    -------------------
                         (clock core_clk rise edge)
                                                      0.000     0.000 r  <hidden>
                                                      0.000     0.000 r  aclk
                         net (fo=25094, unset)        1.736     1.736    core/data_subsystem/conv2d_pipeline/post/aclk
    SLICE_X84Y38         FDCE                                         r  core/data_subsystem/conv2d_pipeline/post/lane_q_reg[2]_rep__1/C
  -------------------------------------------------------------------    -------------------
    SLICE_X84Y38         FDCE (Prop_fdce_C_Q)         0.456     2.192 f  core/data_subsystem/conv2d_pipeline/post/lane_q_reg[2]_rep__1/Q
                         net (fo=103, routed)         1.230     3.422    core/data_subsystem/conv2d_pipeline/post/lane_q_reg[2]_rep__1_n_0
    SLICE_X95Y38         LUT3 (Prop_lut3_I2_O)        0.149     3.571 r  core/data_subsystem/conv2d_pipeline/post/i___249_i_1/O
                         net (fo=149, routed)         1.449     5.020    core/data_subsystem/conv2d_pipeline/post/i___249_i_1_n_0
    SLICE_X91Y45         LUT6 (Prop_lut6_I4_O)        0.332     5.352 r  core/data_subsystem/conv2d_pipeline/post/product_q0__0_i_16/O
                         net (fo=1, routed)           0.577     5.929    core/data_subsystem/conv2d_pipeline/post/biased_q[1]
    DSP48_X3Y18          DSP48E1 (Prop_dsp48e1_A[1]_PCOUT[28])
                                                      4.036     9.965 r  core/data_subsystem/conv2d_pipeline/post/product_q0__0/PCOUT[28]
                         net (fo=1, routed)           0.002     9.967    core/data_subsystem/conv2d_pipeline/post/product_q0__0_n_125
    DSP48_X3Y19          DSP48E1                                      r  core/data_subsystem/conv2d_pipeline/post/product_q_reg__0/PCIN[28]
  -------------------------------------------------------------------    -------------------

                         (clock core_clk rise edge)
                                                     10.000    10.000 r  <hidden>
                                                      0.000    10.000 r  aclk
                         net (fo=25094, unset)        1.713    11.713    core/data_subsystem/conv2d_pipeline/post/aclk
    DSP48_X3Y19          DSP48E1                                      r  core/data_subsystem/conv2d_pipeline/post/product_q_reg__0/CLK
                         clock pessimism              0.115    11.828    <hidden>
                         clock uncertainty           -0.235    11.592    <hidden>
    DSP48_X3Y19          DSP48E1 (Setup_dsp48e1_CLK_PCIN[28])
                                                     -1.400    10.192    core/data_subsystem/conv2d_pipeline/post/product_q_reg__0
  -------------------------------------------------------------------
                         required time                         10.192    <hidden>
                         arrival time                          -9.967    <hidden>
  -------------------------------------------------------------------
                         slack                                  0.225    <hidden>

Slack (MET) :             0.225ns  (required time - arrival time)
  Source:                 core/data_subsystem/conv2d_pipeline/post/lane_q_reg[2]_rep__1/C
                            (rising edge-triggered cell FDCE clocked by core_clk  {rise@0.000ns fall@5.000ns period=10.000ns})
  Destination:            core/data_subsystem/conv2d_pipeline/post/product_q_reg__0/PCIN[29]
                            (rising edge-triggered cell DSP48E1 clocked by core_clk  {rise@0.000ns fall@5.000ns period=10.000ns})
  Path Group:             core_clk
  Path Type:              Setup (Max at Slow Process Corner)
  Requirement:            10.000ns  (core_clk rise@10.000ns - core_clk rise@0.000ns)
  Data Path Delay:        8.231ns  (logic 4.973ns (60.416%)  route 3.258ns (39.584%))
  Logic Levels:           3  (DSP48E1=1 LUT3=1 LUT6=1)
  Clock Path Skew:        0.092ns (DCD - SCD + CPR)
    Destination Clock Delay (DCD):    1.713ns = ( 11.713 - 10.000 ) 
    Source Clock Delay      (SCD):    1.736ns
    Clock Pessimism Removal (CPR):    0.115ns
  Clock Uncertainty:      0.235ns  ((TSJ^2 + TIJ^2)^1/2 + DJ) / 2 + PE + UU
    Total System Jitter     (TSJ):    0.071ns
    Total Input Jitter      (TIJ):    0.000ns
    Discrete Jitter          (DJ):    0.000ns
    Phase Error              (PE):    0.000ns
    User Uncertainty         (UU):    0.200ns

    Location             Delay type                Incr(ns)  Path(ns)    Netlist Resource(s)
  -------------------------------------------------------------------    -------------------
                         (clock core_clk rise edge)
                                                      0.000     0.000 r  <hidden>
                                                      0.000     0.000 r  aclk
                         net (fo=25094, unset)        1.736     1.736    core/data_subsystem/conv2d_pipeline/post/aclk
    SLICE_X84Y38         FDCE                                         r  core/data_subsystem/conv2d_pipeline/post/lane_q_reg[2]_rep__1/C
  -------------------------------------------------------------------    -------------------
    SLICE_X84Y38         FDCE (Prop_fdce_C_Q)         0.456     2.192 f  core/data_subsystem/conv2d_pipeline/post/lane_q_reg[2]_rep__1/Q
                         net (fo=103, routed)         1.230     3.422    core/data_subsystem/conv2d_pipeline/post/lane_q_reg[2]_rep__1_n_0
    SLICE_X95Y38         LUT3 (Prop_lut3_I2_O)        0.149     3.571 r  core/data_subsystem/conv2d_pipeline/post/i___249_i_1/O
                         net (fo=149, routed)         1.449     5.020    core/data_subsystem/conv2d_pipeline/post/i___249_i_1_n_0
    SLICE_X91Y45         LUT6 (Prop_lut6_I4_O)        0.332     5.352 r  core/data_subsystem/conv2d_pipeline/post/product_q0__0_i_16/O
                         net (fo=1, routed)           0.577     5.929    core/data_subsystem/conv2d_pipeline/post/biased_q[1]
    DSP48_X3Y18          DSP48E1 (Prop_dsp48e1_A[1]_PCOUT[29])
                                                      4.036     9.965 r  core/data_subsystem/conv2d_pipeline/post/product_q0__0/PCOUT[29]
                         net (fo=1, routed)           0.002     9.967    core/data_subsystem/conv2d_pipeline/post/product_q0__0_n_124
    DSP48_X3Y19          DSP48E1                                      r  core/data_subsystem/conv2d_pipeline/post/product_q_reg__0/PCIN[29]
  -------------------------------------------------------------------    -------------------

                         (clock core_clk rise edge)
                                                     10.000    10.000 r  <hidden>
                                                      0.000    10.000 r  aclk
                         net (fo=25094, unset)        1.713    11.713    core/data_subsystem/conv2d_pipeline/post/aclk
    DSP48_X3Y19          DSP48E1                                      r  core/data_subsystem/conv2d_pipeline/post/product_q_reg__0/CLK
                         clock pessimism              0.115    11.828    <hidden>
                         clock uncertainty           -0.235    11.592    <hidden>
    DSP48_X3Y19          DSP48E1 (Setup_dsp48e1_CLK_PCIN[29])
                                                     -1.400    10.192    core/data_subsystem/conv2d_pipeline/post/product_q_reg__0
  -------------------------------------------------------------------
                         required time                         10.192    <hidden>
                         arrival time                          -9.967    <hidden>
  -------------------------------------------------------------------
                         slack                                  0.225    <hidden>

Slack (MET) :             0.225ns  (required time - arrival time)
  Source:                 core/data_subsystem/conv2d_pipeline/post/lane_q_reg[2]_rep__1/C
                            (rising edge-triggered cell FDCE clocked by core_clk  {rise@0.000ns fall@5.000ns period=10.000ns})
  Destination:            core/data_subsystem/conv2d_pipeline/post/product_q_reg__0/PCIN[2]
                            (rising edge-triggered cell DSP48E1 clocked by core_clk  {rise@0.000ns fall@5.000ns period=10.000ns})
  Path Group:             core_clk
  Path Type:              Setup (Max at Slow Process Corner)
  Requirement:            10.000ns  (core_clk rise@10.000ns - core_clk rise@0.000ns)
  Data Path Delay:        8.231ns  (logic 4.973ns (60.416%)  route 3.258ns (39.584%))
  Logic Levels:           3  (DSP48E1=1 LUT3=1 LUT6=1)
  Clock Path Skew:        0.092ns (DCD - SCD + CPR)
    Destination Clock Delay (DCD):    1.713ns = ( 11.713 - 10.000 ) 
    Source Clock Delay      (SCD):    1.736ns
    Clock Pessimism Removal (CPR):    0.115ns
  Clock Uncertainty:      0.235ns  ((TSJ^2 + TIJ^2)^1/2 + DJ) / 2 + PE + UU
    Total System Jitter     (TSJ):    0.071ns
    Total Input Jitter      (TIJ):    0.000ns
    Discrete Jitter          (DJ):    0.000ns
    Phase Error              (PE):    0.000ns
    User Uncertainty         (UU):    0.200ns

    Location             Delay type                Incr(ns)  Path(ns)    Netlist Resource(s)
  -------------------------------------------------------------------    -------------------
                         (clock core_clk rise edge)
                                                      0.000     0.000 r  <hidden>
                                                      0.000     0.000 r  aclk
                         net (fo=25094, unset)        1.736     1.736    core/data_subsystem/conv2d_pipeline/post/aclk
    SLICE_X84Y38         FDCE                                         r  core/data_subsystem/conv2d_pipeline/post/lane_q_reg[2]_rep__1/C
  -------------------------------------------------------------------    -------------------
    SLICE_X84Y38         FDCE (Prop_fdce_C_Q)         0.456     2.192 f  core/data_subsystem/conv2d_pipeline/post/lane_q_reg[2]_rep__1/Q
                         net (fo=103, routed)         1.230     3.422    core/data_subsystem/conv2d_pipeline/post/lane_q_reg[2]_rep__1_n_0
    SLICE_X95Y38         LUT3 (Prop_lut3_I2_O)        0.149     3.571 r  core/data_subsystem/conv2d_pipeline/post/i___249_i_1/O
                         net (fo=149, routed)         1.449     5.020    core/data_subsystem/conv2d_pipeline/post/i___249_i_1_n_0
    SLICE_X91Y45         LUT6 (Prop_lut6_I4_O)        0.332     5.352 r  core/data_subsystem/conv2d_pipeline/post/product_q0__0_i_16/O
                         net (fo=1, routed)           0.577     5.929    core/data_subsystem/conv2d_pipeline/post/biased_q[1]
    DSP48_X3Y18          DSP48E1 (Prop_dsp48e1_A[1]_PCOUT[2])
                                                      4.036     9.965 r  core/data_subsystem/conv2d_pipeline/post/product_q0__0/PCOUT[2]
                         net (fo=1, routed)           0.002     9.967    core/data_subsystem/conv2d_pipeline/post/product_q0__0_n_151
    DSP48_X3Y19          DSP48E1                                      r  core/data_subsystem/conv2d_pipeline/post/product_q_reg__0/PCIN[2]
  -------------------------------------------------------------------    -------------------

                         (clock core_clk rise edge)
                                                     10.000    10.000 r  <hidden>
                                                      0.000    10.000 r  aclk
                         net (fo=25094, unset)        1.713    11.713    core/data_subsystem/conv2d_pipeline/post/aclk
    DSP48_X3Y19          DSP48E1                                      r  core/data_subsystem/conv2d_pipeline/post/product_q_reg__0/CLK
                         clock pessimism              0.115    11.828    <hidden>
                         clock uncertainty           -0.235    11.592    <hidden>
    DSP48_X3Y19          DSP48E1 (Setup_dsp48e1_CLK_PCIN[2])
                                                     -1.400    10.192    core/data_subsystem/conv2d_pipeline/post/product_q_reg__0
  -------------------------------------------------------------------
                         required time                         10.192    <hidden>
                         arrival time                          -9.967    <hidden>
  -------------------------------------------------------------------
                         slack                                  0.225    <hidden>

Slack (MET) :             0.225ns  (required time - arrival time)
  Source:                 core/data_subsystem/conv2d_pipeline/post/lane_q_reg[2]_rep__1/C
                            (rising edge-triggered cell FDCE clocked by core_clk  {rise@0.000ns fall@5.000ns period=10.000ns})
  Destination:            core/data_subsystem/conv2d_pipeline/post/product_q_reg__0/PCIN[30]
                            (rising edge-triggered cell DSP48E1 clocked by core_clk  {rise@0.000ns fall@5.000ns period=10.000ns})
  Path Group:             core_clk
  Path Type:              Setup (Max at Slow Process Corner)
  Requirement:            10.000ns  (core_clk rise@10.000ns - core_clk rise@0.000ns)
  Data Path Delay:        8.231ns  (logic 4.973ns (60.416%)  route 3.258ns (39.584%))
  Logic Levels:           3  (DSP48E1=1 LUT3=1 LUT6=1)
  Clock Path Skew:        0.092ns (DCD - SCD + CPR)
    Destination Clock Delay (DCD):    1.713ns = ( 11.713 - 10.000 ) 
    Source Clock Delay      (SCD):    1.736ns
    Clock Pessimism Removal (CPR):    0.115ns
  Clock Uncertainty:      0.235ns  ((TSJ^2 + TIJ^2)^1/2 + DJ) / 2 + PE + UU
    Total System Jitter     (TSJ):    0.071ns
    Total Input Jitter      (TIJ):    0.000ns
    Discrete Jitter          (DJ):    0.000ns
    Phase Error              (PE):    0.000ns
    User Uncertainty         (UU):    0.200ns

    Location             Delay type                Incr(ns)  Path(ns)    Netlist Resource(s)
  -------------------------------------------------------------------    -------------------
                         (clock core_clk rise edge)
                                                      0.000     0.000 r  <hidden>
                                                      0.000     0.000 r  aclk
                         net (fo=25094, unset)        1.736     1.736    core/data_subsystem/conv2d_pipeline/post/aclk
    SLICE_X84Y38         FDCE                                         r  core/data_subsystem/conv2d_pipeline/post/lane_q_reg[2]_rep__1/C
  -------------------------------------------------------------------    -------------------
    SLICE_X84Y38         FDCE (Prop_fdce_C_Q)         0.456     2.192 f  core/data_subsystem/conv2d_pipeline/post/lane_q_reg[2]_rep__1/Q
                         net (fo=103, routed)         1.230     3.422    core/data_subsystem/conv2d_pipeline/post/lane_q_reg[2]_rep__1_n_0
    SLICE_X95Y38         LUT3 (Prop_lut3_I2_O)        0.149     3.571 r  core/data_subsystem/conv2d_pipeline/post/i___249_i_1/O
                         net (fo=149, routed)         1.449     5.020    core/data_subsystem/conv2d_pipeline/post/i___249_i_1_n_0
    SLICE_X91Y45         LUT6 (Prop_lut6_I4_O)        0.332     5.352 r  core/data_subsystem/conv2d_pipeline/post/product_q0__0_i_16/O
                         net (fo=1, routed)           0.577     5.929    core/data_subsystem/conv2d_pipeline/post/biased_q[1]
    DSP48_X3Y18          DSP48E1 (Prop_dsp48e1_A[1]_PCOUT[30])
                                                      4.036     9.965 r  core/data_subsystem/conv2d_pipeline/post/product_q0__0/PCOUT[30]
                         net (fo=1, routed)           0.002     9.967    core/data_subsystem/conv2d_pipeline/post/product_q0__0_n_123
    DSP48_X3Y19          DSP48E1                                      r  core/data_subsystem/conv2d_pipeline/post/product_q_reg__0/PCIN[30]
  -------------------------------------------------------------------    -------------------

                         (clock core_clk rise edge)
                                                     10.000    10.000 r  <hidden>
                                                      0.000    10.000 r  aclk
                         net (fo=25094, unset)        1.713    11.713    core/data_subsystem/conv2d_pipeline/post/aclk
    DSP48_X3Y19          DSP48E1                                      r  core/data_subsystem/conv2d_pipeline/post/product_q_reg__0/CLK
                         clock pessimism              0.115    11.828    <hidden>
                         clock uncertainty           -0.235    11.592    <hidden>
    DSP48_X3Y19          DSP48E1 (Setup_dsp48e1_CLK_PCIN[30])
                                                     -1.400    10.192    core/data_subsystem/conv2d_pipeline/post/product_q_reg__0
  -------------------------------------------------------------------
                         required time                         10.192    <hidden>
                         arrival time                          -9.967    <hidden>
  -------------------------------------------------------------------
                         slack                                  0.225    <hidden>

Slack (MET) :             0.225ns  (required time - arrival time)
  Source:                 core/data_subsystem/conv2d_pipeline/post/lane_q_reg[2]_rep__1/C
                            (rising edge-triggered cell FDCE clocked by core_clk  {rise@0.000ns fall@5.000ns period=10.000ns})
  Destination:            core/data_subsystem/conv2d_pipeline/post/product_q_reg__0/PCIN[31]
                            (rising edge-triggered cell DSP48E1 clocked by core_clk  {rise@0.000ns fall@5.000ns period=10.000ns})
  Path Group:             core_clk
  Path Type:              Setup (Max at Slow Process Corner)
  Requirement:            10.000ns  (core_clk rise@10.000ns - core_clk rise@0.000ns)
  Data Path Delay:        8.231ns  (logic 4.973ns (60.416%)  route 3.258ns (39.584%))
  Logic Levels:           3  (DSP48E1=1 LUT3=1 LUT6=1)
  Clock Path Skew:        0.092ns (DCD - SCD + CPR)
    Destination Clock Delay (DCD):    1.713ns = ( 11.713 - 10.000 ) 
    Source Clock Delay      (SCD):    1.736ns
    Clock Pessimism Removal (CPR):    0.115ns
  Clock Uncertainty:      0.235ns  ((TSJ^2 + TIJ^2)^1/2 + DJ) / 2 + PE + UU
    Total System Jitter     (TSJ):    0.071ns
    Total Input Jitter      (TIJ):    0.000ns
    Discrete Jitter          (DJ):    0.000ns
    Phase Error              (PE):    0.000ns
    User Uncertainty         (UU):    0.200ns

    Location             Delay type                Incr(ns)  Path(ns)    Netlist Resource(s)
  -------------------------------------------------------------------    -------------------
                         (clock core_clk rise edge)
                                                      0.000     0.000 r  <hidden>
                                                      0.000     0.000 r  aclk
                         net (fo=25094, unset)        1.736     1.736    core/data_subsystem/conv2d_pipeline/post/aclk
    SLICE_X84Y38         FDCE                                         r  core/data_subsystem/conv2d_pipeline/post/lane_q_reg[2]_rep__1/C
  -------------------------------------------------------------------    -------------------
    SLICE_X84Y38         FDCE (Prop_fdce_C_Q)         0.456     2.192 f  core/data_subsystem/conv2d_pipeline/post/lane_q_reg[2]_rep__1/Q
                         net (fo=103, routed)         1.230     3.422    core/data_subsystem/conv2d_pipeline/post/lane_q_reg[2]_rep__1_n_0
    SLICE_X95Y38         LUT3 (Prop_lut3_I2_O)        0.149     3.571 r  core/data_subsystem/conv2d_pipeline/post/i___249_i_1/O
                         net (fo=149, routed)         1.449     5.020    core/data_subsystem/conv2d_pipeline/post/i___249_i_1_n_0
    SLICE_X91Y45         LUT6 (Prop_lut6_I4_O)        0.332     5.352 r  core/data_subsystem/conv2d_pipeline/post/product_q0__0_i_16/O
                         net (fo=1, routed)           0.577     5.929    core/data_subsystem/conv2d_pipeline/post/biased_q[1]
    DSP48_X3Y18          DSP48E1 (Prop_dsp48e1_A[1]_PCOUT[31])
                                                      4.036     9.965 r  core/data_subsystem/conv2d_pipeline/post/product_q0__0/PCOUT[31]
                         net (fo=1, routed)           0.002     9.967    core/data_subsystem/conv2d_pipeline/post/product_q0__0_n_122
    DSP48_X3Y19          DSP48E1                                      r  core/data_subsystem/conv2d_pipeline/post/product_q_reg__0/PCIN[31]
  -------------------------------------------------------------------    -------------------

                         (clock core_clk rise edge)
                                                     10.000    10.000 r  <hidden>
                                                      0.000    10.000 r  aclk
                         net (fo=25094, unset)        1.713    11.713    core/data_subsystem/conv2d_pipeline/post/aclk
    DSP48_X3Y19          DSP48E1                                      r  core/data_subsystem/conv2d_pipeline/post/product_q_reg__0/CLK
                         clock pessimism              0.115    11.828    <hidden>
                         clock uncertainty           -0.235    11.592    <hidden>
    DSP48_X3Y19          DSP48E1 (Setup_dsp48e1_CLK_PCIN[31])
                                                     -1.400    10.192    core/data_subsystem/conv2d_pipeline/post/product_q_reg__0
  -------------------------------------------------------------------
                         required time                         10.192    <hidden>
                         arrival time                          -9.967    <hidden>
  -------------------------------------------------------------------
                         slack                                  0.225    <hidden>

Slack (MET) :             0.225ns  (required time - arrival time)
  Source:                 core/data_subsystem/conv2d_pipeline/post/lane_q_reg[2]_rep__1/C
                            (rising edge-triggered cell FDCE clocked by core_clk  {rise@0.000ns fall@5.000ns period=10.000ns})
  Destination:            core/data_subsystem/conv2d_pipeline/post/product_q_reg__0/PCIN[32]
                            (rising edge-triggered cell DSP48E1 clocked by core_clk  {rise@0.000ns fall@5.000ns period=10.000ns})
  Path Group:             core_clk
  Path Type:              Setup (Max at Slow Process Corner)
  Requirement:            10.000ns  (core_clk rise@10.000ns - core_clk rise@0.000ns)
  Data Path Delay:        8.231ns  (logic 4.973ns (60.416%)  route 3.258ns (39.584%))
  Logic Levels:           3  (DSP48E1=1 LUT3=1 LUT6=1)
  Clock Path Skew:        0.092ns (DCD - SCD + CPR)
    Destination Clock Delay (DCD):    1.713ns = ( 11.713 - 10.000 ) 
    Source Clock Delay      (SCD):    1.736ns
    Clock Pessimism Removal (CPR):    0.115ns
  Clock Uncertainty:      0.235ns  ((TSJ^2 + TIJ^2)^1/2 + DJ) / 2 + PE + UU
    Total System Jitter     (TSJ):    0.071ns
    Total Input Jitter      (TIJ):    0.000ns
    Discrete Jitter          (DJ):    0.000ns
    Phase Error              (PE):    0.000ns
    User Uncertainty         (UU):    0.200ns

    Location             Delay type                Incr(ns)  Path(ns)    Netlist Resource(s)
  -------------------------------------------------------------------    -------------------
                         (clock core_clk rise edge)
                                                      0.000     0.000 r  <hidden>
                                                      0.000     0.000 r  aclk
                         net (fo=25094, unset)        1.736     1.736    core/data_subsystem/conv2d_pipeline/post/aclk
    SLICE_X84Y38         FDCE                                         r  core/data_subsystem/conv2d_pipeline/post/lane_q_reg[2]_rep__1/C
  -------------------------------------------------------------------    -------------------
    SLICE_X84Y38         FDCE (Prop_fdce_C_Q)         0.456     2.192 f  core/data_subsystem/conv2d_pipeline/post/lane_q_reg[2]_rep__1/Q
                         net (fo=103, routed)         1.230     3.422    core/data_subsystem/conv2d_pipeline/post/lane_q_reg[2]_rep__1_n_0
    SLICE_X95Y38         LUT3 (Prop_lut3_I2_O)        0.149     3.571 r  core/data_subsystem/conv2d_pipeline/post/i___249_i_1/O
                         net (fo=149, routed)         1.449     5.020    core/data_subsystem/conv2d_pipeline/post/i___249_i_1_n_0
    SLICE_X91Y45         LUT6 (Prop_lut6_I4_O)        0.332     5.352 r  core/data_subsystem/conv2d_pipeline/post/product_q0__0_i_16/O
                         net (fo=1, routed)           0.577     5.929    core/data_subsystem/conv2d_pipeline/post/biased_q[1]
    DSP48_X3Y18          DSP48E1 (Prop_dsp48e1_A[1]_PCOUT[32])
                                                      4.036     9.965 r  core/data_subsystem/conv2d_pipeline/post/product_q0__0/PCOUT[32]
                         net (fo=1, routed)           0.002     9.967    core/data_subsystem/conv2d_pipeline/post/product_q0__0_n_121
    DSP48_X3Y19          DSP48E1                                      r  core/data_subsystem/conv2d_pipeline/post/product_q_reg__0/PCIN[32]
  -------------------------------------------------------------------    -------------------

                         (clock core_clk rise edge)
                                                     10.000    10.000 r  <hidden>
                                                      0.000    10.000 r  aclk
                         net (fo=25094, unset)        1.713    11.713    core/data_subsystem/conv2d_pipeline/post/aclk
    DSP48_X3Y19          DSP48E1                                      r  core/data_subsystem/conv2d_pipeline/post/product_q_reg__0/CLK
                         clock pessimism              0.115    11.828    <hidden>
                         clock uncertainty           -0.235    11.592    <hidden>
    DSP48_X3Y19          DSP48E1 (Setup_dsp48e1_CLK_PCIN[32])
                                                     -1.400    10.192    core/data_subsystem/conv2d_pipeline/post/product_q_reg__0
  -------------------------------------------------------------------
                         required time                         10.192    <hidden>
                         arrival time                          -9.967    <hidden>
  -------------------------------------------------------------------
                         slack                                  0.225    <hidden>

Slack (MET) :             0.225ns  (required time - arrival time)
  Source:                 core/data_subsystem/conv2d_pipeline/post/lane_q_reg[2]_rep__1/C
                            (rising edge-triggered cell FDCE clocked by core_clk  {rise@0.000ns fall@5.000ns period=10.000ns})
  Destination:            core/data_subsystem/conv2d_pipeline/post/product_q_reg__0/PCIN[33]
                            (rising edge-triggered cell DSP48E1 clocked by core_clk  {rise@0.000ns fall@5.000ns period=10.000ns})
  Path Group:             core_clk
  Path Type:              Setup (Max at Slow Process Corner)
  Requirement:            10.000ns  (core_clk rise@10.000ns - core_clk rise@0.000ns)
  Data Path Delay:        8.231ns  (logic 4.973ns (60.416%)  route 3.258ns (39.584%))
  Logic Levels:           3  (DSP48E1=1 LUT3=1 LUT6=1)
  Clock Path Skew:        0.092ns (DCD - SCD + CPR)
    Destination Clock Delay (DCD):    1.713ns = ( 11.713 - 10.000 ) 
    Source Clock Delay      (SCD):    1.736ns
    Clock Pessimism Removal (CPR):    0.115ns
  Clock Uncertainty:      0.235ns  ((TSJ^2 + TIJ^2)^1/2 + DJ) / 2 + PE + UU
    Total System Jitter     (TSJ):    0.071ns
    Total Input Jitter      (TIJ):    0.000ns
    Discrete Jitter          (DJ):    0.000ns
    Phase Error              (PE):    0.000ns
    User Uncertainty         (UU):    0.200ns

    Location             Delay type                Incr(ns)  Path(ns)    Netlist Resource(s)
  -------------------------------------------------------------------    -------------------
                         (clock core_clk rise edge)
                                                      0.000     0.000 r  <hidden>
                                                      0.000     0.000 r  aclk
                         net (fo=25094, unset)        1.736     1.736    core/data_subsystem/conv2d_pipeline/post/aclk
    SLICE_X84Y38         FDCE                                         r  core/data_subsystem/conv2d_pipeline/post/lane_q_reg[2]_rep__1/C
  -------------------------------------------------------------------    -------------------
    SLICE_X84Y38         FDCE (Prop_fdce_C_Q)         0.456     2.192 f  core/data_subsystem/conv2d_pipeline/post/lane_q_reg[2]_rep__1/Q
                         net (fo=103, routed)         1.230     3.422    core/data_subsystem/conv2d_pipeline/post/lane_q_reg[2]_rep__1_n_0
    SLICE_X95Y38         LUT3 (Prop_lut3_I2_O)        0.149     3.571 r  core/data_subsystem/conv2d_pipeline/post/i___249_i_1/O
                         net (fo=149, routed)         1.449     5.020    core/data_subsystem/conv2d_pipeline/post/i___249_i_1_n_0
    SLICE_X91Y45         LUT6 (Prop_lut6_I4_O)        0.332     5.352 r  core/data_subsystem/conv2d_pipeline/post/product_q0__0_i_16/O
                         net (fo=1, routed)           0.577     5.929    core/data_subsystem/conv2d_pipeline/post/biased_q[1]
    DSP48_X3Y18          DSP48E1 (Prop_dsp48e1_A[1]_PCOUT[33])
                                                      4.036     9.965 r  core/data_subsystem/conv2d_pipeline/post/product_q0__0/PCOUT[33]
                         net (fo=1, routed)           0.002     9.967    core/data_subsystem/conv2d_pipeline/post/product_q0__0_n_120
    DSP48_X3Y19          DSP48E1                                      r  core/data_subsystem/conv2d_pipeline/post/product_q_reg__0/PCIN[33]
  -------------------------------------------------------------------    -------------------

                         (clock core_clk rise edge)
                                                     10.000    10.000 r  <hidden>
                                                      0.000    10.000 r  aclk
                         net (fo=25094, unset)        1.713    11.713    core/data_subsystem/conv2d_pipeline/post/aclk
    DSP48_X3Y19          DSP48E1                                      r  core/data_subsystem/conv2d_pipeline/post/product_q_reg__0/CLK
                         clock pessimism              0.115    11.828    <hidden>
                         clock uncertainty           -0.235    11.592    <hidden>
    DSP48_X3Y19          DSP48E1 (Setup_dsp48e1_CLK_PCIN[33])
                                                     -1.400    10.192    core/data_subsystem/conv2d_pipeline/post/product_q_reg__0
  -------------------------------------------------------------------
                         required time                         10.192    <hidden>
                         arrival time                          -9.967    <hidden>
  -------------------------------------------------------------------
                         slack                                  0.225    <hidden>

Slack (MET) :             0.225ns  (required time - arrival time)
  Source:                 core/data_subsystem/conv2d_pipeline/post/lane_q_reg[2]_rep__1/C
                            (rising edge-triggered cell FDCE clocked by core_clk  {rise@0.000ns fall@5.000ns period=10.000ns})
  Destination:            core/data_subsystem/conv2d_pipeline/post/product_q_reg__0/PCIN[34]
                            (rising edge-triggered cell DSP48E1 clocked by core_clk  {rise@0.000ns fall@5.000ns period=10.000ns})
  Path Group:             core_clk
  Path Type:              Setup (Max at Slow Process Corner)
  Requirement:            10.000ns  (core_clk rise@10.000ns - core_clk rise@0.000ns)
  Data Path Delay:        8.231ns  (logic 4.973ns (60.416%)  route 3.258ns (39.584%))
  Logic Levels:           3  (DSP48E1=1 LUT3=1 LUT6=1)
  Clock Path Skew:        0.092ns (DCD - SCD + CPR)
    Destination Clock Delay (DCD):    1.713ns = ( 11.713 - 10.000 ) 
    Source Clock Delay      (SCD):    1.736ns
    Clock Pessimism Removal (CPR):    0.115ns
  Clock Uncertainty:      0.235ns  ((TSJ^2 + TIJ^2)^1/2 + DJ) / 2 + PE + UU
    Total System Jitter     (TSJ):    0.071ns
    Total Input Jitter      (TIJ):    0.000ns
    Discrete Jitter          (DJ):    0.000ns
    Phase Error              (PE):    0.000ns
    User Uncertainty         (UU):    0.200ns

    Location             Delay type                Incr(ns)  Path(ns)    Netlist Resource(s)
  -------------------------------------------------------------------    -------------------
                         (clock core_clk rise edge)
                                                      0.000     0.000 r  <hidden>
                                                      0.000     0.000 r  aclk
                         net (fo=25094, unset)        1.736     1.736    core/data_subsystem/conv2d_pipeline/post/aclk
    SLICE_X84Y38         FDCE                                         r  core/data_subsystem/conv2d_pipeline/post/lane_q_reg[2]_rep__1/C
  -------------------------------------------------------------------    -------------------
    SLICE_X84Y38         FDCE (Prop_fdce_C_Q)         0.456     2.192 f  core/data_subsystem/conv2d_pipeline/post/lane_q_reg[2]_rep__1/Q
                         net (fo=103, routed)         1.230     3.422    core/data_subsystem/conv2d_pipeline/post/lane_q_reg[2]_rep__1_n_0
    SLICE_X95Y38         LUT3 (Prop_lut3_I2_O)        0.149     3.571 r  core/data_subsystem/conv2d_pipeline/post/i___249_i_1/O
                         net (fo=149, routed)         1.449     5.020    core/data_subsystem/conv2d_pipeline/post/i___249_i_1_n_0
    SLICE_X91Y45         LUT6 (Prop_lut6_I4_O)        0.332     5.352 r  core/data_subsystem/conv2d_pipeline/post/product_q0__0_i_16/O
                         net (fo=1, routed)           0.577     5.929    core/data_subsystem/conv2d_pipeline/post/biased_q[1]
    DSP48_X3Y18          DSP48E1 (Prop_dsp48e1_A[1]_PCOUT[34])
                                                      4.036     9.965 r  core/data_subsystem/conv2d_pipeline/post/product_q0__0/PCOUT[34]
                         net (fo=1, routed)           0.002     9.967    core/data_subsystem/conv2d_pipeline/post/product_q0__0_n_119
    DSP48_X3Y19          DSP48E1                                      r  core/data_subsystem/conv2d_pipeline/post/product_q_reg__0/PCIN[34]
  -------------------------------------------------------------------    -------------------

                         (clock core_clk rise edge)
                                                     10.000    10.000 r  <hidden>
                                                      0.000    10.000 r  aclk
                         net (fo=25094, unset)        1.713    11.713    core/data_subsystem/conv2d_pipeline/post/aclk
    DSP48_X3Y19          DSP48E1                                      r  core/data_subsystem/conv2d_pipeline/post/product_q_reg__0/CLK
                         clock pessimism              0.115    11.828    <hidden>
                         clock uncertainty           -0.235    11.592    <hidden>
    DSP48_X3Y19          DSP48E1 (Setup_dsp48e1_CLK_PCIN[34])
                                                     -1.400    10.192    core/data_subsystem/conv2d_pipeline/post/product_q_reg__0
  -------------------------------------------------------------------
                         required time                         10.192    <hidden>
                         arrival time                          -9.967    <hidden>
  -------------------------------------------------------------------
                         slack                                  0.225    <hidden>

Slack (MET) :             0.225ns  (required time - arrival time)
  Source:                 core/data_subsystem/conv2d_pipeline/post/lane_q_reg[2]_rep__1/C
                            (rising edge-triggered cell FDCE clocked by core_clk  {rise@0.000ns fall@5.000ns period=10.000ns})
  Destination:            core/data_subsystem/conv2d_pipeline/post/product_q_reg__0/PCIN[35]
                            (rising edge-triggered cell DSP48E1 clocked by core_clk  {rise@0.000ns fall@5.000ns period=10.000ns})
  Path Group:             core_clk
  Path Type:              Setup (Max at Slow Process Corner)
  Requirement:            10.000ns  (core_clk rise@10.000ns - core_clk rise@0.000ns)
  Data Path Delay:        8.231ns  (logic 4.973ns (60.416%)  route 3.258ns (39.584%))
  Logic Levels:           3  (DSP48E1=1 LUT3=1 LUT6=1)
  Clock Path Skew:        0.092ns (DCD - SCD + CPR)
    Destination Clock Delay (DCD):    1.713ns = ( 11.713 - 10.000 ) 
    Source Clock Delay      (SCD):    1.736ns
    Clock Pessimism Removal (CPR):    0.115ns
  Clock Uncertainty:      0.235ns  ((TSJ^2 + TIJ^2)^1/2 + DJ) / 2 + PE + UU
    Total System Jitter     (TSJ):    0.071ns
    Total Input Jitter      (TIJ):    0.000ns
    Discrete Jitter          (DJ):    0.000ns
    Phase Error              (PE):    0.000ns
    User Uncertainty         (UU):    0.200ns

    Location             Delay type                Incr(ns)  Path(ns)    Netlist Resource(s)
  -------------------------------------------------------------------    -------------------
                         (clock core_clk rise edge)
                                                      0.000     0.000 r  <hidden>
                                                      0.000     0.000 r  aclk
                         net (fo=25094, unset)        1.736     1.736    core/data_subsystem/conv2d_pipeline/post/aclk
    SLICE_X84Y38         FDCE                                         r  core/data_subsystem/conv2d_pipeline/post/lane_q_reg[2]_rep__1/C
  -------------------------------------------------------------------    -------------------
    SLICE_X84Y38         FDCE (Prop_fdce_C_Q)         0.456     2.192 f  core/data_subsystem/conv2d_pipeline/post/lane_q_reg[2]_rep__1/Q
                         net (fo=103, routed)         1.230     3.422    core/data_subsystem/conv2d_pipeline/post/lane_q_reg[2]_rep__1_n_0
    SLICE_X95Y38         LUT3 (Prop_lut3_I2_O)        0.149     3.571 r  core/data_subsystem/conv2d_pipeline/post/i___249_i_1/O
                         net (fo=149, routed)         1.449     5.020    core/data_subsystem/conv2d_pipeline/post/i___249_i_1_n_0
    SLICE_X91Y45         LUT6 (Prop_lut6_I4_O)        0.332     5.352 r  core/data_subsystem/conv2d_pipeline/post/product_q0__0_i_16/O
                         net (fo=1, routed)           0.577     5.929    core/data_subsystem/conv2d_pipeline/post/biased_q[1]
    DSP48_X3Y18          DSP48E1 (Prop_dsp48e1_A[1]_PCOUT[35])
                                                      4.036     9.965 r  core/data_subsystem/conv2d_pipeline/post/product_q0__0/PCOUT[35]
                         net (fo=1, routed)           0.002     9.967    core/data_subsystem/conv2d_pipeline/post/product_q0__0_n_118
    DSP48_X3Y19          DSP48E1                                      r  core/data_subsystem/conv2d_pipeline/post/product_q_reg__0/PCIN[35]
  -------------------------------------------------------------------    -------------------

                         (clock core_clk rise edge)
                                                     10.000    10.000 r  <hidden>
                                                      0.000    10.000 r  aclk
                         net (fo=25094, unset)        1.713    11.713    core/data_subsystem/conv2d_pipeline/post/aclk
    DSP48_X3Y19          DSP48E1                                      r  core/data_subsystem/conv2d_pipeline/post/product_q_reg__0/CLK
                         clock pessimism              0.115    11.828    <hidden>
                         clock uncertainty           -0.235    11.592    <hidden>
    DSP48_X3Y19          DSP48E1 (Setup_dsp48e1_CLK_PCIN[35])
                                                     -1.400    10.192    core/data_subsystem/conv2d_pipeline/post/product_q_reg__0
  -------------------------------------------------------------------
                         required time                         10.192    <hidden>
                         arrival time                          -9.967    <hidden>
  -------------------------------------------------------------------
                         slack                                  0.225    <hidden>

Slack (MET) :             0.225ns  (required time - arrival time)
  Source:                 core/data_subsystem/conv2d_pipeline/post/lane_q_reg[2]_rep__1/C
                            (rising edge-triggered cell FDCE clocked by core_clk  {rise@0.000ns fall@5.000ns period=10.000ns})
  Destination:            core/data_subsystem/conv2d_pipeline/post/product_q_reg__0/PCIN[36]
                            (rising edge-triggered cell DSP48E1 clocked by core_clk  {rise@0.000ns fall@5.000ns period=10.000ns})
  Path Group:             core_clk
  Path Type:              Setup (Max at Slow Process Corner)
  Requirement:            10.000ns  (core_clk rise@10.000ns - core_clk rise@0.000ns)
  Data Path Delay:        8.231ns  (logic 4.973ns (60.416%)  route 3.258ns (39.584%))
  Logic Levels:           3  (DSP48E1=1 LUT3=1 LUT6=1)
  Clock Path Skew:        0.092ns (DCD - SCD + CPR)
    Destination Clock Delay (DCD):    1.713ns = ( 11.713 - 10.000 ) 
    Source Clock Delay      (SCD):    1.736ns
    Clock Pessimism Removal (CPR):    0.115ns
  Clock Uncertainty:      0.235ns  ((TSJ^2 + TIJ^2)^1/2 + DJ) / 2 + PE + UU
    Total System Jitter     (TSJ):    0.071ns
    Total Input Jitter      (TIJ):    0.000ns
    Discrete Jitter          (DJ):    0.000ns
    Phase Error              (PE):    0.000ns
    User Uncertainty         (UU):    0.200ns

    Location             Delay type                Incr(ns)  Path(ns)    Netlist Resource(s)
  -------------------------------------------------------------------    -------------------
                         (clock core_clk rise edge)
                                                      0.000     0.000 r  <hidden>
                                                      0.000     0.000 r  aclk
                         net (fo=25094, unset)        1.736     1.736    core/data_subsystem/conv2d_pipeline/post/aclk
    SLICE_X84Y38         FDCE                                         r  core/data_subsystem/conv2d_pipeline/post/lane_q_reg[2]_rep__1/C
  -------------------------------------------------------------------    -------------------
    SLICE_X84Y38         FDCE (Prop_fdce_C_Q)         0.456     2.192 f  core/data_subsystem/conv2d_pipeline/post/lane_q_reg[2]_rep__1/Q
                         net (fo=103, routed)         1.230     3.422    core/data_subsystem/conv2d_pipeline/post/lane_q_reg[2]_rep__1_n_0
    SLICE_X95Y38         LUT3 (Prop_lut3_I2_O)        0.149     3.571 r  core/data_subsystem/conv2d_pipeline/post/i___249_i_1/O
                         net (fo=149, routed)         1.449     5.020    core/data_subsystem/conv2d_pipeline/post/i___249_i_1_n_0
    SLICE_X91Y45         LUT6 (Prop_lut6_I4_O)        0.332     5.352 r  core/data_subsystem/conv2d_pipeline/post/product_q0__0_i_16/O
                         net (fo=1, routed)           0.577     5.929    core/data_subsystem/conv2d_pipeline/post/biased_q[1]
    DSP48_X3Y18          DSP48E1 (Prop_dsp48e1_A[1]_PCOUT[36])
                                                      4.036     9.965 r  core/data_subsystem/conv2d_pipeline/post/product_q0__0/PCOUT[36]
                         net (fo=1, routed)           0.002     9.967    core/data_subsystem/conv2d_pipeline/post/product_q0__0_n_117
    DSP48_X3Y19          DSP48E1                                      r  core/data_subsystem/conv2d_pipeline/post/product_q_reg__0/PCIN[36]
  -------------------------------------------------------------------    -------------------

                         (clock core_clk rise edge)
                                                     10.000    10.000 r  <hidden>
                                                      0.000    10.000 r  aclk
                         net (fo=25094, unset)        1.713    11.713    core/data_subsystem/conv2d_pipeline/post/aclk
    DSP48_X3Y19          DSP48E1                                      r  core/data_subsystem/conv2d_pipeline/post/product_q_reg__0/CLK
                         clock pessimism              0.115    11.828    <hidden>
                         clock uncertainty           -0.235    11.592    <hidden>
    DSP48_X3Y19          DSP48E1 (Setup_dsp48e1_CLK_PCIN[36])
                                                     -1.400    10.192    core/data_subsystem/conv2d_pipeline/post/product_q_reg__0
  -------------------------------------------------------------------
                         required time                         10.192    <hidden>
                         arrival time                          -9.967    <hidden>
  -------------------------------------------------------------------
                         slack                                  0.225    <hidden>

Slack (MET) :             0.225ns  (required time - arrival time)
  Source:                 core/data_subsystem/conv2d_pipeline/post/lane_q_reg[2]_rep__1/C
                            (rising edge-triggered cell FDCE clocked by core_clk  {rise@0.000ns fall@5.000ns period=10.000ns})
  Destination:            core/data_subsystem/conv2d_pipeline/post/product_q_reg__0/PCIN[37]
                            (rising edge-triggered cell DSP48E1 clocked by core_clk  {rise@0.000ns fall@5.000ns period=10.000ns})
  Path Group:             core_clk
  Path Type:              Setup (Max at Slow Process Corner)
  Requirement:            10.000ns  (core_clk rise@10.000ns - core_clk rise@0.000ns)
  Data Path Delay:        8.231ns  (logic 4.973ns (60.416%)  route 3.258ns (39.584%))
  Logic Levels:           3  (DSP48E1=1 LUT3=1 LUT6=1)
  Clock Path Skew:        0.092ns (DCD - SCD + CPR)
    Destination Clock Delay (DCD):    1.713ns = ( 11.713 - 10.000 ) 
    Source Clock Delay      (SCD):    1.736ns
    Clock Pessimism Removal (CPR):    0.115ns
  Clock Uncertainty:      0.235ns  ((TSJ^2 + TIJ^2)^1/2 + DJ) / 2 + PE + UU
    Total System Jitter     (TSJ):    0.071ns
    Total Input Jitter      (TIJ):    0.000ns
    Discrete Jitter          (DJ):    0.000ns
    Phase Error              (PE):    0.000ns
    User Uncertainty         (UU):    0.200ns

    Location             Delay type                Incr(ns)  Path(ns)    Netlist Resource(s)
  -------------------------------------------------------------------    -------------------
                         (clock core_clk rise edge)
                                                      0.000     0.000 r  <hidden>
                                                      0.000     0.000 r  aclk
                         net (fo=25094, unset)        1.736     1.736    core/data_subsystem/conv2d_pipeline/post/aclk
    SLICE_X84Y38         FDCE                                         r  core/data_subsystem/conv2d_pipeline/post/lane_q_reg[2]_rep__1/C
  -------------------------------------------------------------------    -------------------
    SLICE_X84Y38         FDCE (Prop_fdce_C_Q)         0.456     2.192 f  core/data_subsystem/conv2d_pipeline/post/lane_q_reg[2]_rep__1/Q
                         net (fo=103, routed)         1.230     3.422    core/data_subsystem/conv2d_pipeline/post/lane_q_reg[2]_rep__1_n_0
    SLICE_X95Y38         LUT3 (Prop_lut3_I2_O)        0.149     3.571 r  core/data_subsystem/conv2d_pipeline/post/i___249_i_1/O
                         net (fo=149, routed)         1.449     5.020    core/data_subsystem/conv2d_pipeline/post/i___249_i_1_n_0
    SLICE_X91Y45         LUT6 (Prop_lut6_I4_O)        0.332     5.352 r  core/data_subsystem/conv2d_pipeline/post/product_q0__0_i_16/O
                         net (fo=1, routed)           0.577     5.929    core/data_subsystem/conv2d_pipeline/post/biased_q[1]
    DSP48_X3Y18          DSP48E1 (Prop_dsp48e1_A[1]_PCOUT[37])
                                                      4.036     9.965 r  core/data_subsystem/conv2d_pipeline/post/product_q0__0/PCOUT[37]
                         net (fo=1, routed)           0.002     9.967    core/data_subsystem/conv2d_pipeline/post/product_q0__0_n_116
    DSP48_X3Y19          DSP48E1                                      r  core/data_subsystem/conv2d_pipeline/post/product_q_reg__0/PCIN[37]
  -------------------------------------------------------------------    -------------------

                         (clock core_clk rise edge)
                                                     10.000    10.000 r  <hidden>
                                                      0.000    10.000 r  aclk
                         net (fo=25094, unset)        1.713    11.713    core/data_subsystem/conv2d_pipeline/post/aclk
    DSP48_X3Y19          DSP48E1                                      r  core/data_subsystem/conv2d_pipeline/post/product_q_reg__0/CLK
                         clock pessimism              0.115    11.828    <hidden>
                         clock uncertainty           -0.235    11.592    <hidden>
    DSP48_X3Y19          DSP48E1 (Setup_dsp48e1_CLK_PCIN[37])
                                                     -1.400    10.192    core/data_subsystem/conv2d_pipeline/post/product_q_reg__0
  -------------------------------------------------------------------
                         required time                         10.192    <hidden>
                         arrival time                          -9.967    <hidden>
  -------------------------------------------------------------------
                         slack                                  0.225    <hidden>

Slack (MET) :             0.225ns  (required time - arrival time)
  Source:                 core/data_subsystem/conv2d_pipeline/post/lane_q_reg[2]_rep__1/C
                            (rising edge-triggered cell FDCE clocked by core_clk  {rise@0.000ns fall@5.000ns period=10.000ns})
  Destination:            core/data_subsystem/conv2d_pipeline/post/product_q_reg__0/PCIN[38]
                            (rising edge-triggered cell DSP48E1 clocked by core_clk  {rise@0.000ns fall@5.000ns period=10.000ns})
  Path Group:             core_clk
  Path Type:              Setup (Max at Slow Process Corner)
  Requirement:            10.000ns  (core_clk rise@10.000ns - core_clk rise@0.000ns)
  Data Path Delay:        8.231ns  (logic 4.973ns (60.416%)  route 3.258ns (39.584%))
  Logic Levels:           3  (DSP48E1=1 LUT3=1 LUT6=1)
  Clock Path Skew:        0.092ns (DCD - SCD + CPR)
    Destination Clock Delay (DCD):    1.713ns = ( 11.713 - 10.000 ) 
    Source Clock Delay      (SCD):    1.736ns
    Clock Pessimism Removal (CPR):    0.115ns
  Clock Uncertainty:      0.235ns  ((TSJ^2 + TIJ^2)^1/2 + DJ) / 2 + PE + UU
    Total System Jitter     (TSJ):    0.071ns
    Total Input Jitter      (TIJ):    0.000ns
    Discrete Jitter          (DJ):    0.000ns
    Phase Error              (PE):    0.000ns
    User Uncertainty         (UU):    0.200ns

    Location             Delay type                Incr(ns)  Path(ns)    Netlist Resource(s)
  -------------------------------------------------------------------    -------------------
                         (clock core_clk rise edge)
                                                      0.000     0.000 r  <hidden>
                                                      0.000     0.000 r  aclk
                         net (fo=25094, unset)        1.736     1.736    core/data_subsystem/conv2d_pipeline/post/aclk
    SLICE_X84Y38         FDCE                                         r  core/data_subsystem/conv2d_pipeline/post/lane_q_reg[2]_rep__1/C
  -------------------------------------------------------------------    -------------------
    SLICE_X84Y38         FDCE (Prop_fdce_C_Q)         0.456     2.192 f  core/data_subsystem/conv2d_pipeline/post/lane_q_reg[2]_rep__1/Q
                         net (fo=103, routed)         1.230     3.422    core/data_subsystem/conv2d_pipeline/post/lane_q_reg[2]_rep__1_n_0
    SLICE_X95Y38         LUT3 (Prop_lut3_I2_O)        0.149     3.571 r  core/data_subsystem/conv2d_pipeline/post/i___249_i_1/O
                         net (fo=149, routed)         1.449     5.020    core/data_subsystem/conv2d_pipeline/post/i___249_i_1_n_0
    SLICE_X91Y45         LUT6 (Prop_lut6_I4_O)        0.332     5.352 r  core/data_subsystem/conv2d_pipeline/post/product_q0__0_i_16/O
                         net (fo=1, routed)           0.577     5.929    core/data_subsystem/conv2d_pipeline/post/biased_q[1]
    DSP48_X3Y18          DSP48E1 (Prop_dsp48e1_A[1]_PCOUT[38])
                                                      4.036     9.965 r  core/data_subsystem/conv2d_pipeline/post/product_q0__0/PCOUT[38]
                         net (fo=1, routed)           0.002     9.967    core/data_subsystem/conv2d_pipeline/post/product_q0__0_n_115
    DSP48_X3Y19          DSP48E1                                      r  core/data_subsystem/conv2d_pipeline/post/product_q_reg__0/PCIN[38]
  -------------------------------------------------------------------    -------------------

                         (clock core_clk rise edge)
                                                     10.000    10.000 r  <hidden>
                                                      0.000    10.000 r  aclk
                         net (fo=25094, unset)        1.713    11.713    core/data_subsystem/conv2d_pipeline/post/aclk
    DSP48_X3Y19          DSP48E1                                      r  core/data_subsystem/conv2d_pipeline/post/product_q_reg__0/CLK
                         clock pessimism              0.115    11.828    <hidden>
                         clock uncertainty           -0.235    11.592    <hidden>
    DSP48_X3Y19          DSP48E1 (Setup_dsp48e1_CLK_PCIN[38])
                                                     -1.400    10.192    core/data_subsystem/conv2d_pipeline/post/product_q_reg__0
  -------------------------------------------------------------------
                         required time                         10.192    <hidden>
                         arrival time                          -9.967    <hidden>
  -------------------------------------------------------------------
                         slack                                  0.225    <hidden>

Slack (MET) :             0.225ns  (required time - arrival time)
  Source:                 core/data_subsystem/conv2d_pipeline/post/lane_q_reg[2]_rep__1/C
                            (rising edge-triggered cell FDCE clocked by core_clk  {rise@0.000ns fall@5.000ns period=10.000ns})
  Destination:            core/data_subsystem/conv2d_pipeline/post/product_q_reg__0/PCIN[39]
                            (rising edge-triggered cell DSP48E1 clocked by core_clk  {rise@0.000ns fall@5.000ns period=10.000ns})
  Path Group:             core_clk
  Path Type:              Setup (Max at Slow Process Corner)
  Requirement:            10.000ns  (core_clk rise@10.000ns - core_clk rise@0.000ns)
  Data Path Delay:        8.231ns  (logic 4.973ns (60.416%)  route 3.258ns (39.584%))
  Logic Levels:           3  (DSP48E1=1 LUT3=1 LUT6=1)
  Clock Path Skew:        0.092ns (DCD - SCD + CPR)
    Destination Clock Delay (DCD):    1.713ns = ( 11.713 - 10.000 ) 
    Source Clock Delay      (SCD):    1.736ns
    Clock Pessimism Removal (CPR):    0.115ns
  Clock Uncertainty:      0.235ns  ((TSJ^2 + TIJ^2)^1/2 + DJ) / 2 + PE + UU
    Total System Jitter     (TSJ):    0.071ns
    Total Input Jitter      (TIJ):    0.000ns
    Discrete Jitter          (DJ):    0.000ns
    Phase Error              (PE):    0.000ns
    User Uncertainty         (UU):    0.200ns

    Location             Delay type                Incr(ns)  Path(ns)    Netlist Resource(s)
  -------------------------------------------------------------------    -------------------
                         (clock core_clk rise edge)
                                                      0.000     0.000 r  <hidden>
                                                      0.000     0.000 r  aclk
                         net (fo=25094, unset)        1.736     1.736    core/data_subsystem/conv2d_pipeline/post/aclk
    SLICE_X84Y38         FDCE                                         r  core/data_subsystem/conv2d_pipeline/post/lane_q_reg[2]_rep__1/C
  -------------------------------------------------------------------    -------------------
    SLICE_X84Y38         FDCE (Prop_fdce_C_Q)         0.456     2.192 f  core/data_subsystem/conv2d_pipeline/post/lane_q_reg[2]_rep__1/Q
                         net (fo=103, routed)         1.230     3.422    core/data_subsystem/conv2d_pipeline/post/lane_q_reg[2]_rep__1_n_0
    SLICE_X95Y38         LUT3 (Prop_lut3_I2_O)        0.149     3.571 r  core/data_subsystem/conv2d_pipeline/post/i___249_i_1/O
                         net (fo=149, routed)         1.449     5.020    core/data_subsystem/conv2d_pipeline/post/i___249_i_1_n_0
    SLICE_X91Y45         LUT6 (Prop_lut6_I4_O)        0.332     5.352 r  core/data_subsystem/conv2d_pipeline/post/product_q0__0_i_16/O
                         net (fo=1, routed)           0.577     5.929    core/data_subsystem/conv2d_pipeline/post/biased_q[1]
    DSP48_X3Y18          DSP48E1 (Prop_dsp48e1_A[1]_PCOUT[39])
                                                      4.036     9.965 r  core/data_subsystem/conv2d_pipeline/post/product_q0__0/PCOUT[39]
                         net (fo=1, routed)           0.002     9.967    core/data_subsystem/conv2d_pipeline/post/product_q0__0_n_114
    DSP48_X3Y19          DSP48E1                                      r  core/data_subsystem/conv2d_pipeline/post/product_q_reg__0/PCIN[39]
  -------------------------------------------------------------------    -------------------

                         (clock core_clk rise edge)
                                                     10.000    10.000 r  <hidden>
                                                      0.000    10.000 r  aclk
                         net (fo=25094, unset)        1.713    11.713    core/data_subsystem/conv2d_pipeline/post/aclk
    DSP48_X3Y19          DSP48E1                                      r  core/data_subsystem/conv2d_pipeline/post/product_q_reg__0/CLK
                         clock pessimism              0.115    11.828    <hidden>
                         clock uncertainty           -0.235    11.592    <hidden>
    DSP48_X3Y19          DSP48E1 (Setup_dsp48e1_CLK_PCIN[39])
                                                     -1.400    10.192    core/data_subsystem/conv2d_pipeline/post/product_q_reg__0
  -------------------------------------------------------------------
                         required time                         10.192    <hidden>
                         arrival time                          -9.967    <hidden>
  -------------------------------------------------------------------
                         slack                                  0.225    <hidden>

Slack (MET) :             0.225ns  (required time - arrival time)
  Source:                 core/data_subsystem/conv2d_pipeline/post/lane_q_reg[2]_rep__1/C
                            (rising edge-triggered cell FDCE clocked by core_clk  {rise@0.000ns fall@5.000ns period=10.000ns})
  Destination:            core/data_subsystem/conv2d_pipeline/post/product_q_reg__0/PCIN[3]
                            (rising edge-triggered cell DSP48E1 clocked by core_clk  {rise@0.000ns fall@5.000ns period=10.000ns})
  Path Group:             core_clk
  Path Type:              Setup (Max at Slow Process Corner)
  Requirement:            10.000ns  (core_clk rise@10.000ns - core_clk rise@0.000ns)
  Data Path Delay:        8.231ns  (logic 4.973ns (60.416%)  route 3.258ns (39.584%))
  Logic Levels:           3  (DSP48E1=1 LUT3=1 LUT6=1)
  Clock Path Skew:        0.092ns (DCD - SCD + CPR)
    Destination Clock Delay (DCD):    1.713ns = ( 11.713 - 10.000 ) 
    Source Clock Delay      (SCD):    1.736ns
    Clock Pessimism Removal (CPR):    0.115ns
  Clock Uncertainty:      0.235ns  ((TSJ^2 + TIJ^2)^1/2 + DJ) / 2 + PE + UU
    Total System Jitter     (TSJ):    0.071ns
    Total Input Jitter      (TIJ):    0.000ns
    Discrete Jitter          (DJ):    0.000ns
    Phase Error              (PE):    0.000ns
    User Uncertainty         (UU):    0.200ns

    Location             Delay type                Incr(ns)  Path(ns)    Netlist Resource(s)
  -------------------------------------------------------------------    -------------------
                         (clock core_clk rise edge)
                                                      0.000     0.000 r  <hidden>
                                                      0.000     0.000 r  aclk
                         net (fo=25094, unset)        1.736     1.736    core/data_subsystem/conv2d_pipeline/post/aclk
    SLICE_X84Y38         FDCE                                         r  core/data_subsystem/conv2d_pipeline/post/lane_q_reg[2]_rep__1/C
  -------------------------------------------------------------------    -------------------
    SLICE_X84Y38         FDCE (Prop_fdce_C_Q)         0.456     2.192 f  core/data_subsystem/conv2d_pipeline/post/lane_q_reg[2]_rep__1/Q
                         net (fo=103, routed)         1.230     3.422    core/data_subsystem/conv2d_pipeline/post/lane_q_reg[2]_rep__1_n_0
    SLICE_X95Y38         LUT3 (Prop_lut3_I2_O)        0.149     3.571 r  core/data_subsystem/conv2d_pipeline/post/i___249_i_1/O
                         net (fo=149, routed)         1.449     5.020    core/data_subsystem/conv2d_pipeline/post/i___249_i_1_n_0
    SLICE_X91Y45         LUT6 (Prop_lut6_I4_O)        0.332     5.352 r  core/data_subsystem/conv2d_pipeline/post/product_q0__0_i_16/O
                         net (fo=1, routed)           0.577     5.929    core/data_subsystem/conv2d_pipeline/post/biased_q[1]
    DSP48_X3Y18          DSP48E1 (Prop_dsp48e1_A[1]_PCOUT[3])
                                                      4.036     9.965 r  core/data_subsystem/conv2d_pipeline/post/product_q0__0/PCOUT[3]
                         net (fo=1, routed)           0.002     9.967    core/data_subsystem/conv2d_pipeline/post/product_q0__0_n_150
    DSP48_X3Y19          DSP48E1                                      r  core/data_subsystem/conv2d_pipeline/post/product_q_reg__0/PCIN[3]
  -------------------------------------------------------------------    -------------------

                         (clock core_clk rise edge)
                                                     10.000    10.000 r  <hidden>
                                                      0.000    10.000 r  aclk
                         net (fo=25094, unset)        1.713    11.713    core/data_subsystem/conv2d_pipeline/post/aclk
    DSP48_X3Y19          DSP48E1                                      r  core/data_subsystem/conv2d_pipeline/post/product_q_reg__0/CLK
                         clock pessimism              0.115    11.828    <hidden>
                         clock uncertainty           -0.235    11.592    <hidden>
    DSP48_X3Y19          DSP48E1 (Setup_dsp48e1_CLK_PCIN[3])
                                                     -1.400    10.192    core/data_subsystem/conv2d_pipeline/post/product_q_reg__0
  -------------------------------------------------------------------
                         required time                         10.192    <hidden>
                         arrival time                          -9.967    <hidden>
  -------------------------------------------------------------------
                         slack                                  0.225    <hidden>

Slack (MET) :             0.225ns  (required time - arrival time)
  Source:                 core/data_subsystem/conv2d_pipeline/post/lane_q_reg[2]_rep__1/C
                            (rising edge-triggered cell FDCE clocked by core_clk  {rise@0.000ns fall@5.000ns period=10.000ns})
  Destination:            core/data_subsystem/conv2d_pipeline/post/product_q_reg__0/PCIN[40]
                            (rising edge-triggered cell DSP48E1 clocked by core_clk  {rise@0.000ns fall@5.000ns period=10.000ns})
  Path Group:             core_clk
  Path Type:              Setup (Max at Slow Process Corner)
  Requirement:            10.000ns  (core_clk rise@10.000ns - core_clk rise@0.000ns)
  Data Path Delay:        8.231ns  (logic 4.973ns (60.416%)  route 3.258ns (39.584%))
  Logic Levels:           3  (DSP48E1=1 LUT3=1 LUT6=1)
  Clock Path Skew:        0.092ns (DCD - SCD + CPR)
    Destination Clock Delay (DCD):    1.713ns = ( 11.713 - 10.000 ) 
    Source Clock Delay      (SCD):    1.736ns
    Clock Pessimism Removal (CPR):    0.115ns
  Clock Uncertainty:      0.235ns  ((TSJ^2 + TIJ^2)^1/2 + DJ) / 2 + PE + UU
    Total System Jitter     (TSJ):    0.071ns
    Total Input Jitter      (TIJ):    0.000ns
    Discrete Jitter          (DJ):    0.000ns
    Phase Error              (PE):    0.000ns
    User Uncertainty         (UU):    0.200ns

    Location             Delay type                Incr(ns)  Path(ns)    Netlist Resource(s)
  -------------------------------------------------------------------    -------------------
                         (clock core_clk rise edge)
                                                      0.000     0.000 r  <hidden>
                                                      0.000     0.000 r  aclk
                         net (fo=25094, unset)        1.736     1.736    core/data_subsystem/conv2d_pipeline/post/aclk
    SLICE_X84Y38         FDCE                                         r  core/data_subsystem/conv2d_pipeline/post/lane_q_reg[2]_rep__1/C
  -------------------------------------------------------------------    -------------------
    SLICE_X84Y38         FDCE (Prop_fdce_C_Q)         0.456     2.192 f  core/data_subsystem/conv2d_pipeline/post/lane_q_reg[2]_rep__1/Q
                         net (fo=103, routed)         1.230     3.422    core/data_subsystem/conv2d_pipeline/post/lane_q_reg[2]_rep__1_n_0
    SLICE_X95Y38         LUT3 (Prop_lut3_I2_O)        0.149     3.571 r  core/data_subsystem/conv2d_pipeline/post/i___249_i_1/O
                         net (fo=149, routed)         1.449     5.020    core/data_subsystem/conv2d_pipeline/post/i___249_i_1_n_0
    SLICE_X91Y45         LUT6 (Prop_lut6_I4_O)        0.332     5.352 r  core/data_subsystem/conv2d_pipeline/post/product_q0__0_i_16/O
                         net (fo=1, routed)           0.577     5.929    core/data_subsystem/conv2d_pipeline/post/biased_q[1]
    DSP48_X3Y18          DSP48E1 (Prop_dsp48e1_A[1]_PCOUT[40])
                                                      4.036     9.965 r  core/data_subsystem/conv2d_pipeline/post/product_q0__0/PCOUT[40]
                         net (fo=1, routed)           0.002     9.967    core/data_subsystem/conv2d_pipeline/post/product_q0__0_n_113
    DSP48_X3Y19          DSP48E1                                      r  core/data_subsystem/conv2d_pipeline/post/product_q_reg__0/PCIN[40]
  -------------------------------------------------------------------    -------------------

                         (clock core_clk rise edge)
                                                     10.000    10.000 r  <hidden>
                                                      0.000    10.000 r  aclk
                         net (fo=25094, unset)        1.713    11.713    core/data_subsystem/conv2d_pipeline/post/aclk
    DSP48_X3Y19          DSP48E1                                      r  core/data_subsystem/conv2d_pipeline/post/product_q_reg__0/CLK
                         clock pessimism              0.115    11.828    <hidden>
                         clock uncertainty           -0.235    11.592    <hidden>
    DSP48_X3Y19          DSP48E1 (Setup_dsp48e1_CLK_PCIN[40])
                                                     -1.400    10.192    core/data_subsystem/conv2d_pipeline/post/product_q_reg__0
  -------------------------------------------------------------------
                         required time                         10.192    <hidden>
                         arrival time                          -9.967    <hidden>
  -------------------------------------------------------------------
                         slack                                  0.225    <hidden>

Slack (MET) :             0.225ns  (required time - arrival time)
  Source:                 core/data_subsystem/conv2d_pipeline/post/lane_q_reg[2]_rep__1/C
                            (rising edge-triggered cell FDCE clocked by core_clk  {rise@0.000ns fall@5.000ns period=10.000ns})
  Destination:            core/data_subsystem/conv2d_pipeline/post/product_q_reg__0/PCIN[41]
                            (rising edge-triggered cell DSP48E1 clocked by core_clk  {rise@0.000ns fall@5.000ns period=10.000ns})
  Path Group:             core_clk
  Path Type:              Setup (Max at Slow Process Corner)
  Requirement:            10.000ns  (core_clk rise@10.000ns - core_clk rise@0.000ns)
  Data Path Delay:        8.231ns  (logic 4.973ns (60.416%)  route 3.258ns (39.584%))
  Logic Levels:           3  (DSP48E1=1 LUT3=1 LUT6=1)
  Clock Path Skew:        0.092ns (DCD - SCD + CPR)
    Destination Clock Delay (DCD):    1.713ns = ( 11.713 - 10.000 ) 
    Source Clock Delay      (SCD):    1.736ns
    Clock Pessimism Removal (CPR):    0.115ns
  Clock Uncertainty:      0.235ns  ((TSJ^2 + TIJ^2)^1/2 + DJ) / 2 + PE + UU
    Total System Jitter     (TSJ):    0.071ns
    Total Input Jitter      (TIJ):    0.000ns
    Discrete Jitter          (DJ):    0.000ns
    Phase Error              (PE):    0.000ns
    User Uncertainty         (UU):    0.200ns

    Location             Delay type                Incr(ns)  Path(ns)    Netlist Resource(s)
  -------------------------------------------------------------------    -------------------
                         (clock core_clk rise edge)
                                                      0.000     0.000 r  <hidden>
                                                      0.000     0.000 r  aclk
                         net (fo=25094, unset)        1.736     1.736    core/data_subsystem/conv2d_pipeline/post/aclk
    SLICE_X84Y38         FDCE                                         r  core/data_subsystem/conv2d_pipeline/post/lane_q_reg[2]_rep__1/C
  -------------------------------------------------------------------    -------------------
    SLICE_X84Y38         FDCE (Prop_fdce_C_Q)         0.456     2.192 f  core/data_subsystem/conv2d_pipeline/post/lane_q_reg[2]_rep__1/Q
                         net (fo=103, routed)         1.230     3.422    core/data_subsystem/conv2d_pipeline/post/lane_q_reg[2]_rep__1_n_0
    SLICE_X95Y38         LUT3 (Prop_lut3_I2_O)        0.149     3.571 r  core/data_subsystem/conv2d_pipeline/post/i___249_i_1/O
                         net (fo=149, routed)         1.449     5.020    core/data_subsystem/conv2d_pipeline/post/i___249_i_1_n_0
    SLICE_X91Y45         LUT6 (Prop_lut6_I4_O)        0.332     5.352 r  core/data_subsystem/conv2d_pipeline/post/product_q0__0_i_16/O
                         net (fo=1, routed)           0.577     5.929    core/data_subsystem/conv2d_pipeline/post/biased_q[1]
    DSP48_X3Y18          DSP48E1 (Prop_dsp48e1_A[1]_PCOUT[41])
                                                      4.036     9.965 r  core/data_subsystem/conv2d_pipeline/post/product_q0__0/PCOUT[41]
                         net (fo=1, routed)           0.002     9.967    core/data_subsystem/conv2d_pipeline/post/product_q0__0_n_112
    DSP48_X3Y19          DSP48E1                                      r  core/data_subsystem/conv2d_pipeline/post/product_q_reg__0/PCIN[41]
  -------------------------------------------------------------------    -------------------

                         (clock core_clk rise edge)
                                                     10.000    10.000 r  <hidden>
                                                      0.000    10.000 r  aclk
                         net (fo=25094, unset)        1.713    11.713    core/data_subsystem/conv2d_pipeline/post/aclk
    DSP48_X3Y19          DSP48E1                                      r  core/data_subsystem/conv2d_pipeline/post/product_q_reg__0/CLK
                         clock pessimism              0.115    11.828    <hidden>
                         clock uncertainty           -0.235    11.592    <hidden>
    DSP48_X3Y19          DSP48E1 (Setup_dsp48e1_CLK_PCIN[41])
                                                     -1.400    10.192    core/data_subsystem/conv2d_pipeline/post/product_q_reg__0
  -------------------------------------------------------------------
                         required time                         10.192    <hidden>
                         arrival time                          -9.967    <hidden>
  -------------------------------------------------------------------
                         slack                                  0.225    <hidden>

Slack (MET) :             0.225ns  (required time - arrival time)
  Source:                 core/data_subsystem/conv2d_pipeline/post/lane_q_reg[2]_rep__1/C
                            (rising edge-triggered cell FDCE clocked by core_clk  {rise@0.000ns fall@5.000ns period=10.000ns})
  Destination:            core/data_subsystem/conv2d_pipeline/post/product_q_reg__0/PCIN[42]
                            (rising edge-triggered cell DSP48E1 clocked by core_clk  {rise@0.000ns fall@5.000ns period=10.000ns})
  Path Group:             core_clk
  Path Type:              Setup (Max at Slow Process Corner)
  Requirement:            10.000ns  (core_clk rise@10.000ns - core_clk rise@0.000ns)
  Data Path Delay:        8.231ns  (logic 4.973ns (60.416%)  route 3.258ns (39.584%))
  Logic Levels:           3  (DSP48E1=1 LUT3=1 LUT6=1)
  Clock Path Skew:        0.092ns (DCD - SCD + CPR)
    Destination Clock Delay (DCD):    1.713ns = ( 11.713 - 10.000 ) 
    Source Clock Delay      (SCD):    1.736ns
    Clock Pessimism Removal (CPR):    0.115ns
  Clock Uncertainty:      0.235ns  ((TSJ^2 + TIJ^2)^1/2 + DJ) / 2 + PE + UU
    Total System Jitter     (TSJ):    0.071ns
    Total Input Jitter      (TIJ):    0.000ns
    Discrete Jitter          (DJ):    0.000ns
    Phase Error              (PE):    0.000ns
    User Uncertainty         (UU):    0.200ns

    Location             Delay type                Incr(ns)  Path(ns)    Netlist Resource(s)
  -------------------------------------------------------------------    -------------------
                         (clock core_clk rise edge)
                                                      0.000     0.000 r  <hidden>
                                                      0.000     0.000 r  aclk
                         net (fo=25094, unset)        1.736     1.736    core/data_subsystem/conv2d_pipeline/post/aclk
    SLICE_X84Y38         FDCE                                         r  core/data_subsystem/conv2d_pipeline/post/lane_q_reg[2]_rep__1/C
  -------------------------------------------------------------------    -------------------
    SLICE_X84Y38         FDCE (Prop_fdce_C_Q)         0.456     2.192 f  core/data_subsystem/conv2d_pipeline/post/lane_q_reg[2]_rep__1/Q
                         net (fo=103, routed)         1.230     3.422    core/data_subsystem/conv2d_pipeline/post/lane_q_reg[2]_rep__1_n_0
    SLICE_X95Y38         LUT3 (Prop_lut3_I2_O)        0.149     3.571 r  core/data_subsystem/conv2d_pipeline/post/i___249_i_1/O
                         net (fo=149, routed)         1.449     5.020    core/data_subsystem/conv2d_pipeline/post/i___249_i_1_n_0
    SLICE_X91Y45         LUT6 (Prop_lut6_I4_O)        0.332     5.352 r  core/data_subsystem/conv2d_pipeline/post/product_q0__0_i_16/O
                         net (fo=1, routed)           0.577     5.929    core/data_subsystem/conv2d_pipeline/post/biased_q[1]
    DSP48_X3Y18          DSP48E1 (Prop_dsp48e1_A[1]_PCOUT[42])
                                                      4.036     9.965 r  core/data_subsystem/conv2d_pipeline/post/product_q0__0/PCOUT[42]
                         net (fo=1, routed)           0.002     9.967    core/data_subsystem/conv2d_pipeline/post/product_q0__0_n_111
    DSP48_X3Y19          DSP48E1                                      r  core/data_subsystem/conv2d_pipeline/post/product_q_reg__0/PCIN[42]
  -------------------------------------------------------------------    -------------------

                         (clock core_clk rise edge)
                                                     10.000    10.000 r  <hidden>
                                                      0.000    10.000 r  aclk
                         net (fo=25094, unset)        1.713    11.713    core/data_subsystem/conv2d_pipeline/post/aclk
    DSP48_X3Y19          DSP48E1                                      r  core/data_subsystem/conv2d_pipeline/post/product_q_reg__0/CLK
                         clock pessimism              0.115    11.828    <hidden>
                         clock uncertainty           -0.235    11.592    <hidden>
    DSP48_X3Y19          DSP48E1 (Setup_dsp48e1_CLK_PCIN[42])
                                                     -1.400    10.192    core/data_subsystem/conv2d_pipeline/post/product_q_reg__0
  -------------------------------------------------------------------
                         required time                         10.192    <hidden>
                         arrival time                          -9.967    <hidden>
  -------------------------------------------------------------------
                         slack                                  0.225    <hidden>

Slack (MET) :             0.225ns  (required time - arrival time)
  Source:                 core/data_subsystem/conv2d_pipeline/post/lane_q_reg[2]_rep__1/C
                            (rising edge-triggered cell FDCE clocked by core_clk  {rise@0.000ns fall@5.000ns period=10.000ns})
  Destination:            core/data_subsystem/conv2d_pipeline/post/product_q_reg__0/PCIN[43]
                            (rising edge-triggered cell DSP48E1 clocked by core_clk  {rise@0.000ns fall@5.000ns period=10.000ns})
  Path Group:             core_clk
  Path Type:              Setup (Max at Slow Process Corner)
  Requirement:            10.000ns  (core_clk rise@10.000ns - core_clk rise@0.000ns)
  Data Path Delay:        8.231ns  (logic 4.973ns (60.416%)  route 3.258ns (39.584%))
  Logic Levels:           3  (DSP48E1=1 LUT3=1 LUT6=1)
  Clock Path Skew:        0.092ns (DCD - SCD + CPR)
    Destination Clock Delay (DCD):    1.713ns = ( 11.713 - 10.000 ) 
    Source Clock Delay      (SCD):    1.736ns
    Clock Pessimism Removal (CPR):    0.115ns
  Clock Uncertainty:      0.235ns  ((TSJ^2 + TIJ^2)^1/2 + DJ) / 2 + PE + UU
    Total System Jitter     (TSJ):    0.071ns
    Total Input Jitter      (TIJ):    0.000ns
    Discrete Jitter          (DJ):    0.000ns
    Phase Error              (PE):    0.000ns
    User Uncertainty         (UU):    0.200ns

    Location             Delay type                Incr(ns)  Path(ns)    Netlist Resource(s)
  -------------------------------------------------------------------    -------------------
                         (clock core_clk rise edge)
                                                      0.000     0.000 r  <hidden>
                                                      0.000     0.000 r  aclk
                         net (fo=25094, unset)        1.736     1.736    core/data_subsystem/conv2d_pipeline/post/aclk
    SLICE_X84Y38         FDCE                                         r  core/data_subsystem/conv2d_pipeline/post/lane_q_reg[2]_rep__1/C
  -------------------------------------------------------------------    -------------------
    SLICE_X84Y38         FDCE (Prop_fdce_C_Q)         0.456     2.192 f  core/data_subsystem/conv2d_pipeline/post/lane_q_reg[2]_rep__1/Q
                         net (fo=103, routed)         1.230     3.422    core/data_subsystem/conv2d_pipeline/post/lane_q_reg[2]_rep__1_n_0
    SLICE_X95Y38         LUT3 (Prop_lut3_I2_O)        0.149     3.571 r  core/data_subsystem/conv2d_pipeline/post/i___249_i_1/O
                         net (fo=149, routed)         1.449     5.020    core/data_subsystem/conv2d_pipeline/post/i___249_i_1_n_0
    SLICE_X91Y45         LUT6 (Prop_lut6_I4_O)        0.332     5.352 r  core/data_subsystem/conv2d_pipeline/post/product_q0__0_i_16/O
                         net (fo=1, routed)           0.577     5.929    core/data_subsystem/conv2d_pipeline/post/biased_q[1]
    DSP48_X3Y18          DSP48E1 (Prop_dsp48e1_A[1]_PCOUT[43])
                                                      4.036     9.965 r  core/data_subsystem/conv2d_pipeline/post/product_q0__0/PCOUT[43]
                         net (fo=1, routed)           0.002     9.967    core/data_subsystem/conv2d_pipeline/post/product_q0__0_n_110
    DSP48_X3Y19          DSP48E1                                      r  core/data_subsystem/conv2d_pipeline/post/product_q_reg__0/PCIN[43]
  -------------------------------------------------------------------    -------------------

                         (clock core_clk rise edge)
                                                     10.000    10.000 r  <hidden>
                                                      0.000    10.000 r  aclk
                         net (fo=25094, unset)        1.713    11.713    core/data_subsystem/conv2d_pipeline/post/aclk
    DSP48_X3Y19          DSP48E1                                      r  core/data_subsystem/conv2d_pipeline/post/product_q_reg__0/CLK
                         clock pessimism              0.115    11.828    <hidden>
                         clock uncertainty           -0.235    11.592    <hidden>
    DSP48_X3Y19          DSP48E1 (Setup_dsp48e1_CLK_PCIN[43])
                                                     -1.400    10.192    core/data_subsystem/conv2d_pipeline/post/product_q_reg__0
  -------------------------------------------------------------------
                         required time                         10.192    <hidden>
                         arrival time                          -9.967    <hidden>
  -------------------------------------------------------------------
                         slack                                  0.225    <hidden>

Slack (MET) :             0.225ns  (required time - arrival time)
  Source:                 core/data_subsystem/conv2d_pipeline/post/lane_q_reg[2]_rep__1/C
                            (rising edge-triggered cell FDCE clocked by core_clk  {rise@0.000ns fall@5.000ns period=10.000ns})
  Destination:            core/data_subsystem/conv2d_pipeline/post/product_q_reg__0/PCIN[44]
                            (rising edge-triggered cell DSP48E1 clocked by core_clk  {rise@0.000ns fall@5.000ns period=10.000ns})
  Path Group:             core_clk
  Path Type:              Setup (Max at Slow Process Corner)
  Requirement:            10.000ns  (core_clk rise@10.000ns - core_clk rise@0.000ns)
  Data Path Delay:        8.231ns  (logic 4.973ns (60.416%)  route 3.258ns (39.584%))
  Logic Levels:           3  (DSP48E1=1 LUT3=1 LUT6=1)
  Clock Path Skew:        0.092ns (DCD - SCD + CPR)
    Destination Clock Delay (DCD):    1.713ns = ( 11.713 - 10.000 ) 
    Source Clock Delay      (SCD):    1.736ns
    Clock Pessimism Removal (CPR):    0.115ns
  Clock Uncertainty:      0.235ns  ((TSJ^2 + TIJ^2)^1/2 + DJ) / 2 + PE + UU
    Total System Jitter     (TSJ):    0.071ns
    Total Input Jitter      (TIJ):    0.000ns
    Discrete Jitter          (DJ):    0.000ns
    Phase Error              (PE):    0.000ns
    User Uncertainty         (UU):    0.200ns

    Location             Delay type                Incr(ns)  Path(ns)    Netlist Resource(s)
  -------------------------------------------------------------------    -------------------
                         (clock core_clk rise edge)
                                                      0.000     0.000 r  <hidden>
                                                      0.000     0.000 r  aclk
                         net (fo=25094, unset)        1.736     1.736    core/data_subsystem/conv2d_pipeline/post/aclk
    SLICE_X84Y38         FDCE                                         r  core/data_subsystem/conv2d_pipeline/post/lane_q_reg[2]_rep__1/C
  -------------------------------------------------------------------    -------------------
    SLICE_X84Y38         FDCE (Prop_fdce_C_Q)         0.456     2.192 f  core/data_subsystem/conv2d_pipeline/post/lane_q_reg[2]_rep__1/Q
                         net (fo=103, routed)         1.230     3.422    core/data_subsystem/conv2d_pipeline/post/lane_q_reg[2]_rep__1_n_0
    SLICE_X95Y38         LUT3 (Prop_lut3_I2_O)        0.149     3.571 r  core/data_subsystem/conv2d_pipeline/post/i___249_i_1/O
                         net (fo=149, routed)         1.449     5.020    core/data_subsystem/conv2d_pipeline/post/i___249_i_1_n_0
    SLICE_X91Y45         LUT6 (Prop_lut6_I4_O)        0.332     5.352 r  core/data_subsystem/conv2d_pipeline/post/product_q0__0_i_16/O
                         net (fo=1, routed)           0.577     5.929    core/data_subsystem/conv2d_pipeline/post/biased_q[1]
    DSP48_X3Y18          DSP48E1 (Prop_dsp48e1_A[1]_PCOUT[44])
                                                      4.036     9.965 r  core/data_subsystem/conv2d_pipeline/post/product_q0__0/PCOUT[44]
                         net (fo=1, routed)           0.002     9.967    core/data_subsystem/conv2d_pipeline/post/product_q0__0_n_109
    DSP48_X3Y19          DSP48E1                                      r  core/data_subsystem/conv2d_pipeline/post/product_q_reg__0/PCIN[44]
  -------------------------------------------------------------------    -------------------

                         (clock core_clk rise edge)
                                                     10.000    10.000 r  <hidden>
                                                      0.000    10.000 r  aclk
                         net (fo=25094, unset)        1.713    11.713    core/data_subsystem/conv2d_pipeline/post/aclk
    DSP48_X3Y19          DSP48E1                                      r  core/data_subsystem/conv2d_pipeline/post/product_q_reg__0/CLK
                         clock pessimism              0.115    11.828    <hidden>
                         clock uncertainty           -0.235    11.592    <hidden>
    DSP48_X3Y19          DSP48E1 (Setup_dsp48e1_CLK_PCIN[44])
                                                     -1.400    10.192    core/data_subsystem/conv2d_pipeline/post/product_q_reg__0
  -------------------------------------------------------------------
                         required time                         10.192    <hidden>
                         arrival time                          -9.967    <hidden>
  -------------------------------------------------------------------
                         slack                                  0.225    <hidden>

Slack (MET) :             0.225ns  (required time - arrival time)
  Source:                 core/data_subsystem/conv2d_pipeline/post/lane_q_reg[2]_rep__1/C
                            (rising edge-triggered cell FDCE clocked by core_clk  {rise@0.000ns fall@5.000ns period=10.000ns})
  Destination:            core/data_subsystem/conv2d_pipeline/post/product_q_reg__0/PCIN[45]
                            (rising edge-triggered cell DSP48E1 clocked by core_clk  {rise@0.000ns fall@5.000ns period=10.000ns})
  Path Group:             core_clk
  Path Type:              Setup (Max at Slow Process Corner)
  Requirement:            10.000ns  (core_clk rise@10.000ns - core_clk rise@0.000ns)
  Data Path Delay:        8.231ns  (logic 4.973ns (60.416%)  route 3.258ns (39.584%))
  Logic Levels:           3  (DSP48E1=1 LUT3=1 LUT6=1)
  Clock Path Skew:        0.092ns (DCD - SCD + CPR)
    Destination Clock Delay (DCD):    1.713ns = ( 11.713 - 10.000 ) 
    Source Clock Delay      (SCD):    1.736ns
    Clock Pessimism Removal (CPR):    0.115ns
  Clock Uncertainty:      0.235ns  ((TSJ^2 + TIJ^2)^1/2 + DJ) / 2 + PE + UU
    Total System Jitter     (TSJ):    0.071ns
    Total Input Jitter      (TIJ):    0.000ns
    Discrete Jitter          (DJ):    0.000ns
    Phase Error              (PE):    0.000ns
    User Uncertainty         (UU):    0.200ns

    Location             Delay type                Incr(ns)  Path(ns)    Netlist Resource(s)
  -------------------------------------------------------------------    -------------------
                         (clock core_clk rise edge)
                                                      0.000     0.000 r  <hidden>
                                                      0.000     0.000 r  aclk
                         net (fo=25094, unset)        1.736     1.736    core/data_subsystem/conv2d_pipeline/post/aclk
    SLICE_X84Y38         FDCE                                         r  core/data_subsystem/conv2d_pipeline/post/lane_q_reg[2]_rep__1/C
  -------------------------------------------------------------------    -------------------
    SLICE_X84Y38         FDCE (Prop_fdce_C_Q)         0.456     2.192 f  core/data_subsystem/conv2d_pipeline/post/lane_q_reg[2]_rep__1/Q
                         net (fo=103, routed)         1.230     3.422    core/data_subsystem/conv2d_pipeline/post/lane_q_reg[2]_rep__1_n_0
    SLICE_X95Y38         LUT3 (Prop_lut3_I2_O)        0.149     3.571 r  core/data_subsystem/conv2d_pipeline/post/i___249_i_1/O
                         net (fo=149, routed)         1.449     5.020    core/data_subsystem/conv2d_pipeline/post/i___249_i_1_n_0
    SLICE_X91Y45         LUT6 (Prop_lut6_I4_O)        0.332     5.352 r  core/data_subsystem/conv2d_pipeline/post/product_q0__0_i_16/O
                         net (fo=1, routed)           0.577     5.929    core/data_subsystem/conv2d_pipeline/post/biased_q[1]
    DSP48_X3Y18          DSP48E1 (Prop_dsp48e1_A[1]_PCOUT[45])
                                                      4.036     9.965 r  core/data_subsystem/conv2d_pipeline/post/product_q0__0/PCOUT[45]
                         net (fo=1, routed)           0.002     9.967    core/data_subsystem/conv2d_pipeline/post/product_q0__0_n_108
    DSP48_X3Y19          DSP48E1                                      r  core/data_subsystem/conv2d_pipeline/post/product_q_reg__0/PCIN[45]
  -------------------------------------------------------------------    -------------------

                         (clock core_clk rise edge)
                                                     10.000    10.000 r  <hidden>
                                                      0.000    10.000 r  aclk
                         net (fo=25094, unset)        1.713    11.713    core/data_subsystem/conv2d_pipeline/post/aclk
    DSP48_X3Y19          DSP48E1                                      r  core/data_subsystem/conv2d_pipeline/post/product_q_reg__0/CLK
                         clock pessimism              0.115    11.828    <hidden>
                         clock uncertainty           -0.235    11.592    <hidden>
    DSP48_X3Y19          DSP48E1 (Setup_dsp48e1_CLK_PCIN[45])
                                                     -1.400    10.192    core/data_subsystem/conv2d_pipeline/post/product_q_reg__0
  -------------------------------------------------------------------
                         required time                         10.192    <hidden>
                         arrival time                          -9.967    <hidden>
  -------------------------------------------------------------------
                         slack                                  0.225    <hidden>

Slack (MET) :             0.225ns  (required time - arrival time)
  Source:                 core/data_subsystem/conv2d_pipeline/post/lane_q_reg[2]_rep__1/C
                            (rising edge-triggered cell FDCE clocked by core_clk  {rise@0.000ns fall@5.000ns period=10.000ns})
  Destination:            core/data_subsystem/conv2d_pipeline/post/product_q_reg__0/PCIN[46]
                            (rising edge-triggered cell DSP48E1 clocked by core_clk  {rise@0.000ns fall@5.000ns period=10.000ns})
  Path Group:             core_clk
  Path Type:              Setup (Max at Slow Process Corner)
  Requirement:            10.000ns  (core_clk rise@10.000ns - core_clk rise@0.000ns)
  Data Path Delay:        8.231ns  (logic 4.973ns (60.416%)  route 3.258ns (39.584%))
  Logic Levels:           3  (DSP48E1=1 LUT3=1 LUT6=1)
  Clock Path Skew:        0.092ns (DCD - SCD + CPR)
    Destination Clock Delay (DCD):    1.713ns = ( 11.713 - 10.000 ) 
    Source Clock Delay      (SCD):    1.736ns
    Clock Pessimism Removal (CPR):    0.115ns
  Clock Uncertainty:      0.235ns  ((TSJ^2 + TIJ^2)^1/2 + DJ) / 2 + PE + UU
    Total System Jitter     (TSJ):    0.071ns
    Total Input Jitter      (TIJ):    0.000ns
    Discrete Jitter          (DJ):    0.000ns
    Phase Error              (PE):    0.000ns
    User Uncertainty         (UU):    0.200ns

    Location             Delay type                Incr(ns)  Path(ns)    Netlist Resource(s)
  -------------------------------------------------------------------    -------------------
                         (clock core_clk rise edge)
                                                      0.000     0.000 r  <hidden>
                                                      0.000     0.000 r  aclk
                         net (fo=25094, unset)        1.736     1.736    core/data_subsystem/conv2d_pipeline/post/aclk
    SLICE_X84Y38         FDCE                                         r  core/data_subsystem/conv2d_pipeline/post/lane_q_reg[2]_rep__1/C
  -------------------------------------------------------------------    -------------------
    SLICE_X84Y38         FDCE (Prop_fdce_C_Q)         0.456     2.192 f  core/data_subsystem/conv2d_pipeline/post/lane_q_reg[2]_rep__1/Q
                         net (fo=103, routed)         1.230     3.422    core/data_subsystem/conv2d_pipeline/post/lane_q_reg[2]_rep__1_n_0
    SLICE_X95Y38         LUT3 (Prop_lut3_I2_O)        0.149     3.571 r  core/data_subsystem/conv2d_pipeline/post/i___249_i_1/O
                         net (fo=149, routed)         1.449     5.020    core/data_subsystem/conv2d_pipeline/post/i___249_i_1_n_0
    SLICE_X91Y45         LUT6 (Prop_lut6_I4_O)        0.332     5.352 r  core/data_subsystem/conv2d_pipeline/post/product_q0__0_i_16/O
                         net (fo=1, routed)           0.577     5.929    core/data_subsystem/conv2d_pipeline/post/biased_q[1]
    DSP48_X3Y18          DSP48E1 (Prop_dsp48e1_A[1]_PCOUT[46])
                                                      4.036     9.965 r  core/data_subsystem/conv2d_pipeline/post/product_q0__0/PCOUT[46]
                         net (fo=1, routed)           0.002     9.967    core/data_subsystem/conv2d_pipeline/post/product_q0__0_n_107
    DSP48_X3Y19          DSP48E1                                      r  core/data_subsystem/conv2d_pipeline/post/product_q_reg__0/PCIN[46]
  -------------------------------------------------------------------    -------------------

                         (clock core_clk rise edge)
                                                     10.000    10.000 r  <hidden>
                                                      0.000    10.000 r  aclk
                         net (fo=25094, unset)        1.713    11.713    core/data_subsystem/conv2d_pipeline/post/aclk
    DSP48_X3Y19          DSP48E1                                      r  core/data_subsystem/conv2d_pipeline/post/product_q_reg__0/CLK
                         clock pessimism              0.115    11.828    <hidden>
                         clock uncertainty           -0.235    11.592    <hidden>
    DSP48_X3Y19          DSP48E1 (Setup_dsp48e1_CLK_PCIN[46])
                                                     -1.400    10.192    core/data_subsystem/conv2d_pipeline/post/product_q_reg__0
  -------------------------------------------------------------------
                         required time                         10.192    <hidden>
                         arrival time                          -9.967    <hidden>
  -------------------------------------------------------------------
                         slack                                  0.225    <hidden>

Slack (MET) :             0.225ns  (required time - arrival time)
  Source:                 core/data_subsystem/conv2d_pipeline/post/lane_q_reg[2]_rep__1/C
                            (rising edge-triggered cell FDCE clocked by core_clk  {rise@0.000ns fall@5.000ns period=10.000ns})
  Destination:            core/data_subsystem/conv2d_pipeline/post/product_q_reg__0/PCIN[47]
                            (rising edge-triggered cell DSP48E1 clocked by core_clk  {rise@0.000ns fall@5.000ns period=10.000ns})
  Path Group:             core_clk
  Path Type:              Setup (Max at Slow Process Corner)
  Requirement:            10.000ns  (core_clk rise@10.000ns - core_clk rise@0.000ns)
  Data Path Delay:        8.231ns  (logic 4.973ns (60.416%)  route 3.258ns (39.584%))
  Logic Levels:           3  (DSP48E1=1 LUT3=1 LUT6=1)
  Clock Path Skew:        0.092ns (DCD - SCD + CPR)
    Destination Clock Delay (DCD):    1.713ns = ( 11.713 - 10.000 ) 
    Source Clock Delay      (SCD):    1.736ns
    Clock Pessimism Removal (CPR):    0.115ns
  Clock Uncertainty:      0.235ns  ((TSJ^2 + TIJ^2)^1/2 + DJ) / 2 + PE + UU
    Total System Jitter     (TSJ):    0.071ns
    Total Input Jitter      (TIJ):    0.000ns
    Discrete Jitter          (DJ):    0.000ns
    Phase Error              (PE):    0.000ns
    User Uncertainty         (UU):    0.200ns

    Location             Delay type                Incr(ns)  Path(ns)    Netlist Resource(s)
  -------------------------------------------------------------------    -------------------
                         (clock core_clk rise edge)
                                                      0.000     0.000 r  <hidden>
                                                      0.000     0.000 r  aclk
                         net (fo=25094, unset)        1.736     1.736    core/data_subsystem/conv2d_pipeline/post/aclk
    SLICE_X84Y38         FDCE                                         r  core/data_subsystem/conv2d_pipeline/post/lane_q_reg[2]_rep__1/C
  -------------------------------------------------------------------    -------------------
    SLICE_X84Y38         FDCE (Prop_fdce_C_Q)         0.456     2.192 f  core/data_subsystem/conv2d_pipeline/post/lane_q_reg[2]_rep__1/Q
                         net (fo=103, routed)         1.230     3.422    core/data_subsystem/conv2d_pipeline/post/lane_q_reg[2]_rep__1_n_0
    SLICE_X95Y38         LUT3 (Prop_lut3_I2_O)        0.149     3.571 r  core/data_subsystem/conv2d_pipeline/post/i___249_i_1/O
                         net (fo=149, routed)         1.449     5.020    core/data_subsystem/conv2d_pipeline/post/i___249_i_1_n_0
    SLICE_X91Y45         LUT6 (Prop_lut6_I4_O)        0.332     5.352 r  core/data_subsystem/conv2d_pipeline/post/product_q0__0_i_16/O
                         net (fo=1, routed)           0.577     5.929    core/data_subsystem/conv2d_pipeline/post/biased_q[1]
    DSP48_X3Y18          DSP48E1 (Prop_dsp48e1_A[1]_PCOUT[47])
                                                      4.036     9.965 r  core/data_subsystem/conv2d_pipeline/post/product_q0__0/PCOUT[47]
                         net (fo=1, routed)           0.002     9.967    core/data_subsystem/conv2d_pipeline/post/product_q0__0_n_106
    DSP48_X3Y19          DSP48E1                                      r  core/data_subsystem/conv2d_pipeline/post/product_q_reg__0/PCIN[47]
  -------------------------------------------------------------------    -------------------

                         (clock core_clk rise edge)
                                                     10.000    10.000 r  <hidden>
                                                      0.000    10.000 r  aclk
                         net (fo=25094, unset)        1.713    11.713    core/data_subsystem/conv2d_pipeline/post/aclk
    DSP48_X3Y19          DSP48E1                                      r  core/data_subsystem/conv2d_pipeline/post/product_q_reg__0/CLK
                         clock pessimism              0.115    11.828    <hidden>
                         clock uncertainty           -0.235    11.592    <hidden>
    DSP48_X3Y19          DSP48E1 (Setup_dsp48e1_CLK_PCIN[47])
                                                     -1.400    10.192    core/data_subsystem/conv2d_pipeline/post/product_q_reg__0
  -------------------------------------------------------------------
                         required time                         10.192    <hidden>
                         arrival time                          -9.967    <hidden>
  -------------------------------------------------------------------
                         slack                                  0.225    <hidden>

Slack (MET) :             0.225ns  (required time - arrival time)
  Source:                 core/data_subsystem/conv2d_pipeline/post/lane_q_reg[2]_rep__1/C
                            (rising edge-triggered cell FDCE clocked by core_clk  {rise@0.000ns fall@5.000ns period=10.000ns})
  Destination:            core/data_subsystem/conv2d_pipeline/post/product_q_reg__0/PCIN[4]
                            (rising edge-triggered cell DSP48E1 clocked by core_clk  {rise@0.000ns fall@5.000ns period=10.000ns})
  Path Group:             core_clk
  Path Type:              Setup (Max at Slow Process Corner)
  Requirement:            10.000ns  (core_clk rise@10.000ns - core_clk rise@0.000ns)
  Data Path Delay:        8.231ns  (logic 4.973ns (60.416%)  route 3.258ns (39.584%))
  Logic Levels:           3  (DSP48E1=1 LUT3=1 LUT6=1)
  Clock Path Skew:        0.092ns (DCD - SCD + CPR)
    Destination Clock Delay (DCD):    1.713ns = ( 11.713 - 10.000 ) 
    Source Clock Delay      (SCD):    1.736ns
    Clock Pessimism Removal (CPR):    0.115ns
  Clock Uncertainty:      0.235ns  ((TSJ^2 + TIJ^2)^1/2 + DJ) / 2 + PE + UU
    Total System Jitter     (TSJ):    0.071ns
    Total Input Jitter      (TIJ):    0.000ns
    Discrete Jitter          (DJ):    0.000ns
    Phase Error              (PE):    0.000ns
    User Uncertainty         (UU):    0.200ns

    Location             Delay type                Incr(ns)  Path(ns)    Netlist Resource(s)
  -------------------------------------------------------------------    -------------------
                         (clock core_clk rise edge)
                                                      0.000     0.000 r  <hidden>
                                                      0.000     0.000 r  aclk
                         net (fo=25094, unset)        1.736     1.736    core/data_subsystem/conv2d_pipeline/post/aclk
    SLICE_X84Y38         FDCE                                         r  core/data_subsystem/conv2d_pipeline/post/lane_q_reg[2]_rep__1/C
  -------------------------------------------------------------------    -------------------
    SLICE_X84Y38         FDCE (Prop_fdce_C_Q)         0.456     2.192 f  core/data_subsystem/conv2d_pipeline/post/lane_q_reg[2]_rep__1/Q
                         net (fo=103, routed)         1.230     3.422    core/data_subsystem/conv2d_pipeline/post/lane_q_reg[2]_rep__1_n_0
    SLICE_X95Y38         LUT3 (Prop_lut3_I2_O)        0.149     3.571 r  core/data_subsystem/conv2d_pipeline/post/i___249_i_1/O
                         net (fo=149, routed)         1.449     5.020    core/data_subsystem/conv2d_pipeline/post/i___249_i_1_n_0
    SLICE_X91Y45         LUT6 (Prop_lut6_I4_O)        0.332     5.352 r  core/data_subsystem/conv2d_pipeline/post/product_q0__0_i_16/O
                         net (fo=1, routed)           0.577     5.929    core/data_subsystem/conv2d_pipeline/post/biased_q[1]
    DSP48_X3Y18          DSP48E1 (Prop_dsp48e1_A[1]_PCOUT[4])
                                                      4.036     9.965 r  core/data_subsystem/conv2d_pipeline/post/product_q0__0/PCOUT[4]
                         net (fo=1, routed)           0.002     9.967    core/data_subsystem/conv2d_pipeline/post/product_q0__0_n_149
    DSP48_X3Y19          DSP48E1                                      r  core/data_subsystem/conv2d_pipeline/post/product_q_reg__0/PCIN[4]
  -------------------------------------------------------------------    -------------------

                         (clock core_clk rise edge)
                                                     10.000    10.000 r  <hidden>
                                                      0.000    10.000 r  aclk
                         net (fo=25094, unset)        1.713    11.713    core/data_subsystem/conv2d_pipeline/post/aclk
    DSP48_X3Y19          DSP48E1                                      r  core/data_subsystem/conv2d_pipeline/post/product_q_reg__0/CLK
                         clock pessimism              0.115    11.828    <hidden>
                         clock uncertainty           -0.235    11.592    <hidden>
    DSP48_X3Y19          DSP48E1 (Setup_dsp48e1_CLK_PCIN[4])
                                                     -1.400    10.192    core/data_subsystem/conv2d_pipeline/post/product_q_reg__0
  -------------------------------------------------------------------
                         required time                         10.192    <hidden>
                         arrival time                          -9.967    <hidden>
  -------------------------------------------------------------------
                         slack                                  0.225    <hidden>

Slack (MET) :             0.225ns  (required time - arrival time)
  Source:                 core/data_subsystem/conv2d_pipeline/post/lane_q_reg[2]_rep__1/C
                            (rising edge-triggered cell FDCE clocked by core_clk  {rise@0.000ns fall@5.000ns period=10.000ns})
  Destination:            core/data_subsystem/conv2d_pipeline/post/product_q_reg__0/PCIN[5]
                            (rising edge-triggered cell DSP48E1 clocked by core_clk  {rise@0.000ns fall@5.000ns period=10.000ns})
  Path Group:             core_clk
  Path Type:              Setup (Max at Slow Process Corner)
  Requirement:            10.000ns  (core_clk rise@10.000ns - core_clk rise@0.000ns)
  Data Path Delay:        8.231ns  (logic 4.973ns (60.416%)  route 3.258ns (39.584%))
  Logic Levels:           3  (DSP48E1=1 LUT3=1 LUT6=1)
  Clock Path Skew:        0.092ns (DCD - SCD + CPR)
    Destination Clock Delay (DCD):    1.713ns = ( 11.713 - 10.000 ) 
    Source Clock Delay      (SCD):    1.736ns
    Clock Pessimism Removal (CPR):    0.115ns
  Clock Uncertainty:      0.235ns  ((TSJ^2 + TIJ^2)^1/2 + DJ) / 2 + PE + UU
    Total System Jitter     (TSJ):    0.071ns
    Total Input Jitter      (TIJ):    0.000ns
    Discrete Jitter          (DJ):    0.000ns
    Phase Error              (PE):    0.000ns
    User Uncertainty         (UU):    0.200ns

    Location             Delay type                Incr(ns)  Path(ns)    Netlist Resource(s)
  -------------------------------------------------------------------    -------------------
                         (clock core_clk rise edge)
                                                      0.000     0.000 r  <hidden>
                                                      0.000     0.000 r  aclk
                         net (fo=25094, unset)        1.736     1.736    core/data_subsystem/conv2d_pipeline/post/aclk
    SLICE_X84Y38         FDCE                                         r  core/data_subsystem/conv2d_pipeline/post/lane_q_reg[2]_rep__1/C
  -------------------------------------------------------------------    -------------------
    SLICE_X84Y38         FDCE (Prop_fdce_C_Q)         0.456     2.192 f  core/data_subsystem/conv2d_pipeline/post/lane_q_reg[2]_rep__1/Q
                         net (fo=103, routed)         1.230     3.422    core/data_subsystem/conv2d_pipeline/post/lane_q_reg[2]_rep__1_n_0
    SLICE_X95Y38         LUT3 (Prop_lut3_I2_O)        0.149     3.571 r  core/data_subsystem/conv2d_pipeline/post/i___249_i_1/O
                         net (fo=149, routed)         1.449     5.020    core/data_subsystem/conv2d_pipeline/post/i___249_i_1_n_0
    SLICE_X91Y45         LUT6 (Prop_lut6_I4_O)        0.332     5.352 r  core/data_subsystem/conv2d_pipeline/post/product_q0__0_i_16/O
                         net (fo=1, routed)           0.577     5.929    core/data_subsystem/conv2d_pipeline/post/biased_q[1]
    DSP48_X3Y18          DSP48E1 (Prop_dsp48e1_A[1]_PCOUT[5])
                                                      4.036     9.965 r  core/data_subsystem/conv2d_pipeline/post/product_q0__0/PCOUT[5]
                         net (fo=1, routed)           0.002     9.967    core/data_subsystem/conv2d_pipeline/post/product_q0__0_n_148
    DSP48_X3Y19          DSP48E1                                      r  core/data_subsystem/conv2d_pipeline/post/product_q_reg__0/PCIN[5]
  -------------------------------------------------------------------    -------------------

                         (clock core_clk rise edge)
                                                     10.000    10.000 r  <hidden>
                                                      0.000    10.000 r  aclk
                         net (fo=25094, unset)        1.713    11.713    core/data_subsystem/conv2d_pipeline/post/aclk
    DSP48_X3Y19          DSP48E1                                      r  core/data_subsystem/conv2d_pipeline/post/product_q_reg__0/CLK
                         clock pessimism              0.115    11.828    <hidden>
                         clock uncertainty           -0.235    11.592    <hidden>
    DSP48_X3Y19          DSP48E1 (Setup_dsp48e1_CLK_PCIN[5])
                                                     -1.400    10.192    core/data_subsystem/conv2d_pipeline/post/product_q_reg__0
  -------------------------------------------------------------------
                         required time                         10.192    <hidden>
                         arrival time                          -9.967    <hidden>
  -------------------------------------------------------------------
                         slack                                  0.225    <hidden>

Slack (MET) :             0.225ns  (required time - arrival time)
  Source:                 core/data_subsystem/conv2d_pipeline/post/lane_q_reg[2]_rep__1/C
                            (rising edge-triggered cell FDCE clocked by core_clk  {rise@0.000ns fall@5.000ns period=10.000ns})
  Destination:            core/data_subsystem/conv2d_pipeline/post/product_q_reg__0/PCIN[6]
                            (rising edge-triggered cell DSP48E1 clocked by core_clk  {rise@0.000ns fall@5.000ns period=10.000ns})
  Path Group:             core_clk
  Path Type:              Setup (Max at Slow Process Corner)
  Requirement:            10.000ns  (core_clk rise@10.000ns - core_clk rise@0.000ns)
  Data Path Delay:        8.231ns  (logic 4.973ns (60.416%)  route 3.258ns (39.584%))
  Logic Levels:           3  (DSP48E1=1 LUT3=1 LUT6=1)
  Clock Path Skew:        0.092ns (DCD - SCD + CPR)
    Destination Clock Delay (DCD):    1.713ns = ( 11.713 - 10.000 ) 
    Source Clock Delay      (SCD):    1.736ns
    Clock Pessimism Removal (CPR):    0.115ns
  Clock Uncertainty:      0.235ns  ((TSJ^2 + TIJ^2)^1/2 + DJ) / 2 + PE + UU
    Total System Jitter     (TSJ):    0.071ns
    Total Input Jitter      (TIJ):    0.000ns
    Discrete Jitter          (DJ):    0.000ns
    Phase Error              (PE):    0.000ns
    User Uncertainty         (UU):    0.200ns

    Location             Delay type                Incr(ns)  Path(ns)    Netlist Resource(s)
  -------------------------------------------------------------------    -------------------
                         (clock core_clk rise edge)
                                                      0.000     0.000 r  <hidden>
                                                      0.000     0.000 r  aclk
                         net (fo=25094, unset)        1.736     1.736    core/data_subsystem/conv2d_pipeline/post/aclk
    SLICE_X84Y38         FDCE                                         r  core/data_subsystem/conv2d_pipeline/post/lane_q_reg[2]_rep__1/C
  -------------------------------------------------------------------    -------------------
    SLICE_X84Y38         FDCE (Prop_fdce_C_Q)         0.456     2.192 f  core/data_subsystem/conv2d_pipeline/post/lane_q_reg[2]_rep__1/Q
                         net (fo=103, routed)         1.230     3.422    core/data_subsystem/conv2d_pipeline/post/lane_q_reg[2]_rep__1_n_0
    SLICE_X95Y38         LUT3 (Prop_lut3_I2_O)        0.149     3.571 r  core/data_subsystem/conv2d_pipeline/post/i___249_i_1/O
                         net (fo=149, routed)         1.449     5.020    core/data_subsystem/conv2d_pipeline/post/i___249_i_1_n_0
    SLICE_X91Y45         LUT6 (Prop_lut6_I4_O)        0.332     5.352 r  core/data_subsystem/conv2d_pipeline/post/product_q0__0_i_16/O
                         net (fo=1, routed)           0.577     5.929    core/data_subsystem/conv2d_pipeline/post/biased_q[1]
    DSP48_X3Y18          DSP48E1 (Prop_dsp48e1_A[1]_PCOUT[6])
                                                      4.036     9.965 r  core/data_subsystem/conv2d_pipeline/post/product_q0__0/PCOUT[6]
                         net (fo=1, routed)           0.002     9.967    core/data_subsystem/conv2d_pipeline/post/product_q0__0_n_147
    DSP48_X3Y19          DSP48E1                                      r  core/data_subsystem/conv2d_pipeline/post/product_q_reg__0/PCIN[6]
  -------------------------------------------------------------------    -------------------

                         (clock core_clk rise edge)
                                                     10.000    10.000 r  <hidden>
                                                      0.000    10.000 r  aclk
                         net (fo=25094, unset)        1.713    11.713    core/data_subsystem/conv2d_pipeline/post/aclk
    DSP48_X3Y19          DSP48E1                                      r  core/data_subsystem/conv2d_pipeline/post/product_q_reg__0/CLK
                         clock pessimism              0.115    11.828    <hidden>
                         clock uncertainty           -0.235    11.592    <hidden>
    DSP48_X3Y19          DSP48E1 (Setup_dsp48e1_CLK_PCIN[6])
                                                     -1.400    10.192    core/data_subsystem/conv2d_pipeline/post/product_q_reg__0
  -------------------------------------------------------------------
                         required time                         10.192    <hidden>
                         arrival time                          -9.967    <hidden>
  -------------------------------------------------------------------
                         slack                                  0.225    <hidden>

Slack (MET) :             0.225ns  (required time - arrival time)
  Source:                 core/data_subsystem/conv2d_pipeline/post/lane_q_reg[2]_rep__1/C
                            (rising edge-triggered cell FDCE clocked by core_clk  {rise@0.000ns fall@5.000ns period=10.000ns})
  Destination:            core/data_subsystem/conv2d_pipeline/post/product_q_reg__0/PCIN[7]
                            (rising edge-triggered cell DSP48E1 clocked by core_clk  {rise@0.000ns fall@5.000ns period=10.000ns})
  Path Group:             core_clk
  Path Type:              Setup (Max at Slow Process Corner)
  Requirement:            10.000ns  (core_clk rise@10.000ns - core_clk rise@0.000ns)
  Data Path Delay:        8.231ns  (logic 4.973ns (60.416%)  route 3.258ns (39.584%))
  Logic Levels:           3  (DSP48E1=1 LUT3=1 LUT6=1)
  Clock Path Skew:        0.092ns (DCD - SCD + CPR)
    Destination Clock Delay (DCD):    1.713ns = ( 11.713 - 10.000 ) 
    Source Clock Delay      (SCD):    1.736ns
    Clock Pessimism Removal (CPR):    0.115ns
  Clock Uncertainty:      0.235ns  ((TSJ^2 + TIJ^2)^1/2 + DJ) / 2 + PE + UU
    Total System Jitter     (TSJ):    0.071ns
    Total Input Jitter      (TIJ):    0.000ns
    Discrete Jitter          (DJ):    0.000ns
    Phase Error              (PE):    0.000ns
    User Uncertainty         (UU):    0.200ns

    Location             Delay type                Incr(ns)  Path(ns)    Netlist Resource(s)
  -------------------------------------------------------------------    -------------------
                         (clock core_clk rise edge)
                                                      0.000     0.000 r  <hidden>
                                                      0.000     0.000 r  aclk
                         net (fo=25094, unset)        1.736     1.736    core/data_subsystem/conv2d_pipeline/post/aclk
    SLICE_X84Y38         FDCE                                         r  core/data_subsystem/conv2d_pipeline/post/lane_q_reg[2]_rep__1/C
  -------------------------------------------------------------------    -------------------
    SLICE_X84Y38         FDCE (Prop_fdce_C_Q)         0.456     2.192 f  core/data_subsystem/conv2d_pipeline/post/lane_q_reg[2]_rep__1/Q
                         net (fo=103, routed)         1.230     3.422    core/data_subsystem/conv2d_pipeline/post/lane_q_reg[2]_rep__1_n_0
    SLICE_X95Y38         LUT3 (Prop_lut3_I2_O)        0.149     3.571 r  core/data_subsystem/conv2d_pipeline/post/i___249_i_1/O
                         net (fo=149, routed)         1.449     5.020    core/data_subsystem/conv2d_pipeline/post/i___249_i_1_n_0
    SLICE_X91Y45         LUT6 (Prop_lut6_I4_O)        0.332     5.352 r  core/data_subsystem/conv2d_pipeline/post/product_q0__0_i_16/O
                         net (fo=1, routed)           0.577     5.929    core/data_subsystem/conv2d_pipeline/post/biased_q[1]
    DSP48_X3Y18          DSP48E1 (Prop_dsp48e1_A[1]_PCOUT[7])
                                                      4.036     9.965 r  core/data_subsystem/conv2d_pipeline/post/product_q0__0/PCOUT[7]
                         net (fo=1, routed)           0.002     9.967    core/data_subsystem/conv2d_pipeline/post/product_q0__0_n_146
    DSP48_X3Y19          DSP48E1                                      r  core/data_subsystem/conv2d_pipeline/post/product_q_reg__0/PCIN[7]
  -------------------------------------------------------------------    -------------------

                         (clock core_clk rise edge)
                                                     10.000    10.000 r  <hidden>
                                                      0.000    10.000 r  aclk
                         net (fo=25094, unset)        1.713    11.713    core/data_subsystem/conv2d_pipeline/post/aclk
    DSP48_X3Y19          DSP48E1                                      r  core/data_subsystem/conv2d_pipeline/post/product_q_reg__0/CLK
                         clock pessimism              0.115    11.828    <hidden>
                         clock uncertainty           -0.235    11.592    <hidden>
    DSP48_X3Y19          DSP48E1 (Setup_dsp48e1_CLK_PCIN[7])
                                                     -1.400    10.192    core/data_subsystem/conv2d_pipeline/post/product_q_reg__0
  -------------------------------------------------------------------
                         required time                         10.192    <hidden>
                         arrival time                          -9.967    <hidden>
  -------------------------------------------------------------------
                         slack                                  0.225    <hidden>

Slack (MET) :             0.225ns  (required time - arrival time)
  Source:                 core/data_subsystem/conv2d_pipeline/post/lane_q_reg[2]_rep__1/C
                            (rising edge-triggered cell FDCE clocked by core_clk  {rise@0.000ns fall@5.000ns period=10.000ns})
  Destination:            core/data_subsystem/conv2d_pipeline/post/product_q_reg__0/PCIN[8]
                            (rising edge-triggered cell DSP48E1 clocked by core_clk  {rise@0.000ns fall@5.000ns period=10.000ns})
  Path Group:             core_clk
  Path Type:              Setup (Max at Slow Process Corner)
  Requirement:            10.000ns  (core_clk rise@10.000ns - core_clk rise@0.000ns)
  Data Path Delay:        8.231ns  (logic 4.973ns (60.416%)  route 3.258ns (39.584%))
  Logic Levels:           3  (DSP48E1=1 LUT3=1 LUT6=1)
  Clock Path Skew:        0.092ns (DCD - SCD + CPR)
    Destination Clock Delay (DCD):    1.713ns = ( 11.713 - 10.000 ) 
    Source Clock Delay      (SCD):    1.736ns
    Clock Pessimism Removal (CPR):    0.115ns
  Clock Uncertainty:      0.235ns  ((TSJ^2 + TIJ^2)^1/2 + DJ) / 2 + PE + UU
    Total System Jitter     (TSJ):    0.071ns
    Total Input Jitter      (TIJ):    0.000ns
    Discrete Jitter          (DJ):    0.000ns
    Phase Error              (PE):    0.000ns
    User Uncertainty         (UU):    0.200ns

    Location             Delay type                Incr(ns)  Path(ns)    Netlist Resource(s)
  -------------------------------------------------------------------    -------------------
                         (clock core_clk rise edge)
                                                      0.000     0.000 r  <hidden>
                                                      0.000     0.000 r  aclk
                         net (fo=25094, unset)        1.736     1.736    core/data_subsystem/conv2d_pipeline/post/aclk
    SLICE_X84Y38         FDCE                                         r  core/data_subsystem/conv2d_pipeline/post/lane_q_reg[2]_rep__1/C
  -------------------------------------------------------------------    -------------------
    SLICE_X84Y38         FDCE (Prop_fdce_C_Q)         0.456     2.192 f  core/data_subsystem/conv2d_pipeline/post/lane_q_reg[2]_rep__1/Q
                         net (fo=103, routed)         1.230     3.422    core/data_subsystem/conv2d_pipeline/post/lane_q_reg[2]_rep__1_n_0
    SLICE_X95Y38         LUT3 (Prop_lut3_I2_O)        0.149     3.571 r  core/data_subsystem/conv2d_pipeline/post/i___249_i_1/O
                         net (fo=149, routed)         1.449     5.020    core/data_subsystem/conv2d_pipeline/post/i___249_i_1_n_0
    SLICE_X91Y45         LUT6 (Prop_lut6_I4_O)        0.332     5.352 r  core/data_subsystem/conv2d_pipeline/post/product_q0__0_i_16/O
                         net (fo=1, routed)           0.577     5.929    core/data_subsystem/conv2d_pipeline/post/biased_q[1]
    DSP48_X3Y18          DSP48E1 (Prop_dsp48e1_A[1]_PCOUT[8])
                                                      4.036     9.965 r  core/data_subsystem/conv2d_pipeline/post/product_q0__0/PCOUT[8]
                         net (fo=1, routed)           0.002     9.967    core/data_subsystem/conv2d_pipeline/post/product_q0__0_n_145
    DSP48_X3Y19          DSP48E1                                      r  core/data_subsystem/conv2d_pipeline/post/product_q_reg__0/PCIN[8]
  -------------------------------------------------------------------    -------------------

                         (clock core_clk rise edge)
                                                     10.000    10.000 r  <hidden>
                                                      0.000    10.000 r  aclk
                         net (fo=25094, unset)        1.713    11.713    core/data_subsystem/conv2d_pipeline/post/aclk
    DSP48_X3Y19          DSP48E1                                      r  core/data_subsystem/conv2d_pipeline/post/product_q_reg__0/CLK
                         clock pessimism              0.115    11.828    <hidden>
                         clock uncertainty           -0.235    11.592    <hidden>
    DSP48_X3Y19          DSP48E1 (Setup_dsp48e1_CLK_PCIN[8])
                                                     -1.400    10.192    core/data_subsystem/conv2d_pipeline/post/product_q_reg__0
  -------------------------------------------------------------------
                         required time                         10.192    <hidden>
                         arrival time                          -9.967    <hidden>
  -------------------------------------------------------------------
                         slack                                  0.225    <hidden>

Slack (MET) :             0.225ns  (required time - arrival time)
  Source:                 core/data_subsystem/conv2d_pipeline/post/lane_q_reg[2]_rep__1/C
                            (rising edge-triggered cell FDCE clocked by core_clk  {rise@0.000ns fall@5.000ns period=10.000ns})
  Destination:            core/data_subsystem/conv2d_pipeline/post/product_q_reg__0/PCIN[9]
                            (rising edge-triggered cell DSP48E1 clocked by core_clk  {rise@0.000ns fall@5.000ns period=10.000ns})
  Path Group:             core_clk
  Path Type:              Setup (Max at Slow Process Corner)
  Requirement:            10.000ns  (core_clk rise@10.000ns - core_clk rise@0.000ns)
  Data Path Delay:        8.231ns  (logic 4.973ns (60.416%)  route 3.258ns (39.584%))
  Logic Levels:           3  (DSP48E1=1 LUT3=1 LUT6=1)
  Clock Path Skew:        0.092ns (DCD - SCD + CPR)
    Destination Clock Delay (DCD):    1.713ns = ( 11.713 - 10.000 ) 
    Source Clock Delay      (SCD):    1.736ns
    Clock Pessimism Removal (CPR):    0.115ns
  Clock Uncertainty:      0.235ns  ((TSJ^2 + TIJ^2)^1/2 + DJ) / 2 + PE + UU
    Total System Jitter     (TSJ):    0.071ns
    Total Input Jitter      (TIJ):    0.000ns
    Discrete Jitter          (DJ):    0.000ns
    Phase Error              (PE):    0.000ns
    User Uncertainty         (UU):    0.200ns

    Location             Delay type                Incr(ns)  Path(ns)    Netlist Resource(s)
  -------------------------------------------------------------------    -------------------
                         (clock core_clk rise edge)
                                                      0.000     0.000 r  <hidden>
                                                      0.000     0.000 r  aclk
                         net (fo=25094, unset)        1.736     1.736    core/data_subsystem/conv2d_pipeline/post/aclk
    SLICE_X84Y38         FDCE                                         r  core/data_subsystem/conv2d_pipeline/post/lane_q_reg[2]_rep__1/C
  -------------------------------------------------------------------    -------------------
    SLICE_X84Y38         FDCE (Prop_fdce_C_Q)         0.456     2.192 f  core/data_subsystem/conv2d_pipeline/post/lane_q_reg[2]_rep__1/Q
                         net (fo=103, routed)         1.230     3.422    core/data_subsystem/conv2d_pipeline/post/lane_q_reg[2]_rep__1_n_0
    SLICE_X95Y38         LUT3 (Prop_lut3_I2_O)        0.149     3.571 r  core/data_subsystem/conv2d_pipeline/post/i___249_i_1/O
                         net (fo=149, routed)         1.449     5.020    core/data_subsystem/conv2d_pipeline/post/i___249_i_1_n_0
    SLICE_X91Y45         LUT6 (Prop_lut6_I4_O)        0.332     5.352 r  core/data_subsystem/conv2d_pipeline/post/product_q0__0_i_16/O
                         net (fo=1, routed)           0.577     5.929    core/data_subsystem/conv2d_pipeline/post/biased_q[1]
    DSP48_X3Y18          DSP48E1 (Prop_dsp48e1_A[1]_PCOUT[9])
                                                      4.036     9.965 r  core/data_subsystem/conv2d_pipeline/post/product_q0__0/PCOUT[9]
                         net (fo=1, routed)           0.002     9.967    core/data_subsystem/conv2d_pipeline/post/product_q0__0_n_144
    DSP48_X3Y19          DSP48E1                                      r  core/data_subsystem/conv2d_pipeline/post/product_q_reg__0/PCIN[9]
  -------------------------------------------------------------------    -------------------

                         (clock core_clk rise edge)
                                                     10.000    10.000 r  <hidden>
                                                      0.000    10.000 r  aclk
                         net (fo=25094, unset)        1.713    11.713    core/data_subsystem/conv2d_pipeline/post/aclk
    DSP48_X3Y19          DSP48E1                                      r  core/data_subsystem/conv2d_pipeline/post/product_q_reg__0/CLK
                         clock pessimism              0.115    11.828    <hidden>
                         clock uncertainty           -0.235    11.592    <hidden>
    DSP48_X3Y19          DSP48E1 (Setup_dsp48e1_CLK_PCIN[9])
                                                     -1.400    10.192    core/data_subsystem/conv2d_pipeline/post/product_q_reg__0
  -------------------------------------------------------------------
                         required time                         10.192    <hidden>
                         arrival time                          -9.967    <hidden>
  -------------------------------------------------------------------
                         slack                                  0.225    <hidden>

Slack (MET) :             0.245ns  (required time - arrival time)
  Source:                 core/data_subsystem/conv2d_pipeline/post/lane_q_reg[0]_rep__1/C
                            (rising edge-triggered cell FDCE clocked by core_clk  {rise@0.000ns fall@5.000ns period=10.000ns})
  Destination:            core/data_subsystem/conv2d_pipeline/post/product_q_reg/PCIN[0]
                            (rising edge-triggered cell DSP48E1 clocked by core_clk  {rise@0.000ns fall@5.000ns period=10.000ns})
  Path Group:             core_clk
  Path Type:              Setup (Max at Slow Process Corner)
  Requirement:            10.000ns  (core_clk rise@10.000ns - core_clk rise@0.000ns)
  Data Path Delay:        8.210ns  (logic 4.968ns (60.514%)  route 3.242ns (39.486%))
  Logic Levels:           3  (DSP48E1=1 LUT3=1 LUT6=1)
  Clock Path Skew:        0.091ns (DCD - SCD + CPR)
    Destination Clock Delay (DCD):    1.712ns = ( 11.712 - 10.000 ) 
    Source Clock Delay      (SCD):    1.736ns
    Clock Pessimism Removal (CPR):    0.115ns
  Clock Uncertainty:      0.235ns  ((TSJ^2 + TIJ^2)^1/2 + DJ) / 2 + PE + UU
    Total System Jitter     (TSJ):    0.071ns
    Total Input Jitter      (TIJ):    0.000ns
    Discrete Jitter          (DJ):    0.000ns
    Phase Error              (PE):    0.000ns
    User Uncertainty         (UU):    0.200ns

    Location             Delay type                Incr(ns)  Path(ns)    Netlist Resource(s)
  -------------------------------------------------------------------    -------------------
                         (clock core_clk rise edge)
                                                      0.000     0.000 r  <hidden>
                                                      0.000     0.000 r  aclk
                         net (fo=25094, unset)        1.736     1.736    core/data_subsystem/conv2d_pipeline/post/aclk
    SLICE_X89Y38         FDCE                                         r  core/data_subsystem/conv2d_pipeline/post/lane_q_reg[0]_rep__1/C
  -------------------------------------------------------------------    -------------------
    SLICE_X89Y38         FDCE (Prop_fdce_C_Q)         0.456     2.192 r  core/data_subsystem/conv2d_pipeline/post/lane_q_reg[0]_rep__1/Q
                         net (fo=103, routed)         1.042     3.234    core/data_subsystem/conv2d_pipeline/post/lane_q_reg[0]_rep__1_n_0
    SLICE_X95Y39         LUT3 (Prop_lut3_I0_O)        0.150     3.384 f  core/data_subsystem/conv2d_pipeline/post/i___253_i_1/O
                         net (fo=151, routed)         1.281     4.665    core/data_subsystem/conv2d_pipeline/post/i___253_i_1_n_0
    SLICE_X92Y37         LUT6 (Prop_lut6_I1_O)        0.326     4.991 r  core/data_subsystem/conv2d_pipeline/post/product_q0_i_28/O
                         net (fo=2, routed)           0.916     5.908    core/data_subsystem/conv2d_pipeline/post/multiplier_q[4]
    DSP48_X3Y16          DSP48E1 (Prop_dsp48e1_A[4]_PCOUT[0])
                                                      4.036     9.944 r  core/data_subsystem/conv2d_pipeline/post/product_q0/PCOUT[0]
                         net (fo=1, routed)           0.002     9.946    core/data_subsystem/conv2d_pipeline/post/product_q0_n_153
    DSP48_X3Y17          DSP48E1                                      r  core/data_subsystem/conv2d_pipeline/post/product_q_reg/PCIN[0]
  -------------------------------------------------------------------    -------------------

                         (clock core_clk rise edge)
                                                     10.000    10.000 r  <hidden>
                                                      0.000    10.000 r  aclk
                         net (fo=25094, unset)        1.712    11.712    core/data_subsystem/conv2d_pipeline/post/aclk
    DSP48_X3Y17          DSP48E1                                      r  core/data_subsystem/conv2d_pipeline/post/product_q_reg/CLK
                         clock pessimism              0.115    11.827    <hidden>
                         clock uncertainty           -0.235    11.591    <hidden>
    DSP48_X3Y17          DSP48E1 (Setup_dsp48e1_CLK_PCIN[0])
                                                     -1.400    10.191    core/data_subsystem/conv2d_pipeline/post/product_q_reg
  -------------------------------------------------------------------
                         required time                         10.191    <hidden>
                         arrival time                          -9.946    <hidden>
  -------------------------------------------------------------------
                         slack                                  0.245    <hidden>

Slack (MET) :             0.245ns  (required time - arrival time)
  Source:                 core/data_subsystem/conv2d_pipeline/post/lane_q_reg[0]_rep__1/C
                            (rising edge-triggered cell FDCE clocked by core_clk  {rise@0.000ns fall@5.000ns period=10.000ns})
  Destination:            core/data_subsystem/conv2d_pipeline/post/product_q_reg/PCIN[10]
                            (rising edge-triggered cell DSP48E1 clocked by core_clk  {rise@0.000ns fall@5.000ns period=10.000ns})
  Path Group:             core_clk
  Path Type:              Setup (Max at Slow Process Corner)
  Requirement:            10.000ns  (core_clk rise@10.000ns - core_clk rise@0.000ns)
  Data Path Delay:        8.210ns  (logic 4.968ns (60.514%)  route 3.242ns (39.486%))
  Logic Levels:           3  (DSP48E1=1 LUT3=1 LUT6=1)
  Clock Path Skew:        0.091ns (DCD - SCD + CPR)
    Destination Clock Delay (DCD):    1.712ns = ( 11.712 - 10.000 ) 
    Source Clock Delay      (SCD):    1.736ns
    Clock Pessimism Removal (CPR):    0.115ns
  Clock Uncertainty:      0.235ns  ((TSJ^2 + TIJ^2)^1/2 + DJ) / 2 + PE + UU
    Total System Jitter     (TSJ):    0.071ns
    Total Input Jitter      (TIJ):    0.000ns
    Discrete Jitter          (DJ):    0.000ns
    Phase Error              (PE):    0.000ns
    User Uncertainty         (UU):    0.200ns

    Location             Delay type                Incr(ns)  Path(ns)    Netlist Resource(s)
  -------------------------------------------------------------------    -------------------
                         (clock core_clk rise edge)
                                                      0.000     0.000 r  <hidden>
                                                      0.000     0.000 r  aclk
                         net (fo=25094, unset)        1.736     1.736    core/data_subsystem/conv2d_pipeline/post/aclk
    SLICE_X89Y38         FDCE                                         r  core/data_subsystem/conv2d_pipeline/post/lane_q_reg[0]_rep__1/C
  -------------------------------------------------------------------    -------------------
    SLICE_X89Y38         FDCE (Prop_fdce_C_Q)         0.456     2.192 r  core/data_subsystem/conv2d_pipeline/post/lane_q_reg[0]_rep__1/Q
                         net (fo=103, routed)         1.042     3.234    core/data_subsystem/conv2d_pipeline/post/lane_q_reg[0]_rep__1_n_0
    SLICE_X95Y39         LUT3 (Prop_lut3_I0_O)        0.150     3.384 f  core/data_subsystem/conv2d_pipeline/post/i___253_i_1/O
                         net (fo=151, routed)         1.281     4.665    core/data_subsystem/conv2d_pipeline/post/i___253_i_1_n_0
    SLICE_X92Y37         LUT6 (Prop_lut6_I1_O)        0.326     4.991 r  core/data_subsystem/conv2d_pipeline/post/product_q0_i_28/O
                         net (fo=2, routed)           0.916     5.908    core/data_subsystem/conv2d_pipeline/post/multiplier_q[4]
    DSP48_X3Y16          DSP48E1 (Prop_dsp48e1_A[4]_PCOUT[10])
                                                      4.036     9.944 r  core/data_subsystem/conv2d_pipeline/post/product_q0/PCOUT[10]
                         net (fo=1, routed)           0.002     9.946    core/data_subsystem/conv2d_pipeline/post/product_q0_n_143
    DSP48_X3Y17          DSP48E1                                      r  core/data_subsystem/conv2d_pipeline/post/product_q_reg/PCIN[10]
  -------------------------------------------------------------------    -------------------

                         (clock core_clk rise edge)
                                                     10.000    10.000 r  <hidden>
                                                      0.000    10.000 r  aclk
                         net (fo=25094, unset)        1.712    11.712    core/data_subsystem/conv2d_pipeline/post/aclk
    DSP48_X3Y17          DSP48E1                                      r  core/data_subsystem/conv2d_pipeline/post/product_q_reg/CLK
                         clock pessimism              0.115    11.827    <hidden>
                         clock uncertainty           -0.235    11.591    <hidden>
    DSP48_X3Y17          DSP48E1 (Setup_dsp48e1_CLK_PCIN[10])
                                                     -1.400    10.191    core/data_subsystem/conv2d_pipeline/post/product_q_reg
  -------------------------------------------------------------------
                         required time                         10.191    <hidden>
                         arrival time                          -9.946    <hidden>
  -------------------------------------------------------------------
                         slack                                  0.245    <hidden>

Slack (MET) :             0.245ns  (required time - arrival time)
  Source:                 core/data_subsystem/conv2d_pipeline/post/lane_q_reg[0]_rep__1/C
                            (rising edge-triggered cell FDCE clocked by core_clk  {rise@0.000ns fall@5.000ns period=10.000ns})
  Destination:            core/data_subsystem/conv2d_pipeline/post/product_q_reg/PCIN[11]
                            (rising edge-triggered cell DSP48E1 clocked by core_clk  {rise@0.000ns fall@5.000ns period=10.000ns})
  Path Group:             core_clk
  Path Type:              Setup (Max at Slow Process Corner)
  Requirement:            10.000ns  (core_clk rise@10.000ns - core_clk rise@0.000ns)
  Data Path Delay:        8.210ns  (logic 4.968ns (60.514%)  route 3.242ns (39.486%))
  Logic Levels:           3  (DSP48E1=1 LUT3=1 LUT6=1)
  Clock Path Skew:        0.091ns (DCD - SCD + CPR)
    Destination Clock Delay (DCD):    1.712ns = ( 11.712 - 10.000 ) 
    Source Clock Delay      (SCD):    1.736ns
    Clock Pessimism Removal (CPR):    0.115ns
  Clock Uncertainty:      0.235ns  ((TSJ^2 + TIJ^2)^1/2 + DJ) / 2 + PE + UU
    Total System Jitter     (TSJ):    0.071ns
    Total Input Jitter      (TIJ):    0.000ns
    Discrete Jitter          (DJ):    0.000ns
    Phase Error              (PE):    0.000ns
    User Uncertainty         (UU):    0.200ns

    Location             Delay type                Incr(ns)  Path(ns)    Netlist Resource(s)
  -------------------------------------------------------------------    -------------------
                         (clock core_clk rise edge)
                                                      0.000     0.000 r  <hidden>
                                                      0.000     0.000 r  aclk
                         net (fo=25094, unset)        1.736     1.736    core/data_subsystem/conv2d_pipeline/post/aclk
    SLICE_X89Y38         FDCE                                         r  core/data_subsystem/conv2d_pipeline/post/lane_q_reg[0]_rep__1/C
  -------------------------------------------------------------------    -------------------
    SLICE_X89Y38         FDCE (Prop_fdce_C_Q)         0.456     2.192 r  core/data_subsystem/conv2d_pipeline/post/lane_q_reg[0]_rep__1/Q
                         net (fo=103, routed)         1.042     3.234    core/data_subsystem/conv2d_pipeline/post/lane_q_reg[0]_rep__1_n_0
    SLICE_X95Y39         LUT3 (Prop_lut3_I0_O)        0.150     3.384 f  core/data_subsystem/conv2d_pipeline/post/i___253_i_1/O
                         net (fo=151, routed)         1.281     4.665    core/data_subsystem/conv2d_pipeline/post/i___253_i_1_n_0
    SLICE_X92Y37         LUT6 (Prop_lut6_I1_O)        0.326     4.991 r  core/data_subsystem/conv2d_pipeline/post/product_q0_i_28/O
                         net (fo=2, routed)           0.916     5.908    core/data_subsystem/conv2d_pipeline/post/multiplier_q[4]
    DSP48_X3Y16          DSP48E1 (Prop_dsp48e1_A[4]_PCOUT[11])
                                                      4.036     9.944 r  core/data_subsystem/conv2d_pipeline/post/product_q0/PCOUT[11]
                         net (fo=1, routed)           0.002     9.946    core/data_subsystem/conv2d_pipeline/post/product_q0_n_142
    DSP48_X3Y17          DSP48E1                                      r  core/data_subsystem/conv2d_pipeline/post/product_q_reg/PCIN[11]
  -------------------------------------------------------------------    -------------------

                         (clock core_clk rise edge)
                                                     10.000    10.000 r  <hidden>
                                                      0.000    10.000 r  aclk
                         net (fo=25094, unset)        1.712    11.712    core/data_subsystem/conv2d_pipeline/post/aclk
    DSP48_X3Y17          DSP48E1                                      r  core/data_subsystem/conv2d_pipeline/post/product_q_reg/CLK
                         clock pessimism              0.115    11.827    <hidden>
                         clock uncertainty           -0.235    11.591    <hidden>
    DSP48_X3Y17          DSP48E1 (Setup_dsp48e1_CLK_PCIN[11])
                                                     -1.400    10.191    core/data_subsystem/conv2d_pipeline/post/product_q_reg
  -------------------------------------------------------------------
                         required time                         10.191    <hidden>
                         arrival time                          -9.946    <hidden>
  -------------------------------------------------------------------
                         slack                                  0.245    <hidden>

Slack (MET) :             0.245ns  (required time - arrival time)
  Source:                 core/data_subsystem/conv2d_pipeline/post/lane_q_reg[0]_rep__1/C
                            (rising edge-triggered cell FDCE clocked by core_clk  {rise@0.000ns fall@5.000ns period=10.000ns})
  Destination:            core/data_subsystem/conv2d_pipeline/post/product_q_reg/PCIN[12]
                            (rising edge-triggered cell DSP48E1 clocked by core_clk  {rise@0.000ns fall@5.000ns period=10.000ns})
  Path Group:             core_clk
  Path Type:              Setup (Max at Slow Process Corner)
  Requirement:            10.000ns  (core_clk rise@10.000ns - core_clk rise@0.000ns)
  Data Path Delay:        8.210ns  (logic 4.968ns (60.514%)  route 3.242ns (39.486%))
  Logic Levels:           3  (DSP48E1=1 LUT3=1 LUT6=1)
  Clock Path Skew:        0.091ns (DCD - SCD + CPR)
    Destination Clock Delay (DCD):    1.712ns = ( 11.712 - 10.000 ) 
    Source Clock Delay      (SCD):    1.736ns
    Clock Pessimism Removal (CPR):    0.115ns
  Clock Uncertainty:      0.235ns  ((TSJ^2 + TIJ^2)^1/2 + DJ) / 2 + PE + UU
    Total System Jitter     (TSJ):    0.071ns
    Total Input Jitter      (TIJ):    0.000ns
    Discrete Jitter          (DJ):    0.000ns
    Phase Error              (PE):    0.000ns
    User Uncertainty         (UU):    0.200ns

    Location             Delay type                Incr(ns)  Path(ns)    Netlist Resource(s)
  -------------------------------------------------------------------    -------------------
                         (clock core_clk rise edge)
                                                      0.000     0.000 r  <hidden>
                                                      0.000     0.000 r  aclk
                         net (fo=25094, unset)        1.736     1.736    core/data_subsystem/conv2d_pipeline/post/aclk
    SLICE_X89Y38         FDCE                                         r  core/data_subsystem/conv2d_pipeline/post/lane_q_reg[0]_rep__1/C
  -------------------------------------------------------------------    -------------------
    SLICE_X89Y38         FDCE (Prop_fdce_C_Q)         0.456     2.192 r  core/data_subsystem/conv2d_pipeline/post/lane_q_reg[0]_rep__1/Q
                         net (fo=103, routed)         1.042     3.234    core/data_subsystem/conv2d_pipeline/post/lane_q_reg[0]_rep__1_n_0
    SLICE_X95Y39         LUT3 (Prop_lut3_I0_O)        0.150     3.384 f  core/data_subsystem/conv2d_pipeline/post/i___253_i_1/O
                         net (fo=151, routed)         1.281     4.665    core/data_subsystem/conv2d_pipeline/post/i___253_i_1_n_0
    SLICE_X92Y37         LUT6 (Prop_lut6_I1_O)        0.326     4.991 r  core/data_subsystem/conv2d_pipeline/post/product_q0_i_28/O
                         net (fo=2, routed)           0.916     5.908    core/data_subsystem/conv2d_pipeline/post/multiplier_q[4]
    DSP48_X3Y16          DSP48E1 (Prop_dsp48e1_A[4]_PCOUT[12])
                                                      4.036     9.944 r  core/data_subsystem/conv2d_pipeline/post/product_q0/PCOUT[12]
                         net (fo=1, routed)           0.002     9.946    core/data_subsystem/conv2d_pipeline/post/product_q0_n_141
    DSP48_X3Y17          DSP48E1                                      r  core/data_subsystem/conv2d_pipeline/post/product_q_reg/PCIN[12]
  -------------------------------------------------------------------    -------------------

                         (clock core_clk rise edge)
                                                     10.000    10.000 r  <hidden>
                                                      0.000    10.000 r  aclk
                         net (fo=25094, unset)        1.712    11.712    core/data_subsystem/conv2d_pipeline/post/aclk
    DSP48_X3Y17          DSP48E1                                      r  core/data_subsystem/conv2d_pipeline/post/product_q_reg/CLK
                         clock pessimism              0.115    11.827    <hidden>
                         clock uncertainty           -0.235    11.591    <hidden>
    DSP48_X3Y17          DSP48E1 (Setup_dsp48e1_CLK_PCIN[12])
                                                     -1.400    10.191    core/data_subsystem/conv2d_pipeline/post/product_q_reg
  -------------------------------------------------------------------
                         required time                         10.191    <hidden>
                         arrival time                          -9.946    <hidden>
  -------------------------------------------------------------------
                         slack                                  0.245    <hidden>

Slack (MET) :             0.245ns  (required time - arrival time)
  Source:                 core/data_subsystem/conv2d_pipeline/post/lane_q_reg[0]_rep__1/C
                            (rising edge-triggered cell FDCE clocked by core_clk  {rise@0.000ns fall@5.000ns period=10.000ns})
  Destination:            core/data_subsystem/conv2d_pipeline/post/product_q_reg/PCIN[13]
                            (rising edge-triggered cell DSP48E1 clocked by core_clk  {rise@0.000ns fall@5.000ns period=10.000ns})
  Path Group:             core_clk
  Path Type:              Setup (Max at Slow Process Corner)
  Requirement:            10.000ns  (core_clk rise@10.000ns - core_clk rise@0.000ns)
  Data Path Delay:        8.210ns  (logic 4.968ns (60.514%)  route 3.242ns (39.486%))
  Logic Levels:           3  (DSP48E1=1 LUT3=1 LUT6=1)
  Clock Path Skew:        0.091ns (DCD - SCD + CPR)
    Destination Clock Delay (DCD):    1.712ns = ( 11.712 - 10.000 ) 
    Source Clock Delay      (SCD):    1.736ns
    Clock Pessimism Removal (CPR):    0.115ns
  Clock Uncertainty:      0.235ns  ((TSJ^2 + TIJ^2)^1/2 + DJ) / 2 + PE + UU
    Total System Jitter     (TSJ):    0.071ns
    Total Input Jitter      (TIJ):    0.000ns
    Discrete Jitter          (DJ):    0.000ns
    Phase Error              (PE):    0.000ns
    User Uncertainty         (UU):    0.200ns

    Location             Delay type                Incr(ns)  Path(ns)    Netlist Resource(s)
  -------------------------------------------------------------------    -------------------
                         (clock core_clk rise edge)
                                                      0.000     0.000 r  <hidden>
                                                      0.000     0.000 r  aclk
                         net (fo=25094, unset)        1.736     1.736    core/data_subsystem/conv2d_pipeline/post/aclk
    SLICE_X89Y38         FDCE                                         r  core/data_subsystem/conv2d_pipeline/post/lane_q_reg[0]_rep__1/C
  -------------------------------------------------------------------    -------------------
    SLICE_X89Y38         FDCE (Prop_fdce_C_Q)         0.456     2.192 r  core/data_subsystem/conv2d_pipeline/post/lane_q_reg[0]_rep__1/Q
                         net (fo=103, routed)         1.042     3.234    core/data_subsystem/conv2d_pipeline/post/lane_q_reg[0]_rep__1_n_0
    SLICE_X95Y39         LUT3 (Prop_lut3_I0_O)        0.150     3.384 f  core/data_subsystem/conv2d_pipeline/post/i___253_i_1/O
                         net (fo=151, routed)         1.281     4.665    core/data_subsystem/conv2d_pipeline/post/i___253_i_1_n_0
    SLICE_X92Y37         LUT6 (Prop_lut6_I1_O)        0.326     4.991 r  core/data_subsystem/conv2d_pipeline/post/product_q0_i_28/O
                         net (fo=2, routed)           0.916     5.908    core/data_subsystem/conv2d_pipeline/post/multiplier_q[4]
    DSP48_X3Y16          DSP48E1 (Prop_dsp48e1_A[4]_PCOUT[13])
                                                      4.036     9.944 r  core/data_subsystem/conv2d_pipeline/post/product_q0/PCOUT[13]
                         net (fo=1, routed)           0.002     9.946    core/data_subsystem/conv2d_pipeline/post/product_q0_n_140
    DSP48_X3Y17          DSP48E1                                      r  core/data_subsystem/conv2d_pipeline/post/product_q_reg/PCIN[13]
  -------------------------------------------------------------------    -------------------

                         (clock core_clk rise edge)
                                                     10.000    10.000 r  <hidden>
                                                      0.000    10.000 r  aclk
                         net (fo=25094, unset)        1.712    11.712    core/data_subsystem/conv2d_pipeline/post/aclk
    DSP48_X3Y17          DSP48E1                                      r  core/data_subsystem/conv2d_pipeline/post/product_q_reg/CLK
                         clock pessimism              0.115    11.827    <hidden>
                         clock uncertainty           -0.235    11.591    <hidden>
    DSP48_X3Y17          DSP48E1 (Setup_dsp48e1_CLK_PCIN[13])
                                                     -1.400    10.191    core/data_subsystem/conv2d_pipeline/post/product_q_reg
  -------------------------------------------------------------------
                         required time                         10.191    <hidden>
                         arrival time                          -9.946    <hidden>
  -------------------------------------------------------------------
                         slack                                  0.245    <hidden>

Slack (MET) :             0.245ns  (required time - arrival time)
  Source:                 core/data_subsystem/conv2d_pipeline/post/lane_q_reg[0]_rep__1/C
                            (rising edge-triggered cell FDCE clocked by core_clk  {rise@0.000ns fall@5.000ns period=10.000ns})
  Destination:            core/data_subsystem/conv2d_pipeline/post/product_q_reg/PCIN[14]
                            (rising edge-triggered cell DSP48E1 clocked by core_clk  {rise@0.000ns fall@5.000ns period=10.000ns})
  Path Group:             core_clk
  Path Type:              Setup (Max at Slow Process Corner)
  Requirement:            10.000ns  (core_clk rise@10.000ns - core_clk rise@0.000ns)
  Data Path Delay:        8.210ns  (logic 4.968ns (60.514%)  route 3.242ns (39.486%))
  Logic Levels:           3  (DSP48E1=1 LUT3=1 LUT6=1)
  Clock Path Skew:        0.091ns (DCD - SCD + CPR)
    Destination Clock Delay (DCD):    1.712ns = ( 11.712 - 10.000 ) 
    Source Clock Delay      (SCD):    1.736ns
    Clock Pessimism Removal (CPR):    0.115ns
  Clock Uncertainty:      0.235ns  ((TSJ^2 + TIJ^2)^1/2 + DJ) / 2 + PE + UU
    Total System Jitter     (TSJ):    0.071ns
    Total Input Jitter      (TIJ):    0.000ns
    Discrete Jitter          (DJ):    0.000ns
    Phase Error              (PE):    0.000ns
    User Uncertainty         (UU):    0.200ns

    Location             Delay type                Incr(ns)  Path(ns)    Netlist Resource(s)
  -------------------------------------------------------------------    -------------------
                         (clock core_clk rise edge)
                                                      0.000     0.000 r  <hidden>
                                                      0.000     0.000 r  aclk
                         net (fo=25094, unset)        1.736     1.736    core/data_subsystem/conv2d_pipeline/post/aclk
    SLICE_X89Y38         FDCE                                         r  core/data_subsystem/conv2d_pipeline/post/lane_q_reg[0]_rep__1/C
  -------------------------------------------------------------------    -------------------
    SLICE_X89Y38         FDCE (Prop_fdce_C_Q)         0.456     2.192 r  core/data_subsystem/conv2d_pipeline/post/lane_q_reg[0]_rep__1/Q
                         net (fo=103, routed)         1.042     3.234    core/data_subsystem/conv2d_pipeline/post/lane_q_reg[0]_rep__1_n_0
    SLICE_X95Y39         LUT3 (Prop_lut3_I0_O)        0.150     3.384 f  core/data_subsystem/conv2d_pipeline/post/i___253_i_1/O
                         net (fo=151, routed)         1.281     4.665    core/data_subsystem/conv2d_pipeline/post/i___253_i_1_n_0
    SLICE_X92Y37         LUT6 (Prop_lut6_I1_O)        0.326     4.991 r  core/data_subsystem/conv2d_pipeline/post/product_q0_i_28/O
                         net (fo=2, routed)           0.916     5.908    core/data_subsystem/conv2d_pipeline/post/multiplier_q[4]
    DSP48_X3Y16          DSP48E1 (Prop_dsp48e1_A[4]_PCOUT[14])
                                                      4.036     9.944 r  core/data_subsystem/conv2d_pipeline/post/product_q0/PCOUT[14]
                         net (fo=1, routed)           0.002     9.946    core/data_subsystem/conv2d_pipeline/post/product_q0_n_139
    DSP48_X3Y17          DSP48E1                                      r  core/data_subsystem/conv2d_pipeline/post/product_q_reg/PCIN[14]
  -------------------------------------------------------------------    -------------------

                         (clock core_clk rise edge)
                                                     10.000    10.000 r  <hidden>
                                                      0.000    10.000 r  aclk
                         net (fo=25094, unset)        1.712    11.712    core/data_subsystem/conv2d_pipeline/post/aclk
    DSP48_X3Y17          DSP48E1                                      r  core/data_subsystem/conv2d_pipeline/post/product_q_reg/CLK
                         clock pessimism              0.115    11.827    <hidden>
                         clock uncertainty           -0.235    11.591    <hidden>
    DSP48_X3Y17          DSP48E1 (Setup_dsp48e1_CLK_PCIN[14])
                                                     -1.400    10.191    core/data_subsystem/conv2d_pipeline/post/product_q_reg
  -------------------------------------------------------------------
                         required time                         10.191    <hidden>
                         arrival time                          -9.946    <hidden>
  -------------------------------------------------------------------
                         slack                                  0.245    <hidden>

Slack (MET) :             0.245ns  (required time - arrival time)
  Source:                 core/data_subsystem/conv2d_pipeline/post/lane_q_reg[0]_rep__1/C
                            (rising edge-triggered cell FDCE clocked by core_clk  {rise@0.000ns fall@5.000ns period=10.000ns})
  Destination:            core/data_subsystem/conv2d_pipeline/post/product_q_reg/PCIN[15]
                            (rising edge-triggered cell DSP48E1 clocked by core_clk  {rise@0.000ns fall@5.000ns period=10.000ns})
  Path Group:             core_clk
  Path Type:              Setup (Max at Slow Process Corner)
  Requirement:            10.000ns  (core_clk rise@10.000ns - core_clk rise@0.000ns)
  Data Path Delay:        8.210ns  (logic 4.968ns (60.514%)  route 3.242ns (39.486%))
  Logic Levels:           3  (DSP48E1=1 LUT3=1 LUT6=1)
  Clock Path Skew:        0.091ns (DCD - SCD + CPR)
    Destination Clock Delay (DCD):    1.712ns = ( 11.712 - 10.000 ) 
    Source Clock Delay      (SCD):    1.736ns
    Clock Pessimism Removal (CPR):    0.115ns
  Clock Uncertainty:      0.235ns  ((TSJ^2 + TIJ^2)^1/2 + DJ) / 2 + PE + UU
    Total System Jitter     (TSJ):    0.071ns
    Total Input Jitter      (TIJ):    0.000ns
    Discrete Jitter          (DJ):    0.000ns
    Phase Error              (PE):    0.000ns
    User Uncertainty         (UU):    0.200ns

    Location             Delay type                Incr(ns)  Path(ns)    Netlist Resource(s)
  -------------------------------------------------------------------    -------------------
                         (clock core_clk rise edge)
                                                      0.000     0.000 r  <hidden>
                                                      0.000     0.000 r  aclk
                         net (fo=25094, unset)        1.736     1.736    core/data_subsystem/conv2d_pipeline/post/aclk
    SLICE_X89Y38         FDCE                                         r  core/data_subsystem/conv2d_pipeline/post/lane_q_reg[0]_rep__1/C
  -------------------------------------------------------------------    -------------------
    SLICE_X89Y38         FDCE (Prop_fdce_C_Q)         0.456     2.192 r  core/data_subsystem/conv2d_pipeline/post/lane_q_reg[0]_rep__1/Q
                         net (fo=103, routed)         1.042     3.234    core/data_subsystem/conv2d_pipeline/post/lane_q_reg[0]_rep__1_n_0
    SLICE_X95Y39         LUT3 (Prop_lut3_I0_O)        0.150     3.384 f  core/data_subsystem/conv2d_pipeline/post/i___253_i_1/O
                         net (fo=151, routed)         1.281     4.665    core/data_subsystem/conv2d_pipeline/post/i___253_i_1_n_0
    SLICE_X92Y37         LUT6 (Prop_lut6_I1_O)        0.326     4.991 r  core/data_subsystem/conv2d_pipeline/post/product_q0_i_28/O
                         net (fo=2, routed)           0.916     5.908    core/data_subsystem/conv2d_pipeline/post/multiplier_q[4]
    DSP48_X3Y16          DSP48E1 (Prop_dsp48e1_A[4]_PCOUT[15])
                                                      4.036     9.944 r  core/data_subsystem/conv2d_pipeline/post/product_q0/PCOUT[15]
                         net (fo=1, routed)           0.002     9.946    core/data_subsystem/conv2d_pipeline/post/product_q0_n_138
    DSP48_X3Y17          DSP48E1                                      r  core/data_subsystem/conv2d_pipeline/post/product_q_reg/PCIN[15]
  -------------------------------------------------------------------    -------------------

                         (clock core_clk rise edge)
                                                     10.000    10.000 r  <hidden>
                                                      0.000    10.000 r  aclk
                         net (fo=25094, unset)        1.712    11.712    core/data_subsystem/conv2d_pipeline/post/aclk
    DSP48_X3Y17          DSP48E1                                      r  core/data_subsystem/conv2d_pipeline/post/product_q_reg/CLK
                         clock pessimism              0.115    11.827    <hidden>
                         clock uncertainty           -0.235    11.591    <hidden>
    DSP48_X3Y17          DSP48E1 (Setup_dsp48e1_CLK_PCIN[15])
                                                     -1.400    10.191    core/data_subsystem/conv2d_pipeline/post/product_q_reg
  -------------------------------------------------------------------
                         required time                         10.191    <hidden>
                         arrival time                          -9.946    <hidden>
  -------------------------------------------------------------------
                         slack                                  0.245    <hidden>

Slack (MET) :             0.245ns  (required time - arrival time)
  Source:                 core/data_subsystem/conv2d_pipeline/post/lane_q_reg[0]_rep__1/C
                            (rising edge-triggered cell FDCE clocked by core_clk  {rise@0.000ns fall@5.000ns period=10.000ns})
  Destination:            core/data_subsystem/conv2d_pipeline/post/product_q_reg/PCIN[16]
                            (rising edge-triggered cell DSP48E1 clocked by core_clk  {rise@0.000ns fall@5.000ns period=10.000ns})
  Path Group:             core_clk
  Path Type:              Setup (Max at Slow Process Corner)
  Requirement:            10.000ns  (core_clk rise@10.000ns - core_clk rise@0.000ns)
  Data Path Delay:        8.210ns  (logic 4.968ns (60.514%)  route 3.242ns (39.486%))
  Logic Levels:           3  (DSP48E1=1 LUT3=1 LUT6=1)
  Clock Path Skew:        0.091ns (DCD - SCD + CPR)
    Destination Clock Delay (DCD):    1.712ns = ( 11.712 - 10.000 ) 
    Source Clock Delay      (SCD):    1.736ns
    Clock Pessimism Removal (CPR):    0.115ns
  Clock Uncertainty:      0.235ns  ((TSJ^2 + TIJ^2)^1/2 + DJ) / 2 + PE + UU
    Total System Jitter     (TSJ):    0.071ns
    Total Input Jitter      (TIJ):    0.000ns
    Discrete Jitter          (DJ):    0.000ns
    Phase Error              (PE):    0.000ns
    User Uncertainty         (UU):    0.200ns

    Location             Delay type                Incr(ns)  Path(ns)    Netlist Resource(s)
  -------------------------------------------------------------------    -------------------
                         (clock core_clk rise edge)
                                                      0.000     0.000 r  <hidden>
                                                      0.000     0.000 r  aclk
                         net (fo=25094, unset)        1.736     1.736    core/data_subsystem/conv2d_pipeline/post/aclk
    SLICE_X89Y38         FDCE                                         r  core/data_subsystem/conv2d_pipeline/post/lane_q_reg[0]_rep__1/C
  -------------------------------------------------------------------    -------------------
    SLICE_X89Y38         FDCE (Prop_fdce_C_Q)         0.456     2.192 r  core/data_subsystem/conv2d_pipeline/post/lane_q_reg[0]_rep__1/Q
                         net (fo=103, routed)         1.042     3.234    core/data_subsystem/conv2d_pipeline/post/lane_q_reg[0]_rep__1_n_0
    SLICE_X95Y39         LUT3 (Prop_lut3_I0_O)        0.150     3.384 f  core/data_subsystem/conv2d_pipeline/post/i___253_i_1/O
                         net (fo=151, routed)         1.281     4.665    core/data_subsystem/conv2d_pipeline/post/i___253_i_1_n_0
    SLICE_X92Y37         LUT6 (Prop_lut6_I1_O)        0.326     4.991 r  core/data_subsystem/conv2d_pipeline/post/product_q0_i_28/O
                         net (fo=2, routed)           0.916     5.908    core/data_subsystem/conv2d_pipeline/post/multiplier_q[4]
    DSP48_X3Y16          DSP48E1 (Prop_dsp48e1_A[4]_PCOUT[16])
                                                      4.036     9.944 r  core/data_subsystem/conv2d_pipeline/post/product_q0/PCOUT[16]
                         net (fo=1, routed)           0.002     9.946    core/data_subsystem/conv2d_pipeline/post/product_q0_n_137
    DSP48_X3Y17          DSP48E1                                      r  core/data_subsystem/conv2d_pipeline/post/product_q_reg/PCIN[16]
  -------------------------------------------------------------------    -------------------

                         (clock core_clk rise edge)
                                                     10.000    10.000 r  <hidden>
                                                      0.000    10.000 r  aclk
                         net (fo=25094, unset)        1.712    11.712    core/data_subsystem/conv2d_pipeline/post/aclk
    DSP48_X3Y17          DSP48E1                                      r  core/data_subsystem/conv2d_pipeline/post/product_q_reg/CLK
                         clock pessimism              0.115    11.827    <hidden>
                         clock uncertainty           -0.235    11.591    <hidden>
    DSP48_X3Y17          DSP48E1 (Setup_dsp48e1_CLK_PCIN[16])
                                                     -1.400    10.191    core/data_subsystem/conv2d_pipeline/post/product_q_reg
  -------------------------------------------------------------------
                         required time                         10.191    <hidden>
                         arrival time                          -9.946    <hidden>
  -------------------------------------------------------------------
                         slack                                  0.245    <hidden>

Slack (MET) :             0.245ns  (required time - arrival time)
  Source:                 core/data_subsystem/conv2d_pipeline/post/lane_q_reg[0]_rep__1/C
                            (rising edge-triggered cell FDCE clocked by core_clk  {rise@0.000ns fall@5.000ns period=10.000ns})
  Destination:            core/data_subsystem/conv2d_pipeline/post/product_q_reg/PCIN[17]
                            (rising edge-triggered cell DSP48E1 clocked by core_clk  {rise@0.000ns fall@5.000ns period=10.000ns})
  Path Group:             core_clk
  Path Type:              Setup (Max at Slow Process Corner)
  Requirement:            10.000ns  (core_clk rise@10.000ns - core_clk rise@0.000ns)
  Data Path Delay:        8.210ns  (logic 4.968ns (60.514%)  route 3.242ns (39.486%))
  Logic Levels:           3  (DSP48E1=1 LUT3=1 LUT6=1)
  Clock Path Skew:        0.091ns (DCD - SCD + CPR)
    Destination Clock Delay (DCD):    1.712ns = ( 11.712 - 10.000 ) 
    Source Clock Delay      (SCD):    1.736ns
    Clock Pessimism Removal (CPR):    0.115ns
  Clock Uncertainty:      0.235ns  ((TSJ^2 + TIJ^2)^1/2 + DJ) / 2 + PE + UU
    Total System Jitter     (TSJ):    0.071ns
    Total Input Jitter      (TIJ):    0.000ns
    Discrete Jitter          (DJ):    0.000ns
    Phase Error              (PE):    0.000ns
    User Uncertainty         (UU):    0.200ns

    Location             Delay type                Incr(ns)  Path(ns)    Netlist Resource(s)
  -------------------------------------------------------------------    -------------------
                         (clock core_clk rise edge)
                                                      0.000     0.000 r  <hidden>
                                                      0.000     0.000 r  aclk
                         net (fo=25094, unset)        1.736     1.736    core/data_subsystem/conv2d_pipeline/post/aclk
    SLICE_X89Y38         FDCE                                         r  core/data_subsystem/conv2d_pipeline/post/lane_q_reg[0]_rep__1/C
  -------------------------------------------------------------------    -------------------
    SLICE_X89Y38         FDCE (Prop_fdce_C_Q)         0.456     2.192 r  core/data_subsystem/conv2d_pipeline/post/lane_q_reg[0]_rep__1/Q
                         net (fo=103, routed)         1.042     3.234    core/data_subsystem/conv2d_pipeline/post/lane_q_reg[0]_rep__1_n_0
    SLICE_X95Y39         LUT3 (Prop_lut3_I0_O)        0.150     3.384 f  core/data_subsystem/conv2d_pipeline/post/i___253_i_1/O
                         net (fo=151, routed)         1.281     4.665    core/data_subsystem/conv2d_pipeline/post/i___253_i_1_n_0
    SLICE_X92Y37         LUT6 (Prop_lut6_I1_O)        0.326     4.991 r  core/data_subsystem/conv2d_pipeline/post/product_q0_i_28/O
                         net (fo=2, routed)           0.916     5.908    core/data_subsystem/conv2d_pipeline/post/multiplier_q[4]
    DSP48_X3Y16          DSP48E1 (Prop_dsp48e1_A[4]_PCOUT[17])
                                                      4.036     9.944 r  core/data_subsystem/conv2d_pipeline/post/product_q0/PCOUT[17]
                         net (fo=1, routed)           0.002     9.946    core/data_subsystem/conv2d_pipeline/post/product_q0_n_136
    DSP48_X3Y17          DSP48E1                                      r  core/data_subsystem/conv2d_pipeline/post/product_q_reg/PCIN[17]
  -------------------------------------------------------------------    -------------------

                         (clock core_clk rise edge)
                                                     10.000    10.000 r  <hidden>
                                                      0.000    10.000 r  aclk
                         net (fo=25094, unset)        1.712    11.712    core/data_subsystem/conv2d_pipeline/post/aclk
    DSP48_X3Y17          DSP48E1                                      r  core/data_subsystem/conv2d_pipeline/post/product_q_reg/CLK
                         clock pessimism              0.115    11.827    <hidden>
                         clock uncertainty           -0.235    11.591    <hidden>
    DSP48_X3Y17          DSP48E1 (Setup_dsp48e1_CLK_PCIN[17])
                                                     -1.400    10.191    core/data_subsystem/conv2d_pipeline/post/product_q_reg
  -------------------------------------------------------------------
                         required time                         10.191    <hidden>
                         arrival time                          -9.946    <hidden>
  -------------------------------------------------------------------
                         slack                                  0.245    <hidden>

Slack (MET) :             0.245ns  (required time - arrival time)
  Source:                 core/data_subsystem/conv2d_pipeline/post/lane_q_reg[0]_rep__1/C
                            (rising edge-triggered cell FDCE clocked by core_clk  {rise@0.000ns fall@5.000ns period=10.000ns})
  Destination:            core/data_subsystem/conv2d_pipeline/post/product_q_reg/PCIN[18]
                            (rising edge-triggered cell DSP48E1 clocked by core_clk  {rise@0.000ns fall@5.000ns period=10.000ns})
  Path Group:             core_clk
  Path Type:              Setup (Max at Slow Process Corner)
  Requirement:            10.000ns  (core_clk rise@10.000ns - core_clk rise@0.000ns)
  Data Path Delay:        8.210ns  (logic 4.968ns (60.514%)  route 3.242ns (39.486%))
  Logic Levels:           3  (DSP48E1=1 LUT3=1 LUT6=1)
  Clock Path Skew:        0.091ns (DCD - SCD + CPR)
    Destination Clock Delay (DCD):    1.712ns = ( 11.712 - 10.000 ) 
    Source Clock Delay      (SCD):    1.736ns
    Clock Pessimism Removal (CPR):    0.115ns
  Clock Uncertainty:      0.235ns  ((TSJ^2 + TIJ^2)^1/2 + DJ) / 2 + PE + UU
    Total System Jitter     (TSJ):    0.071ns
    Total Input Jitter      (TIJ):    0.000ns
    Discrete Jitter          (DJ):    0.000ns
    Phase Error              (PE):    0.000ns
    User Uncertainty         (UU):    0.200ns

    Location             Delay type                Incr(ns)  Path(ns)    Netlist Resource(s)
  -------------------------------------------------------------------    -------------------
                         (clock core_clk rise edge)
                                                      0.000     0.000 r  <hidden>
                                                      0.000     0.000 r  aclk
                         net (fo=25094, unset)        1.736     1.736    core/data_subsystem/conv2d_pipeline/post/aclk
    SLICE_X89Y38         FDCE                                         r  core/data_subsystem/conv2d_pipeline/post/lane_q_reg[0]_rep__1/C
  -------------------------------------------------------------------    -------------------
    SLICE_X89Y38         FDCE (Prop_fdce_C_Q)         0.456     2.192 r  core/data_subsystem/conv2d_pipeline/post/lane_q_reg[0]_rep__1/Q
                         net (fo=103, routed)         1.042     3.234    core/data_subsystem/conv2d_pipeline/post/lane_q_reg[0]_rep__1_n_0
    SLICE_X95Y39         LUT3 (Prop_lut3_I0_O)        0.150     3.384 f  core/data_subsystem/conv2d_pipeline/post/i___253_i_1/O
                         net (fo=151, routed)         1.281     4.665    core/data_subsystem/conv2d_pipeline/post/i___253_i_1_n_0
    SLICE_X92Y37         LUT6 (Prop_lut6_I1_O)        0.326     4.991 r  core/data_subsystem/conv2d_pipeline/post/product_q0_i_28/O
                         net (fo=2, routed)           0.916     5.908    core/data_subsystem/conv2d_pipeline/post/multiplier_q[4]
    DSP48_X3Y16          DSP48E1 (Prop_dsp48e1_A[4]_PCOUT[18])
                                                      4.036     9.944 r  core/data_subsystem/conv2d_pipeline/post/product_q0/PCOUT[18]
                         net (fo=1, routed)           0.002     9.946    core/data_subsystem/conv2d_pipeline/post/product_q0_n_135
    DSP48_X3Y17          DSP48E1                                      r  core/data_subsystem/conv2d_pipeline/post/product_q_reg/PCIN[18]
  -------------------------------------------------------------------    -------------------

                         (clock core_clk rise edge)
                                                     10.000    10.000 r  <hidden>
                                                      0.000    10.000 r  aclk
                         net (fo=25094, unset)        1.712    11.712    core/data_subsystem/conv2d_pipeline/post/aclk
    DSP48_X3Y17          DSP48E1                                      r  core/data_subsystem/conv2d_pipeline/post/product_q_reg/CLK
                         clock pessimism              0.115    11.827    <hidden>
                         clock uncertainty           -0.235    11.591    <hidden>
    DSP48_X3Y17          DSP48E1 (Setup_dsp48e1_CLK_PCIN[18])
                                                     -1.400    10.191    core/data_subsystem/conv2d_pipeline/post/product_q_reg
  -------------------------------------------------------------------
                         required time                         10.191    <hidden>
                         arrival time                          -9.946    <hidden>
  -------------------------------------------------------------------
                         slack                                  0.245    <hidden>

Slack (MET) :             0.245ns  (required time - arrival time)
  Source:                 core/data_subsystem/conv2d_pipeline/post/lane_q_reg[0]_rep__1/C
                            (rising edge-triggered cell FDCE clocked by core_clk  {rise@0.000ns fall@5.000ns period=10.000ns})
  Destination:            core/data_subsystem/conv2d_pipeline/post/product_q_reg/PCIN[19]
                            (rising edge-triggered cell DSP48E1 clocked by core_clk  {rise@0.000ns fall@5.000ns period=10.000ns})
  Path Group:             core_clk
  Path Type:              Setup (Max at Slow Process Corner)
  Requirement:            10.000ns  (core_clk rise@10.000ns - core_clk rise@0.000ns)
  Data Path Delay:        8.210ns  (logic 4.968ns (60.514%)  route 3.242ns (39.486%))
  Logic Levels:           3  (DSP48E1=1 LUT3=1 LUT6=1)
  Clock Path Skew:        0.091ns (DCD - SCD + CPR)
    Destination Clock Delay (DCD):    1.712ns = ( 11.712 - 10.000 ) 
    Source Clock Delay      (SCD):    1.736ns
    Clock Pessimism Removal (CPR):    0.115ns
  Clock Uncertainty:      0.235ns  ((TSJ^2 + TIJ^2)^1/2 + DJ) / 2 + PE + UU
    Total System Jitter     (TSJ):    0.071ns
    Total Input Jitter      (TIJ):    0.000ns
    Discrete Jitter          (DJ):    0.000ns
    Phase Error              (PE):    0.000ns
    User Uncertainty         (UU):    0.200ns

    Location             Delay type                Incr(ns)  Path(ns)    Netlist Resource(s)
  -------------------------------------------------------------------    -------------------
                         (clock core_clk rise edge)
                                                      0.000     0.000 r  <hidden>
                                                      0.000     0.000 r  aclk
                         net (fo=25094, unset)        1.736     1.736    core/data_subsystem/conv2d_pipeline/post/aclk
    SLICE_X89Y38         FDCE                                         r  core/data_subsystem/conv2d_pipeline/post/lane_q_reg[0]_rep__1/C
  -------------------------------------------------------------------    -------------------
    SLICE_X89Y38         FDCE (Prop_fdce_C_Q)         0.456     2.192 r  core/data_subsystem/conv2d_pipeline/post/lane_q_reg[0]_rep__1/Q
                         net (fo=103, routed)         1.042     3.234    core/data_subsystem/conv2d_pipeline/post/lane_q_reg[0]_rep__1_n_0
    SLICE_X95Y39         LUT3 (Prop_lut3_I0_O)        0.150     3.384 f  core/data_subsystem/conv2d_pipeline/post/i___253_i_1/O
                         net (fo=151, routed)         1.281     4.665    core/data_subsystem/conv2d_pipeline/post/i___253_i_1_n_0
    SLICE_X92Y37         LUT6 (Prop_lut6_I1_O)        0.326     4.991 r  core/data_subsystem/conv2d_pipeline/post/product_q0_i_28/O
                         net (fo=2, routed)           0.916     5.908    core/data_subsystem/conv2d_pipeline/post/multiplier_q[4]
    DSP48_X3Y16          DSP48E1 (Prop_dsp48e1_A[4]_PCOUT[19])
                                                      4.036     9.944 r  core/data_subsystem/conv2d_pipeline/post/product_q0/PCOUT[19]
                         net (fo=1, routed)           0.002     9.946    core/data_subsystem/conv2d_pipeline/post/product_q0_n_134
    DSP48_X3Y17          DSP48E1                                      r  core/data_subsystem/conv2d_pipeline/post/product_q_reg/PCIN[19]
  -------------------------------------------------------------------    -------------------

                         (clock core_clk rise edge)
                                                     10.000    10.000 r  <hidden>
                                                      0.000    10.000 r  aclk
                         net (fo=25094, unset)        1.712    11.712    core/data_subsystem/conv2d_pipeline/post/aclk
    DSP48_X3Y17          DSP48E1                                      r  core/data_subsystem/conv2d_pipeline/post/product_q_reg/CLK
                         clock pessimism              0.115    11.827    <hidden>
                         clock uncertainty           -0.235    11.591    <hidden>
    DSP48_X3Y17          DSP48E1 (Setup_dsp48e1_CLK_PCIN[19])
                                                     -1.400    10.191    core/data_subsystem/conv2d_pipeline/post/product_q_reg
  -------------------------------------------------------------------
                         required time                         10.191    <hidden>
                         arrival time                          -9.946    <hidden>
  -------------------------------------------------------------------
                         slack                                  0.245    <hidden>

Slack (MET) :             0.245ns  (required time - arrival time)
  Source:                 core/data_subsystem/conv2d_pipeline/post/lane_q_reg[0]_rep__1/C
                            (rising edge-triggered cell FDCE clocked by core_clk  {rise@0.000ns fall@5.000ns period=10.000ns})
  Destination:            core/data_subsystem/conv2d_pipeline/post/product_q_reg/PCIN[1]
                            (rising edge-triggered cell DSP48E1 clocked by core_clk  {rise@0.000ns fall@5.000ns period=10.000ns})
  Path Group:             core_clk
  Path Type:              Setup (Max at Slow Process Corner)
  Requirement:            10.000ns  (core_clk rise@10.000ns - core_clk rise@0.000ns)
  Data Path Delay:        8.210ns  (logic 4.968ns (60.514%)  route 3.242ns (39.486%))
  Logic Levels:           3  (DSP48E1=1 LUT3=1 LUT6=1)
  Clock Path Skew:        0.091ns (DCD - SCD + CPR)
    Destination Clock Delay (DCD):    1.712ns = ( 11.712 - 10.000 ) 
    Source Clock Delay      (SCD):    1.736ns
    Clock Pessimism Removal (CPR):    0.115ns
  Clock Uncertainty:      0.235ns  ((TSJ^2 + TIJ^2)^1/2 + DJ) / 2 + PE + UU
    Total System Jitter     (TSJ):    0.071ns
    Total Input Jitter      (TIJ):    0.000ns
    Discrete Jitter          (DJ):    0.000ns
    Phase Error              (PE):    0.000ns
    User Uncertainty         (UU):    0.200ns

    Location             Delay type                Incr(ns)  Path(ns)    Netlist Resource(s)
  -------------------------------------------------------------------    -------------------
                         (clock core_clk rise edge)
                                                      0.000     0.000 r  <hidden>
                                                      0.000     0.000 r  aclk
                         net (fo=25094, unset)        1.736     1.736    core/data_subsystem/conv2d_pipeline/post/aclk
    SLICE_X89Y38         FDCE                                         r  core/data_subsystem/conv2d_pipeline/post/lane_q_reg[0]_rep__1/C
  -------------------------------------------------------------------    -------------------
    SLICE_X89Y38         FDCE (Prop_fdce_C_Q)         0.456     2.192 r  core/data_subsystem/conv2d_pipeline/post/lane_q_reg[0]_rep__1/Q
                         net (fo=103, routed)         1.042     3.234    core/data_subsystem/conv2d_pipeline/post/lane_q_reg[0]_rep__1_n_0
    SLICE_X95Y39         LUT3 (Prop_lut3_I0_O)        0.150     3.384 f  core/data_subsystem/conv2d_pipeline/post/i___253_i_1/O
                         net (fo=151, routed)         1.281     4.665    core/data_subsystem/conv2d_pipeline/post/i___253_i_1_n_0
    SLICE_X92Y37         LUT6 (Prop_lut6_I1_O)        0.326     4.991 r  core/data_subsystem/conv2d_pipeline/post/product_q0_i_28/O
                         net (fo=2, routed)           0.916     5.908    core/data_subsystem/conv2d_pipeline/post/multiplier_q[4]
    DSP48_X3Y16          DSP48E1 (Prop_dsp48e1_A[4]_PCOUT[1])
                                                      4.036     9.944 r  core/data_subsystem/conv2d_pipeline/post/product_q0/PCOUT[1]
                         net (fo=1, routed)           0.002     9.946    core/data_subsystem/conv2d_pipeline/post/product_q0_n_152
    DSP48_X3Y17          DSP48E1                                      r  core/data_subsystem/conv2d_pipeline/post/product_q_reg/PCIN[1]
  -------------------------------------------------------------------    -------------------

                         (clock core_clk rise edge)
                                                     10.000    10.000 r  <hidden>
                                                      0.000    10.000 r  aclk
                         net (fo=25094, unset)        1.712    11.712    core/data_subsystem/conv2d_pipeline/post/aclk
    DSP48_X3Y17          DSP48E1                                      r  core/data_subsystem/conv2d_pipeline/post/product_q_reg/CLK
                         clock pessimism              0.115    11.827    <hidden>
                         clock uncertainty           -0.235    11.591    <hidden>
    DSP48_X3Y17          DSP48E1 (Setup_dsp48e1_CLK_PCIN[1])
                                                     -1.400    10.191    core/data_subsystem/conv2d_pipeline/post/product_q_reg
  -------------------------------------------------------------------
                         required time                         10.191    <hidden>
                         arrival time                          -9.946    <hidden>
  -------------------------------------------------------------------
                         slack                                  0.245    <hidden>

Slack (MET) :             0.245ns  (required time - arrival time)
  Source:                 core/data_subsystem/conv2d_pipeline/post/lane_q_reg[0]_rep__1/C
                            (rising edge-triggered cell FDCE clocked by core_clk  {rise@0.000ns fall@5.000ns period=10.000ns})
  Destination:            core/data_subsystem/conv2d_pipeline/post/product_q_reg/PCIN[20]
                            (rising edge-triggered cell DSP48E1 clocked by core_clk  {rise@0.000ns fall@5.000ns period=10.000ns})
  Path Group:             core_clk
  Path Type:              Setup (Max at Slow Process Corner)
  Requirement:            10.000ns  (core_clk rise@10.000ns - core_clk rise@0.000ns)
  Data Path Delay:        8.210ns  (logic 4.968ns (60.514%)  route 3.242ns (39.486%))
  Logic Levels:           3  (DSP48E1=1 LUT3=1 LUT6=1)
  Clock Path Skew:        0.091ns (DCD - SCD + CPR)
    Destination Clock Delay (DCD):    1.712ns = ( 11.712 - 10.000 ) 
    Source Clock Delay      (SCD):    1.736ns
    Clock Pessimism Removal (CPR):    0.115ns
  Clock Uncertainty:      0.235ns  ((TSJ^2 + TIJ^2)^1/2 + DJ) / 2 + PE + UU
    Total System Jitter     (TSJ):    0.071ns
    Total Input Jitter      (TIJ):    0.000ns
    Discrete Jitter          (DJ):    0.000ns
    Phase Error              (PE):    0.000ns
    User Uncertainty         (UU):    0.200ns

    Location             Delay type                Incr(ns)  Path(ns)    Netlist Resource(s)
  -------------------------------------------------------------------    -------------------
                         (clock core_clk rise edge)
                                                      0.000     0.000 r  <hidden>
                                                      0.000     0.000 r  aclk
                         net (fo=25094, unset)        1.736     1.736    core/data_subsystem/conv2d_pipeline/post/aclk
    SLICE_X89Y38         FDCE                                         r  core/data_subsystem/conv2d_pipeline/post/lane_q_reg[0]_rep__1/C
  -------------------------------------------------------------------    -------------------
    SLICE_X89Y38         FDCE (Prop_fdce_C_Q)         0.456     2.192 r  core/data_subsystem/conv2d_pipeline/post/lane_q_reg[0]_rep__1/Q
                         net (fo=103, routed)         1.042     3.234    core/data_subsystem/conv2d_pipeline/post/lane_q_reg[0]_rep__1_n_0
    SLICE_X95Y39         LUT3 (Prop_lut3_I0_O)        0.150     3.384 f  core/data_subsystem/conv2d_pipeline/post/i___253_i_1/O
                         net (fo=151, routed)         1.281     4.665    core/data_subsystem/conv2d_pipeline/post/i___253_i_1_n_0
    SLICE_X92Y37         LUT6 (Prop_lut6_I1_O)        0.326     4.991 r  core/data_subsystem/conv2d_pipeline/post/product_q0_i_28/O
                         net (fo=2, routed)           0.916     5.908    core/data_subsystem/conv2d_pipeline/post/multiplier_q[4]
    DSP48_X3Y16          DSP48E1 (Prop_dsp48e1_A[4]_PCOUT[20])
                                                      4.036     9.944 r  core/data_subsystem/conv2d_pipeline/post/product_q0/PCOUT[20]
                         net (fo=1, routed)           0.002     9.946    core/data_subsystem/conv2d_pipeline/post/product_q0_n_133
    DSP48_X3Y17          DSP48E1                                      r  core/data_subsystem/conv2d_pipeline/post/product_q_reg/PCIN[20]
  -------------------------------------------------------------------    -------------------

                         (clock core_clk rise edge)
                                                     10.000    10.000 r  <hidden>
                                                      0.000    10.000 r  aclk
                         net (fo=25094, unset)        1.712    11.712    core/data_subsystem/conv2d_pipeline/post/aclk
    DSP48_X3Y17          DSP48E1                                      r  core/data_subsystem/conv2d_pipeline/post/product_q_reg/CLK
                         clock pessimism              0.115    11.827    <hidden>
                         clock uncertainty           -0.235    11.591    <hidden>
    DSP48_X3Y17          DSP48E1 (Setup_dsp48e1_CLK_PCIN[20])
                                                     -1.400    10.191    core/data_subsystem/conv2d_pipeline/post/product_q_reg
  -------------------------------------------------------------------
                         required time                         10.191    <hidden>
                         arrival time                          -9.946    <hidden>
  -------------------------------------------------------------------
                         slack                                  0.245    <hidden>

Slack (MET) :             0.245ns  (required time - arrival time)
  Source:                 core/data_subsystem/conv2d_pipeline/post/lane_q_reg[0]_rep__1/C
                            (rising edge-triggered cell FDCE clocked by core_clk  {rise@0.000ns fall@5.000ns period=10.000ns})
  Destination:            core/data_subsystem/conv2d_pipeline/post/product_q_reg/PCIN[21]
                            (rising edge-triggered cell DSP48E1 clocked by core_clk  {rise@0.000ns fall@5.000ns period=10.000ns})
  Path Group:             core_clk
  Path Type:              Setup (Max at Slow Process Corner)
  Requirement:            10.000ns  (core_clk rise@10.000ns - core_clk rise@0.000ns)
  Data Path Delay:        8.210ns  (logic 4.968ns (60.514%)  route 3.242ns (39.486%))
  Logic Levels:           3  (DSP48E1=1 LUT3=1 LUT6=1)
  Clock Path Skew:        0.091ns (DCD - SCD + CPR)
    Destination Clock Delay (DCD):    1.712ns = ( 11.712 - 10.000 ) 
    Source Clock Delay      (SCD):    1.736ns
    Clock Pessimism Removal (CPR):    0.115ns
  Clock Uncertainty:      0.235ns  ((TSJ^2 + TIJ^2)^1/2 + DJ) / 2 + PE + UU
    Total System Jitter     (TSJ):    0.071ns
    Total Input Jitter      (TIJ):    0.000ns
    Discrete Jitter          (DJ):    0.000ns
    Phase Error              (PE):    0.000ns
    User Uncertainty         (UU):    0.200ns

    Location             Delay type                Incr(ns)  Path(ns)    Netlist Resource(s)
  -------------------------------------------------------------------    -------------------
                         (clock core_clk rise edge)
                                                      0.000     0.000 r  <hidden>
                                                      0.000     0.000 r  aclk
                         net (fo=25094, unset)        1.736     1.736    core/data_subsystem/conv2d_pipeline/post/aclk
    SLICE_X89Y38         FDCE                                         r  core/data_subsystem/conv2d_pipeline/post/lane_q_reg[0]_rep__1/C
  -------------------------------------------------------------------    -------------------
    SLICE_X89Y38         FDCE (Prop_fdce_C_Q)         0.456     2.192 r  core/data_subsystem/conv2d_pipeline/post/lane_q_reg[0]_rep__1/Q
                         net (fo=103, routed)         1.042     3.234    core/data_subsystem/conv2d_pipeline/post/lane_q_reg[0]_rep__1_n_0
    SLICE_X95Y39         LUT3 (Prop_lut3_I0_O)        0.150     3.384 f  core/data_subsystem/conv2d_pipeline/post/i___253_i_1/O
                         net (fo=151, routed)         1.281     4.665    core/data_subsystem/conv2d_pipeline/post/i___253_i_1_n_0
    SLICE_X92Y37         LUT6 (Prop_lut6_I1_O)        0.326     4.991 r  core/data_subsystem/conv2d_pipeline/post/product_q0_i_28/O
                         net (fo=2, routed)           0.916     5.908    core/data_subsystem/conv2d_pipeline/post/multiplier_q[4]
    DSP48_X3Y16          DSP48E1 (Prop_dsp48e1_A[4]_PCOUT[21])
                                                      4.036     9.944 r  core/data_subsystem/conv2d_pipeline/post/product_q0/PCOUT[21]
                         net (fo=1, routed)           0.002     9.946    core/data_subsystem/conv2d_pipeline/post/product_q0_n_132
    DSP48_X3Y17          DSP48E1                                      r  core/data_subsystem/conv2d_pipeline/post/product_q_reg/PCIN[21]
  -------------------------------------------------------------------    -------------------

                         (clock core_clk rise edge)
                                                     10.000    10.000 r  <hidden>
                                                      0.000    10.000 r  aclk
                         net (fo=25094, unset)        1.712    11.712    core/data_subsystem/conv2d_pipeline/post/aclk
    DSP48_X3Y17          DSP48E1                                      r  core/data_subsystem/conv2d_pipeline/post/product_q_reg/CLK
                         clock pessimism              0.115    11.827    <hidden>
                         clock uncertainty           -0.235    11.591    <hidden>
    DSP48_X3Y17          DSP48E1 (Setup_dsp48e1_CLK_PCIN[21])
                                                     -1.400    10.191    core/data_subsystem/conv2d_pipeline/post/product_q_reg
  -------------------------------------------------------------------
                         required time                         10.191    <hidden>
                         arrival time                          -9.946    <hidden>
  -------------------------------------------------------------------
                         slack                                  0.245    <hidden>

Slack (MET) :             0.245ns  (required time - arrival time)
  Source:                 core/data_subsystem/conv2d_pipeline/post/lane_q_reg[0]_rep__1/C
                            (rising edge-triggered cell FDCE clocked by core_clk  {rise@0.000ns fall@5.000ns period=10.000ns})
  Destination:            core/data_subsystem/conv2d_pipeline/post/product_q_reg/PCIN[22]
                            (rising edge-triggered cell DSP48E1 clocked by core_clk  {rise@0.000ns fall@5.000ns period=10.000ns})
  Path Group:             core_clk
  Path Type:              Setup (Max at Slow Process Corner)
  Requirement:            10.000ns  (core_clk rise@10.000ns - core_clk rise@0.000ns)
  Data Path Delay:        8.210ns  (logic 4.968ns (60.514%)  route 3.242ns (39.486%))
  Logic Levels:           3  (DSP48E1=1 LUT3=1 LUT6=1)
  Clock Path Skew:        0.091ns (DCD - SCD + CPR)
    Destination Clock Delay (DCD):    1.712ns = ( 11.712 - 10.000 ) 
    Source Clock Delay      (SCD):    1.736ns
    Clock Pessimism Removal (CPR):    0.115ns
  Clock Uncertainty:      0.235ns  ((TSJ^2 + TIJ^2)^1/2 + DJ) / 2 + PE + UU
    Total System Jitter     (TSJ):    0.071ns
    Total Input Jitter      (TIJ):    0.000ns
    Discrete Jitter          (DJ):    0.000ns
    Phase Error              (PE):    0.000ns
    User Uncertainty         (UU):    0.200ns

    Location             Delay type                Incr(ns)  Path(ns)    Netlist Resource(s)
  -------------------------------------------------------------------    -------------------
                         (clock core_clk rise edge)
                                                      0.000     0.000 r  <hidden>
                                                      0.000     0.000 r  aclk
                         net (fo=25094, unset)        1.736     1.736    core/data_subsystem/conv2d_pipeline/post/aclk
    SLICE_X89Y38         FDCE                                         r  core/data_subsystem/conv2d_pipeline/post/lane_q_reg[0]_rep__1/C
  -------------------------------------------------------------------    -------------------
    SLICE_X89Y38         FDCE (Prop_fdce_C_Q)         0.456     2.192 r  core/data_subsystem/conv2d_pipeline/post/lane_q_reg[0]_rep__1/Q
                         net (fo=103, routed)         1.042     3.234    core/data_subsystem/conv2d_pipeline/post/lane_q_reg[0]_rep__1_n_0
    SLICE_X95Y39         LUT3 (Prop_lut3_I0_O)        0.150     3.384 f  core/data_subsystem/conv2d_pipeline/post/i___253_i_1/O
                         net (fo=151, routed)         1.281     4.665    core/data_subsystem/conv2d_pipeline/post/i___253_i_1_n_0
    SLICE_X92Y37         LUT6 (Prop_lut6_I1_O)        0.326     4.991 r  core/data_subsystem/conv2d_pipeline/post/product_q0_i_28/O
                         net (fo=2, routed)           0.916     5.908    core/data_subsystem/conv2d_pipeline/post/multiplier_q[4]
    DSP48_X3Y16          DSP48E1 (Prop_dsp48e1_A[4]_PCOUT[22])
                                                      4.036     9.944 r  core/data_subsystem/conv2d_pipeline/post/product_q0/PCOUT[22]
                         net (fo=1, routed)           0.002     9.946    core/data_subsystem/conv2d_pipeline/post/product_q0_n_131
    DSP48_X3Y17          DSP48E1                                      r  core/data_subsystem/conv2d_pipeline/post/product_q_reg/PCIN[22]
  -------------------------------------------------------------------    -------------------

                         (clock core_clk rise edge)
                                                     10.000    10.000 r  <hidden>
                                                      0.000    10.000 r  aclk
                         net (fo=25094, unset)        1.712    11.712    core/data_subsystem/conv2d_pipeline/post/aclk
    DSP48_X3Y17          DSP48E1                                      r  core/data_subsystem/conv2d_pipeline/post/product_q_reg/CLK
                         clock pessimism              0.115    11.827    <hidden>
                         clock uncertainty           -0.235    11.591    <hidden>
    DSP48_X3Y17          DSP48E1 (Setup_dsp48e1_CLK_PCIN[22])
                                                     -1.400    10.191    core/data_subsystem/conv2d_pipeline/post/product_q_reg
  -------------------------------------------------------------------
                         required time                         10.191    <hidden>
                         arrival time                          -9.946    <hidden>
  -------------------------------------------------------------------
                         slack                                  0.245    <hidden>

Slack (MET) :             0.245ns  (required time - arrival time)
  Source:                 core/data_subsystem/conv2d_pipeline/post/lane_q_reg[0]_rep__1/C
                            (rising edge-triggered cell FDCE clocked by core_clk  {rise@0.000ns fall@5.000ns period=10.000ns})
  Destination:            core/data_subsystem/conv2d_pipeline/post/product_q_reg/PCIN[23]
                            (rising edge-triggered cell DSP48E1 clocked by core_clk  {rise@0.000ns fall@5.000ns period=10.000ns})
  Path Group:             core_clk
  Path Type:              Setup (Max at Slow Process Corner)
  Requirement:            10.000ns  (core_clk rise@10.000ns - core_clk rise@0.000ns)
  Data Path Delay:        8.210ns  (logic 4.968ns (60.514%)  route 3.242ns (39.486%))
  Logic Levels:           3  (DSP48E1=1 LUT3=1 LUT6=1)
  Clock Path Skew:        0.091ns (DCD - SCD + CPR)
    Destination Clock Delay (DCD):    1.712ns = ( 11.712 - 10.000 ) 
    Source Clock Delay      (SCD):    1.736ns
    Clock Pessimism Removal (CPR):    0.115ns
  Clock Uncertainty:      0.235ns  ((TSJ^2 + TIJ^2)^1/2 + DJ) / 2 + PE + UU
    Total System Jitter     (TSJ):    0.071ns
    Total Input Jitter      (TIJ):    0.000ns
    Discrete Jitter          (DJ):    0.000ns
    Phase Error              (PE):    0.000ns
    User Uncertainty         (UU):    0.200ns

    Location             Delay type                Incr(ns)  Path(ns)    Netlist Resource(s)
  -------------------------------------------------------------------    -------------------
                         (clock core_clk rise edge)
                                                      0.000     0.000 r  <hidden>
                                                      0.000     0.000 r  aclk
                         net (fo=25094, unset)        1.736     1.736    core/data_subsystem/conv2d_pipeline/post/aclk
    SLICE_X89Y38         FDCE                                         r  core/data_subsystem/conv2d_pipeline/post/lane_q_reg[0]_rep__1/C
  -------------------------------------------------------------------    -------------------
    SLICE_X89Y38         FDCE (Prop_fdce_C_Q)         0.456     2.192 r  core/data_subsystem/conv2d_pipeline/post/lane_q_reg[0]_rep__1/Q
                         net (fo=103, routed)         1.042     3.234    core/data_subsystem/conv2d_pipeline/post/lane_q_reg[0]_rep__1_n_0
    SLICE_X95Y39         LUT3 (Prop_lut3_I0_O)        0.150     3.384 f  core/data_subsystem/conv2d_pipeline/post/i___253_i_1/O
                         net (fo=151, routed)         1.281     4.665    core/data_subsystem/conv2d_pipeline/post/i___253_i_1_n_0
    SLICE_X92Y37         LUT6 (Prop_lut6_I1_O)        0.326     4.991 r  core/data_subsystem/conv2d_pipeline/post/product_q0_i_28/O
                         net (fo=2, routed)           0.916     5.908    core/data_subsystem/conv2d_pipeline/post/multiplier_q[4]
    DSP48_X3Y16          DSP48E1 (Prop_dsp48e1_A[4]_PCOUT[23])
                                                      4.036     9.944 r  core/data_subsystem/conv2d_pipeline/post/product_q0/PCOUT[23]
                         net (fo=1, routed)           0.002     9.946    core/data_subsystem/conv2d_pipeline/post/product_q0_n_130
    DSP48_X3Y17          DSP48E1                                      r  core/data_subsystem/conv2d_pipeline/post/product_q_reg/PCIN[23]
  -------------------------------------------------------------------    -------------------

                         (clock core_clk rise edge)
                                                     10.000    10.000 r  <hidden>
                                                      0.000    10.000 r  aclk
                         net (fo=25094, unset)        1.712    11.712    core/data_subsystem/conv2d_pipeline/post/aclk
    DSP48_X3Y17          DSP48E1                                      r  core/data_subsystem/conv2d_pipeline/post/product_q_reg/CLK
                         clock pessimism              0.115    11.827    <hidden>
                         clock uncertainty           -0.235    11.591    <hidden>
    DSP48_X3Y17          DSP48E1 (Setup_dsp48e1_CLK_PCIN[23])
                                                     -1.400    10.191    core/data_subsystem/conv2d_pipeline/post/product_q_reg
  -------------------------------------------------------------------
                         required time                         10.191    <hidden>
                         arrival time                          -9.946    <hidden>
  -------------------------------------------------------------------
                         slack                                  0.245    <hidden>

Slack (MET) :             0.245ns  (required time - arrival time)
  Source:                 core/data_subsystem/conv2d_pipeline/post/lane_q_reg[0]_rep__1/C
                            (rising edge-triggered cell FDCE clocked by core_clk  {rise@0.000ns fall@5.000ns period=10.000ns})
  Destination:            core/data_subsystem/conv2d_pipeline/post/product_q_reg/PCIN[24]
                            (rising edge-triggered cell DSP48E1 clocked by core_clk  {rise@0.000ns fall@5.000ns period=10.000ns})
  Path Group:             core_clk
  Path Type:              Setup (Max at Slow Process Corner)
  Requirement:            10.000ns  (core_clk rise@10.000ns - core_clk rise@0.000ns)
  Data Path Delay:        8.210ns  (logic 4.968ns (60.514%)  route 3.242ns (39.486%))
  Logic Levels:           3  (DSP48E1=1 LUT3=1 LUT6=1)
  Clock Path Skew:        0.091ns (DCD - SCD + CPR)
    Destination Clock Delay (DCD):    1.712ns = ( 11.712 - 10.000 ) 
    Source Clock Delay      (SCD):    1.736ns
    Clock Pessimism Removal (CPR):    0.115ns
  Clock Uncertainty:      0.235ns  ((TSJ^2 + TIJ^2)^1/2 + DJ) / 2 + PE + UU
    Total System Jitter     (TSJ):    0.071ns
    Total Input Jitter      (TIJ):    0.000ns
    Discrete Jitter          (DJ):    0.000ns
    Phase Error              (PE):    0.000ns
    User Uncertainty         (UU):    0.200ns

    Location             Delay type                Incr(ns)  Path(ns)    Netlist Resource(s)
  -------------------------------------------------------------------    -------------------
                         (clock core_clk rise edge)
                                                      0.000     0.000 r  <hidden>
                                                      0.000     0.000 r  aclk
                         net (fo=25094, unset)        1.736     1.736    core/data_subsystem/conv2d_pipeline/post/aclk
    SLICE_X89Y38         FDCE                                         r  core/data_subsystem/conv2d_pipeline/post/lane_q_reg[0]_rep__1/C
  -------------------------------------------------------------------    -------------------
    SLICE_X89Y38         FDCE (Prop_fdce_C_Q)         0.456     2.192 r  core/data_subsystem/conv2d_pipeline/post/lane_q_reg[0]_rep__1/Q
                         net (fo=103, routed)         1.042     3.234    core/data_subsystem/conv2d_pipeline/post/lane_q_reg[0]_rep__1_n_0
    SLICE_X95Y39         LUT3 (Prop_lut3_I0_O)        0.150     3.384 f  core/data_subsystem/conv2d_pipeline/post/i___253_i_1/O
                         net (fo=151, routed)         1.281     4.665    core/data_subsystem/conv2d_pipeline/post/i___253_i_1_n_0
    SLICE_X92Y37         LUT6 (Prop_lut6_I1_O)        0.326     4.991 r  core/data_subsystem/conv2d_pipeline/post/product_q0_i_28/O
                         net (fo=2, routed)           0.916     5.908    core/data_subsystem/conv2d_pipeline/post/multiplier_q[4]
    DSP48_X3Y16          DSP48E1 (Prop_dsp48e1_A[4]_PCOUT[24])
                                                      4.036     9.944 r  core/data_subsystem/conv2d_pipeline/post/product_q0/PCOUT[24]
                         net (fo=1, routed)           0.002     9.946    core/data_subsystem/conv2d_pipeline/post/product_q0_n_129
    DSP48_X3Y17          DSP48E1                                      r  core/data_subsystem/conv2d_pipeline/post/product_q_reg/PCIN[24]
  -------------------------------------------------------------------    -------------------

                         (clock core_clk rise edge)
                                                     10.000    10.000 r  <hidden>
                                                      0.000    10.000 r  aclk
                         net (fo=25094, unset)        1.712    11.712    core/data_subsystem/conv2d_pipeline/post/aclk
    DSP48_X3Y17          DSP48E1                                      r  core/data_subsystem/conv2d_pipeline/post/product_q_reg/CLK
                         clock pessimism              0.115    11.827    <hidden>
                         clock uncertainty           -0.235    11.591    <hidden>
    DSP48_X3Y17          DSP48E1 (Setup_dsp48e1_CLK_PCIN[24])
                                                     -1.400    10.191    core/data_subsystem/conv2d_pipeline/post/product_q_reg
  -------------------------------------------------------------------
                         required time                         10.191    <hidden>
                         arrival time                          -9.946    <hidden>
  -------------------------------------------------------------------
                         slack                                  0.245    <hidden>

Slack (MET) :             0.245ns  (required time - arrival time)
  Source:                 core/data_subsystem/conv2d_pipeline/post/lane_q_reg[0]_rep__1/C
                            (rising edge-triggered cell FDCE clocked by core_clk  {rise@0.000ns fall@5.000ns period=10.000ns})
  Destination:            core/data_subsystem/conv2d_pipeline/post/product_q_reg/PCIN[25]
                            (rising edge-triggered cell DSP48E1 clocked by core_clk  {rise@0.000ns fall@5.000ns period=10.000ns})
  Path Group:             core_clk
  Path Type:              Setup (Max at Slow Process Corner)
  Requirement:            10.000ns  (core_clk rise@10.000ns - core_clk rise@0.000ns)
  Data Path Delay:        8.210ns  (logic 4.968ns (60.514%)  route 3.242ns (39.486%))
  Logic Levels:           3  (DSP48E1=1 LUT3=1 LUT6=1)
  Clock Path Skew:        0.091ns (DCD - SCD + CPR)
    Destination Clock Delay (DCD):    1.712ns = ( 11.712 - 10.000 ) 
    Source Clock Delay      (SCD):    1.736ns
    Clock Pessimism Removal (CPR):    0.115ns
  Clock Uncertainty:      0.235ns  ((TSJ^2 + TIJ^2)^1/2 + DJ) / 2 + PE + UU
    Total System Jitter     (TSJ):    0.071ns
    Total Input Jitter      (TIJ):    0.000ns
    Discrete Jitter          (DJ):    0.000ns
    Phase Error              (PE):    0.000ns
    User Uncertainty         (UU):    0.200ns

    Location             Delay type                Incr(ns)  Path(ns)    Netlist Resource(s)
  -------------------------------------------------------------------    -------------------
                         (clock core_clk rise edge)
                                                      0.000     0.000 r  <hidden>
                                                      0.000     0.000 r  aclk
                         net (fo=25094, unset)        1.736     1.736    core/data_subsystem/conv2d_pipeline/post/aclk
    SLICE_X89Y38         FDCE                                         r  core/data_subsystem/conv2d_pipeline/post/lane_q_reg[0]_rep__1/C
  -------------------------------------------------------------------    -------------------
    SLICE_X89Y38         FDCE (Prop_fdce_C_Q)         0.456     2.192 r  core/data_subsystem/conv2d_pipeline/post/lane_q_reg[0]_rep__1/Q
                         net (fo=103, routed)         1.042     3.234    core/data_subsystem/conv2d_pipeline/post/lane_q_reg[0]_rep__1_n_0
    SLICE_X95Y39         LUT3 (Prop_lut3_I0_O)        0.150     3.384 f  core/data_subsystem/conv2d_pipeline/post/i___253_i_1/O
                         net (fo=151, routed)         1.281     4.665    core/data_subsystem/conv2d_pipeline/post/i___253_i_1_n_0
    SLICE_X92Y37         LUT6 (Prop_lut6_I1_O)        0.326     4.991 r  core/data_subsystem/conv2d_pipeline/post/product_q0_i_28/O
                         net (fo=2, routed)           0.916     5.908    core/data_subsystem/conv2d_pipeline/post/multiplier_q[4]
    DSP48_X3Y16          DSP48E1 (Prop_dsp48e1_A[4]_PCOUT[25])
                                                      4.036     9.944 r  core/data_subsystem/conv2d_pipeline/post/product_q0/PCOUT[25]
                         net (fo=1, routed)           0.002     9.946    core/data_subsystem/conv2d_pipeline/post/product_q0_n_128
    DSP48_X3Y17          DSP48E1                                      r  core/data_subsystem/conv2d_pipeline/post/product_q_reg/PCIN[25]
  -------------------------------------------------------------------    -------------------

                         (clock core_clk rise edge)
                                                     10.000    10.000 r  <hidden>
                                                      0.000    10.000 r  aclk
                         net (fo=25094, unset)        1.712    11.712    core/data_subsystem/conv2d_pipeline/post/aclk
    DSP48_X3Y17          DSP48E1                                      r  core/data_subsystem/conv2d_pipeline/post/product_q_reg/CLK
                         clock pessimism              0.115    11.827    <hidden>
                         clock uncertainty           -0.235    11.591    <hidden>
    DSP48_X3Y17          DSP48E1 (Setup_dsp48e1_CLK_PCIN[25])
                                                     -1.400    10.191    core/data_subsystem/conv2d_pipeline/post/product_q_reg
  -------------------------------------------------------------------
                         required time                         10.191    <hidden>
                         arrival time                          -9.946    <hidden>
  -------------------------------------------------------------------
                         slack                                  0.245    <hidden>

Slack (MET) :             0.245ns  (required time - arrival time)
  Source:                 core/data_subsystem/conv2d_pipeline/post/lane_q_reg[0]_rep__1/C
                            (rising edge-triggered cell FDCE clocked by core_clk  {rise@0.000ns fall@5.000ns period=10.000ns})
  Destination:            core/data_subsystem/conv2d_pipeline/post/product_q_reg/PCIN[26]
                            (rising edge-triggered cell DSP48E1 clocked by core_clk  {rise@0.000ns fall@5.000ns period=10.000ns})
  Path Group:             core_clk
  Path Type:              Setup (Max at Slow Process Corner)
  Requirement:            10.000ns  (core_clk rise@10.000ns - core_clk rise@0.000ns)
  Data Path Delay:        8.210ns  (logic 4.968ns (60.514%)  route 3.242ns (39.486%))
  Logic Levels:           3  (DSP48E1=1 LUT3=1 LUT6=1)
  Clock Path Skew:        0.091ns (DCD - SCD + CPR)
    Destination Clock Delay (DCD):    1.712ns = ( 11.712 - 10.000 ) 
    Source Clock Delay      (SCD):    1.736ns
    Clock Pessimism Removal (CPR):    0.115ns
  Clock Uncertainty:      0.235ns  ((TSJ^2 + TIJ^2)^1/2 + DJ) / 2 + PE + UU
    Total System Jitter     (TSJ):    0.071ns
    Total Input Jitter      (TIJ):    0.000ns
    Discrete Jitter          (DJ):    0.000ns
    Phase Error              (PE):    0.000ns
    User Uncertainty         (UU):    0.200ns

    Location             Delay type                Incr(ns)  Path(ns)    Netlist Resource(s)
  -------------------------------------------------------------------    -------------------
                         (clock core_clk rise edge)
                                                      0.000     0.000 r  <hidden>
                                                      0.000     0.000 r  aclk
                         net (fo=25094, unset)        1.736     1.736    core/data_subsystem/conv2d_pipeline/post/aclk
    SLICE_X89Y38         FDCE                                         r  core/data_subsystem/conv2d_pipeline/post/lane_q_reg[0]_rep__1/C
  -------------------------------------------------------------------    -------------------
    SLICE_X89Y38         FDCE (Prop_fdce_C_Q)         0.456     2.192 r  core/data_subsystem/conv2d_pipeline/post/lane_q_reg[0]_rep__1/Q
                         net (fo=103, routed)         1.042     3.234    core/data_subsystem/conv2d_pipeline/post/lane_q_reg[0]_rep__1_n_0
    SLICE_X95Y39         LUT3 (Prop_lut3_I0_O)        0.150     3.384 f  core/data_subsystem/conv2d_pipeline/post/i___253_i_1/O
                         net (fo=151, routed)         1.281     4.665    core/data_subsystem/conv2d_pipeline/post/i___253_i_1_n_0
    SLICE_X92Y37         LUT6 (Prop_lut6_I1_O)        0.326     4.991 r  core/data_subsystem/conv2d_pipeline/post/product_q0_i_28/O
                         net (fo=2, routed)           0.916     5.908    core/data_subsystem/conv2d_pipeline/post/multiplier_q[4]
    DSP48_X3Y16          DSP48E1 (Prop_dsp48e1_A[4]_PCOUT[26])
                                                      4.036     9.944 r  core/data_subsystem/conv2d_pipeline/post/product_q0/PCOUT[26]
                         net (fo=1, routed)           0.002     9.946    core/data_subsystem/conv2d_pipeline/post/product_q0_n_127
    DSP48_X3Y17          DSP48E1                                      r  core/data_subsystem/conv2d_pipeline/post/product_q_reg/PCIN[26]
  -------------------------------------------------------------------    -------------------

                         (clock core_clk rise edge)
                                                     10.000    10.000 r  <hidden>
                                                      0.000    10.000 r  aclk
                         net (fo=25094, unset)        1.712    11.712    core/data_subsystem/conv2d_pipeline/post/aclk
    DSP48_X3Y17          DSP48E1                                      r  core/data_subsystem/conv2d_pipeline/post/product_q_reg/CLK
                         clock pessimism              0.115    11.827    <hidden>
                         clock uncertainty           -0.235    11.591    <hidden>
    DSP48_X3Y17          DSP48E1 (Setup_dsp48e1_CLK_PCIN[26])
                                                     -1.400    10.191    core/data_subsystem/conv2d_pipeline/post/product_q_reg
  -------------------------------------------------------------------
                         required time                         10.191    <hidden>
                         arrival time                          -9.946    <hidden>
  -------------------------------------------------------------------
                         slack                                  0.245    <hidden>

Slack (MET) :             0.245ns  (required time - arrival time)
  Source:                 core/data_subsystem/conv2d_pipeline/post/lane_q_reg[0]_rep__1/C
                            (rising edge-triggered cell FDCE clocked by core_clk  {rise@0.000ns fall@5.000ns period=10.000ns})
  Destination:            core/data_subsystem/conv2d_pipeline/post/product_q_reg/PCIN[27]
                            (rising edge-triggered cell DSP48E1 clocked by core_clk  {rise@0.000ns fall@5.000ns period=10.000ns})
  Path Group:             core_clk
  Path Type:              Setup (Max at Slow Process Corner)
  Requirement:            10.000ns  (core_clk rise@10.000ns - core_clk rise@0.000ns)
  Data Path Delay:        8.210ns  (logic 4.968ns (60.514%)  route 3.242ns (39.486%))
  Logic Levels:           3  (DSP48E1=1 LUT3=1 LUT6=1)
  Clock Path Skew:        0.091ns (DCD - SCD + CPR)
    Destination Clock Delay (DCD):    1.712ns = ( 11.712 - 10.000 ) 
    Source Clock Delay      (SCD):    1.736ns
    Clock Pessimism Removal (CPR):    0.115ns
  Clock Uncertainty:      0.235ns  ((TSJ^2 + TIJ^2)^1/2 + DJ) / 2 + PE + UU
    Total System Jitter     (TSJ):    0.071ns
    Total Input Jitter      (TIJ):    0.000ns
    Discrete Jitter          (DJ):    0.000ns
    Phase Error              (PE):    0.000ns
    User Uncertainty         (UU):    0.200ns

    Location             Delay type                Incr(ns)  Path(ns)    Netlist Resource(s)
  -------------------------------------------------------------------    -------------------
                         (clock core_clk rise edge)
                                                      0.000     0.000 r  <hidden>
                                                      0.000     0.000 r  aclk
                         net (fo=25094, unset)        1.736     1.736    core/data_subsystem/conv2d_pipeline/post/aclk
    SLICE_X89Y38         FDCE                                         r  core/data_subsystem/conv2d_pipeline/post/lane_q_reg[0]_rep__1/C
  -------------------------------------------------------------------    -------------------
    SLICE_X89Y38         FDCE (Prop_fdce_C_Q)         0.456     2.192 r  core/data_subsystem/conv2d_pipeline/post/lane_q_reg[0]_rep__1/Q
                         net (fo=103, routed)         1.042     3.234    core/data_subsystem/conv2d_pipeline/post/lane_q_reg[0]_rep__1_n_0
    SLICE_X95Y39         LUT3 (Prop_lut3_I0_O)        0.150     3.384 f  core/data_subsystem/conv2d_pipeline/post/i___253_i_1/O
                         net (fo=151, routed)         1.281     4.665    core/data_subsystem/conv2d_pipeline/post/i___253_i_1_n_0
    SLICE_X92Y37         LUT6 (Prop_lut6_I1_O)        0.326     4.991 r  core/data_subsystem/conv2d_pipeline/post/product_q0_i_28/O
                         net (fo=2, routed)           0.916     5.908    core/data_subsystem/conv2d_pipeline/post/multiplier_q[4]
    DSP48_X3Y16          DSP48E1 (Prop_dsp48e1_A[4]_PCOUT[27])
                                                      4.036     9.944 r  core/data_subsystem/conv2d_pipeline/post/product_q0/PCOUT[27]
                         net (fo=1, routed)           0.002     9.946    core/data_subsystem/conv2d_pipeline/post/product_q0_n_126
    DSP48_X3Y17          DSP48E1                                      r  core/data_subsystem/conv2d_pipeline/post/product_q_reg/PCIN[27]
  -------------------------------------------------------------------    -------------------

                         (clock core_clk rise edge)
                                                     10.000    10.000 r  <hidden>
                                                      0.000    10.000 r  aclk
                         net (fo=25094, unset)        1.712    11.712    core/data_subsystem/conv2d_pipeline/post/aclk
    DSP48_X3Y17          DSP48E1                                      r  core/data_subsystem/conv2d_pipeline/post/product_q_reg/CLK
                         clock pessimism              0.115    11.827    <hidden>
                         clock uncertainty           -0.235    11.591    <hidden>
    DSP48_X3Y17          DSP48E1 (Setup_dsp48e1_CLK_PCIN[27])
                                                     -1.400    10.191    core/data_subsystem/conv2d_pipeline/post/product_q_reg
  -------------------------------------------------------------------
                         required time                         10.191    <hidden>
                         arrival time                          -9.946    <hidden>
  -------------------------------------------------------------------
                         slack                                  0.245    <hidden>

Slack (MET) :             0.245ns  (required time - arrival time)
  Source:                 core/data_subsystem/conv2d_pipeline/post/lane_q_reg[0]_rep__1/C
                            (rising edge-triggered cell FDCE clocked by core_clk  {rise@0.000ns fall@5.000ns period=10.000ns})
  Destination:            core/data_subsystem/conv2d_pipeline/post/product_q_reg/PCIN[28]
                            (rising edge-triggered cell DSP48E1 clocked by core_clk  {rise@0.000ns fall@5.000ns period=10.000ns})
  Path Group:             core_clk
  Path Type:              Setup (Max at Slow Process Corner)
  Requirement:            10.000ns  (core_clk rise@10.000ns - core_clk rise@0.000ns)
  Data Path Delay:        8.210ns  (logic 4.968ns (60.514%)  route 3.242ns (39.486%))
  Logic Levels:           3  (DSP48E1=1 LUT3=1 LUT6=1)
  Clock Path Skew:        0.091ns (DCD - SCD + CPR)
    Destination Clock Delay (DCD):    1.712ns = ( 11.712 - 10.000 ) 
    Source Clock Delay      (SCD):    1.736ns
    Clock Pessimism Removal (CPR):    0.115ns
  Clock Uncertainty:      0.235ns  ((TSJ^2 + TIJ^2)^1/2 + DJ) / 2 + PE + UU
    Total System Jitter     (TSJ):    0.071ns
    Total Input Jitter      (TIJ):    0.000ns
    Discrete Jitter          (DJ):    0.000ns
    Phase Error              (PE):    0.000ns
    User Uncertainty         (UU):    0.200ns

    Location             Delay type                Incr(ns)  Path(ns)    Netlist Resource(s)
  -------------------------------------------------------------------    -------------------
                         (clock core_clk rise edge)
                                                      0.000     0.000 r  <hidden>
                                                      0.000     0.000 r  aclk
                         net (fo=25094, unset)        1.736     1.736    core/data_subsystem/conv2d_pipeline/post/aclk
    SLICE_X89Y38         FDCE                                         r  core/data_subsystem/conv2d_pipeline/post/lane_q_reg[0]_rep__1/C
  -------------------------------------------------------------------    -------------------
    SLICE_X89Y38         FDCE (Prop_fdce_C_Q)         0.456     2.192 r  core/data_subsystem/conv2d_pipeline/post/lane_q_reg[0]_rep__1/Q
                         net (fo=103, routed)         1.042     3.234    core/data_subsystem/conv2d_pipeline/post/lane_q_reg[0]_rep__1_n_0
    SLICE_X95Y39         LUT3 (Prop_lut3_I0_O)        0.150     3.384 f  core/data_subsystem/conv2d_pipeline/post/i___253_i_1/O
                         net (fo=151, routed)         1.281     4.665    core/data_subsystem/conv2d_pipeline/post/i___253_i_1_n_0
    SLICE_X92Y37         LUT6 (Prop_lut6_I1_O)        0.326     4.991 r  core/data_subsystem/conv2d_pipeline/post/product_q0_i_28/O
                         net (fo=2, routed)           0.916     5.908    core/data_subsystem/conv2d_pipeline/post/multiplier_q[4]
    DSP48_X3Y16          DSP48E1 (Prop_dsp48e1_A[4]_PCOUT[28])
                                                      4.036     9.944 r  core/data_subsystem/conv2d_pipeline/post/product_q0/PCOUT[28]
                         net (fo=1, routed)           0.002     9.946    core/data_subsystem/conv2d_pipeline/post/product_q0_n_125
    DSP48_X3Y17          DSP48E1                                      r  core/data_subsystem/conv2d_pipeline/post/product_q_reg/PCIN[28]
  -------------------------------------------------------------------    -------------------

                         (clock core_clk rise edge)
                                                     10.000    10.000 r  <hidden>
                                                      0.000    10.000 r  aclk
                         net (fo=25094, unset)        1.712    11.712    core/data_subsystem/conv2d_pipeline/post/aclk
    DSP48_X3Y17          DSP48E1                                      r  core/data_subsystem/conv2d_pipeline/post/product_q_reg/CLK
                         clock pessimism              0.115    11.827    <hidden>
                         clock uncertainty           -0.235    11.591    <hidden>
    DSP48_X3Y17          DSP48E1 (Setup_dsp48e1_CLK_PCIN[28])
                                                     -1.400    10.191    core/data_subsystem/conv2d_pipeline/post/product_q_reg
  -------------------------------------------------------------------
                         required time                         10.191    <hidden>
                         arrival time                          -9.946    <hidden>
  -------------------------------------------------------------------
                         slack                                  0.245    <hidden>

Slack (MET) :             0.245ns  (required time - arrival time)
  Source:                 core/data_subsystem/conv2d_pipeline/post/lane_q_reg[0]_rep__1/C
                            (rising edge-triggered cell FDCE clocked by core_clk  {rise@0.000ns fall@5.000ns period=10.000ns})
  Destination:            core/data_subsystem/conv2d_pipeline/post/product_q_reg/PCIN[29]
                            (rising edge-triggered cell DSP48E1 clocked by core_clk  {rise@0.000ns fall@5.000ns period=10.000ns})
  Path Group:             core_clk
  Path Type:              Setup (Max at Slow Process Corner)
  Requirement:            10.000ns  (core_clk rise@10.000ns - core_clk rise@0.000ns)
  Data Path Delay:        8.210ns  (logic 4.968ns (60.514%)  route 3.242ns (39.486%))
  Logic Levels:           3  (DSP48E1=1 LUT3=1 LUT6=1)
  Clock Path Skew:        0.091ns (DCD - SCD + CPR)
    Destination Clock Delay (DCD):    1.712ns = ( 11.712 - 10.000 ) 
    Source Clock Delay      (SCD):    1.736ns
    Clock Pessimism Removal (CPR):    0.115ns
  Clock Uncertainty:      0.235ns  ((TSJ^2 + TIJ^2)^1/2 + DJ) / 2 + PE + UU
    Total System Jitter     (TSJ):    0.071ns
    Total Input Jitter      (TIJ):    0.000ns
    Discrete Jitter          (DJ):    0.000ns
    Phase Error              (PE):    0.000ns
    User Uncertainty         (UU):    0.200ns

    Location             Delay type                Incr(ns)  Path(ns)    Netlist Resource(s)
  -------------------------------------------------------------------    -------------------
                         (clock core_clk rise edge)
                                                      0.000     0.000 r  <hidden>
                                                      0.000     0.000 r  aclk
                         net (fo=25094, unset)        1.736     1.736    core/data_subsystem/conv2d_pipeline/post/aclk
    SLICE_X89Y38         FDCE                                         r  core/data_subsystem/conv2d_pipeline/post/lane_q_reg[0]_rep__1/C
  -------------------------------------------------------------------    -------------------
    SLICE_X89Y38         FDCE (Prop_fdce_C_Q)         0.456     2.192 r  core/data_subsystem/conv2d_pipeline/post/lane_q_reg[0]_rep__1/Q
                         net (fo=103, routed)         1.042     3.234    core/data_subsystem/conv2d_pipeline/post/lane_q_reg[0]_rep__1_n_0
    SLICE_X95Y39         LUT3 (Prop_lut3_I0_O)        0.150     3.384 f  core/data_subsystem/conv2d_pipeline/post/i___253_i_1/O
                         net (fo=151, routed)         1.281     4.665    core/data_subsystem/conv2d_pipeline/post/i___253_i_1_n_0
    SLICE_X92Y37         LUT6 (Prop_lut6_I1_O)        0.326     4.991 r  core/data_subsystem/conv2d_pipeline/post/product_q0_i_28/O
                         net (fo=2, routed)           0.916     5.908    core/data_subsystem/conv2d_pipeline/post/multiplier_q[4]
    DSP48_X3Y16          DSP48E1 (Prop_dsp48e1_A[4]_PCOUT[29])
                                                      4.036     9.944 r  core/data_subsystem/conv2d_pipeline/post/product_q0/PCOUT[29]
                         net (fo=1, routed)           0.002     9.946    core/data_subsystem/conv2d_pipeline/post/product_q0_n_124
    DSP48_X3Y17          DSP48E1                                      r  core/data_subsystem/conv2d_pipeline/post/product_q_reg/PCIN[29]
  -------------------------------------------------------------------    -------------------

                         (clock core_clk rise edge)
                                                     10.000    10.000 r  <hidden>
                                                      0.000    10.000 r  aclk
                         net (fo=25094, unset)        1.712    11.712    core/data_subsystem/conv2d_pipeline/post/aclk
    DSP48_X3Y17          DSP48E1                                      r  core/data_subsystem/conv2d_pipeline/post/product_q_reg/CLK
                         clock pessimism              0.115    11.827    <hidden>
                         clock uncertainty           -0.235    11.591    <hidden>
    DSP48_X3Y17          DSP48E1 (Setup_dsp48e1_CLK_PCIN[29])
                                                     -1.400    10.191    core/data_subsystem/conv2d_pipeline/post/product_q_reg
  -------------------------------------------------------------------
                         required time                         10.191    <hidden>
                         arrival time                          -9.946    <hidden>
  -------------------------------------------------------------------
                         slack                                  0.245    <hidden>

Slack (MET) :             0.245ns  (required time - arrival time)
  Source:                 core/data_subsystem/conv2d_pipeline/post/lane_q_reg[0]_rep__1/C
                            (rising edge-triggered cell FDCE clocked by core_clk  {rise@0.000ns fall@5.000ns period=10.000ns})
  Destination:            core/data_subsystem/conv2d_pipeline/post/product_q_reg/PCIN[2]
                            (rising edge-triggered cell DSP48E1 clocked by core_clk  {rise@0.000ns fall@5.000ns period=10.000ns})
  Path Group:             core_clk
  Path Type:              Setup (Max at Slow Process Corner)
  Requirement:            10.000ns  (core_clk rise@10.000ns - core_clk rise@0.000ns)
  Data Path Delay:        8.210ns  (logic 4.968ns (60.514%)  route 3.242ns (39.486%))
  Logic Levels:           3  (DSP48E1=1 LUT3=1 LUT6=1)
  Clock Path Skew:        0.091ns (DCD - SCD + CPR)
    Destination Clock Delay (DCD):    1.712ns = ( 11.712 - 10.000 ) 
    Source Clock Delay      (SCD):    1.736ns
    Clock Pessimism Removal (CPR):    0.115ns
  Clock Uncertainty:      0.235ns  ((TSJ^2 + TIJ^2)^1/2 + DJ) / 2 + PE + UU
    Total System Jitter     (TSJ):    0.071ns
    Total Input Jitter      (TIJ):    0.000ns
    Discrete Jitter          (DJ):    0.000ns
    Phase Error              (PE):    0.000ns
    User Uncertainty         (UU):    0.200ns

    Location             Delay type                Incr(ns)  Path(ns)    Netlist Resource(s)
  -------------------------------------------------------------------    -------------------
                         (clock core_clk rise edge)
                                                      0.000     0.000 r  <hidden>
                                                      0.000     0.000 r  aclk
                         net (fo=25094, unset)        1.736     1.736    core/data_subsystem/conv2d_pipeline/post/aclk
    SLICE_X89Y38         FDCE                                         r  core/data_subsystem/conv2d_pipeline/post/lane_q_reg[0]_rep__1/C
  -------------------------------------------------------------------    -------------------
    SLICE_X89Y38         FDCE (Prop_fdce_C_Q)         0.456     2.192 r  core/data_subsystem/conv2d_pipeline/post/lane_q_reg[0]_rep__1/Q
                         net (fo=103, routed)         1.042     3.234    core/data_subsystem/conv2d_pipeline/post/lane_q_reg[0]_rep__1_n_0
    SLICE_X95Y39         LUT3 (Prop_lut3_I0_O)        0.150     3.384 f  core/data_subsystem/conv2d_pipeline/post/i___253_i_1/O
                         net (fo=151, routed)         1.281     4.665    core/data_subsystem/conv2d_pipeline/post/i___253_i_1_n_0
    SLICE_X92Y37         LUT6 (Prop_lut6_I1_O)        0.326     4.991 r  core/data_subsystem/conv2d_pipeline/post/product_q0_i_28/O
                         net (fo=2, routed)           0.916     5.908    core/data_subsystem/conv2d_pipeline/post/multiplier_q[4]
    DSP48_X3Y16          DSP48E1 (Prop_dsp48e1_A[4]_PCOUT[2])
                                                      4.036     9.944 r  core/data_subsystem/conv2d_pipeline/post/product_q0/PCOUT[2]
                         net (fo=1, routed)           0.002     9.946    core/data_subsystem/conv2d_pipeline/post/product_q0_n_151
    DSP48_X3Y17          DSP48E1                                      r  core/data_subsystem/conv2d_pipeline/post/product_q_reg/PCIN[2]
  -------------------------------------------------------------------    -------------------

                         (clock core_clk rise edge)
                                                     10.000    10.000 r  <hidden>
                                                      0.000    10.000 r  aclk
                         net (fo=25094, unset)        1.712    11.712    core/data_subsystem/conv2d_pipeline/post/aclk
    DSP48_X3Y17          DSP48E1                                      r  core/data_subsystem/conv2d_pipeline/post/product_q_reg/CLK
                         clock pessimism              0.115    11.827    <hidden>
                         clock uncertainty           -0.235    11.591    <hidden>
    DSP48_X3Y17          DSP48E1 (Setup_dsp48e1_CLK_PCIN[2])
                                                     -1.400    10.191    core/data_subsystem/conv2d_pipeline/post/product_q_reg
  -------------------------------------------------------------------
                         required time                         10.191    <hidden>
                         arrival time                          -9.946    <hidden>
  -------------------------------------------------------------------
                         slack                                  0.245    <hidden>

Slack (MET) :             0.245ns  (required time - arrival time)
  Source:                 core/data_subsystem/conv2d_pipeline/post/lane_q_reg[0]_rep__1/C
                            (rising edge-triggered cell FDCE clocked by core_clk  {rise@0.000ns fall@5.000ns period=10.000ns})
  Destination:            core/data_subsystem/conv2d_pipeline/post/product_q_reg/PCIN[30]
                            (rising edge-triggered cell DSP48E1 clocked by core_clk  {rise@0.000ns fall@5.000ns period=10.000ns})
  Path Group:             core_clk
  Path Type:              Setup (Max at Slow Process Corner)
  Requirement:            10.000ns  (core_clk rise@10.000ns - core_clk rise@0.000ns)
  Data Path Delay:        8.210ns  (logic 4.968ns (60.514%)  route 3.242ns (39.486%))
  Logic Levels:           3  (DSP48E1=1 LUT3=1 LUT6=1)
  Clock Path Skew:        0.091ns (DCD - SCD + CPR)
    Destination Clock Delay (DCD):    1.712ns = ( 11.712 - 10.000 ) 
    Source Clock Delay      (SCD):    1.736ns
    Clock Pessimism Removal (CPR):    0.115ns
  Clock Uncertainty:      0.235ns  ((TSJ^2 + TIJ^2)^1/2 + DJ) / 2 + PE + UU
    Total System Jitter     (TSJ):    0.071ns
    Total Input Jitter      (TIJ):    0.000ns
    Discrete Jitter          (DJ):    0.000ns
    Phase Error              (PE):    0.000ns
    User Uncertainty         (UU):    0.200ns

    Location             Delay type                Incr(ns)  Path(ns)    Netlist Resource(s)
  -------------------------------------------------------------------    -------------------
                         (clock core_clk rise edge)
                                                      0.000     0.000 r  <hidden>
                                                      0.000     0.000 r  aclk
                         net (fo=25094, unset)        1.736     1.736    core/data_subsystem/conv2d_pipeline/post/aclk
    SLICE_X89Y38         FDCE                                         r  core/data_subsystem/conv2d_pipeline/post/lane_q_reg[0]_rep__1/C
  -------------------------------------------------------------------    -------------------
    SLICE_X89Y38         FDCE (Prop_fdce_C_Q)         0.456     2.192 r  core/data_subsystem/conv2d_pipeline/post/lane_q_reg[0]_rep__1/Q
                         net (fo=103, routed)         1.042     3.234    core/data_subsystem/conv2d_pipeline/post/lane_q_reg[0]_rep__1_n_0
    SLICE_X95Y39         LUT3 (Prop_lut3_I0_O)        0.150     3.384 f  core/data_subsystem/conv2d_pipeline/post/i___253_i_1/O
                         net (fo=151, routed)         1.281     4.665    core/data_subsystem/conv2d_pipeline/post/i___253_i_1_n_0
    SLICE_X92Y37         LUT6 (Prop_lut6_I1_O)        0.326     4.991 r  core/data_subsystem/conv2d_pipeline/post/product_q0_i_28/O
                         net (fo=2, routed)           0.916     5.908    core/data_subsystem/conv2d_pipeline/post/multiplier_q[4]
    DSP48_X3Y16          DSP48E1 (Prop_dsp48e1_A[4]_PCOUT[30])
                                                      4.036     9.944 r  core/data_subsystem/conv2d_pipeline/post/product_q0/PCOUT[30]
                         net (fo=1, routed)           0.002     9.946    core/data_subsystem/conv2d_pipeline/post/product_q0_n_123
    DSP48_X3Y17          DSP48E1                                      r  core/data_subsystem/conv2d_pipeline/post/product_q_reg/PCIN[30]
  -------------------------------------------------------------------    -------------------

                         (clock core_clk rise edge)
                                                     10.000    10.000 r  <hidden>
                                                      0.000    10.000 r  aclk
                         net (fo=25094, unset)        1.712    11.712    core/data_subsystem/conv2d_pipeline/post/aclk
    DSP48_X3Y17          DSP48E1                                      r  core/data_subsystem/conv2d_pipeline/post/product_q_reg/CLK
                         clock pessimism              0.115    11.827    <hidden>
                         clock uncertainty           -0.235    11.591    <hidden>
    DSP48_X3Y17          DSP48E1 (Setup_dsp48e1_CLK_PCIN[30])
                                                     -1.400    10.191    core/data_subsystem/conv2d_pipeline/post/product_q_reg
  -------------------------------------------------------------------
                         required time                         10.191    <hidden>
                         arrival time                          -9.946    <hidden>
  -------------------------------------------------------------------
                         slack                                  0.245    <hidden>

Slack (MET) :             0.245ns  (required time - arrival time)
  Source:                 core/data_subsystem/conv2d_pipeline/post/lane_q_reg[0]_rep__1/C
                            (rising edge-triggered cell FDCE clocked by core_clk  {rise@0.000ns fall@5.000ns period=10.000ns})
  Destination:            core/data_subsystem/conv2d_pipeline/post/product_q_reg/PCIN[31]
                            (rising edge-triggered cell DSP48E1 clocked by core_clk  {rise@0.000ns fall@5.000ns period=10.000ns})
  Path Group:             core_clk
  Path Type:              Setup (Max at Slow Process Corner)
  Requirement:            10.000ns  (core_clk rise@10.000ns - core_clk rise@0.000ns)
  Data Path Delay:        8.210ns  (logic 4.968ns (60.514%)  route 3.242ns (39.486%))
  Logic Levels:           3  (DSP48E1=1 LUT3=1 LUT6=1)
  Clock Path Skew:        0.091ns (DCD - SCD + CPR)
    Destination Clock Delay (DCD):    1.712ns = ( 11.712 - 10.000 ) 
    Source Clock Delay      (SCD):    1.736ns
    Clock Pessimism Removal (CPR):    0.115ns
  Clock Uncertainty:      0.235ns  ((TSJ^2 + TIJ^2)^1/2 + DJ) / 2 + PE + UU
    Total System Jitter     (TSJ):    0.071ns
    Total Input Jitter      (TIJ):    0.000ns
    Discrete Jitter          (DJ):    0.000ns
    Phase Error              (PE):    0.000ns
    User Uncertainty         (UU):    0.200ns

    Location             Delay type                Incr(ns)  Path(ns)    Netlist Resource(s)
  -------------------------------------------------------------------    -------------------
                         (clock core_clk rise edge)
                                                      0.000     0.000 r  <hidden>
                                                      0.000     0.000 r  aclk
                         net (fo=25094, unset)        1.736     1.736    core/data_subsystem/conv2d_pipeline/post/aclk
    SLICE_X89Y38         FDCE                                         r  core/data_subsystem/conv2d_pipeline/post/lane_q_reg[0]_rep__1/C
  -------------------------------------------------------------------    -------------------
    SLICE_X89Y38         FDCE (Prop_fdce_C_Q)         0.456     2.192 r  core/data_subsystem/conv2d_pipeline/post/lane_q_reg[0]_rep__1/Q
                         net (fo=103, routed)         1.042     3.234    core/data_subsystem/conv2d_pipeline/post/lane_q_reg[0]_rep__1_n_0
    SLICE_X95Y39         LUT3 (Prop_lut3_I0_O)        0.150     3.384 f  core/data_subsystem/conv2d_pipeline/post/i___253_i_1/O
                         net (fo=151, routed)         1.281     4.665    core/data_subsystem/conv2d_pipeline/post/i___253_i_1_n_0
    SLICE_X92Y37         LUT6 (Prop_lut6_I1_O)        0.326     4.991 r  core/data_subsystem/conv2d_pipeline/post/product_q0_i_28/O
                         net (fo=2, routed)           0.916     5.908    core/data_subsystem/conv2d_pipeline/post/multiplier_q[4]
    DSP48_X3Y16          DSP48E1 (Prop_dsp48e1_A[4]_PCOUT[31])
                                                      4.036     9.944 r  core/data_subsystem/conv2d_pipeline/post/product_q0/PCOUT[31]
                         net (fo=1, routed)           0.002     9.946    core/data_subsystem/conv2d_pipeline/post/product_q0_n_122
    DSP48_X3Y17          DSP48E1                                      r  core/data_subsystem/conv2d_pipeline/post/product_q_reg/PCIN[31]
  -------------------------------------------------------------------    -------------------

                         (clock core_clk rise edge)
                                                     10.000    10.000 r  <hidden>
                                                      0.000    10.000 r  aclk
                         net (fo=25094, unset)        1.712    11.712    core/data_subsystem/conv2d_pipeline/post/aclk
    DSP48_X3Y17          DSP48E1                                      r  core/data_subsystem/conv2d_pipeline/post/product_q_reg/CLK
                         clock pessimism              0.115    11.827    <hidden>
                         clock uncertainty           -0.235    11.591    <hidden>
    DSP48_X3Y17          DSP48E1 (Setup_dsp48e1_CLK_PCIN[31])
                                                     -1.400    10.191    core/data_subsystem/conv2d_pipeline/post/product_q_reg
  -------------------------------------------------------------------
                         required time                         10.191    <hidden>
                         arrival time                          -9.946    <hidden>
  -------------------------------------------------------------------
                         slack                                  0.245    <hidden>

Slack (MET) :             0.245ns  (required time - arrival time)
  Source:                 core/data_subsystem/conv2d_pipeline/post/lane_q_reg[0]_rep__1/C
                            (rising edge-triggered cell FDCE clocked by core_clk  {rise@0.000ns fall@5.000ns period=10.000ns})
  Destination:            core/data_subsystem/conv2d_pipeline/post/product_q_reg/PCIN[32]
                            (rising edge-triggered cell DSP48E1 clocked by core_clk  {rise@0.000ns fall@5.000ns period=10.000ns})
  Path Group:             core_clk
  Path Type:              Setup (Max at Slow Process Corner)
  Requirement:            10.000ns  (core_clk rise@10.000ns - core_clk rise@0.000ns)
  Data Path Delay:        8.210ns  (logic 4.968ns (60.514%)  route 3.242ns (39.486%))
  Logic Levels:           3  (DSP48E1=1 LUT3=1 LUT6=1)
  Clock Path Skew:        0.091ns (DCD - SCD + CPR)
    Destination Clock Delay (DCD):    1.712ns = ( 11.712 - 10.000 ) 
    Source Clock Delay      (SCD):    1.736ns
    Clock Pessimism Removal (CPR):    0.115ns
  Clock Uncertainty:      0.235ns  ((TSJ^2 + TIJ^2)^1/2 + DJ) / 2 + PE + UU
    Total System Jitter     (TSJ):    0.071ns
    Total Input Jitter      (TIJ):    0.000ns
    Discrete Jitter          (DJ):    0.000ns
    Phase Error              (PE):    0.000ns
    User Uncertainty         (UU):    0.200ns

    Location             Delay type                Incr(ns)  Path(ns)    Netlist Resource(s)
  -------------------------------------------------------------------    -------------------
                         (clock core_clk rise edge)
                                                      0.000     0.000 r  <hidden>
                                                      0.000     0.000 r  aclk
                         net (fo=25094, unset)        1.736     1.736    core/data_subsystem/conv2d_pipeline/post/aclk
    SLICE_X89Y38         FDCE                                         r  core/data_subsystem/conv2d_pipeline/post/lane_q_reg[0]_rep__1/C
  -------------------------------------------------------------------    -------------------
    SLICE_X89Y38         FDCE (Prop_fdce_C_Q)         0.456     2.192 r  core/data_subsystem/conv2d_pipeline/post/lane_q_reg[0]_rep__1/Q
                         net (fo=103, routed)         1.042     3.234    core/data_subsystem/conv2d_pipeline/post/lane_q_reg[0]_rep__1_n_0
    SLICE_X95Y39         LUT3 (Prop_lut3_I0_O)        0.150     3.384 f  core/data_subsystem/conv2d_pipeline/post/i___253_i_1/O
                         net (fo=151, routed)         1.281     4.665    core/data_subsystem/conv2d_pipeline/post/i___253_i_1_n_0
    SLICE_X92Y37         LUT6 (Prop_lut6_I1_O)        0.326     4.991 r  core/data_subsystem/conv2d_pipeline/post/product_q0_i_28/O
                         net (fo=2, routed)           0.916     5.908    core/data_subsystem/conv2d_pipeline/post/multiplier_q[4]
    DSP48_X3Y16          DSP48E1 (Prop_dsp48e1_A[4]_PCOUT[32])
                                                      4.036     9.944 r  core/data_subsystem/conv2d_pipeline/post/product_q0/PCOUT[32]
                         net (fo=1, routed)           0.002     9.946    core/data_subsystem/conv2d_pipeline/post/product_q0_n_121
    DSP48_X3Y17          DSP48E1                                      r  core/data_subsystem/conv2d_pipeline/post/product_q_reg/PCIN[32]
  -------------------------------------------------------------------    -------------------

                         (clock core_clk rise edge)
                                                     10.000    10.000 r  <hidden>
                                                      0.000    10.000 r  aclk
                         net (fo=25094, unset)        1.712    11.712    core/data_subsystem/conv2d_pipeline/post/aclk
    DSP48_X3Y17          DSP48E1                                      r  core/data_subsystem/conv2d_pipeline/post/product_q_reg/CLK
                         clock pessimism              0.115    11.827    <hidden>
                         clock uncertainty           -0.235    11.591    <hidden>
    DSP48_X3Y17          DSP48E1 (Setup_dsp48e1_CLK_PCIN[32])
                                                     -1.400    10.191    core/data_subsystem/conv2d_pipeline/post/product_q_reg
  -------------------------------------------------------------------
                         required time                         10.191    <hidden>
                         arrival time                          -9.946    <hidden>
  -------------------------------------------------------------------
                         slack                                  0.245    <hidden>

Slack (MET) :             0.245ns  (required time - arrival time)
  Source:                 core/data_subsystem/conv2d_pipeline/post/lane_q_reg[0]_rep__1/C
                            (rising edge-triggered cell FDCE clocked by core_clk  {rise@0.000ns fall@5.000ns period=10.000ns})
  Destination:            core/data_subsystem/conv2d_pipeline/post/product_q_reg/PCIN[33]
                            (rising edge-triggered cell DSP48E1 clocked by core_clk  {rise@0.000ns fall@5.000ns period=10.000ns})
  Path Group:             core_clk
  Path Type:              Setup (Max at Slow Process Corner)
  Requirement:            10.000ns  (core_clk rise@10.000ns - core_clk rise@0.000ns)
  Data Path Delay:        8.210ns  (logic 4.968ns (60.514%)  route 3.242ns (39.486%))
  Logic Levels:           3  (DSP48E1=1 LUT3=1 LUT6=1)
  Clock Path Skew:        0.091ns (DCD - SCD + CPR)
    Destination Clock Delay (DCD):    1.712ns = ( 11.712 - 10.000 ) 
    Source Clock Delay      (SCD):    1.736ns
    Clock Pessimism Removal (CPR):    0.115ns
  Clock Uncertainty:      0.235ns  ((TSJ^2 + TIJ^2)^1/2 + DJ) / 2 + PE + UU
    Total System Jitter     (TSJ):    0.071ns
    Total Input Jitter      (TIJ):    0.000ns
    Discrete Jitter          (DJ):    0.000ns
    Phase Error              (PE):    0.000ns
    User Uncertainty         (UU):    0.200ns

    Location             Delay type                Incr(ns)  Path(ns)    Netlist Resource(s)
  -------------------------------------------------------------------    -------------------
                         (clock core_clk rise edge)
                                                      0.000     0.000 r  <hidden>
                                                      0.000     0.000 r  aclk
                         net (fo=25094, unset)        1.736     1.736    core/data_subsystem/conv2d_pipeline/post/aclk
    SLICE_X89Y38         FDCE                                         r  core/data_subsystem/conv2d_pipeline/post/lane_q_reg[0]_rep__1/C
  -------------------------------------------------------------------    -------------------
    SLICE_X89Y38         FDCE (Prop_fdce_C_Q)         0.456     2.192 r  core/data_subsystem/conv2d_pipeline/post/lane_q_reg[0]_rep__1/Q
                         net (fo=103, routed)         1.042     3.234    core/data_subsystem/conv2d_pipeline/post/lane_q_reg[0]_rep__1_n_0
    SLICE_X95Y39         LUT3 (Prop_lut3_I0_O)        0.150     3.384 f  core/data_subsystem/conv2d_pipeline/post/i___253_i_1/O
                         net (fo=151, routed)         1.281     4.665    core/data_subsystem/conv2d_pipeline/post/i___253_i_1_n_0
    SLICE_X92Y37         LUT6 (Prop_lut6_I1_O)        0.326     4.991 r  core/data_subsystem/conv2d_pipeline/post/product_q0_i_28/O
                         net (fo=2, routed)           0.916     5.908    core/data_subsystem/conv2d_pipeline/post/multiplier_q[4]
    DSP48_X3Y16          DSP48E1 (Prop_dsp48e1_A[4]_PCOUT[33])
                                                      4.036     9.944 r  core/data_subsystem/conv2d_pipeline/post/product_q0/PCOUT[33]
                         net (fo=1, routed)           0.002     9.946    core/data_subsystem/conv2d_pipeline/post/product_q0_n_120
    DSP48_X3Y17          DSP48E1                                      r  core/data_subsystem/conv2d_pipeline/post/product_q_reg/PCIN[33]
  -------------------------------------------------------------------    -------------------

                         (clock core_clk rise edge)
                                                     10.000    10.000 r  <hidden>
                                                      0.000    10.000 r  aclk
                         net (fo=25094, unset)        1.712    11.712    core/data_subsystem/conv2d_pipeline/post/aclk
    DSP48_X3Y17          DSP48E1                                      r  core/data_subsystem/conv2d_pipeline/post/product_q_reg/CLK
                         clock pessimism              0.115    11.827    <hidden>
                         clock uncertainty           -0.235    11.591    <hidden>
    DSP48_X3Y17          DSP48E1 (Setup_dsp48e1_CLK_PCIN[33])
                                                     -1.400    10.191    core/data_subsystem/conv2d_pipeline/post/product_q_reg
  -------------------------------------------------------------------
                         required time                         10.191    <hidden>
                         arrival time                          -9.946    <hidden>
  -------------------------------------------------------------------
                         slack                                  0.245    <hidden>

Slack (MET) :             0.245ns  (required time - arrival time)
  Source:                 core/data_subsystem/conv2d_pipeline/post/lane_q_reg[0]_rep__1/C
                            (rising edge-triggered cell FDCE clocked by core_clk  {rise@0.000ns fall@5.000ns period=10.000ns})
  Destination:            core/data_subsystem/conv2d_pipeline/post/product_q_reg/PCIN[34]
                            (rising edge-triggered cell DSP48E1 clocked by core_clk  {rise@0.000ns fall@5.000ns period=10.000ns})
  Path Group:             core_clk
  Path Type:              Setup (Max at Slow Process Corner)
  Requirement:            10.000ns  (core_clk rise@10.000ns - core_clk rise@0.000ns)
  Data Path Delay:        8.210ns  (logic 4.968ns (60.514%)  route 3.242ns (39.486%))
  Logic Levels:           3  (DSP48E1=1 LUT3=1 LUT6=1)
  Clock Path Skew:        0.091ns (DCD - SCD + CPR)
    Destination Clock Delay (DCD):    1.712ns = ( 11.712 - 10.000 ) 
    Source Clock Delay      (SCD):    1.736ns
    Clock Pessimism Removal (CPR):    0.115ns
  Clock Uncertainty:      0.235ns  ((TSJ^2 + TIJ^2)^1/2 + DJ) / 2 + PE + UU
    Total System Jitter     (TSJ):    0.071ns
    Total Input Jitter      (TIJ):    0.000ns
    Discrete Jitter          (DJ):    0.000ns
    Phase Error              (PE):    0.000ns
    User Uncertainty         (UU):    0.200ns

    Location             Delay type                Incr(ns)  Path(ns)    Netlist Resource(s)
  -------------------------------------------------------------------    -------------------
                         (clock core_clk rise edge)
                                                      0.000     0.000 r  <hidden>
                                                      0.000     0.000 r  aclk
                         net (fo=25094, unset)        1.736     1.736    core/data_subsystem/conv2d_pipeline/post/aclk
    SLICE_X89Y38         FDCE                                         r  core/data_subsystem/conv2d_pipeline/post/lane_q_reg[0]_rep__1/C
  -------------------------------------------------------------------    -------------------
    SLICE_X89Y38         FDCE (Prop_fdce_C_Q)         0.456     2.192 r  core/data_subsystem/conv2d_pipeline/post/lane_q_reg[0]_rep__1/Q
                         net (fo=103, routed)         1.042     3.234    core/data_subsystem/conv2d_pipeline/post/lane_q_reg[0]_rep__1_n_0
    SLICE_X95Y39         LUT3 (Prop_lut3_I0_O)        0.150     3.384 f  core/data_subsystem/conv2d_pipeline/post/i___253_i_1/O
                         net (fo=151, routed)         1.281     4.665    core/data_subsystem/conv2d_pipeline/post/i___253_i_1_n_0
    SLICE_X92Y37         LUT6 (Prop_lut6_I1_O)        0.326     4.991 r  core/data_subsystem/conv2d_pipeline/post/product_q0_i_28/O
                         net (fo=2, routed)           0.916     5.908    core/data_subsystem/conv2d_pipeline/post/multiplier_q[4]
    DSP48_X3Y16          DSP48E1 (Prop_dsp48e1_A[4]_PCOUT[34])
                                                      4.036     9.944 r  core/data_subsystem/conv2d_pipeline/post/product_q0/PCOUT[34]
                         net (fo=1, routed)           0.002     9.946    core/data_subsystem/conv2d_pipeline/post/product_q0_n_119
    DSP48_X3Y17          DSP48E1                                      r  core/data_subsystem/conv2d_pipeline/post/product_q_reg/PCIN[34]
  -------------------------------------------------------------------    -------------------

                         (clock core_clk rise edge)
                                                     10.000    10.000 r  <hidden>
                                                      0.000    10.000 r  aclk
                         net (fo=25094, unset)        1.712    11.712    core/data_subsystem/conv2d_pipeline/post/aclk
    DSP48_X3Y17          DSP48E1                                      r  core/data_subsystem/conv2d_pipeline/post/product_q_reg/CLK
                         clock pessimism              0.115    11.827    <hidden>
                         clock uncertainty           -0.235    11.591    <hidden>
    DSP48_X3Y17          DSP48E1 (Setup_dsp48e1_CLK_PCIN[34])
                                                     -1.400    10.191    core/data_subsystem/conv2d_pipeline/post/product_q_reg
  -------------------------------------------------------------------
                         required time                         10.191    <hidden>
                         arrival time                          -9.946    <hidden>
  -------------------------------------------------------------------
                         slack                                  0.245    <hidden>

Slack (MET) :             0.245ns  (required time - arrival time)
  Source:                 core/data_subsystem/conv2d_pipeline/post/lane_q_reg[0]_rep__1/C
                            (rising edge-triggered cell FDCE clocked by core_clk  {rise@0.000ns fall@5.000ns period=10.000ns})
  Destination:            core/data_subsystem/conv2d_pipeline/post/product_q_reg/PCIN[35]
                            (rising edge-triggered cell DSP48E1 clocked by core_clk  {rise@0.000ns fall@5.000ns period=10.000ns})
  Path Group:             core_clk
  Path Type:              Setup (Max at Slow Process Corner)
  Requirement:            10.000ns  (core_clk rise@10.000ns - core_clk rise@0.000ns)
  Data Path Delay:        8.210ns  (logic 4.968ns (60.514%)  route 3.242ns (39.486%))
  Logic Levels:           3  (DSP48E1=1 LUT3=1 LUT6=1)
  Clock Path Skew:        0.091ns (DCD - SCD + CPR)
    Destination Clock Delay (DCD):    1.712ns = ( 11.712 - 10.000 ) 
    Source Clock Delay      (SCD):    1.736ns
    Clock Pessimism Removal (CPR):    0.115ns
  Clock Uncertainty:      0.235ns  ((TSJ^2 + TIJ^2)^1/2 + DJ) / 2 + PE + UU
    Total System Jitter     (TSJ):    0.071ns
    Total Input Jitter      (TIJ):    0.000ns
    Discrete Jitter          (DJ):    0.000ns
    Phase Error              (PE):    0.000ns
    User Uncertainty         (UU):    0.200ns

    Location             Delay type                Incr(ns)  Path(ns)    Netlist Resource(s)
  -------------------------------------------------------------------    -------------------
                         (clock core_clk rise edge)
                                                      0.000     0.000 r  <hidden>
                                                      0.000     0.000 r  aclk
                         net (fo=25094, unset)        1.736     1.736    core/data_subsystem/conv2d_pipeline/post/aclk
    SLICE_X89Y38         FDCE                                         r  core/data_subsystem/conv2d_pipeline/post/lane_q_reg[0]_rep__1/C
  -------------------------------------------------------------------    -------------------
    SLICE_X89Y38         FDCE (Prop_fdce_C_Q)         0.456     2.192 r  core/data_subsystem/conv2d_pipeline/post/lane_q_reg[0]_rep__1/Q
                         net (fo=103, routed)         1.042     3.234    core/data_subsystem/conv2d_pipeline/post/lane_q_reg[0]_rep__1_n_0
    SLICE_X95Y39         LUT3 (Prop_lut3_I0_O)        0.150     3.384 f  core/data_subsystem/conv2d_pipeline/post/i___253_i_1/O
                         net (fo=151, routed)         1.281     4.665    core/data_subsystem/conv2d_pipeline/post/i___253_i_1_n_0
    SLICE_X92Y37         LUT6 (Prop_lut6_I1_O)        0.326     4.991 r  core/data_subsystem/conv2d_pipeline/post/product_q0_i_28/O
                         net (fo=2, routed)           0.916     5.908    core/data_subsystem/conv2d_pipeline/post/multiplier_q[4]
    DSP48_X3Y16          DSP48E1 (Prop_dsp48e1_A[4]_PCOUT[35])
                                                      4.036     9.944 r  core/data_subsystem/conv2d_pipeline/post/product_q0/PCOUT[35]
                         net (fo=1, routed)           0.002     9.946    core/data_subsystem/conv2d_pipeline/post/product_q0_n_118
    DSP48_X3Y17          DSP48E1                                      r  core/data_subsystem/conv2d_pipeline/post/product_q_reg/PCIN[35]
  -------------------------------------------------------------------    -------------------

                         (clock core_clk rise edge)
                                                     10.000    10.000 r  <hidden>
                                                      0.000    10.000 r  aclk
                         net (fo=25094, unset)        1.712    11.712    core/data_subsystem/conv2d_pipeline/post/aclk
    DSP48_X3Y17          DSP48E1                                      r  core/data_subsystem/conv2d_pipeline/post/product_q_reg/CLK
                         clock pessimism              0.115    11.827    <hidden>
                         clock uncertainty           -0.235    11.591    <hidden>
    DSP48_X3Y17          DSP48E1 (Setup_dsp48e1_CLK_PCIN[35])
                                                     -1.400    10.191    core/data_subsystem/conv2d_pipeline/post/product_q_reg
  -------------------------------------------------------------------
                         required time                         10.191    <hidden>
                         arrival time                          -9.946    <hidden>
  -------------------------------------------------------------------
                         slack                                  0.245    <hidden>

Slack (MET) :             0.245ns  (required time - arrival time)
  Source:                 core/data_subsystem/conv2d_pipeline/post/lane_q_reg[0]_rep__1/C
                            (rising edge-triggered cell FDCE clocked by core_clk  {rise@0.000ns fall@5.000ns period=10.000ns})
  Destination:            core/data_subsystem/conv2d_pipeline/post/product_q_reg/PCIN[36]
                            (rising edge-triggered cell DSP48E1 clocked by core_clk  {rise@0.000ns fall@5.000ns period=10.000ns})
  Path Group:             core_clk
  Path Type:              Setup (Max at Slow Process Corner)
  Requirement:            10.000ns  (core_clk rise@10.000ns - core_clk rise@0.000ns)
  Data Path Delay:        8.210ns  (logic 4.968ns (60.514%)  route 3.242ns (39.486%))
  Logic Levels:           3  (DSP48E1=1 LUT3=1 LUT6=1)
  Clock Path Skew:        0.091ns (DCD - SCD + CPR)
    Destination Clock Delay (DCD):    1.712ns = ( 11.712 - 10.000 ) 
    Source Clock Delay      (SCD):    1.736ns
    Clock Pessimism Removal (CPR):    0.115ns
  Clock Uncertainty:      0.235ns  ((TSJ^2 + TIJ^2)^1/2 + DJ) / 2 + PE + UU
    Total System Jitter     (TSJ):    0.071ns
    Total Input Jitter      (TIJ):    0.000ns
    Discrete Jitter          (DJ):    0.000ns
    Phase Error              (PE):    0.000ns
    User Uncertainty         (UU):    0.200ns

    Location             Delay type                Incr(ns)  Path(ns)    Netlist Resource(s)
  -------------------------------------------------------------------    -------------------
                         (clock core_clk rise edge)
                                                      0.000     0.000 r  <hidden>
                                                      0.000     0.000 r  aclk
                         net (fo=25094, unset)        1.736     1.736    core/data_subsystem/conv2d_pipeline/post/aclk
    SLICE_X89Y38         FDCE                                         r  core/data_subsystem/conv2d_pipeline/post/lane_q_reg[0]_rep__1/C
  -------------------------------------------------------------------    -------------------
    SLICE_X89Y38         FDCE (Prop_fdce_C_Q)         0.456     2.192 r  core/data_subsystem/conv2d_pipeline/post/lane_q_reg[0]_rep__1/Q
                         net (fo=103, routed)         1.042     3.234    core/data_subsystem/conv2d_pipeline/post/lane_q_reg[0]_rep__1_n_0
    SLICE_X95Y39         LUT3 (Prop_lut3_I0_O)        0.150     3.384 f  core/data_subsystem/conv2d_pipeline/post/i___253_i_1/O
                         net (fo=151, routed)         1.281     4.665    core/data_subsystem/conv2d_pipeline/post/i___253_i_1_n_0
    SLICE_X92Y37         LUT6 (Prop_lut6_I1_O)        0.326     4.991 r  core/data_subsystem/conv2d_pipeline/post/product_q0_i_28/O
                         net (fo=2, routed)           0.916     5.908    core/data_subsystem/conv2d_pipeline/post/multiplier_q[4]
    DSP48_X3Y16          DSP48E1 (Prop_dsp48e1_A[4]_PCOUT[36])
                                                      4.036     9.944 r  core/data_subsystem/conv2d_pipeline/post/product_q0/PCOUT[36]
                         net (fo=1, routed)           0.002     9.946    core/data_subsystem/conv2d_pipeline/post/product_q0_n_117
    DSP48_X3Y17          DSP48E1                                      r  core/data_subsystem/conv2d_pipeline/post/product_q_reg/PCIN[36]
  -------------------------------------------------------------------    -------------------

                         (clock core_clk rise edge)
                                                     10.000    10.000 r  <hidden>
                                                      0.000    10.000 r  aclk
                         net (fo=25094, unset)        1.712    11.712    core/data_subsystem/conv2d_pipeline/post/aclk
    DSP48_X3Y17          DSP48E1                                      r  core/data_subsystem/conv2d_pipeline/post/product_q_reg/CLK
                         clock pessimism              0.115    11.827    <hidden>
                         clock uncertainty           -0.235    11.591    <hidden>
    DSP48_X3Y17          DSP48E1 (Setup_dsp48e1_CLK_PCIN[36])
                                                     -1.400    10.191    core/data_subsystem/conv2d_pipeline/post/product_q_reg
  -------------------------------------------------------------------
                         required time                         10.191    <hidden>
                         arrival time                          -9.946    <hidden>
  -------------------------------------------------------------------
                         slack                                  0.245    <hidden>

Slack (MET) :             0.245ns  (required time - arrival time)
  Source:                 core/data_subsystem/conv2d_pipeline/post/lane_q_reg[0]_rep__1/C
                            (rising edge-triggered cell FDCE clocked by core_clk  {rise@0.000ns fall@5.000ns period=10.000ns})
  Destination:            core/data_subsystem/conv2d_pipeline/post/product_q_reg/PCIN[37]
                            (rising edge-triggered cell DSP48E1 clocked by core_clk  {rise@0.000ns fall@5.000ns period=10.000ns})
  Path Group:             core_clk
  Path Type:              Setup (Max at Slow Process Corner)
  Requirement:            10.000ns  (core_clk rise@10.000ns - core_clk rise@0.000ns)
  Data Path Delay:        8.210ns  (logic 4.968ns (60.514%)  route 3.242ns (39.486%))
  Logic Levels:           3  (DSP48E1=1 LUT3=1 LUT6=1)
  Clock Path Skew:        0.091ns (DCD - SCD + CPR)
    Destination Clock Delay (DCD):    1.712ns = ( 11.712 - 10.000 ) 
    Source Clock Delay      (SCD):    1.736ns
    Clock Pessimism Removal (CPR):    0.115ns
  Clock Uncertainty:      0.235ns  ((TSJ^2 + TIJ^2)^1/2 + DJ) / 2 + PE + UU
    Total System Jitter     (TSJ):    0.071ns
    Total Input Jitter      (TIJ):    0.000ns
    Discrete Jitter          (DJ):    0.000ns
    Phase Error              (PE):    0.000ns
    User Uncertainty         (UU):    0.200ns

    Location             Delay type                Incr(ns)  Path(ns)    Netlist Resource(s)
  -------------------------------------------------------------------    -------------------
                         (clock core_clk rise edge)
                                                      0.000     0.000 r  <hidden>
                                                      0.000     0.000 r  aclk
                         net (fo=25094, unset)        1.736     1.736    core/data_subsystem/conv2d_pipeline/post/aclk
    SLICE_X89Y38         FDCE                                         r  core/data_subsystem/conv2d_pipeline/post/lane_q_reg[0]_rep__1/C
  -------------------------------------------------------------------    -------------------
    SLICE_X89Y38         FDCE (Prop_fdce_C_Q)         0.456     2.192 r  core/data_subsystem/conv2d_pipeline/post/lane_q_reg[0]_rep__1/Q
                         net (fo=103, routed)         1.042     3.234    core/data_subsystem/conv2d_pipeline/post/lane_q_reg[0]_rep__1_n_0
    SLICE_X95Y39         LUT3 (Prop_lut3_I0_O)        0.150     3.384 f  core/data_subsystem/conv2d_pipeline/post/i___253_i_1/O
                         net (fo=151, routed)         1.281     4.665    core/data_subsystem/conv2d_pipeline/post/i___253_i_1_n_0
    SLICE_X92Y37         LUT6 (Prop_lut6_I1_O)        0.326     4.991 r  core/data_subsystem/conv2d_pipeline/post/product_q0_i_28/O
                         net (fo=2, routed)           0.916     5.908    core/data_subsystem/conv2d_pipeline/post/multiplier_q[4]
    DSP48_X3Y16          DSP48E1 (Prop_dsp48e1_A[4]_PCOUT[37])
                                                      4.036     9.944 r  core/data_subsystem/conv2d_pipeline/post/product_q0/PCOUT[37]
                         net (fo=1, routed)           0.002     9.946    core/data_subsystem/conv2d_pipeline/post/product_q0_n_116
    DSP48_X3Y17          DSP48E1                                      r  core/data_subsystem/conv2d_pipeline/post/product_q_reg/PCIN[37]
  -------------------------------------------------------------------    -------------------

                         (clock core_clk rise edge)
                                                     10.000    10.000 r  <hidden>
                                                      0.000    10.000 r  aclk
                         net (fo=25094, unset)        1.712    11.712    core/data_subsystem/conv2d_pipeline/post/aclk
    DSP48_X3Y17          DSP48E1                                      r  core/data_subsystem/conv2d_pipeline/post/product_q_reg/CLK
                         clock pessimism              0.115    11.827    <hidden>
                         clock uncertainty           -0.235    11.591    <hidden>
    DSP48_X3Y17          DSP48E1 (Setup_dsp48e1_CLK_PCIN[37])
                                                     -1.400    10.191    core/data_subsystem/conv2d_pipeline/post/product_q_reg
  -------------------------------------------------------------------
                         required time                         10.191    <hidden>
                         arrival time                          -9.946    <hidden>
  -------------------------------------------------------------------
                         slack                                  0.245    <hidden>

Slack (MET) :             0.245ns  (required time - arrival time)
  Source:                 core/data_subsystem/conv2d_pipeline/post/lane_q_reg[0]_rep__1/C
                            (rising edge-triggered cell FDCE clocked by core_clk  {rise@0.000ns fall@5.000ns period=10.000ns})
  Destination:            core/data_subsystem/conv2d_pipeline/post/product_q_reg/PCIN[38]
                            (rising edge-triggered cell DSP48E1 clocked by core_clk  {rise@0.000ns fall@5.000ns period=10.000ns})
  Path Group:             core_clk
  Path Type:              Setup (Max at Slow Process Corner)
  Requirement:            10.000ns  (core_clk rise@10.000ns - core_clk rise@0.000ns)
  Data Path Delay:        8.210ns  (logic 4.968ns (60.514%)  route 3.242ns (39.486%))
  Logic Levels:           3  (DSP48E1=1 LUT3=1 LUT6=1)
  Clock Path Skew:        0.091ns (DCD - SCD + CPR)
    Destination Clock Delay (DCD):    1.712ns = ( 11.712 - 10.000 ) 
    Source Clock Delay      (SCD):    1.736ns
    Clock Pessimism Removal (CPR):    0.115ns
  Clock Uncertainty:      0.235ns  ((TSJ^2 + TIJ^2)^1/2 + DJ) / 2 + PE + UU
    Total System Jitter     (TSJ):    0.071ns
    Total Input Jitter      (TIJ):    0.000ns
    Discrete Jitter          (DJ):    0.000ns
    Phase Error              (PE):    0.000ns
    User Uncertainty         (UU):    0.200ns

    Location             Delay type                Incr(ns)  Path(ns)    Netlist Resource(s)
  -------------------------------------------------------------------    -------------------
                         (clock core_clk rise edge)
                                                      0.000     0.000 r  <hidden>
                                                      0.000     0.000 r  aclk
                         net (fo=25094, unset)        1.736     1.736    core/data_subsystem/conv2d_pipeline/post/aclk
    SLICE_X89Y38         FDCE                                         r  core/data_subsystem/conv2d_pipeline/post/lane_q_reg[0]_rep__1/C
  -------------------------------------------------------------------    -------------------
    SLICE_X89Y38         FDCE (Prop_fdce_C_Q)         0.456     2.192 r  core/data_subsystem/conv2d_pipeline/post/lane_q_reg[0]_rep__1/Q
                         net (fo=103, routed)         1.042     3.234    core/data_subsystem/conv2d_pipeline/post/lane_q_reg[0]_rep__1_n_0
    SLICE_X95Y39         LUT3 (Prop_lut3_I0_O)        0.150     3.384 f  core/data_subsystem/conv2d_pipeline/post/i___253_i_1/O
                         net (fo=151, routed)         1.281     4.665    core/data_subsystem/conv2d_pipeline/post/i___253_i_1_n_0
    SLICE_X92Y37         LUT6 (Prop_lut6_I1_O)        0.326     4.991 r  core/data_subsystem/conv2d_pipeline/post/product_q0_i_28/O
                         net (fo=2, routed)           0.916     5.908    core/data_subsystem/conv2d_pipeline/post/multiplier_q[4]
    DSP48_X3Y16          DSP48E1 (Prop_dsp48e1_A[4]_PCOUT[38])
                                                      4.036     9.944 r  core/data_subsystem/conv2d_pipeline/post/product_q0/PCOUT[38]
                         net (fo=1, routed)           0.002     9.946    core/data_subsystem/conv2d_pipeline/post/product_q0_n_115
    DSP48_X3Y17          DSP48E1                                      r  core/data_subsystem/conv2d_pipeline/post/product_q_reg/PCIN[38]
  -------------------------------------------------------------------    -------------------

                         (clock core_clk rise edge)
                                                     10.000    10.000 r  <hidden>
                                                      0.000    10.000 r  aclk
                         net (fo=25094, unset)        1.712    11.712    core/data_subsystem/conv2d_pipeline/post/aclk
    DSP48_X3Y17          DSP48E1                                      r  core/data_subsystem/conv2d_pipeline/post/product_q_reg/CLK
                         clock pessimism              0.115    11.827    <hidden>
                         clock uncertainty           -0.235    11.591    <hidden>
    DSP48_X3Y17          DSP48E1 (Setup_dsp48e1_CLK_PCIN[38])
                                                     -1.400    10.191    core/data_subsystem/conv2d_pipeline/post/product_q_reg
  -------------------------------------------------------------------
                         required time                         10.191    <hidden>
                         arrival time                          -9.946    <hidden>
  -------------------------------------------------------------------
                         slack                                  0.245    <hidden>

Slack (MET) :             0.245ns  (required time - arrival time)
  Source:                 core/data_subsystem/conv2d_pipeline/post/lane_q_reg[0]_rep__1/C
                            (rising edge-triggered cell FDCE clocked by core_clk  {rise@0.000ns fall@5.000ns period=10.000ns})
  Destination:            core/data_subsystem/conv2d_pipeline/post/product_q_reg/PCIN[39]
                            (rising edge-triggered cell DSP48E1 clocked by core_clk  {rise@0.000ns fall@5.000ns period=10.000ns})
  Path Group:             core_clk
  Path Type:              Setup (Max at Slow Process Corner)
  Requirement:            10.000ns  (core_clk rise@10.000ns - core_clk rise@0.000ns)
  Data Path Delay:        8.210ns  (logic 4.968ns (60.514%)  route 3.242ns (39.486%))
  Logic Levels:           3  (DSP48E1=1 LUT3=1 LUT6=1)
  Clock Path Skew:        0.091ns (DCD - SCD + CPR)
    Destination Clock Delay (DCD):    1.712ns = ( 11.712 - 10.000 ) 
    Source Clock Delay      (SCD):    1.736ns
    Clock Pessimism Removal (CPR):    0.115ns
  Clock Uncertainty:      0.235ns  ((TSJ^2 + TIJ^2)^1/2 + DJ) / 2 + PE + UU
    Total System Jitter     (TSJ):    0.071ns
    Total Input Jitter      (TIJ):    0.000ns
    Discrete Jitter          (DJ):    0.000ns
    Phase Error              (PE):    0.000ns
    User Uncertainty         (UU):    0.200ns

    Location             Delay type                Incr(ns)  Path(ns)    Netlist Resource(s)
  -------------------------------------------------------------------    -------------------
                         (clock core_clk rise edge)
                                                      0.000     0.000 r  <hidden>
                                                      0.000     0.000 r  aclk
                         net (fo=25094, unset)        1.736     1.736    core/data_subsystem/conv2d_pipeline/post/aclk
    SLICE_X89Y38         FDCE                                         r  core/data_subsystem/conv2d_pipeline/post/lane_q_reg[0]_rep__1/C
  -------------------------------------------------------------------    -------------------
    SLICE_X89Y38         FDCE (Prop_fdce_C_Q)         0.456     2.192 r  core/data_subsystem/conv2d_pipeline/post/lane_q_reg[0]_rep__1/Q
                         net (fo=103, routed)         1.042     3.234    core/data_subsystem/conv2d_pipeline/post/lane_q_reg[0]_rep__1_n_0
    SLICE_X95Y39         LUT3 (Prop_lut3_I0_O)        0.150     3.384 f  core/data_subsystem/conv2d_pipeline/post/i___253_i_1/O
                         net (fo=151, routed)         1.281     4.665    core/data_subsystem/conv2d_pipeline/post/i___253_i_1_n_0
    SLICE_X92Y37         LUT6 (Prop_lut6_I1_O)        0.326     4.991 r  core/data_subsystem/conv2d_pipeline/post/product_q0_i_28/O
                         net (fo=2, routed)           0.916     5.908    core/data_subsystem/conv2d_pipeline/post/multiplier_q[4]
    DSP48_X3Y16          DSP48E1 (Prop_dsp48e1_A[4]_PCOUT[39])
                                                      4.036     9.944 r  core/data_subsystem/conv2d_pipeline/post/product_q0/PCOUT[39]
                         net (fo=1, routed)           0.002     9.946    core/data_subsystem/conv2d_pipeline/post/product_q0_n_114
    DSP48_X3Y17          DSP48E1                                      r  core/data_subsystem/conv2d_pipeline/post/product_q_reg/PCIN[39]
  -------------------------------------------------------------------    -------------------

                         (clock core_clk rise edge)
                                                     10.000    10.000 r  <hidden>
                                                      0.000    10.000 r  aclk
                         net (fo=25094, unset)        1.712    11.712    core/data_subsystem/conv2d_pipeline/post/aclk
    DSP48_X3Y17          DSP48E1                                      r  core/data_subsystem/conv2d_pipeline/post/product_q_reg/CLK
                         clock pessimism              0.115    11.827    <hidden>
                         clock uncertainty           -0.235    11.591    <hidden>
    DSP48_X3Y17          DSP48E1 (Setup_dsp48e1_CLK_PCIN[39])
                                                     -1.400    10.191    core/data_subsystem/conv2d_pipeline/post/product_q_reg
  -------------------------------------------------------------------
                         required time                         10.191    <hidden>
                         arrival time                          -9.946    <hidden>
  -------------------------------------------------------------------
                         slack                                  0.245    <hidden>

Slack (MET) :             0.245ns  (required time - arrival time)
  Source:                 core/data_subsystem/conv2d_pipeline/post/lane_q_reg[0]_rep__1/C
                            (rising edge-triggered cell FDCE clocked by core_clk  {rise@0.000ns fall@5.000ns period=10.000ns})
  Destination:            core/data_subsystem/conv2d_pipeline/post/product_q_reg/PCIN[3]
                            (rising edge-triggered cell DSP48E1 clocked by core_clk  {rise@0.000ns fall@5.000ns period=10.000ns})
  Path Group:             core_clk
  Path Type:              Setup (Max at Slow Process Corner)
  Requirement:            10.000ns  (core_clk rise@10.000ns - core_clk rise@0.000ns)
  Data Path Delay:        8.210ns  (logic 4.968ns (60.514%)  route 3.242ns (39.486%))
  Logic Levels:           3  (DSP48E1=1 LUT3=1 LUT6=1)
  Clock Path Skew:        0.091ns (DCD - SCD + CPR)
    Destination Clock Delay (DCD):    1.712ns = ( 11.712 - 10.000 ) 
    Source Clock Delay      (SCD):    1.736ns
    Clock Pessimism Removal (CPR):    0.115ns
  Clock Uncertainty:      0.235ns  ((TSJ^2 + TIJ^2)^1/2 + DJ) / 2 + PE + UU
    Total System Jitter     (TSJ):    0.071ns
    Total Input Jitter      (TIJ):    0.000ns
    Discrete Jitter          (DJ):    0.000ns
    Phase Error              (PE):    0.000ns
    User Uncertainty         (UU):    0.200ns

    Location             Delay type                Incr(ns)  Path(ns)    Netlist Resource(s)
  -------------------------------------------------------------------    -------------------
                         (clock core_clk rise edge)
                                                      0.000     0.000 r  <hidden>
                                                      0.000     0.000 r  aclk
                         net (fo=25094, unset)        1.736     1.736    core/data_subsystem/conv2d_pipeline/post/aclk
    SLICE_X89Y38         FDCE                                         r  core/data_subsystem/conv2d_pipeline/post/lane_q_reg[0]_rep__1/C
  -------------------------------------------------------------------    -------------------
    SLICE_X89Y38         FDCE (Prop_fdce_C_Q)         0.456     2.192 r  core/data_subsystem/conv2d_pipeline/post/lane_q_reg[0]_rep__1/Q
                         net (fo=103, routed)         1.042     3.234    core/data_subsystem/conv2d_pipeline/post/lane_q_reg[0]_rep__1_n_0
    SLICE_X95Y39         LUT3 (Prop_lut3_I0_O)        0.150     3.384 f  core/data_subsystem/conv2d_pipeline/post/i___253_i_1/O
                         net (fo=151, routed)         1.281     4.665    core/data_subsystem/conv2d_pipeline/post/i___253_i_1_n_0
    SLICE_X92Y37         LUT6 (Prop_lut6_I1_O)        0.326     4.991 r  core/data_subsystem/conv2d_pipeline/post/product_q0_i_28/O
                         net (fo=2, routed)           0.916     5.908    core/data_subsystem/conv2d_pipeline/post/multiplier_q[4]
    DSP48_X3Y16          DSP48E1 (Prop_dsp48e1_A[4]_PCOUT[3])
                                                      4.036     9.944 r  core/data_subsystem/conv2d_pipeline/post/product_q0/PCOUT[3]
                         net (fo=1, routed)           0.002     9.946    core/data_subsystem/conv2d_pipeline/post/product_q0_n_150
    DSP48_X3Y17          DSP48E1                                      r  core/data_subsystem/conv2d_pipeline/post/product_q_reg/PCIN[3]
  -------------------------------------------------------------------    -------------------

                         (clock core_clk rise edge)
                                                     10.000    10.000 r  <hidden>
                                                      0.000    10.000 r  aclk
                         net (fo=25094, unset)        1.712    11.712    core/data_subsystem/conv2d_pipeline/post/aclk
    DSP48_X3Y17          DSP48E1                                      r  core/data_subsystem/conv2d_pipeline/post/product_q_reg/CLK
                         clock pessimism              0.115    11.827    <hidden>
                         clock uncertainty           -0.235    11.591    <hidden>
    DSP48_X3Y17          DSP48E1 (Setup_dsp48e1_CLK_PCIN[3])
                                                     -1.400    10.191    core/data_subsystem/conv2d_pipeline/post/product_q_reg
  -------------------------------------------------------------------
                         required time                         10.191    <hidden>
                         arrival time                          -9.946    <hidden>
  -------------------------------------------------------------------
                         slack                                  0.245    <hidden>

Slack (MET) :             0.245ns  (required time - arrival time)
  Source:                 core/data_subsystem/conv2d_pipeline/post/lane_q_reg[0]_rep__1/C
                            (rising edge-triggered cell FDCE clocked by core_clk  {rise@0.000ns fall@5.000ns period=10.000ns})
  Destination:            core/data_subsystem/conv2d_pipeline/post/product_q_reg/PCIN[40]
                            (rising edge-triggered cell DSP48E1 clocked by core_clk  {rise@0.000ns fall@5.000ns period=10.000ns})
  Path Group:             core_clk
  Path Type:              Setup (Max at Slow Process Corner)
  Requirement:            10.000ns  (core_clk rise@10.000ns - core_clk rise@0.000ns)
  Data Path Delay:        8.210ns  (logic 4.968ns (60.514%)  route 3.242ns (39.486%))
  Logic Levels:           3  (DSP48E1=1 LUT3=1 LUT6=1)
  Clock Path Skew:        0.091ns (DCD - SCD + CPR)
    Destination Clock Delay (DCD):    1.712ns = ( 11.712 - 10.000 ) 
    Source Clock Delay      (SCD):    1.736ns
    Clock Pessimism Removal (CPR):    0.115ns
  Clock Uncertainty:      0.235ns  ((TSJ^2 + TIJ^2)^1/2 + DJ) / 2 + PE + UU
    Total System Jitter     (TSJ):    0.071ns
    Total Input Jitter      (TIJ):    0.000ns
    Discrete Jitter          (DJ):    0.000ns
    Phase Error              (PE):    0.000ns
    User Uncertainty         (UU):    0.200ns

    Location             Delay type                Incr(ns)  Path(ns)    Netlist Resource(s)
  -------------------------------------------------------------------    -------------------
                         (clock core_clk rise edge)
                                                      0.000     0.000 r  <hidden>
                                                      0.000     0.000 r  aclk
                         net (fo=25094, unset)        1.736     1.736    core/data_subsystem/conv2d_pipeline/post/aclk
    SLICE_X89Y38         FDCE                                         r  core/data_subsystem/conv2d_pipeline/post/lane_q_reg[0]_rep__1/C
  -------------------------------------------------------------------    -------------------
    SLICE_X89Y38         FDCE (Prop_fdce_C_Q)         0.456     2.192 r  core/data_subsystem/conv2d_pipeline/post/lane_q_reg[0]_rep__1/Q
                         net (fo=103, routed)         1.042     3.234    core/data_subsystem/conv2d_pipeline/post/lane_q_reg[0]_rep__1_n_0
    SLICE_X95Y39         LUT3 (Prop_lut3_I0_O)        0.150     3.384 f  core/data_subsystem/conv2d_pipeline/post/i___253_i_1/O
                         net (fo=151, routed)         1.281     4.665    core/data_subsystem/conv2d_pipeline/post/i___253_i_1_n_0
    SLICE_X92Y37         LUT6 (Prop_lut6_I1_O)        0.326     4.991 r  core/data_subsystem/conv2d_pipeline/post/product_q0_i_28/O
                         net (fo=2, routed)           0.916     5.908    core/data_subsystem/conv2d_pipeline/post/multiplier_q[4]
    DSP48_X3Y16          DSP48E1 (Prop_dsp48e1_A[4]_PCOUT[40])
                                                      4.036     9.944 r  core/data_subsystem/conv2d_pipeline/post/product_q0/PCOUT[40]
                         net (fo=1, routed)           0.002     9.946    core/data_subsystem/conv2d_pipeline/post/product_q0_n_113
    DSP48_X3Y17          DSP48E1                                      r  core/data_subsystem/conv2d_pipeline/post/product_q_reg/PCIN[40]
  -------------------------------------------------------------------    -------------------

                         (clock core_clk rise edge)
                                                     10.000    10.000 r  <hidden>
                                                      0.000    10.000 r  aclk
                         net (fo=25094, unset)        1.712    11.712    core/data_subsystem/conv2d_pipeline/post/aclk
    DSP48_X3Y17          DSP48E1                                      r  core/data_subsystem/conv2d_pipeline/post/product_q_reg/CLK
                         clock pessimism              0.115    11.827    <hidden>
                         clock uncertainty           -0.235    11.591    <hidden>
    DSP48_X3Y17          DSP48E1 (Setup_dsp48e1_CLK_PCIN[40])
                                                     -1.400    10.191    core/data_subsystem/conv2d_pipeline/post/product_q_reg
  -------------------------------------------------------------------
                         required time                         10.191    <hidden>
                         arrival time                          -9.946    <hidden>
  -------------------------------------------------------------------
                         slack                                  0.245    <hidden>

Slack (MET) :             0.245ns  (required time - arrival time)
  Source:                 core/data_subsystem/conv2d_pipeline/post/lane_q_reg[0]_rep__1/C
                            (rising edge-triggered cell FDCE clocked by core_clk  {rise@0.000ns fall@5.000ns period=10.000ns})
  Destination:            core/data_subsystem/conv2d_pipeline/post/product_q_reg/PCIN[41]
                            (rising edge-triggered cell DSP48E1 clocked by core_clk  {rise@0.000ns fall@5.000ns period=10.000ns})
  Path Group:             core_clk
  Path Type:              Setup (Max at Slow Process Corner)
  Requirement:            10.000ns  (core_clk rise@10.000ns - core_clk rise@0.000ns)
  Data Path Delay:        8.210ns  (logic 4.968ns (60.514%)  route 3.242ns (39.486%))
  Logic Levels:           3  (DSP48E1=1 LUT3=1 LUT6=1)
  Clock Path Skew:        0.091ns (DCD - SCD + CPR)
    Destination Clock Delay (DCD):    1.712ns = ( 11.712 - 10.000 ) 
    Source Clock Delay      (SCD):    1.736ns
    Clock Pessimism Removal (CPR):    0.115ns
  Clock Uncertainty:      0.235ns  ((TSJ^2 + TIJ^2)^1/2 + DJ) / 2 + PE + UU
    Total System Jitter     (TSJ):    0.071ns
    Total Input Jitter      (TIJ):    0.000ns
    Discrete Jitter          (DJ):    0.000ns
    Phase Error              (PE):    0.000ns
    User Uncertainty         (UU):    0.200ns

    Location             Delay type                Incr(ns)  Path(ns)    Netlist Resource(s)
  -------------------------------------------------------------------    -------------------
                         (clock core_clk rise edge)
                                                      0.000     0.000 r  <hidden>
                                                      0.000     0.000 r  aclk
                         net (fo=25094, unset)        1.736     1.736    core/data_subsystem/conv2d_pipeline/post/aclk
    SLICE_X89Y38         FDCE                                         r  core/data_subsystem/conv2d_pipeline/post/lane_q_reg[0]_rep__1/C
  -------------------------------------------------------------------    -------------------
    SLICE_X89Y38         FDCE (Prop_fdce_C_Q)         0.456     2.192 r  core/data_subsystem/conv2d_pipeline/post/lane_q_reg[0]_rep__1/Q
                         net (fo=103, routed)         1.042     3.234    core/data_subsystem/conv2d_pipeline/post/lane_q_reg[0]_rep__1_n_0
    SLICE_X95Y39         LUT3 (Prop_lut3_I0_O)        0.150     3.384 f  core/data_subsystem/conv2d_pipeline/post/i___253_i_1/O
                         net (fo=151, routed)         1.281     4.665    core/data_subsystem/conv2d_pipeline/post/i___253_i_1_n_0
    SLICE_X92Y37         LUT6 (Prop_lut6_I1_O)        0.326     4.991 r  core/data_subsystem/conv2d_pipeline/post/product_q0_i_28/O
                         net (fo=2, routed)           0.916     5.908    core/data_subsystem/conv2d_pipeline/post/multiplier_q[4]
    DSP48_X3Y16          DSP48E1 (Prop_dsp48e1_A[4]_PCOUT[41])
                                                      4.036     9.944 r  core/data_subsystem/conv2d_pipeline/post/product_q0/PCOUT[41]
                         net (fo=1, routed)           0.002     9.946    core/data_subsystem/conv2d_pipeline/post/product_q0_n_112
    DSP48_X3Y17          DSP48E1                                      r  core/data_subsystem/conv2d_pipeline/post/product_q_reg/PCIN[41]
  -------------------------------------------------------------------    -------------------

                         (clock core_clk rise edge)
                                                     10.000    10.000 r  <hidden>
                                                      0.000    10.000 r  aclk
                         net (fo=25094, unset)        1.712    11.712    core/data_subsystem/conv2d_pipeline/post/aclk
    DSP48_X3Y17          DSP48E1                                      r  core/data_subsystem/conv2d_pipeline/post/product_q_reg/CLK
                         clock pessimism              0.115    11.827    <hidden>
                         clock uncertainty           -0.235    11.591    <hidden>
    DSP48_X3Y17          DSP48E1 (Setup_dsp48e1_CLK_PCIN[41])
                                                     -1.400    10.191    core/data_subsystem/conv2d_pipeline/post/product_q_reg
  -------------------------------------------------------------------
                         required time                         10.191    <hidden>
                         arrival time                          -9.946    <hidden>
  -------------------------------------------------------------------
                         slack                                  0.245    <hidden>

Slack (MET) :             0.245ns  (required time - arrival time)
  Source:                 core/data_subsystem/conv2d_pipeline/post/lane_q_reg[0]_rep__1/C
                            (rising edge-triggered cell FDCE clocked by core_clk  {rise@0.000ns fall@5.000ns period=10.000ns})
  Destination:            core/data_subsystem/conv2d_pipeline/post/product_q_reg/PCIN[42]
                            (rising edge-triggered cell DSP48E1 clocked by core_clk  {rise@0.000ns fall@5.000ns period=10.000ns})
  Path Group:             core_clk
  Path Type:              Setup (Max at Slow Process Corner)
  Requirement:            10.000ns  (core_clk rise@10.000ns - core_clk rise@0.000ns)
  Data Path Delay:        8.210ns  (logic 4.968ns (60.514%)  route 3.242ns (39.486%))
  Logic Levels:           3  (DSP48E1=1 LUT3=1 LUT6=1)
  Clock Path Skew:        0.091ns (DCD - SCD + CPR)
    Destination Clock Delay (DCD):    1.712ns = ( 11.712 - 10.000 ) 
    Source Clock Delay      (SCD):    1.736ns
    Clock Pessimism Removal (CPR):    0.115ns
  Clock Uncertainty:      0.235ns  ((TSJ^2 + TIJ^2)^1/2 + DJ) / 2 + PE + UU
    Total System Jitter     (TSJ):    0.071ns
    Total Input Jitter      (TIJ):    0.000ns
    Discrete Jitter          (DJ):    0.000ns
    Phase Error              (PE):    0.000ns
    User Uncertainty         (UU):    0.200ns

    Location             Delay type                Incr(ns)  Path(ns)    Netlist Resource(s)
  -------------------------------------------------------------------    -------------------
                         (clock core_clk rise edge)
                                                      0.000     0.000 r  <hidden>
                                                      0.000     0.000 r  aclk
                         net (fo=25094, unset)        1.736     1.736    core/data_subsystem/conv2d_pipeline/post/aclk
    SLICE_X89Y38         FDCE                                         r  core/data_subsystem/conv2d_pipeline/post/lane_q_reg[0]_rep__1/C
  -------------------------------------------------------------------    -------------------
    SLICE_X89Y38         FDCE (Prop_fdce_C_Q)         0.456     2.192 r  core/data_subsystem/conv2d_pipeline/post/lane_q_reg[0]_rep__1/Q
                         net (fo=103, routed)         1.042     3.234    core/data_subsystem/conv2d_pipeline/post/lane_q_reg[0]_rep__1_n_0
    SLICE_X95Y39         LUT3 (Prop_lut3_I0_O)        0.150     3.384 f  core/data_subsystem/conv2d_pipeline/post/i___253_i_1/O
                         net (fo=151, routed)         1.281     4.665    core/data_subsystem/conv2d_pipeline/post/i___253_i_1_n_0
    SLICE_X92Y37         LUT6 (Prop_lut6_I1_O)        0.326     4.991 r  core/data_subsystem/conv2d_pipeline/post/product_q0_i_28/O
                         net (fo=2, routed)           0.916     5.908    core/data_subsystem/conv2d_pipeline/post/multiplier_q[4]
    DSP48_X3Y16          DSP48E1 (Prop_dsp48e1_A[4]_PCOUT[42])
                                                      4.036     9.944 r  core/data_subsystem/conv2d_pipeline/post/product_q0/PCOUT[42]
                         net (fo=1, routed)           0.002     9.946    core/data_subsystem/conv2d_pipeline/post/product_q0_n_111
    DSP48_X3Y17          DSP48E1                                      r  core/data_subsystem/conv2d_pipeline/post/product_q_reg/PCIN[42]
  -------------------------------------------------------------------    -------------------

                         (clock core_clk rise edge)
                                                     10.000    10.000 r  <hidden>
                                                      0.000    10.000 r  aclk
                         net (fo=25094, unset)        1.712    11.712    core/data_subsystem/conv2d_pipeline/post/aclk
    DSP48_X3Y17          DSP48E1                                      r  core/data_subsystem/conv2d_pipeline/post/product_q_reg/CLK
                         clock pessimism              0.115    11.827    <hidden>
                         clock uncertainty           -0.235    11.591    <hidden>
    DSP48_X3Y17          DSP48E1 (Setup_dsp48e1_CLK_PCIN[42])
                                                     -1.400    10.191    core/data_subsystem/conv2d_pipeline/post/product_q_reg
  -------------------------------------------------------------------
                         required time                         10.191    <hidden>
                         arrival time                          -9.946    <hidden>
  -------------------------------------------------------------------
                         slack                                  0.245    <hidden>

Slack (MET) :             0.245ns  (required time - arrival time)
  Source:                 core/data_subsystem/conv2d_pipeline/post/lane_q_reg[0]_rep__1/C
                            (rising edge-triggered cell FDCE clocked by core_clk  {rise@0.000ns fall@5.000ns period=10.000ns})
  Destination:            core/data_subsystem/conv2d_pipeline/post/product_q_reg/PCIN[43]
                            (rising edge-triggered cell DSP48E1 clocked by core_clk  {rise@0.000ns fall@5.000ns period=10.000ns})
  Path Group:             core_clk
  Path Type:              Setup (Max at Slow Process Corner)
  Requirement:            10.000ns  (core_clk rise@10.000ns - core_clk rise@0.000ns)
  Data Path Delay:        8.210ns  (logic 4.968ns (60.514%)  route 3.242ns (39.486%))
  Logic Levels:           3  (DSP48E1=1 LUT3=1 LUT6=1)
  Clock Path Skew:        0.091ns (DCD - SCD + CPR)
    Destination Clock Delay (DCD):    1.712ns = ( 11.712 - 10.000 ) 
    Source Clock Delay      (SCD):    1.736ns
    Clock Pessimism Removal (CPR):    0.115ns
  Clock Uncertainty:      0.235ns  ((TSJ^2 + TIJ^2)^1/2 + DJ) / 2 + PE + UU
    Total System Jitter     (TSJ):    0.071ns
    Total Input Jitter      (TIJ):    0.000ns
    Discrete Jitter          (DJ):    0.000ns
    Phase Error              (PE):    0.000ns
    User Uncertainty         (UU):    0.200ns

    Location             Delay type                Incr(ns)  Path(ns)    Netlist Resource(s)
  -------------------------------------------------------------------    -------------------
                         (clock core_clk rise edge)
                                                      0.000     0.000 r  <hidden>
                                                      0.000     0.000 r  aclk
                         net (fo=25094, unset)        1.736     1.736    core/data_subsystem/conv2d_pipeline/post/aclk
    SLICE_X89Y38         FDCE                                         r  core/data_subsystem/conv2d_pipeline/post/lane_q_reg[0]_rep__1/C
  -------------------------------------------------------------------    -------------------
    SLICE_X89Y38         FDCE (Prop_fdce_C_Q)         0.456     2.192 r  core/data_subsystem/conv2d_pipeline/post/lane_q_reg[0]_rep__1/Q
                         net (fo=103, routed)         1.042     3.234    core/data_subsystem/conv2d_pipeline/post/lane_q_reg[0]_rep__1_n_0
    SLICE_X95Y39         LUT3 (Prop_lut3_I0_O)        0.150     3.384 f  core/data_subsystem/conv2d_pipeline/post/i___253_i_1/O
                         net (fo=151, routed)         1.281     4.665    core/data_subsystem/conv2d_pipeline/post/i___253_i_1_n_0
    SLICE_X92Y37         LUT6 (Prop_lut6_I1_O)        0.326     4.991 r  core/data_subsystem/conv2d_pipeline/post/product_q0_i_28/O
                         net (fo=2, routed)           0.916     5.908    core/data_subsystem/conv2d_pipeline/post/multiplier_q[4]
    DSP48_X3Y16          DSP48E1 (Prop_dsp48e1_A[4]_PCOUT[43])
                                                      4.036     9.944 r  core/data_subsystem/conv2d_pipeline/post/product_q0/PCOUT[43]
                         net (fo=1, routed)           0.002     9.946    core/data_subsystem/conv2d_pipeline/post/product_q0_n_110
    DSP48_X3Y17          DSP48E1                                      r  core/data_subsystem/conv2d_pipeline/post/product_q_reg/PCIN[43]
  -------------------------------------------------------------------    -------------------

                         (clock core_clk rise edge)
                                                     10.000    10.000 r  <hidden>
                                                      0.000    10.000 r  aclk
                         net (fo=25094, unset)        1.712    11.712    core/data_subsystem/conv2d_pipeline/post/aclk
    DSP48_X3Y17          DSP48E1                                      r  core/data_subsystem/conv2d_pipeline/post/product_q_reg/CLK
                         clock pessimism              0.115    11.827    <hidden>
                         clock uncertainty           -0.235    11.591    <hidden>
    DSP48_X3Y17          DSP48E1 (Setup_dsp48e1_CLK_PCIN[43])
                                                     -1.400    10.191    core/data_subsystem/conv2d_pipeline/post/product_q_reg
  -------------------------------------------------------------------
                         required time                         10.191    <hidden>
                         arrival time                          -9.946    <hidden>
  -------------------------------------------------------------------
                         slack                                  0.245    <hidden>

Slack (MET) :             0.245ns  (required time - arrival time)
  Source:                 core/data_subsystem/conv2d_pipeline/post/lane_q_reg[0]_rep__1/C
                            (rising edge-triggered cell FDCE clocked by core_clk  {rise@0.000ns fall@5.000ns period=10.000ns})
  Destination:            core/data_subsystem/conv2d_pipeline/post/product_q_reg/PCIN[44]
                            (rising edge-triggered cell DSP48E1 clocked by core_clk  {rise@0.000ns fall@5.000ns period=10.000ns})
  Path Group:             core_clk
  Path Type:              Setup (Max at Slow Process Corner)
  Requirement:            10.000ns  (core_clk rise@10.000ns - core_clk rise@0.000ns)
  Data Path Delay:        8.210ns  (logic 4.968ns (60.514%)  route 3.242ns (39.486%))
  Logic Levels:           3  (DSP48E1=1 LUT3=1 LUT6=1)
  Clock Path Skew:        0.091ns (DCD - SCD + CPR)
    Destination Clock Delay (DCD):    1.712ns = ( 11.712 - 10.000 ) 
    Source Clock Delay      (SCD):    1.736ns
    Clock Pessimism Removal (CPR):    0.115ns
  Clock Uncertainty:      0.235ns  ((TSJ^2 + TIJ^2)^1/2 + DJ) / 2 + PE + UU
    Total System Jitter     (TSJ):    0.071ns
    Total Input Jitter      (TIJ):    0.000ns
    Discrete Jitter          (DJ):    0.000ns
    Phase Error              (PE):    0.000ns
    User Uncertainty         (UU):    0.200ns

    Location             Delay type                Incr(ns)  Path(ns)    Netlist Resource(s)
  -------------------------------------------------------------------    -------------------
                         (clock core_clk rise edge)
                                                      0.000     0.000 r  <hidden>
                                                      0.000     0.000 r  aclk
                         net (fo=25094, unset)        1.736     1.736    core/data_subsystem/conv2d_pipeline/post/aclk
    SLICE_X89Y38         FDCE                                         r  core/data_subsystem/conv2d_pipeline/post/lane_q_reg[0]_rep__1/C
  -------------------------------------------------------------------    -------------------
    SLICE_X89Y38         FDCE (Prop_fdce_C_Q)         0.456     2.192 r  core/data_subsystem/conv2d_pipeline/post/lane_q_reg[0]_rep__1/Q
                         net (fo=103, routed)         1.042     3.234    core/data_subsystem/conv2d_pipeline/post/lane_q_reg[0]_rep__1_n_0
    SLICE_X95Y39         LUT3 (Prop_lut3_I0_O)        0.150     3.384 f  core/data_subsystem/conv2d_pipeline/post/i___253_i_1/O
                         net (fo=151, routed)         1.281     4.665    core/data_subsystem/conv2d_pipeline/post/i___253_i_1_n_0
    SLICE_X92Y37         LUT6 (Prop_lut6_I1_O)        0.326     4.991 r  core/data_subsystem/conv2d_pipeline/post/product_q0_i_28/O
                         net (fo=2, routed)           0.916     5.908    core/data_subsystem/conv2d_pipeline/post/multiplier_q[4]
    DSP48_X3Y16          DSP48E1 (Prop_dsp48e1_A[4]_PCOUT[44])
                                                      4.036     9.944 r  core/data_subsystem/conv2d_pipeline/post/product_q0/PCOUT[44]
                         net (fo=1, routed)           0.002     9.946    core/data_subsystem/conv2d_pipeline/post/product_q0_n_109
    DSP48_X3Y17          DSP48E1                                      r  core/data_subsystem/conv2d_pipeline/post/product_q_reg/PCIN[44]
  -------------------------------------------------------------------    -------------------

                         (clock core_clk rise edge)
                                                     10.000    10.000 r  <hidden>
                                                      0.000    10.000 r  aclk
                         net (fo=25094, unset)        1.712    11.712    core/data_subsystem/conv2d_pipeline/post/aclk
    DSP48_X3Y17          DSP48E1                                      r  core/data_subsystem/conv2d_pipeline/post/product_q_reg/CLK
                         clock pessimism              0.115    11.827    <hidden>
                         clock uncertainty           -0.235    11.591    <hidden>
    DSP48_X3Y17          DSP48E1 (Setup_dsp48e1_CLK_PCIN[44])
                                                     -1.400    10.191    core/data_subsystem/conv2d_pipeline/post/product_q_reg
  -------------------------------------------------------------------
                         required time                         10.191    <hidden>
                         arrival time                          -9.946    <hidden>
  -------------------------------------------------------------------
                         slack                                  0.245    <hidden>

Slack (MET) :             0.245ns  (required time - arrival time)
  Source:                 core/data_subsystem/conv2d_pipeline/post/lane_q_reg[0]_rep__1/C
                            (rising edge-triggered cell FDCE clocked by core_clk  {rise@0.000ns fall@5.000ns period=10.000ns})
  Destination:            core/data_subsystem/conv2d_pipeline/post/product_q_reg/PCIN[45]
                            (rising edge-triggered cell DSP48E1 clocked by core_clk  {rise@0.000ns fall@5.000ns period=10.000ns})
  Path Group:             core_clk
  Path Type:              Setup (Max at Slow Process Corner)
  Requirement:            10.000ns  (core_clk rise@10.000ns - core_clk rise@0.000ns)
  Data Path Delay:        8.210ns  (logic 4.968ns (60.514%)  route 3.242ns (39.486%))
  Logic Levels:           3  (DSP48E1=1 LUT3=1 LUT6=1)
  Clock Path Skew:        0.091ns (DCD - SCD + CPR)
    Destination Clock Delay (DCD):    1.712ns = ( 11.712 - 10.000 ) 
    Source Clock Delay      (SCD):    1.736ns
    Clock Pessimism Removal (CPR):    0.115ns
  Clock Uncertainty:      0.235ns  ((TSJ^2 + TIJ^2)^1/2 + DJ) / 2 + PE + UU
    Total System Jitter     (TSJ):    0.071ns
    Total Input Jitter      (TIJ):    0.000ns
    Discrete Jitter          (DJ):    0.000ns
    Phase Error              (PE):    0.000ns
    User Uncertainty         (UU):    0.200ns

    Location             Delay type                Incr(ns)  Path(ns)    Netlist Resource(s)
  -------------------------------------------------------------------    -------------------
                         (clock core_clk rise edge)
                                                      0.000     0.000 r  <hidden>
                                                      0.000     0.000 r  aclk
                         net (fo=25094, unset)        1.736     1.736    core/data_subsystem/conv2d_pipeline/post/aclk
    SLICE_X89Y38         FDCE                                         r  core/data_subsystem/conv2d_pipeline/post/lane_q_reg[0]_rep__1/C
  -------------------------------------------------------------------    -------------------
    SLICE_X89Y38         FDCE (Prop_fdce_C_Q)         0.456     2.192 r  core/data_subsystem/conv2d_pipeline/post/lane_q_reg[0]_rep__1/Q
                         net (fo=103, routed)         1.042     3.234    core/data_subsystem/conv2d_pipeline/post/lane_q_reg[0]_rep__1_n_0
    SLICE_X95Y39         LUT3 (Prop_lut3_I0_O)        0.150     3.384 f  core/data_subsystem/conv2d_pipeline/post/i___253_i_1/O
                         net (fo=151, routed)         1.281     4.665    core/data_subsystem/conv2d_pipeline/post/i___253_i_1_n_0
    SLICE_X92Y37         LUT6 (Prop_lut6_I1_O)        0.326     4.991 r  core/data_subsystem/conv2d_pipeline/post/product_q0_i_28/O
                         net (fo=2, routed)           0.916     5.908    core/data_subsystem/conv2d_pipeline/post/multiplier_q[4]
    DSP48_X3Y16          DSP48E1 (Prop_dsp48e1_A[4]_PCOUT[45])
                                                      4.036     9.944 r  core/data_subsystem/conv2d_pipeline/post/product_q0/PCOUT[45]
                         net (fo=1, routed)           0.002     9.946    core/data_subsystem/conv2d_pipeline/post/product_q0_n_108
    DSP48_X3Y17          DSP48E1                                      r  core/data_subsystem/conv2d_pipeline/post/product_q_reg/PCIN[45]
  -------------------------------------------------------------------    -------------------

                         (clock core_clk rise edge)
                                                     10.000    10.000 r  <hidden>
                                                      0.000    10.000 r  aclk
                         net (fo=25094, unset)        1.712    11.712    core/data_subsystem/conv2d_pipeline/post/aclk
    DSP48_X3Y17          DSP48E1                                      r  core/data_subsystem/conv2d_pipeline/post/product_q_reg/CLK
                         clock pessimism              0.115    11.827    <hidden>
                         clock uncertainty           -0.235    11.591    <hidden>
    DSP48_X3Y17          DSP48E1 (Setup_dsp48e1_CLK_PCIN[45])
                                                     -1.400    10.191    core/data_subsystem/conv2d_pipeline/post/product_q_reg
  -------------------------------------------------------------------
                         required time                         10.191    <hidden>
                         arrival time                          -9.946    <hidden>
  -------------------------------------------------------------------
                         slack                                  0.245    <hidden>

Slack (MET) :             0.245ns  (required time - arrival time)
  Source:                 core/data_subsystem/conv2d_pipeline/post/lane_q_reg[0]_rep__1/C
                            (rising edge-triggered cell FDCE clocked by core_clk  {rise@0.000ns fall@5.000ns period=10.000ns})
  Destination:            core/data_subsystem/conv2d_pipeline/post/product_q_reg/PCIN[46]
                            (rising edge-triggered cell DSP48E1 clocked by core_clk  {rise@0.000ns fall@5.000ns period=10.000ns})
  Path Group:             core_clk
  Path Type:              Setup (Max at Slow Process Corner)
  Requirement:            10.000ns  (core_clk rise@10.000ns - core_clk rise@0.000ns)
  Data Path Delay:        8.210ns  (logic 4.968ns (60.514%)  route 3.242ns (39.486%))
  Logic Levels:           3  (DSP48E1=1 LUT3=1 LUT6=1)
  Clock Path Skew:        0.091ns (DCD - SCD + CPR)
    Destination Clock Delay (DCD):    1.712ns = ( 11.712 - 10.000 ) 
    Source Clock Delay      (SCD):    1.736ns
    Clock Pessimism Removal (CPR):    0.115ns
  Clock Uncertainty:      0.235ns  ((TSJ^2 + TIJ^2)^1/2 + DJ) / 2 + PE + UU
    Total System Jitter     (TSJ):    0.071ns
    Total Input Jitter      (TIJ):    0.000ns
    Discrete Jitter          (DJ):    0.000ns
    Phase Error              (PE):    0.000ns
    User Uncertainty         (UU):    0.200ns

    Location             Delay type                Incr(ns)  Path(ns)    Netlist Resource(s)
  -------------------------------------------------------------------    -------------------
                         (clock core_clk rise edge)
                                                      0.000     0.000 r  <hidden>
                                                      0.000     0.000 r  aclk
                         net (fo=25094, unset)        1.736     1.736    core/data_subsystem/conv2d_pipeline/post/aclk
    SLICE_X89Y38         FDCE                                         r  core/data_subsystem/conv2d_pipeline/post/lane_q_reg[0]_rep__1/C
  -------------------------------------------------------------------    -------------------
    SLICE_X89Y38         FDCE (Prop_fdce_C_Q)         0.456     2.192 r  core/data_subsystem/conv2d_pipeline/post/lane_q_reg[0]_rep__1/Q
                         net (fo=103, routed)         1.042     3.234    core/data_subsystem/conv2d_pipeline/post/lane_q_reg[0]_rep__1_n_0
    SLICE_X95Y39         LUT3 (Prop_lut3_I0_O)        0.150     3.384 f  core/data_subsystem/conv2d_pipeline/post/i___253_i_1/O
                         net (fo=151, routed)         1.281     4.665    core/data_subsystem/conv2d_pipeline/post/i___253_i_1_n_0
    SLICE_X92Y37         LUT6 (Prop_lut6_I1_O)        0.326     4.991 r  core/data_subsystem/conv2d_pipeline/post/product_q0_i_28/O
                         net (fo=2, routed)           0.916     5.908    core/data_subsystem/conv2d_pipeline/post/multiplier_q[4]
    DSP48_X3Y16          DSP48E1 (Prop_dsp48e1_A[4]_PCOUT[46])
                                                      4.036     9.944 r  core/data_subsystem/conv2d_pipeline/post/product_q0/PCOUT[46]
                         net (fo=1, routed)           0.002     9.946    core/data_subsystem/conv2d_pipeline/post/product_q0_n_107
    DSP48_X3Y17          DSP48E1                                      r  core/data_subsystem/conv2d_pipeline/post/product_q_reg/PCIN[46]
  -------------------------------------------------------------------    -------------------

                         (clock core_clk rise edge)
                                                     10.000    10.000 r  <hidden>
                                                      0.000    10.000 r  aclk
                         net (fo=25094, unset)        1.712    11.712    core/data_subsystem/conv2d_pipeline/post/aclk
    DSP48_X3Y17          DSP48E1                                      r  core/data_subsystem/conv2d_pipeline/post/product_q_reg/CLK
                         clock pessimism              0.115    11.827    <hidden>
                         clock uncertainty           -0.235    11.591    <hidden>
    DSP48_X3Y17          DSP48E1 (Setup_dsp48e1_CLK_PCIN[46])
                                                     -1.400    10.191    core/data_subsystem/conv2d_pipeline/post/product_q_reg
  -------------------------------------------------------------------
                         required time                         10.191    <hidden>
                         arrival time                          -9.946    <hidden>
  -------------------------------------------------------------------
                         slack                                  0.245    <hidden>

Slack (MET) :             0.245ns  (required time - arrival time)
  Source:                 core/data_subsystem/conv2d_pipeline/post/lane_q_reg[0]_rep__1/C
                            (rising edge-triggered cell FDCE clocked by core_clk  {rise@0.000ns fall@5.000ns period=10.000ns})
  Destination:            core/data_subsystem/conv2d_pipeline/post/product_q_reg/PCIN[47]
                            (rising edge-triggered cell DSP48E1 clocked by core_clk  {rise@0.000ns fall@5.000ns period=10.000ns})
  Path Group:             core_clk
  Path Type:              Setup (Max at Slow Process Corner)
  Requirement:            10.000ns  (core_clk rise@10.000ns - core_clk rise@0.000ns)
  Data Path Delay:        8.210ns  (logic 4.968ns (60.514%)  route 3.242ns (39.486%))
  Logic Levels:           3  (DSP48E1=1 LUT3=1 LUT6=1)
  Clock Path Skew:        0.091ns (DCD - SCD + CPR)
    Destination Clock Delay (DCD):    1.712ns = ( 11.712 - 10.000 ) 
    Source Clock Delay      (SCD):    1.736ns
    Clock Pessimism Removal (CPR):    0.115ns
  Clock Uncertainty:      0.235ns  ((TSJ^2 + TIJ^2)^1/2 + DJ) / 2 + PE + UU
    Total System Jitter     (TSJ):    0.071ns
    Total Input Jitter      (TIJ):    0.000ns
    Discrete Jitter          (DJ):    0.000ns
    Phase Error              (PE):    0.000ns
    User Uncertainty         (UU):    0.200ns

    Location             Delay type                Incr(ns)  Path(ns)    Netlist Resource(s)
  -------------------------------------------------------------------    -------------------
                         (clock core_clk rise edge)
                                                      0.000     0.000 r  <hidden>
                                                      0.000     0.000 r  aclk
                         net (fo=25094, unset)        1.736     1.736    core/data_subsystem/conv2d_pipeline/post/aclk
    SLICE_X89Y38         FDCE                                         r  core/data_subsystem/conv2d_pipeline/post/lane_q_reg[0]_rep__1/C
  -------------------------------------------------------------------    -------------------
    SLICE_X89Y38         FDCE (Prop_fdce_C_Q)         0.456     2.192 r  core/data_subsystem/conv2d_pipeline/post/lane_q_reg[0]_rep__1/Q
                         net (fo=103, routed)         1.042     3.234    core/data_subsystem/conv2d_pipeline/post/lane_q_reg[0]_rep__1_n_0
    SLICE_X95Y39         LUT3 (Prop_lut3_I0_O)        0.150     3.384 f  core/data_subsystem/conv2d_pipeline/post/i___253_i_1/O
                         net (fo=151, routed)         1.281     4.665    core/data_subsystem/conv2d_pipeline/post/i___253_i_1_n_0
    SLICE_X92Y37         LUT6 (Prop_lut6_I1_O)        0.326     4.991 r  core/data_subsystem/conv2d_pipeline/post/product_q0_i_28/O
                         net (fo=2, routed)           0.916     5.908    core/data_subsystem/conv2d_pipeline/post/multiplier_q[4]
    DSP48_X3Y16          DSP48E1 (Prop_dsp48e1_A[4]_PCOUT[47])
                                                      4.036     9.944 r  core/data_subsystem/conv2d_pipeline/post/product_q0/PCOUT[47]
                         net (fo=1, routed)           0.002     9.946    core/data_subsystem/conv2d_pipeline/post/product_q0_n_106
    DSP48_X3Y17          DSP48E1                                      r  core/data_subsystem/conv2d_pipeline/post/product_q_reg/PCIN[47]
  -------------------------------------------------------------------    -------------------

                         (clock core_clk rise edge)
                                                     10.000    10.000 r  <hidden>
                                                      0.000    10.000 r  aclk
                         net (fo=25094, unset)        1.712    11.712    core/data_subsystem/conv2d_pipeline/post/aclk
    DSP48_X3Y17          DSP48E1                                      r  core/data_subsystem/conv2d_pipeline/post/product_q_reg/CLK
                         clock pessimism              0.115    11.827    <hidden>
                         clock uncertainty           -0.235    11.591    <hidden>
    DSP48_X3Y17          DSP48E1 (Setup_dsp48e1_CLK_PCIN[47])
                                                     -1.400    10.191    core/data_subsystem/conv2d_pipeline/post/product_q_reg
  -------------------------------------------------------------------
                         required time                         10.191    <hidden>
                         arrival time                          -9.946    <hidden>
  -------------------------------------------------------------------
                         slack                                  0.245    <hidden>

Slack (MET) :             0.245ns  (required time - arrival time)
  Source:                 core/data_subsystem/conv2d_pipeline/post/lane_q_reg[0]_rep__1/C
                            (rising edge-triggered cell FDCE clocked by core_clk  {rise@0.000ns fall@5.000ns period=10.000ns})
  Destination:            core/data_subsystem/conv2d_pipeline/post/product_q_reg/PCIN[4]
                            (rising edge-triggered cell DSP48E1 clocked by core_clk  {rise@0.000ns fall@5.000ns period=10.000ns})
  Path Group:             core_clk
  Path Type:              Setup (Max at Slow Process Corner)
  Requirement:            10.000ns  (core_clk rise@10.000ns - core_clk rise@0.000ns)
  Data Path Delay:        8.210ns  (logic 4.968ns (60.514%)  route 3.242ns (39.486%))
  Logic Levels:           3  (DSP48E1=1 LUT3=1 LUT6=1)
  Clock Path Skew:        0.091ns (DCD - SCD + CPR)
    Destination Clock Delay (DCD):    1.712ns = ( 11.712 - 10.000 ) 
    Source Clock Delay      (SCD):    1.736ns
    Clock Pessimism Removal (CPR):    0.115ns
  Clock Uncertainty:      0.235ns  ((TSJ^2 + TIJ^2)^1/2 + DJ) / 2 + PE + UU
    Total System Jitter     (TSJ):    0.071ns
    Total Input Jitter      (TIJ):    0.000ns
    Discrete Jitter          (DJ):    0.000ns
    Phase Error              (PE):    0.000ns
    User Uncertainty         (UU):    0.200ns

    Location             Delay type                Incr(ns)  Path(ns)    Netlist Resource(s)
  -------------------------------------------------------------------    -------------------
                         (clock core_clk rise edge)
                                                      0.000     0.000 r  <hidden>
                                                      0.000     0.000 r  aclk
                         net (fo=25094, unset)        1.736     1.736    core/data_subsystem/conv2d_pipeline/post/aclk
    SLICE_X89Y38         FDCE                                         r  core/data_subsystem/conv2d_pipeline/post/lane_q_reg[0]_rep__1/C
  -------------------------------------------------------------------    -------------------
    SLICE_X89Y38         FDCE (Prop_fdce_C_Q)         0.456     2.192 r  core/data_subsystem/conv2d_pipeline/post/lane_q_reg[0]_rep__1/Q
                         net (fo=103, routed)         1.042     3.234    core/data_subsystem/conv2d_pipeline/post/lane_q_reg[0]_rep__1_n_0
    SLICE_X95Y39         LUT3 (Prop_lut3_I0_O)        0.150     3.384 f  core/data_subsystem/conv2d_pipeline/post/i___253_i_1/O
                         net (fo=151, routed)         1.281     4.665    core/data_subsystem/conv2d_pipeline/post/i___253_i_1_n_0
    SLICE_X92Y37         LUT6 (Prop_lut6_I1_O)        0.326     4.991 r  core/data_subsystem/conv2d_pipeline/post/product_q0_i_28/O
                         net (fo=2, routed)           0.916     5.908    core/data_subsystem/conv2d_pipeline/post/multiplier_q[4]
    DSP48_X3Y16          DSP48E1 (Prop_dsp48e1_A[4]_PCOUT[4])
                                                      4.036     9.944 r  core/data_subsystem/conv2d_pipeline/post/product_q0/PCOUT[4]
                         net (fo=1, routed)           0.002     9.946    core/data_subsystem/conv2d_pipeline/post/product_q0_n_149
    DSP48_X3Y17          DSP48E1                                      r  core/data_subsystem/conv2d_pipeline/post/product_q_reg/PCIN[4]
  -------------------------------------------------------------------    -------------------

                         (clock core_clk rise edge)
                                                     10.000    10.000 r  <hidden>
                                                      0.000    10.000 r  aclk
                         net (fo=25094, unset)        1.712    11.712    core/data_subsystem/conv2d_pipeline/post/aclk
    DSP48_X3Y17          DSP48E1                                      r  core/data_subsystem/conv2d_pipeline/post/product_q_reg/CLK
                         clock pessimism              0.115    11.827    <hidden>
                         clock uncertainty           -0.235    11.591    <hidden>
    DSP48_X3Y17          DSP48E1 (Setup_dsp48e1_CLK_PCIN[4])
                                                     -1.400    10.191    core/data_subsystem/conv2d_pipeline/post/product_q_reg
  -------------------------------------------------------------------
                         required time                         10.191    <hidden>
                         arrival time                          -9.946    <hidden>
  -------------------------------------------------------------------
                         slack                                  0.245    <hidden>

Slack (MET) :             0.245ns  (required time - arrival time)
  Source:                 core/data_subsystem/conv2d_pipeline/post/lane_q_reg[0]_rep__1/C
                            (rising edge-triggered cell FDCE clocked by core_clk  {rise@0.000ns fall@5.000ns period=10.000ns})
  Destination:            core/data_subsystem/conv2d_pipeline/post/product_q_reg/PCIN[5]
                            (rising edge-triggered cell DSP48E1 clocked by core_clk  {rise@0.000ns fall@5.000ns period=10.000ns})
  Path Group:             core_clk
  Path Type:              Setup (Max at Slow Process Corner)
  Requirement:            10.000ns  (core_clk rise@10.000ns - core_clk rise@0.000ns)
  Data Path Delay:        8.210ns  (logic 4.968ns (60.514%)  route 3.242ns (39.486%))
  Logic Levels:           3  (DSP48E1=1 LUT3=1 LUT6=1)
  Clock Path Skew:        0.091ns (DCD - SCD + CPR)
    Destination Clock Delay (DCD):    1.712ns = ( 11.712 - 10.000 ) 
    Source Clock Delay      (SCD):    1.736ns
    Clock Pessimism Removal (CPR):    0.115ns
  Clock Uncertainty:      0.235ns  ((TSJ^2 + TIJ^2)^1/2 + DJ) / 2 + PE + UU
    Total System Jitter     (TSJ):    0.071ns
    Total Input Jitter      (TIJ):    0.000ns
    Discrete Jitter          (DJ):    0.000ns
    Phase Error              (PE):    0.000ns
    User Uncertainty         (UU):    0.200ns

    Location             Delay type                Incr(ns)  Path(ns)    Netlist Resource(s)
  -------------------------------------------------------------------    -------------------
                         (clock core_clk rise edge)
                                                      0.000     0.000 r  <hidden>
                                                      0.000     0.000 r  aclk
                         net (fo=25094, unset)        1.736     1.736    core/data_subsystem/conv2d_pipeline/post/aclk
    SLICE_X89Y38         FDCE                                         r  core/data_subsystem/conv2d_pipeline/post/lane_q_reg[0]_rep__1/C
  -------------------------------------------------------------------    -------------------
    SLICE_X89Y38         FDCE (Prop_fdce_C_Q)         0.456     2.192 r  core/data_subsystem/conv2d_pipeline/post/lane_q_reg[0]_rep__1/Q
                         net (fo=103, routed)         1.042     3.234    core/data_subsystem/conv2d_pipeline/post/lane_q_reg[0]_rep__1_n_0
    SLICE_X95Y39         LUT3 (Prop_lut3_I0_O)        0.150     3.384 f  core/data_subsystem/conv2d_pipeline/post/i___253_i_1/O
                         net (fo=151, routed)         1.281     4.665    core/data_subsystem/conv2d_pipeline/post/i___253_i_1_n_0
    SLICE_X92Y37         LUT6 (Prop_lut6_I1_O)        0.326     4.991 r  core/data_subsystem/conv2d_pipeline/post/product_q0_i_28/O
                         net (fo=2, routed)           0.916     5.908    core/data_subsystem/conv2d_pipeline/post/multiplier_q[4]
    DSP48_X3Y16          DSP48E1 (Prop_dsp48e1_A[4]_PCOUT[5])
                                                      4.036     9.944 r  core/data_subsystem/conv2d_pipeline/post/product_q0/PCOUT[5]
                         net (fo=1, routed)           0.002     9.946    core/data_subsystem/conv2d_pipeline/post/product_q0_n_148
    DSP48_X3Y17          DSP48E1                                      r  core/data_subsystem/conv2d_pipeline/post/product_q_reg/PCIN[5]
  -------------------------------------------------------------------    -------------------

                         (clock core_clk rise edge)
                                                     10.000    10.000 r  <hidden>
                                                      0.000    10.000 r  aclk
                         net (fo=25094, unset)        1.712    11.712    core/data_subsystem/conv2d_pipeline/post/aclk
    DSP48_X3Y17          DSP48E1                                      r  core/data_subsystem/conv2d_pipeline/post/product_q_reg/CLK
                         clock pessimism              0.115    11.827    <hidden>
                         clock uncertainty           -0.235    11.591    <hidden>
    DSP48_X3Y17          DSP48E1 (Setup_dsp48e1_CLK_PCIN[5])
                                                     -1.400    10.191    core/data_subsystem/conv2d_pipeline/post/product_q_reg
  -------------------------------------------------------------------
                         required time                         10.191    <hidden>
                         arrival time                          -9.946    <hidden>
  -------------------------------------------------------------------
                         slack                                  0.245    <hidden>

Slack (MET) :             0.245ns  (required time - arrival time)
  Source:                 core/data_subsystem/conv2d_pipeline/post/lane_q_reg[0]_rep__1/C
                            (rising edge-triggered cell FDCE clocked by core_clk  {rise@0.000ns fall@5.000ns period=10.000ns})
  Destination:            core/data_subsystem/conv2d_pipeline/post/product_q_reg/PCIN[6]
                            (rising edge-triggered cell DSP48E1 clocked by core_clk  {rise@0.000ns fall@5.000ns period=10.000ns})
  Path Group:             core_clk
  Path Type:              Setup (Max at Slow Process Corner)
  Requirement:            10.000ns  (core_clk rise@10.000ns - core_clk rise@0.000ns)
  Data Path Delay:        8.210ns  (logic 4.968ns (60.514%)  route 3.242ns (39.486%))
  Logic Levels:           3  (DSP48E1=1 LUT3=1 LUT6=1)
  Clock Path Skew:        0.091ns (DCD - SCD + CPR)
    Destination Clock Delay (DCD):    1.712ns = ( 11.712 - 10.000 ) 
    Source Clock Delay      (SCD):    1.736ns
    Clock Pessimism Removal (CPR):    0.115ns
  Clock Uncertainty:      0.235ns  ((TSJ^2 + TIJ^2)^1/2 + DJ) / 2 + PE + UU
    Total System Jitter     (TSJ):    0.071ns
    Total Input Jitter      (TIJ):    0.000ns
    Discrete Jitter          (DJ):    0.000ns
    Phase Error              (PE):    0.000ns
    User Uncertainty         (UU):    0.200ns

    Location             Delay type                Incr(ns)  Path(ns)    Netlist Resource(s)
  -------------------------------------------------------------------    -------------------
                         (clock core_clk rise edge)
                                                      0.000     0.000 r  <hidden>
                                                      0.000     0.000 r  aclk
                         net (fo=25094, unset)        1.736     1.736    core/data_subsystem/conv2d_pipeline/post/aclk
    SLICE_X89Y38         FDCE                                         r  core/data_subsystem/conv2d_pipeline/post/lane_q_reg[0]_rep__1/C
  -------------------------------------------------------------------    -------------------
    SLICE_X89Y38         FDCE (Prop_fdce_C_Q)         0.456     2.192 r  core/data_subsystem/conv2d_pipeline/post/lane_q_reg[0]_rep__1/Q
                         net (fo=103, routed)         1.042     3.234    core/data_subsystem/conv2d_pipeline/post/lane_q_reg[0]_rep__1_n_0
    SLICE_X95Y39         LUT3 (Prop_lut3_I0_O)        0.150     3.384 f  core/data_subsystem/conv2d_pipeline/post/i___253_i_1/O
                         net (fo=151, routed)         1.281     4.665    core/data_subsystem/conv2d_pipeline/post/i___253_i_1_n_0
    SLICE_X92Y37         LUT6 (Prop_lut6_I1_O)        0.326     4.991 r  core/data_subsystem/conv2d_pipeline/post/product_q0_i_28/O
                         net (fo=2, routed)           0.916     5.908    core/data_subsystem/conv2d_pipeline/post/multiplier_q[4]
    DSP48_X3Y16          DSP48E1 (Prop_dsp48e1_A[4]_PCOUT[6])
                                                      4.036     9.944 r  core/data_subsystem/conv2d_pipeline/post/product_q0/PCOUT[6]
                         net (fo=1, routed)           0.002     9.946    core/data_subsystem/conv2d_pipeline/post/product_q0_n_147
    DSP48_X3Y17          DSP48E1                                      r  core/data_subsystem/conv2d_pipeline/post/product_q_reg/PCIN[6]
  -------------------------------------------------------------------    -------------------

                         (clock core_clk rise edge)
                                                     10.000    10.000 r  <hidden>
                                                      0.000    10.000 r  aclk
                         net (fo=25094, unset)        1.712    11.712    core/data_subsystem/conv2d_pipeline/post/aclk
    DSP48_X3Y17          DSP48E1                                      r  core/data_subsystem/conv2d_pipeline/post/product_q_reg/CLK
                         clock pessimism              0.115    11.827    <hidden>
                         clock uncertainty           -0.235    11.591    <hidden>
    DSP48_X3Y17          DSP48E1 (Setup_dsp48e1_CLK_PCIN[6])
                                                     -1.400    10.191    core/data_subsystem/conv2d_pipeline/post/product_q_reg
  -------------------------------------------------------------------
                         required time                         10.191    <hidden>
                         arrival time                          -9.946    <hidden>
  -------------------------------------------------------------------
                         slack                                  0.245    <hidden>

Slack (MET) :             0.245ns  (required time - arrival time)
  Source:                 core/data_subsystem/conv2d_pipeline/post/lane_q_reg[0]_rep__1/C
                            (rising edge-triggered cell FDCE clocked by core_clk  {rise@0.000ns fall@5.000ns period=10.000ns})
  Destination:            core/data_subsystem/conv2d_pipeline/post/product_q_reg/PCIN[7]
                            (rising edge-triggered cell DSP48E1 clocked by core_clk  {rise@0.000ns fall@5.000ns period=10.000ns})
  Path Group:             core_clk
  Path Type:              Setup (Max at Slow Process Corner)
  Requirement:            10.000ns  (core_clk rise@10.000ns - core_clk rise@0.000ns)
  Data Path Delay:        8.210ns  (logic 4.968ns (60.514%)  route 3.242ns (39.486%))
  Logic Levels:           3  (DSP48E1=1 LUT3=1 LUT6=1)
  Clock Path Skew:        0.091ns (DCD - SCD + CPR)
    Destination Clock Delay (DCD):    1.712ns = ( 11.712 - 10.000 ) 
    Source Clock Delay      (SCD):    1.736ns
    Clock Pessimism Removal (CPR):    0.115ns
  Clock Uncertainty:      0.235ns  ((TSJ^2 + TIJ^2)^1/2 + DJ) / 2 + PE + UU
    Total System Jitter     (TSJ):    0.071ns
    Total Input Jitter      (TIJ):    0.000ns
    Discrete Jitter          (DJ):    0.000ns
    Phase Error              (PE):    0.000ns
    User Uncertainty         (UU):    0.200ns

    Location             Delay type                Incr(ns)  Path(ns)    Netlist Resource(s)
  -------------------------------------------------------------------    -------------------
                         (clock core_clk rise edge)
                                                      0.000     0.000 r  <hidden>
                                                      0.000     0.000 r  aclk
                         net (fo=25094, unset)        1.736     1.736    core/data_subsystem/conv2d_pipeline/post/aclk
    SLICE_X89Y38         FDCE                                         r  core/data_subsystem/conv2d_pipeline/post/lane_q_reg[0]_rep__1/C
  -------------------------------------------------------------------    -------------------
    SLICE_X89Y38         FDCE (Prop_fdce_C_Q)         0.456     2.192 r  core/data_subsystem/conv2d_pipeline/post/lane_q_reg[0]_rep__1/Q
                         net (fo=103, routed)         1.042     3.234    core/data_subsystem/conv2d_pipeline/post/lane_q_reg[0]_rep__1_n_0
    SLICE_X95Y39         LUT3 (Prop_lut3_I0_O)        0.150     3.384 f  core/data_subsystem/conv2d_pipeline/post/i___253_i_1/O
                         net (fo=151, routed)         1.281     4.665    core/data_subsystem/conv2d_pipeline/post/i___253_i_1_n_0
    SLICE_X92Y37         LUT6 (Prop_lut6_I1_O)        0.326     4.991 r  core/data_subsystem/conv2d_pipeline/post/product_q0_i_28/O
                         net (fo=2, routed)           0.916     5.908    core/data_subsystem/conv2d_pipeline/post/multiplier_q[4]
    DSP48_X3Y16          DSP48E1 (Prop_dsp48e1_A[4]_PCOUT[7])
                                                      4.036     9.944 r  core/data_subsystem/conv2d_pipeline/post/product_q0/PCOUT[7]
                         net (fo=1, routed)           0.002     9.946    core/data_subsystem/conv2d_pipeline/post/product_q0_n_146
    DSP48_X3Y17          DSP48E1                                      r  core/data_subsystem/conv2d_pipeline/post/product_q_reg/PCIN[7]
  -------------------------------------------------------------------    -------------------

                         (clock core_clk rise edge)
                                                     10.000    10.000 r  <hidden>
                                                      0.000    10.000 r  aclk
                         net (fo=25094, unset)        1.712    11.712    core/data_subsystem/conv2d_pipeline/post/aclk
    DSP48_X3Y17          DSP48E1                                      r  core/data_subsystem/conv2d_pipeline/post/product_q_reg/CLK
                         clock pessimism              0.115    11.827    <hidden>
                         clock uncertainty           -0.235    11.591    <hidden>
    DSP48_X3Y17          DSP48E1 (Setup_dsp48e1_CLK_PCIN[7])
                                                     -1.400    10.191    core/data_subsystem/conv2d_pipeline/post/product_q_reg
  -------------------------------------------------------------------
                         required time                         10.191    <hidden>
                         arrival time                          -9.946    <hidden>
  -------------------------------------------------------------------
                         slack                                  0.245    <hidden>

Slack (MET) :             0.245ns  (required time - arrival time)
  Source:                 core/data_subsystem/conv2d_pipeline/post/lane_q_reg[0]_rep__1/C
                            (rising edge-triggered cell FDCE clocked by core_clk  {rise@0.000ns fall@5.000ns period=10.000ns})
  Destination:            core/data_subsystem/conv2d_pipeline/post/product_q_reg/PCIN[8]
                            (rising edge-triggered cell DSP48E1 clocked by core_clk  {rise@0.000ns fall@5.000ns period=10.000ns})
  Path Group:             core_clk
  Path Type:              Setup (Max at Slow Process Corner)
  Requirement:            10.000ns  (core_clk rise@10.000ns - core_clk rise@0.000ns)
  Data Path Delay:        8.210ns  (logic 4.968ns (60.514%)  route 3.242ns (39.486%))
  Logic Levels:           3  (DSP48E1=1 LUT3=1 LUT6=1)
  Clock Path Skew:        0.091ns (DCD - SCD + CPR)
    Destination Clock Delay (DCD):    1.712ns = ( 11.712 - 10.000 ) 
    Source Clock Delay      (SCD):    1.736ns
    Clock Pessimism Removal (CPR):    0.115ns
  Clock Uncertainty:      0.235ns  ((TSJ^2 + TIJ^2)^1/2 + DJ) / 2 + PE + UU
    Total System Jitter     (TSJ):    0.071ns
    Total Input Jitter      (TIJ):    0.000ns
    Discrete Jitter          (DJ):    0.000ns
    Phase Error              (PE):    0.000ns
    User Uncertainty         (UU):    0.200ns

    Location             Delay type                Incr(ns)  Path(ns)    Netlist Resource(s)
  -------------------------------------------------------------------    -------------------
                         (clock core_clk rise edge)
                                                      0.000     0.000 r  <hidden>
                                                      0.000     0.000 r  aclk
                         net (fo=25094, unset)        1.736     1.736    core/data_subsystem/conv2d_pipeline/post/aclk
    SLICE_X89Y38         FDCE                                         r  core/data_subsystem/conv2d_pipeline/post/lane_q_reg[0]_rep__1/C
  -------------------------------------------------------------------    -------------------
    SLICE_X89Y38         FDCE (Prop_fdce_C_Q)         0.456     2.192 r  core/data_subsystem/conv2d_pipeline/post/lane_q_reg[0]_rep__1/Q
                         net (fo=103, routed)         1.042     3.234    core/data_subsystem/conv2d_pipeline/post/lane_q_reg[0]_rep__1_n_0
    SLICE_X95Y39         LUT3 (Prop_lut3_I0_O)        0.150     3.384 f  core/data_subsystem/conv2d_pipeline/post/i___253_i_1/O
                         net (fo=151, routed)         1.281     4.665    core/data_subsystem/conv2d_pipeline/post/i___253_i_1_n_0
    SLICE_X92Y37         LUT6 (Prop_lut6_I1_O)        0.326     4.991 r  core/data_subsystem/conv2d_pipeline/post/product_q0_i_28/O
                         net (fo=2, routed)           0.916     5.908    core/data_subsystem/conv2d_pipeline/post/multiplier_q[4]
    DSP48_X3Y16          DSP48E1 (Prop_dsp48e1_A[4]_PCOUT[8])
                                                      4.036     9.944 r  core/data_subsystem/conv2d_pipeline/post/product_q0/PCOUT[8]
                         net (fo=1, routed)           0.002     9.946    core/data_subsystem/conv2d_pipeline/post/product_q0_n_145
    DSP48_X3Y17          DSP48E1                                      r  core/data_subsystem/conv2d_pipeline/post/product_q_reg/PCIN[8]
  -------------------------------------------------------------------    -------------------

                         (clock core_clk rise edge)
                                                     10.000    10.000 r  <hidden>
                                                      0.000    10.000 r  aclk
                         net (fo=25094, unset)        1.712    11.712    core/data_subsystem/conv2d_pipeline/post/aclk
    DSP48_X3Y17          DSP48E1                                      r  core/data_subsystem/conv2d_pipeline/post/product_q_reg/CLK
                         clock pessimism              0.115    11.827    <hidden>
                         clock uncertainty           -0.235    11.591    <hidden>
    DSP48_X3Y17          DSP48E1 (Setup_dsp48e1_CLK_PCIN[8])
                                                     -1.400    10.191    core/data_subsystem/conv2d_pipeline/post/product_q_reg
  -------------------------------------------------------------------
                         required time                         10.191    <hidden>
                         arrival time                          -9.946    <hidden>
  -------------------------------------------------------------------
                         slack                                  0.245    <hidden>

Slack (MET) :             0.245ns  (required time - arrival time)
  Source:                 core/data_subsystem/conv2d_pipeline/post/lane_q_reg[0]_rep__1/C
                            (rising edge-triggered cell FDCE clocked by core_clk  {rise@0.000ns fall@5.000ns period=10.000ns})
  Destination:            core/data_subsystem/conv2d_pipeline/post/product_q_reg/PCIN[9]
                            (rising edge-triggered cell DSP48E1 clocked by core_clk  {rise@0.000ns fall@5.000ns period=10.000ns})
  Path Group:             core_clk
  Path Type:              Setup (Max at Slow Process Corner)
  Requirement:            10.000ns  (core_clk rise@10.000ns - core_clk rise@0.000ns)
  Data Path Delay:        8.210ns  (logic 4.968ns (60.514%)  route 3.242ns (39.486%))
  Logic Levels:           3  (DSP48E1=1 LUT3=1 LUT6=1)
  Clock Path Skew:        0.091ns (DCD - SCD + CPR)
    Destination Clock Delay (DCD):    1.712ns = ( 11.712 - 10.000 ) 
    Source Clock Delay      (SCD):    1.736ns
    Clock Pessimism Removal (CPR):    0.115ns
  Clock Uncertainty:      0.235ns  ((TSJ^2 + TIJ^2)^1/2 + DJ) / 2 + PE + UU
    Total System Jitter     (TSJ):    0.071ns
    Total Input Jitter      (TIJ):    0.000ns
    Discrete Jitter          (DJ):    0.000ns
    Phase Error              (PE):    0.000ns
    User Uncertainty         (UU):    0.200ns

    Location             Delay type                Incr(ns)  Path(ns)    Netlist Resource(s)
  -------------------------------------------------------------------    -------------------
                         (clock core_clk rise edge)
                                                      0.000     0.000 r  <hidden>
                                                      0.000     0.000 r  aclk
                         net (fo=25094, unset)        1.736     1.736    core/data_subsystem/conv2d_pipeline/post/aclk
    SLICE_X89Y38         FDCE                                         r  core/data_subsystem/conv2d_pipeline/post/lane_q_reg[0]_rep__1/C
  -------------------------------------------------------------------    -------------------
    SLICE_X89Y38         FDCE (Prop_fdce_C_Q)         0.456     2.192 r  core/data_subsystem/conv2d_pipeline/post/lane_q_reg[0]_rep__1/Q
                         net (fo=103, routed)         1.042     3.234    core/data_subsystem/conv2d_pipeline/post/lane_q_reg[0]_rep__1_n_0
    SLICE_X95Y39         LUT3 (Prop_lut3_I0_O)        0.150     3.384 f  core/data_subsystem/conv2d_pipeline/post/i___253_i_1/O
                         net (fo=151, routed)         1.281     4.665    core/data_subsystem/conv2d_pipeline/post/i___253_i_1_n_0
    SLICE_X92Y37         LUT6 (Prop_lut6_I1_O)        0.326     4.991 r  core/data_subsystem/conv2d_pipeline/post/product_q0_i_28/O
                         net (fo=2, routed)           0.916     5.908    core/data_subsystem/conv2d_pipeline/post/multiplier_q[4]
    DSP48_X3Y16          DSP48E1 (Prop_dsp48e1_A[4]_PCOUT[9])
                                                      4.036     9.944 r  core/data_subsystem/conv2d_pipeline/post/product_q0/PCOUT[9]
                         net (fo=1, routed)           0.002     9.946    core/data_subsystem/conv2d_pipeline/post/product_q0_n_144
    DSP48_X3Y17          DSP48E1                                      r  core/data_subsystem/conv2d_pipeline/post/product_q_reg/PCIN[9]
  -------------------------------------------------------------------    -------------------

                         (clock core_clk rise edge)
                                                     10.000    10.000 r  <hidden>
                                                      0.000    10.000 r  aclk
                         net (fo=25094, unset)        1.712    11.712    core/data_subsystem/conv2d_pipeline/post/aclk
    DSP48_X3Y17          DSP48E1                                      r  core/data_subsystem/conv2d_pipeline/post/product_q_reg/CLK
                         clock pessimism              0.115    11.827    <hidden>
                         clock uncertainty           -0.235    11.591    <hidden>
    DSP48_X3Y17          DSP48E1 (Setup_dsp48e1_CLK_PCIN[9])
                                                     -1.400    10.191    core/data_subsystem/conv2d_pipeline/post/product_q_reg
  -------------------------------------------------------------------
                         required time                         10.191    <hidden>
                         arrival time                          -9.946    <hidden>
  -------------------------------------------------------------------
                         slack                                  0.245    <hidden>

Slack (MET) :             0.303ns  (required time - arrival time)
  Source:                 core/vec_add/residual_requant/lane_q_reg[0]/C
                            (rising edge-triggered cell FDCE clocked by core_clk  {rise@0.000ns fall@5.000ns period=10.000ns})
  Destination:            core/vec_add/residual_requant/product_q_reg__0/PCIN[0]
                            (rising edge-triggered cell DSP48E1 clocked by core_clk  {rise@0.000ns fall@5.000ns period=10.000ns})
  Path Group:             core_clk
  Path Type:              Setup (Max at Slow Process Corner)
  Requirement:            10.000ns  (core_clk rise@10.000ns - core_clk rise@0.000ns)
  Data Path Delay:        8.098ns  (logic 4.926ns (60.827%)  route 3.172ns (39.173%))
  Logic Levels:           4  (DSP48E1=1 LUT5=1 LUT6=2)
  Clock Path Skew:        0.037ns (DCD - SCD + CPR)
    Destination Clock Delay (DCD):    1.661ns = ( 11.661 - 10.000 ) 
    Source Clock Delay      (SCD):    1.739ns
    Clock Pessimism Removal (CPR):    0.115ns
  Clock Uncertainty:      0.235ns  ((TSJ^2 + TIJ^2)^1/2 + DJ) / 2 + PE + UU
    Total System Jitter     (TSJ):    0.071ns
    Total Input Jitter      (TIJ):    0.000ns
    Discrete Jitter          (DJ):    0.000ns
    Phase Error              (PE):    0.000ns
    User Uncertainty         (UU):    0.200ns

    Location             Delay type                Incr(ns)  Path(ns)    Netlist Resource(s)
  -------------------------------------------------------------------    -------------------
                         (clock core_clk rise edge)
                                                      0.000     0.000 r  <hidden>
                                                      0.000     0.000 r  aclk
                         net (fo=25094, unset)        1.739     1.739    core/vec_add/residual_requant/aclk
    SLICE_X22Y28         FDCE                                         r  core/vec_add/residual_requant/lane_q_reg[0]/C
  -------------------------------------------------------------------    -------------------
    SLICE_X22Y28         FDCE (Prop_fdce_C_Q)         0.518     2.257 f  core/vec_add/residual_requant/lane_q_reg[0]/Q
                         net (fo=118, routed)         1.313     3.570    core/vec_add/residual_requant/lane_q_reg_n_0_[0]
    SLICE_X22Y22         LUT5 (Prop_lut5_I2_O)        0.124     3.694 r  core/vec_add/residual_requant/product_q0__0_i_62__0/O
                         net (fo=1, routed)           0.165     3.858    core/vec_add/residual_requant/product_q0__0_i_62__0_n_0
    SLICE_X22Y22         LUT6 (Prop_lut6_I5_O)        0.124     3.982 r  core/vec_add/residual_requant/product_q0__0_i_39__0/O
                         net (fo=1, routed)           0.975     4.957    core/vec_add/residual_requant/product_q0__0_i_39__0_n_0
    SLICE_X17Y18         LUT6 (Prop_lut6_I5_O)        0.124     5.081 r  core/vec_add/residual_requant/product_q0__0_i_11__0/O
                         net (fo=1, routed)           0.718     5.799    core/vec_add/residual_requant/biased_q[6]
    DSP48_X0Y6           DSP48E1 (Prop_dsp48e1_A[6]_PCOUT[0])
                                                      4.036     9.835 r  core/vec_add/residual_requant/product_q0__0/PCOUT[0]
                         net (fo=1, routed)           0.002     9.837    core/vec_add/residual_requant/product_q0__0_n_153
    DSP48_X0Y7           DSP48E1                                      r  core/vec_add/residual_requant/product_q_reg__0/PCIN[0]
  -------------------------------------------------------------------    -------------------

                         (clock core_clk rise edge)
                                                     10.000    10.000 r  <hidden>
                                                      0.000    10.000 r  aclk
                         net (fo=25094, unset)        1.661    11.661    core/vec_add/residual_requant/aclk
    DSP48_X0Y7           DSP48E1                                      r  core/vec_add/residual_requant/product_q_reg__0/CLK
                         clock pessimism              0.115    11.776    <hidden>
                         clock uncertainty           -0.235    11.540    <hidden>
    DSP48_X0Y7           DSP48E1 (Setup_dsp48e1_CLK_PCIN[0])
                                                     -1.400    10.140    core/vec_add/residual_requant/product_q_reg__0
  -------------------------------------------------------------------
                         required time                         10.140    <hidden>
                         arrival time                          -9.837    <hidden>
  -------------------------------------------------------------------
                         slack                                  0.303    <hidden>

Slack (MET) :             0.303ns  (required time - arrival time)
  Source:                 core/vec_add/residual_requant/lane_q_reg[0]/C
                            (rising edge-triggered cell FDCE clocked by core_clk  {rise@0.000ns fall@5.000ns period=10.000ns})
  Destination:            core/vec_add/residual_requant/product_q_reg__0/PCIN[10]
                            (rising edge-triggered cell DSP48E1 clocked by core_clk  {rise@0.000ns fall@5.000ns period=10.000ns})
  Path Group:             core_clk
  Path Type:              Setup (Max at Slow Process Corner)
  Requirement:            10.000ns  (core_clk rise@10.000ns - core_clk rise@0.000ns)
  Data Path Delay:        8.098ns  (logic 4.926ns (60.827%)  route 3.172ns (39.173%))
  Logic Levels:           4  (DSP48E1=1 LUT5=1 LUT6=2)
  Clock Path Skew:        0.037ns (DCD - SCD + CPR)
    Destination Clock Delay (DCD):    1.661ns = ( 11.661 - 10.000 ) 
    Source Clock Delay      (SCD):    1.739ns
    Clock Pessimism Removal (CPR):    0.115ns
  Clock Uncertainty:      0.235ns  ((TSJ^2 + TIJ^2)^1/2 + DJ) / 2 + PE + UU
    Total System Jitter     (TSJ):    0.071ns
    Total Input Jitter      (TIJ):    0.000ns
    Discrete Jitter          (DJ):    0.000ns
    Phase Error              (PE):    0.000ns
    User Uncertainty         (UU):    0.200ns

    Location             Delay type                Incr(ns)  Path(ns)    Netlist Resource(s)
  -------------------------------------------------------------------    -------------------
                         (clock core_clk rise edge)
                                                      0.000     0.000 r  <hidden>
                                                      0.000     0.000 r  aclk
                         net (fo=25094, unset)        1.739     1.739    core/vec_add/residual_requant/aclk
    SLICE_X22Y28         FDCE                                         r  core/vec_add/residual_requant/lane_q_reg[0]/C
  -------------------------------------------------------------------    -------------------
    SLICE_X22Y28         FDCE (Prop_fdce_C_Q)         0.518     2.257 f  core/vec_add/residual_requant/lane_q_reg[0]/Q
                         net (fo=118, routed)         1.313     3.570    core/vec_add/residual_requant/lane_q_reg_n_0_[0]
    SLICE_X22Y22         LUT5 (Prop_lut5_I2_O)        0.124     3.694 r  core/vec_add/residual_requant/product_q0__0_i_62__0/O
                         net (fo=1, routed)           0.165     3.858    core/vec_add/residual_requant/product_q0__0_i_62__0_n_0
    SLICE_X22Y22         LUT6 (Prop_lut6_I5_O)        0.124     3.982 r  core/vec_add/residual_requant/product_q0__0_i_39__0/O
                         net (fo=1, routed)           0.975     4.957    core/vec_add/residual_requant/product_q0__0_i_39__0_n_0
    SLICE_X17Y18         LUT6 (Prop_lut6_I5_O)        0.124     5.081 r  core/vec_add/residual_requant/product_q0__0_i_11__0/O
                         net (fo=1, routed)           0.718     5.799    core/vec_add/residual_requant/biased_q[6]
    DSP48_X0Y6           DSP48E1 (Prop_dsp48e1_A[6]_PCOUT[10])
                                                      4.036     9.835 r  core/vec_add/residual_requant/product_q0__0/PCOUT[10]
                         net (fo=1, routed)           0.002     9.837    core/vec_add/residual_requant/product_q0__0_n_143
    DSP48_X0Y7           DSP48E1                                      r  core/vec_add/residual_requant/product_q_reg__0/PCIN[10]
  -------------------------------------------------------------------    -------------------

                         (clock core_clk rise edge)
                                                     10.000    10.000 r  <hidden>
                                                      0.000    10.000 r  aclk
                         net (fo=25094, unset)        1.661    11.661    core/vec_add/residual_requant/aclk
    DSP48_X0Y7           DSP48E1                                      r  core/vec_add/residual_requant/product_q_reg__0/CLK
                         clock pessimism              0.115    11.776    <hidden>
                         clock uncertainty           -0.235    11.540    <hidden>
    DSP48_X0Y7           DSP48E1 (Setup_dsp48e1_CLK_PCIN[10])
                                                     -1.400    10.140    core/vec_add/residual_requant/product_q_reg__0
  -------------------------------------------------------------------
                         required time                         10.140    <hidden>
                         arrival time                          -9.837    <hidden>
  -------------------------------------------------------------------
                         slack                                  0.303    <hidden>

Slack (MET) :             0.303ns  (required time - arrival time)
  Source:                 core/vec_add/residual_requant/lane_q_reg[0]/C
                            (rising edge-triggered cell FDCE clocked by core_clk  {rise@0.000ns fall@5.000ns period=10.000ns})
  Destination:            core/vec_add/residual_requant/product_q_reg__0/PCIN[11]
                            (rising edge-triggered cell DSP48E1 clocked by core_clk  {rise@0.000ns fall@5.000ns period=10.000ns})
  Path Group:             core_clk
  Path Type:              Setup (Max at Slow Process Corner)
  Requirement:            10.000ns  (core_clk rise@10.000ns - core_clk rise@0.000ns)
  Data Path Delay:        8.098ns  (logic 4.926ns (60.827%)  route 3.172ns (39.173%))
  Logic Levels:           4  (DSP48E1=1 LUT5=1 LUT6=2)
  Clock Path Skew:        0.037ns (DCD - SCD + CPR)
    Destination Clock Delay (DCD):    1.661ns = ( 11.661 - 10.000 ) 
    Source Clock Delay      (SCD):    1.739ns
    Clock Pessimism Removal (CPR):    0.115ns
  Clock Uncertainty:      0.235ns  ((TSJ^2 + TIJ^2)^1/2 + DJ) / 2 + PE + UU
    Total System Jitter     (TSJ):    0.071ns
    Total Input Jitter      (TIJ):    0.000ns
    Discrete Jitter          (DJ):    0.000ns
    Phase Error              (PE):    0.000ns
    User Uncertainty         (UU):    0.200ns

    Location             Delay type                Incr(ns)  Path(ns)    Netlist Resource(s)
  -------------------------------------------------------------------    -------------------
                         (clock core_clk rise edge)
                                                      0.000     0.000 r  <hidden>
                                                      0.000     0.000 r  aclk
                         net (fo=25094, unset)        1.739     1.739    core/vec_add/residual_requant/aclk
    SLICE_X22Y28         FDCE                                         r  core/vec_add/residual_requant/lane_q_reg[0]/C
  -------------------------------------------------------------------    -------------------
    SLICE_X22Y28         FDCE (Prop_fdce_C_Q)         0.518     2.257 f  core/vec_add/residual_requant/lane_q_reg[0]/Q
                         net (fo=118, routed)         1.313     3.570    core/vec_add/residual_requant/lane_q_reg_n_0_[0]
    SLICE_X22Y22         LUT5 (Prop_lut5_I2_O)        0.124     3.694 r  core/vec_add/residual_requant/product_q0__0_i_62__0/O
                         net (fo=1, routed)           0.165     3.858    core/vec_add/residual_requant/product_q0__0_i_62__0_n_0
    SLICE_X22Y22         LUT6 (Prop_lut6_I5_O)        0.124     3.982 r  core/vec_add/residual_requant/product_q0__0_i_39__0/O
                         net (fo=1, routed)           0.975     4.957    core/vec_add/residual_requant/product_q0__0_i_39__0_n_0
    SLICE_X17Y18         LUT6 (Prop_lut6_I5_O)        0.124     5.081 r  core/vec_add/residual_requant/product_q0__0_i_11__0/O
                         net (fo=1, routed)           0.718     5.799    core/vec_add/residual_requant/biased_q[6]
    DSP48_X0Y6           DSP48E1 (Prop_dsp48e1_A[6]_PCOUT[11])
                                                      4.036     9.835 r  core/vec_add/residual_requant/product_q0__0/PCOUT[11]
                         net (fo=1, routed)           0.002     9.837    core/vec_add/residual_requant/product_q0__0_n_142
    DSP48_X0Y7           DSP48E1                                      r  core/vec_add/residual_requant/product_q_reg__0/PCIN[11]
  -------------------------------------------------------------------    -------------------

                         (clock core_clk rise edge)
                                                     10.000    10.000 r  <hidden>
                                                      0.000    10.000 r  aclk
                         net (fo=25094, unset)        1.661    11.661    core/vec_add/residual_requant/aclk
    DSP48_X0Y7           DSP48E1                                      r  core/vec_add/residual_requant/product_q_reg__0/CLK
                         clock pessimism              0.115    11.776    <hidden>
                         clock uncertainty           -0.235    11.540    <hidden>
    DSP48_X0Y7           DSP48E1 (Setup_dsp48e1_CLK_PCIN[11])
                                                     -1.400    10.140    core/vec_add/residual_requant/product_q_reg__0
  -------------------------------------------------------------------
                         required time                         10.140    <hidden>
                         arrival time                          -9.837    <hidden>
  -------------------------------------------------------------------
                         slack                                  0.303    <hidden>

Slack (MET) :             0.303ns  (required time - arrival time)
  Source:                 core/vec_add/residual_requant/lane_q_reg[0]/C
                            (rising edge-triggered cell FDCE clocked by core_clk  {rise@0.000ns fall@5.000ns period=10.000ns})
  Destination:            core/vec_add/residual_requant/product_q_reg__0/PCIN[12]
                            (rising edge-triggered cell DSP48E1 clocked by core_clk  {rise@0.000ns fall@5.000ns period=10.000ns})
  Path Group:             core_clk
  Path Type:              Setup (Max at Slow Process Corner)
  Requirement:            10.000ns  (core_clk rise@10.000ns - core_clk rise@0.000ns)
  Data Path Delay:        8.098ns  (logic 4.926ns (60.827%)  route 3.172ns (39.173%))
  Logic Levels:           4  (DSP48E1=1 LUT5=1 LUT6=2)
  Clock Path Skew:        0.037ns (DCD - SCD + CPR)
    Destination Clock Delay (DCD):    1.661ns = ( 11.661 - 10.000 ) 
    Source Clock Delay      (SCD):    1.739ns
    Clock Pessimism Removal (CPR):    0.115ns
  Clock Uncertainty:      0.235ns  ((TSJ^2 + TIJ^2)^1/2 + DJ) / 2 + PE + UU
    Total System Jitter     (TSJ):    0.071ns
    Total Input Jitter      (TIJ):    0.000ns
    Discrete Jitter          (DJ):    0.000ns
    Phase Error              (PE):    0.000ns
    User Uncertainty         (UU):    0.200ns

    Location             Delay type                Incr(ns)  Path(ns)    Netlist Resource(s)
  -------------------------------------------------------------------    -------------------
                         (clock core_clk rise edge)
                                                      0.000     0.000 r  <hidden>
                                                      0.000     0.000 r  aclk
                         net (fo=25094, unset)        1.739     1.739    core/vec_add/residual_requant/aclk
    SLICE_X22Y28         FDCE                                         r  core/vec_add/residual_requant/lane_q_reg[0]/C
  -------------------------------------------------------------------    -------------------
    SLICE_X22Y28         FDCE (Prop_fdce_C_Q)         0.518     2.257 f  core/vec_add/residual_requant/lane_q_reg[0]/Q
                         net (fo=118, routed)         1.313     3.570    core/vec_add/residual_requant/lane_q_reg_n_0_[0]
    SLICE_X22Y22         LUT5 (Prop_lut5_I2_O)        0.124     3.694 r  core/vec_add/residual_requant/product_q0__0_i_62__0/O
                         net (fo=1, routed)           0.165     3.858    core/vec_add/residual_requant/product_q0__0_i_62__0_n_0
    SLICE_X22Y22         LUT6 (Prop_lut6_I5_O)        0.124     3.982 r  core/vec_add/residual_requant/product_q0__0_i_39__0/O
                         net (fo=1, routed)           0.975     4.957    core/vec_add/residual_requant/product_q0__0_i_39__0_n_0
    SLICE_X17Y18         LUT6 (Prop_lut6_I5_O)        0.124     5.081 r  core/vec_add/residual_requant/product_q0__0_i_11__0/O
                         net (fo=1, routed)           0.718     5.799    core/vec_add/residual_requant/biased_q[6]
    DSP48_X0Y6           DSP48E1 (Prop_dsp48e1_A[6]_PCOUT[12])
                                                      4.036     9.835 r  core/vec_add/residual_requant/product_q0__0/PCOUT[12]
                         net (fo=1, routed)           0.002     9.837    core/vec_add/residual_requant/product_q0__0_n_141
    DSP48_X0Y7           DSP48E1                                      r  core/vec_add/residual_requant/product_q_reg__0/PCIN[12]
  -------------------------------------------------------------------    -------------------

                         (clock core_clk rise edge)
                                                     10.000    10.000 r  <hidden>
                                                      0.000    10.000 r  aclk
                         net (fo=25094, unset)        1.661    11.661    core/vec_add/residual_requant/aclk
    DSP48_X0Y7           DSP48E1                                      r  core/vec_add/residual_requant/product_q_reg__0/CLK
                         clock pessimism              0.115    11.776    <hidden>
                         clock uncertainty           -0.235    11.540    <hidden>
    DSP48_X0Y7           DSP48E1 (Setup_dsp48e1_CLK_PCIN[12])
                                                     -1.400    10.140    core/vec_add/residual_requant/product_q_reg__0
  -------------------------------------------------------------------
                         required time                         10.140    <hidden>
                         arrival time                          -9.837    <hidden>
  -------------------------------------------------------------------
                         slack                                  0.303    <hidden>




