Copyright 1986-2022 Xilinx, Inc. All Rights Reserved. Copyright 2022-2026 Advanced Micro Devices, Inc. All Rights Reserved.
------------------------------------------------------------------------------------------------------------------------------------------------------------------------------------
| Tool Version : Vivado v.2026.1 (win64) Build 6511674 Tue Jun 16 11:02:23 MDT 2026
| Date         : Tue Sep 15 09:00:06 2026
| Host         : RAW2332 running 64-bit major release  (build 9200)
| Command      : report_timing_summary -delay_type max -max_paths 20 -file D:/WORKBUDDY/STEM/npu-stem-repo/hardware/reports/vivado_2026_1/npu_task_loader/timing_summary_100mhz.rpt
| Design       : npu_task_loader
| Device       : 7z020-clg400
| Speed File   : -1  PRODUCTION 1.12 2019-11-22
| Design State : Synthesized
------------------------------------------------------------------------------------------------------------------------------------------------------------------------------------

Timing Summary Report

------------------------------------------------------------------------------------------------
| Timer Settings
| --------------
------------------------------------------------------------------------------------------------

  Enable Multi Corner Analysis               :  Yes
  Enable Pessimism Removal                   :  Yes
  Pessimism Removal Resolution               :  Nearest Common Node
  Enable Input Delay Default Clock           :  No
  Enable Preset / Clear Arcs                 :  No
  Disable Flight Delays                      :  No
  Ignore I/O Paths                           :  No
  Timing Early Launch at Borrowing Latches   :  No
  Borrow Time for Max Delay Exceptions       :  Yes
  Merge Timing Exceptions                    :  Yes
  Inter-SLR Compensation                     :  Conservative

  Corner  Analyze    Analyze    
  Name    Max Paths  Min Paths  
  ------  ---------  ---------  
  Slow    Yes        Yes        
  Fast    Yes        Yes        


------------------------------------------------------------------------------------------------
| Report Methodology
| ------------------
------------------------------------------------------------------------------------------------

Rule       Severity  Description                    Violations  
---------  --------  -----------------------------  ----------  
TIMING-18  Warning   Missing input or output delay  1000        

Note: This report is based on the most recent report_methodology run and may not be up-to-date. Run report_methodology on the current design for the latest report.



check_timing report

Table of Contents
-----------------
1. checking no_clock (0)
2. checking constant_clock (0)
3. checking pulse_width_clock (0)
4. checking unconstrained_internal_endpoints (0)
5. checking no_input_delay (615)
6. checking no_output_delay (774)
7. checking multiple_clock (0)
8. checking generated_clocks (0)
9. checking loops (0)
10. checking partial_input_delay (0)
11. checking partial_output_delay (0)
12. checking latch_loops (0)

1. checking no_clock (0)
------------------------
 There are 0 register/latch pins with no clock.


2. checking constant_clock (0)
------------------------------
 There are 0 register/latch pins with constant_clock.


3. checking pulse_width_clock (0)
---------------------------------
 There are 0 register/latch pins which need pulse_width check


4. checking unconstrained_internal_endpoints (0)
------------------------------------------------
 There are 0 pins that are not constrained for maximum delay.

 There are 0 pins that are not constrained for maximum delay due to constant clock.


5. checking no_input_delay (615)
--------------------------------
 There are 615 input ports with no input delay specified. (HIGH)

 There are 0 input ports with no input delay but user has a false path constraint.


6. checking no_output_delay (774)
---------------------------------
 There are 774 ports with no output delay specified. (HIGH)

 There are 0 ports with no output delay but user has a false path constraint

 There are 0 ports with no output delay but with a timing clock defined on it or propagating through it


7. checking multiple_clock (0)
------------------------------
 There are 0 register/latch pins with multiple clocks.


8. checking generated_clocks (0)
--------------------------------
 There are 0 generated clocks that are not connected to a clock source.


9. checking loops (0)
---------------------
 There are 0 combinational loops in the design.


10. checking partial_input_delay (0)
------------------------------------
 There are 0 input ports with partial input delay specified.


11. checking partial_output_delay (0)
-------------------------------------
 There are 0 ports with partial output delay specified.


12. checking latch_loops (0)
----------------------------
 There are 0 combinational latch loops in the design through latch input



------------------------------------------------------------------------------------------------
| Design Timing Summary
| ---------------------
------------------------------------------------------------------------------------------------

    WNS(ns)      TNS(ns)  TNS Failing Endpoints  TNS Total Endpoints     WPWS(ns)     TPWS(ns)  TPWS Failing Endpoints  TPWS Total Endpoints  
    -------      -------  ---------------------  -------------------     --------     --------  ----------------------  --------------------  
      1.022        0.000                      0                 3844        4.500        0.000                       0                  2226  


All user specified timing constraints are met.


------------------------------------------------------------------------------------------------
| Clock Summary
| -------------
------------------------------------------------------------------------------------------------

Clock     Waveform(ns)       Period(ns)      Frequency(MHz)
-----     ------------       ----------      --------------
core_clk  {0.000 5.000}      10.000          100.000         


------------------------------------------------------------------------------------------------
| Intra Clock Table
| -----------------
------------------------------------------------------------------------------------------------

Clock             WNS(ns)      TNS(ns)  TNS Failing Endpoints  TNS Total Endpoints     WPWS(ns)     TPWS(ns)  TPWS Failing Endpoints  TPWS Total Endpoints  
-----             -------      -------  ---------------------  -------------------     --------     --------  ----------------------  --------------------  
core_clk            1.022        0.000                      0                 3844        4.500        0.000                       0                  2226  


------------------------------------------------------------------------------------------------
| Inter Clock Table
| -----------------
------------------------------------------------------------------------------------------------

From Clock    To Clock          WNS(ns)      TNS(ns)  TNS Failing Endpoints  TNS Total Endpoints  
----------    --------          -------      -------  ---------------------  -------------------  


------------------------------------------------------------------------------------------------
| Other Path Groups Table
| -----------------------
------------------------------------------------------------------------------------------------

Path Group    From Clock    To Clock          WNS(ns)      TNS(ns)  TNS Failing Endpoints  TNS Total Endpoints  
----------    ----------    --------          -------      -------  ---------------------  -------------------  


------------------------------------------------------------------------------------------------
| Timing Details
| --------------
------------------------------------------------------------------------------------------------


---------------------------------------------------------------------------------------------------
From Clock:  core_clk
  To Clock:  core_clk

Setup :            0  Failing Endpoints,  Worst Slack        1.022ns,  Total Violation        0.000ns
Hold  :           NA  Failing Endpoints,  Worst Slack           NA  ,  Total Violation           NA
PW    :            0  Failing Endpoints,  Worst Slack        4.500ns,  Total Violation        0.000ns
---------------------------------------------------------------------------------------------------


Max Delay Paths
--------------------------------------------------------------------------------------
Slack (MET) :             1.022ns  (required time - arrival time)
  Source:                 header_q_reg[321]/C
                            (rising edge-triggered cell FDCE clocked by core_clk  {rise@0.000ns fall@5.000ns period=10.000ns})
  Destination:            activation_base_o_reg[0]/CE
                            (rising edge-triggered cell FDCE clocked by core_clk  {rise@0.000ns fall@5.000ns period=10.000ns})
  Path Group:             core_clk
  Path Type:              Setup (Max at Slow Process Corner)
  Requirement:            10.000ns  (core_clk rise@10.000ns - core_clk rise@0.000ns)
  Data Path Delay:        8.725ns  (logic 3.796ns (43.507%)  route 4.929ns (56.493%))
  Logic Levels:           15  (CARRY4=8 LUT2=1 LUT4=2 LUT5=1 LUT6=3)
  Clock Path Skew:        -0.049ns (DCD - SCD + CPR)
    Destination Clock Delay (DCD):    0.924ns = ( 10.924 - 10.000 ) 
    Source Clock Delay      (SCD):    0.973ns
    Clock Pessimism Removal (CPR):    0.000ns
  Clock Uncertainty:      0.035ns  ((TSJ^2 + TIJ^2)^1/2 + DJ) / 2 + PE
    Total System Jitter     (TSJ):    0.071ns
    Total Input Jitter      (TIJ):    0.000ns
    Discrete Jitter          (DJ):    0.000ns
    Phase Error              (PE):    0.000ns

    Location             Delay type                Incr(ns)  Path(ns)    Netlist Resource(s)
  -------------------------------------------------------------------    -------------------
                         (clock core_clk rise edge)
                                                      0.000     0.000 r  <hidden>
                                                      0.000     0.000 r  clk_i
                         net (fo=2225, unset)         0.973     0.973    clk_i
                         FDCE                                         r  header_q_reg[321]/C
  -------------------------------------------------------------------    -------------------
                         FDCE (Prop_fdce_C_Q)         0.518     1.491 r  header_q_reg[321]/Q
                         net (fo=4, unplaced)         0.494     1.985    p_1_in22_in[1]
                         LUT2 (Prop_lut2_I0_O)        0.295     2.280 r  lut_cursor_q[12]_i_929/O
                         net (fo=1, unplaced)         0.000     2.280    lut_cursor_q[12]_i_929_n_0
                         CARRY4 (Prop_carry4_S[1]_CO[3])
                                                      0.533     2.813 r  lut_cursor_q_reg[12]_i_856/CO[3]
                         net (fo=1, unplaced)         0.009     2.822    lut_cursor_q_reg[12]_i_856_n_0
                         CARRY4 (Prop_carry4_CI_CO[3])
                                                      0.117     2.939 r  lut_cursor_q_reg[12]_i_855/CO[3]
                         net (fo=1, unplaced)         0.000     2.939    lut_cursor_q_reg[12]_i_855_n_0
                         CARRY4 (Prop_carry4_CI_CO[3])
                                                      0.117     3.056 r  lut_cursor_q_reg[12]_i_749/CO[3]
                         net (fo=1, unplaced)         0.000     3.056    lut_cursor_q_reg[12]_i_749_n_0
                         CARRY4 (Prop_carry4_CI_CO[3])
                                                      0.117     3.173 r  lut_cursor_q_reg[12]_i_748/CO[3]
                         net (fo=1, unplaced)         0.000     3.173    lut_cursor_q_reg[12]_i_748_n_0
                         CARRY4 (Prop_carry4_CI_CO[3])
                                                      0.117     3.290 r  lut_cursor_q_reg[12]_i_608/CO[3]
                         net (fo=1, unplaced)         0.000     3.290    lut_cursor_q_reg[12]_i_608_n_0
                         CARRY4 (Prop_carry4_CI_CO[3])
                                                      0.117     3.407 r  lut_cursor_q_reg[12]_i_590/CO[3]
                         net (fo=1, unplaced)         0.000     3.407    lut_cursor_q_reg[12]_i_590_n_0
                         CARRY4 (Prop_carry4_CI_O[1])
                                                      0.337     3.744 f  lut_cursor_q_reg[12]_i_435/O[1]
                         net (fo=2, unplaced)         0.622     4.366    lut_cursor_q_reg[12]_i_435_n_6
                         LUT4 (Prop_lut4_I1_O)        0.332     4.698 r  lut_cursor_q[12]_i_298/O
                         net (fo=1, unplaced)         0.000     4.698    lut_cursor_q[12]_i_298_n_0
                         CARRY4 (Prop_carry4_DI[0]_CO[3])
                                                      0.576     5.274 r  lut_cursor_q_reg[12]_i_176/CO[3]
                         net (fo=1, unplaced)         0.918     6.192    section_valid_return031_in
                         LUT4 (Prop_lut4_I2_O)        0.124     6.316 f  lut_cursor_q[12]_i_90/O
                         net (fo=1, unplaced)         0.902     7.218    lut_cursor_q[12]_i_90_n_0
                         LUT5 (Prop_lut5_I2_O)        0.124     7.342 f  lut_cursor_q[12]_i_33/O
                         net (fo=1, unplaced)         0.449     7.791    lut_cursor_q[12]_i_33_n_0
                         LUT6 (Prop_lut6_I5_O)        0.124     7.915 f  lut_cursor_q[12]_i_12/O
                         net (fo=1, unplaced)         0.449     8.364    lut_cursor_q[12]_i_12_n_0
                         LUT6 (Prop_lut6_I3_O)        0.124     8.488 f  lut_cursor_q[12]_i_5/O
                         net (fo=4, unplaced)         0.473     8.961    lut_cursor_q[12]_i_5_n_0
                         LUT6 (Prop_lut6_I3_O)        0.124     9.085 r  command_base_o[63]_i_1/O
                         net (fo=672, unplaced)       0.613     9.698    command_base_o[63]_i_1_n_0
                         FDCE                                         r  activation_base_o_reg[0]/CE
  -------------------------------------------------------------------    -------------------

                         (clock core_clk rise edge)
                                                     10.000    10.000 r  <hidden>
                                                      0.000    10.000 r  clk_i
                         net (fo=2225, unset)         0.924    10.924    clk_i
                         FDCE                                         r  activation_base_o_reg[0]/C
                         clock pessimism              0.000    10.924    <hidden>
                         clock uncertainty           -0.035    10.889    <hidden>
                         FDCE (Setup_fdce_C_CE)      -0.169    10.720    activation_base_o_reg[0]
  -------------------------------------------------------------------
                         required time                         10.720    <hidden>
                         arrival time                          -9.698    <hidden>
  -------------------------------------------------------------------
                         slack                                  1.022    <hidden>

Slack (MET) :             1.022ns  (required time - arrival time)
  Source:                 header_q_reg[321]/C
                            (rising edge-triggered cell FDCE clocked by core_clk  {rise@0.000ns fall@5.000ns period=10.000ns})
  Destination:            activation_base_o_reg[10]/CE
                            (rising edge-triggered cell FDCE clocked by core_clk  {rise@0.000ns fall@5.000ns period=10.000ns})
  Path Group:             core_clk
  Path Type:              Setup (Max at Slow Process Corner)
  Requirement:            10.000ns  (core_clk rise@10.000ns - core_clk rise@0.000ns)
  Data Path Delay:        8.725ns  (logic 3.796ns (43.507%)  route 4.929ns (56.493%))
  Logic Levels:           15  (CARRY4=8 LUT2=1 LUT4=2 LUT5=1 LUT6=3)
  Clock Path Skew:        -0.049ns (DCD - SCD + CPR)
    Destination Clock Delay (DCD):    0.924ns = ( 10.924 - 10.000 ) 
    Source Clock Delay      (SCD):    0.973ns
    Clock Pessimism Removal (CPR):    0.000ns
  Clock Uncertainty:      0.035ns  ((TSJ^2 + TIJ^2)^1/2 + DJ) / 2 + PE
    Total System Jitter     (TSJ):    0.071ns
    Total Input Jitter      (TIJ):    0.000ns
    Discrete Jitter          (DJ):    0.000ns
    Phase Error              (PE):    0.000ns

    Location             Delay type                Incr(ns)  Path(ns)    Netlist Resource(s)
  -------------------------------------------------------------------    -------------------
                         (clock core_clk rise edge)
                                                      0.000     0.000 r  <hidden>
                                                      0.000     0.000 r  clk_i
                         net (fo=2225, unset)         0.973     0.973    clk_i
                         FDCE                                         r  header_q_reg[321]/C
  -------------------------------------------------------------------    -------------------
                         FDCE (Prop_fdce_C_Q)         0.518     1.491 r  header_q_reg[321]/Q
                         net (fo=4, unplaced)         0.494     1.985    p_1_in22_in[1]
                         LUT2 (Prop_lut2_I0_O)        0.295     2.280 r  lut_cursor_q[12]_i_929/O
                         net (fo=1, unplaced)         0.000     2.280    lut_cursor_q[12]_i_929_n_0
                         CARRY4 (Prop_carry4_S[1]_CO[3])
                                                      0.533     2.813 r  lut_cursor_q_reg[12]_i_856/CO[3]
                         net (fo=1, unplaced)         0.009     2.822    lut_cursor_q_reg[12]_i_856_n_0
                         CARRY4 (Prop_carry4_CI_CO[3])
                                                      0.117     2.939 r  lut_cursor_q_reg[12]_i_855/CO[3]
                         net (fo=1, unplaced)         0.000     2.939    lut_cursor_q_reg[12]_i_855_n_0
                         CARRY4 (Prop_carry4_CI_CO[3])
                                                      0.117     3.056 r  lut_cursor_q_reg[12]_i_749/CO[3]
                         net (fo=1, unplaced)         0.000     3.056    lut_cursor_q_reg[12]_i_749_n_0
                         CARRY4 (Prop_carry4_CI_CO[3])
                                                      0.117     3.173 r  lut_cursor_q_reg[12]_i_748/CO[3]
                         net (fo=1, unplaced)         0.000     3.173    lut_cursor_q_reg[12]_i_748_n_0
                         CARRY4 (Prop_carry4_CI_CO[3])
                                                      0.117     3.290 r  lut_cursor_q_reg[12]_i_608/CO[3]
                         net (fo=1, unplaced)         0.000     3.290    lut_cursor_q_reg[12]_i_608_n_0
                         CARRY4 (Prop_carry4_CI_CO[3])
                                                      0.117     3.407 r  lut_cursor_q_reg[12]_i_590/CO[3]
                         net (fo=1, unplaced)         0.000     3.407    lut_cursor_q_reg[12]_i_590_n_0
                         CARRY4 (Prop_carry4_CI_O[1])
                                                      0.337     3.744 f  lut_cursor_q_reg[12]_i_435/O[1]
                         net (fo=2, unplaced)         0.622     4.366    lut_cursor_q_reg[12]_i_435_n_6
                         LUT4 (Prop_lut4_I1_O)        0.332     4.698 r  lut_cursor_q[12]_i_298/O
                         net (fo=1, unplaced)         0.000     4.698    lut_cursor_q[12]_i_298_n_0
                         CARRY4 (Prop_carry4_DI[0]_CO[3])
                                                      0.576     5.274 r  lut_cursor_q_reg[12]_i_176/CO[3]
                         net (fo=1, unplaced)         0.918     6.192    section_valid_return031_in
                         LUT4 (Prop_lut4_I2_O)        0.124     6.316 f  lut_cursor_q[12]_i_90/O
                         net (fo=1, unplaced)         0.902     7.218    lut_cursor_q[12]_i_90_n_0
                         LUT5 (Prop_lut5_I2_O)        0.124     7.342 f  lut_cursor_q[12]_i_33/O
                         net (fo=1, unplaced)         0.449     7.791    lut_cursor_q[12]_i_33_n_0
                         LUT6 (Prop_lut6_I5_O)        0.124     7.915 f  lut_cursor_q[12]_i_12/O
                         net (fo=1, unplaced)         0.449     8.364    lut_cursor_q[12]_i_12_n_0
                         LUT6 (Prop_lut6_I3_O)        0.124     8.488 f  lut_cursor_q[12]_i_5/O
                         net (fo=4, unplaced)         0.473     8.961    lut_cursor_q[12]_i_5_n_0
                         LUT6 (Prop_lut6_I3_O)        0.124     9.085 r  command_base_o[63]_i_1/O
                         net (fo=672, unplaced)       0.613     9.698    command_base_o[63]_i_1_n_0
                         FDCE                                         r  activation_base_o_reg[10]/CE
  -------------------------------------------------------------------    -------------------

                         (clock core_clk rise edge)
                                                     10.000    10.000 r  <hidden>
                                                      0.000    10.000 r  clk_i
                         net (fo=2225, unset)         0.924    10.924    clk_i
                         FDCE                                         r  activation_base_o_reg[10]/C
                         clock pessimism              0.000    10.924    <hidden>
                         clock uncertainty           -0.035    10.889    <hidden>
                         FDCE (Setup_fdce_C_CE)      -0.169    10.720    activation_base_o_reg[10]
  -------------------------------------------------------------------
                         required time                         10.720    <hidden>
                         arrival time                          -9.698    <hidden>
  -------------------------------------------------------------------
                         slack                                  1.022    <hidden>

Slack (MET) :             1.022ns  (required time - arrival time)
  Source:                 header_q_reg[321]/C
                            (rising edge-triggered cell FDCE clocked by core_clk  {rise@0.000ns fall@5.000ns period=10.000ns})
  Destination:            activation_base_o_reg[11]/CE
                            (rising edge-triggered cell FDCE clocked by core_clk  {rise@0.000ns fall@5.000ns period=10.000ns})
  Path Group:             core_clk
  Path Type:              Setup (Max at Slow Process Corner)
  Requirement:            10.000ns  (core_clk rise@10.000ns - core_clk rise@0.000ns)
  Data Path Delay:        8.725ns  (logic 3.796ns (43.507%)  route 4.929ns (56.493%))
  Logic Levels:           15  (CARRY4=8 LUT2=1 LUT4=2 LUT5=1 LUT6=3)
  Clock Path Skew:        -0.049ns (DCD - SCD + CPR)
    Destination Clock Delay (DCD):    0.924ns = ( 10.924 - 10.000 ) 
    Source Clock Delay      (SCD):    0.973ns
    Clock Pessimism Removal (CPR):    0.000ns
  Clock Uncertainty:      0.035ns  ((TSJ^2 + TIJ^2)^1/2 + DJ) / 2 + PE
    Total System Jitter     (TSJ):    0.071ns
    Total Input Jitter      (TIJ):    0.000ns
    Discrete Jitter          (DJ):    0.000ns
    Phase Error              (PE):    0.000ns

    Location             Delay type                Incr(ns)  Path(ns)    Netlist Resource(s)
  -------------------------------------------------------------------    -------------------
                         (clock core_clk rise edge)
                                                      0.000     0.000 r  <hidden>
                                                      0.000     0.000 r  clk_i
                         net (fo=2225, unset)         0.973     0.973    clk_i
                         FDCE                                         r  header_q_reg[321]/C
  -------------------------------------------------------------------    -------------------
                         FDCE (Prop_fdce_C_Q)         0.518     1.491 r  header_q_reg[321]/Q
                         net (fo=4, unplaced)         0.494     1.985    p_1_in22_in[1]
                         LUT2 (Prop_lut2_I0_O)        0.295     2.280 r  lut_cursor_q[12]_i_929/O
                         net (fo=1, unplaced)         0.000     2.280    lut_cursor_q[12]_i_929_n_0
                         CARRY4 (Prop_carry4_S[1]_CO[3])
                                                      0.533     2.813 r  lut_cursor_q_reg[12]_i_856/CO[3]
                         net (fo=1, unplaced)         0.009     2.822    lut_cursor_q_reg[12]_i_856_n_0
                         CARRY4 (Prop_carry4_CI_CO[3])
                                                      0.117     2.939 r  lut_cursor_q_reg[12]_i_855/CO[3]
                         net (fo=1, unplaced)         0.000     2.939    lut_cursor_q_reg[12]_i_855_n_0
                         CARRY4 (Prop_carry4_CI_CO[3])
                                                      0.117     3.056 r  lut_cursor_q_reg[12]_i_749/CO[3]
                         net (fo=1, unplaced)         0.000     3.056    lut_cursor_q_reg[12]_i_749_n_0
                         CARRY4 (Prop_carry4_CI_CO[3])
                                                      0.117     3.173 r  lut_cursor_q_reg[12]_i_748/CO[3]
                         net (fo=1, unplaced)         0.000     3.173    lut_cursor_q_reg[12]_i_748_n_0
                         CARRY4 (Prop_carry4_CI_CO[3])
                                                      0.117     3.290 r  lut_cursor_q_reg[12]_i_608/CO[3]
                         net (fo=1, unplaced)         0.000     3.290    lut_cursor_q_reg[12]_i_608_n_0
                         CARRY4 (Prop_carry4_CI_CO[3])
                                                      0.117     3.407 r  lut_cursor_q_reg[12]_i_590/CO[3]
                         net (fo=1, unplaced)         0.000     3.407    lut_cursor_q_reg[12]_i_590_n_0
                         CARRY4 (Prop_carry4_CI_O[1])
                                                      0.337     3.744 f  lut_cursor_q_reg[12]_i_435/O[1]
                         net (fo=2, unplaced)         0.622     4.366    lut_cursor_q_reg[12]_i_435_n_6
                         LUT4 (Prop_lut4_I1_O)        0.332     4.698 r  lut_cursor_q[12]_i_298/O
                         net (fo=1, unplaced)         0.000     4.698    lut_cursor_q[12]_i_298_n_0
                         CARRY4 (Prop_carry4_DI[0]_CO[3])
                                                      0.576     5.274 r  lut_cursor_q_reg[12]_i_176/CO[3]
                         net (fo=1, unplaced)         0.918     6.192    section_valid_return031_in
                         LUT4 (Prop_lut4_I2_O)        0.124     6.316 f  lut_cursor_q[12]_i_90/O
                         net (fo=1, unplaced)         0.902     7.218    lut_cursor_q[12]_i_90_n_0
                         LUT5 (Prop_lut5_I2_O)        0.124     7.342 f  lut_cursor_q[12]_i_33/O
                         net (fo=1, unplaced)         0.449     7.791    lut_cursor_q[12]_i_33_n_0
                         LUT6 (Prop_lut6_I5_O)        0.124     7.915 f  lut_cursor_q[12]_i_12/O
                         net (fo=1, unplaced)         0.449     8.364    lut_cursor_q[12]_i_12_n_0
                         LUT6 (Prop_lut6_I3_O)        0.124     8.488 f  lut_cursor_q[12]_i_5/O
                         net (fo=4, unplaced)         0.473     8.961    lut_cursor_q[12]_i_5_n_0
                         LUT6 (Prop_lut6_I3_O)        0.124     9.085 r  command_base_o[63]_i_1/O
                         net (fo=672, unplaced)       0.613     9.698    command_base_o[63]_i_1_n_0
                         FDCE                                         r  activation_base_o_reg[11]/CE
  -------------------------------------------------------------------    -------------------

                         (clock core_clk rise edge)
                                                     10.000    10.000 r  <hidden>
                                                      0.000    10.000 r  clk_i
                         net (fo=2225, unset)         0.924    10.924    clk_i
                         FDCE                                         r  activation_base_o_reg[11]/C
                         clock pessimism              0.000    10.924    <hidden>
                         clock uncertainty           -0.035    10.889    <hidden>
                         FDCE (Setup_fdce_C_CE)      -0.169    10.720    activation_base_o_reg[11]
  -------------------------------------------------------------------
                         required time                         10.720    <hidden>
                         arrival time                          -9.698    <hidden>
  -------------------------------------------------------------------
                         slack                                  1.022    <hidden>

Slack (MET) :             1.022ns  (required time - arrival time)
  Source:                 header_q_reg[321]/C
                            (rising edge-triggered cell FDCE clocked by core_clk  {rise@0.000ns fall@5.000ns period=10.000ns})
  Destination:            activation_base_o_reg[12]/CE
                            (rising edge-triggered cell FDCE clocked by core_clk  {rise@0.000ns fall@5.000ns period=10.000ns})
  Path Group:             core_clk
  Path Type:              Setup (Max at Slow Process Corner)
  Requirement:            10.000ns  (core_clk rise@10.000ns - core_clk rise@0.000ns)
  Data Path Delay:        8.725ns  (logic 3.796ns (43.507%)  route 4.929ns (56.493%))
  Logic Levels:           15  (CARRY4=8 LUT2=1 LUT4=2 LUT5=1 LUT6=3)
  Clock Path Skew:        -0.049ns (DCD - SCD + CPR)
    Destination Clock Delay (DCD):    0.924ns = ( 10.924 - 10.000 ) 
    Source Clock Delay      (SCD):    0.973ns
    Clock Pessimism Removal (CPR):    0.000ns
  Clock Uncertainty:      0.035ns  ((TSJ^2 + TIJ^2)^1/2 + DJ) / 2 + PE
    Total System Jitter     (TSJ):    0.071ns
    Total Input Jitter      (TIJ):    0.000ns
    Discrete Jitter          (DJ):    0.000ns
    Phase Error              (PE):    0.000ns

    Location             Delay type                Incr(ns)  Path(ns)    Netlist Resource(s)
  -------------------------------------------------------------------    -------------------
                         (clock core_clk rise edge)
                                                      0.000     0.000 r  <hidden>
                                                      0.000     0.000 r  clk_i
                         net (fo=2225, unset)         0.973     0.973    clk_i
                         FDCE                                         r  header_q_reg[321]/C
  -------------------------------------------------------------------    -------------------
                         FDCE (Prop_fdce_C_Q)         0.518     1.491 r  header_q_reg[321]/Q
                         net (fo=4, unplaced)         0.494     1.985    p_1_in22_in[1]
                         LUT2 (Prop_lut2_I0_O)        0.295     2.280 r  lut_cursor_q[12]_i_929/O
                         net (fo=1, unplaced)         0.000     2.280    lut_cursor_q[12]_i_929_n_0
                         CARRY4 (Prop_carry4_S[1]_CO[3])
                                                      0.533     2.813 r  lut_cursor_q_reg[12]_i_856/CO[3]
                         net (fo=1, unplaced)         0.009     2.822    lut_cursor_q_reg[12]_i_856_n_0
                         CARRY4 (Prop_carry4_CI_CO[3])
                                                      0.117     2.939 r  lut_cursor_q_reg[12]_i_855/CO[3]
                         net (fo=1, unplaced)         0.000     2.939    lut_cursor_q_reg[12]_i_855_n_0
                         CARRY4 (Prop_carry4_CI_CO[3])
                                                      0.117     3.056 r  lut_cursor_q_reg[12]_i_749/CO[3]
                         net (fo=1, unplaced)         0.000     3.056    lut_cursor_q_reg[12]_i_749_n_0
                         CARRY4 (Prop_carry4_CI_CO[3])
                                                      0.117     3.173 r  lut_cursor_q_reg[12]_i_748/CO[3]
                         net (fo=1, unplaced)         0.000     3.173    lut_cursor_q_reg[12]_i_748_n_0
                         CARRY4 (Prop_carry4_CI_CO[3])
                                                      0.117     3.290 r  lut_cursor_q_reg[12]_i_608/CO[3]
                         net (fo=1, unplaced)         0.000     3.290    lut_cursor_q_reg[12]_i_608_n_0
                         CARRY4 (Prop_carry4_CI_CO[3])
                                                      0.117     3.407 r  lut_cursor_q_reg[12]_i_590/CO[3]
                         net (fo=1, unplaced)         0.000     3.407    lut_cursor_q_reg[12]_i_590_n_0
                         CARRY4 (Prop_carry4_CI_O[1])
                                                      0.337     3.744 f  lut_cursor_q_reg[12]_i_435/O[1]
                         net (fo=2, unplaced)         0.622     4.366    lut_cursor_q_reg[12]_i_435_n_6
                         LUT4 (Prop_lut4_I1_O)        0.332     4.698 r  lut_cursor_q[12]_i_298/O
                         net (fo=1, unplaced)         0.000     4.698    lut_cursor_q[12]_i_298_n_0
                         CARRY4 (Prop_carry4_DI[0]_CO[3])
                                                      0.576     5.274 r  lut_cursor_q_reg[12]_i_176/CO[3]
                         net (fo=1, unplaced)         0.918     6.192    section_valid_return031_in
                         LUT4 (Prop_lut4_I2_O)        0.124     6.316 f  lut_cursor_q[12]_i_90/O
                         net (fo=1, unplaced)         0.902     7.218    lut_cursor_q[12]_i_90_n_0
                         LUT5 (Prop_lut5_I2_O)        0.124     7.342 f  lut_cursor_q[12]_i_33/O
                         net (fo=1, unplaced)         0.449     7.791    lut_cursor_q[12]_i_33_n_0
                         LUT6 (Prop_lut6_I5_O)        0.124     7.915 f  lut_cursor_q[12]_i_12/O
                         net (fo=1, unplaced)         0.449     8.364    lut_cursor_q[12]_i_12_n_0
                         LUT6 (Prop_lut6_I3_O)        0.124     8.488 f  lut_cursor_q[12]_i_5/O
                         net (fo=4, unplaced)         0.473     8.961    lut_cursor_q[12]_i_5_n_0
                         LUT6 (Prop_lut6_I3_O)        0.124     9.085 r  command_base_o[63]_i_1/O
                         net (fo=672, unplaced)       0.613     9.698    command_base_o[63]_i_1_n_0
                         FDCE                                         r  activation_base_o_reg[12]/CE
  -------------------------------------------------------------------    -------------------

                         (clock core_clk rise edge)
                                                     10.000    10.000 r  <hidden>
                                                      0.000    10.000 r  clk_i
                         net (fo=2225, unset)         0.924    10.924    clk_i
                         FDCE                                         r  activation_base_o_reg[12]/C
                         clock pessimism              0.000    10.924    <hidden>
                         clock uncertainty           -0.035    10.889    <hidden>
                         FDCE (Setup_fdce_C_CE)      -0.169    10.720    activation_base_o_reg[12]
  -------------------------------------------------------------------
                         required time                         10.720    <hidden>
                         arrival time                          -9.698    <hidden>
  -------------------------------------------------------------------
                         slack                                  1.022    <hidden>

Slack (MET) :             1.022ns  (required time - arrival time)
  Source:                 header_q_reg[321]/C
                            (rising edge-triggered cell FDCE clocked by core_clk  {rise@0.000ns fall@5.000ns period=10.000ns})
  Destination:            activation_base_o_reg[13]/CE
                            (rising edge-triggered cell FDCE clocked by core_clk  {rise@0.000ns fall@5.000ns period=10.000ns})
  Path Group:             core_clk
  Path Type:              Setup (Max at Slow Process Corner)
  Requirement:            10.000ns  (core_clk rise@10.000ns - core_clk rise@0.000ns)
  Data Path Delay:        8.725ns  (logic 3.796ns (43.507%)  route 4.929ns (56.493%))
  Logic Levels:           15  (CARRY4=8 LUT2=1 LUT4=2 LUT5=1 LUT6=3)
  Clock Path Skew:        -0.049ns (DCD - SCD + CPR)
    Destination Clock Delay (DCD):    0.924ns = ( 10.924 - 10.000 ) 
    Source Clock Delay      (SCD):    0.973ns
    Clock Pessimism Removal (CPR):    0.000ns
  Clock Uncertainty:      0.035ns  ((TSJ^2 + TIJ^2)^1/2 + DJ) / 2 + PE
    Total System Jitter     (TSJ):    0.071ns
    Total Input Jitter      (TIJ):    0.000ns
    Discrete Jitter          (DJ):    0.000ns
    Phase Error              (PE):    0.000ns

    Location             Delay type                Incr(ns)  Path(ns)    Netlist Resource(s)
  -------------------------------------------------------------------    -------------------
                         (clock core_clk rise edge)
                                                      0.000     0.000 r  <hidden>
                                                      0.000     0.000 r  clk_i
                         net (fo=2225, unset)         0.973     0.973    clk_i
                         FDCE                                         r  header_q_reg[321]/C
  -------------------------------------------------------------------    -------------------
                         FDCE (Prop_fdce_C_Q)         0.518     1.491 r  header_q_reg[321]/Q
                         net (fo=4, unplaced)         0.494     1.985    p_1_in22_in[1]
                         LUT2 (Prop_lut2_I0_O)        0.295     2.280 r  lut_cursor_q[12]_i_929/O
                         net (fo=1, unplaced)         0.000     2.280    lut_cursor_q[12]_i_929_n_0
                         CARRY4 (Prop_carry4_S[1]_CO[3])
                                                      0.533     2.813 r  lut_cursor_q_reg[12]_i_856/CO[3]
                         net (fo=1, unplaced)         0.009     2.822    lut_cursor_q_reg[12]_i_856_n_0
                         CARRY4 (Prop_carry4_CI_CO[3])
                                                      0.117     2.939 r  lut_cursor_q_reg[12]_i_855/CO[3]
                         net (fo=1, unplaced)         0.000     2.939    lut_cursor_q_reg[12]_i_855_n_0
                         CARRY4 (Prop_carry4_CI_CO[3])
                                                      0.117     3.056 r  lut_cursor_q_reg[12]_i_749/CO[3]
                         net (fo=1, unplaced)         0.000     3.056    lut_cursor_q_reg[12]_i_749_n_0
                         CARRY4 (Prop_carry4_CI_CO[3])
                                                      0.117     3.173 r  lut_cursor_q_reg[12]_i_748/CO[3]
                         net (fo=1, unplaced)         0.000     3.173    lut_cursor_q_reg[12]_i_748_n_0
                         CARRY4 (Prop_carry4_CI_CO[3])
                                                      0.117     3.290 r  lut_cursor_q_reg[12]_i_608/CO[3]
                         net (fo=1, unplaced)         0.000     3.290    lut_cursor_q_reg[12]_i_608_n_0
                         CARRY4 (Prop_carry4_CI_CO[3])
                                                      0.117     3.407 r  lut_cursor_q_reg[12]_i_590/CO[3]
                         net (fo=1, unplaced)         0.000     3.407    lut_cursor_q_reg[12]_i_590_n_0
                         CARRY4 (Prop_carry4_CI_O[1])
                                                      0.337     3.744 f  lut_cursor_q_reg[12]_i_435/O[1]
                         net (fo=2, unplaced)         0.622     4.366    lut_cursor_q_reg[12]_i_435_n_6
                         LUT4 (Prop_lut4_I1_O)        0.332     4.698 r  lut_cursor_q[12]_i_298/O
                         net (fo=1, unplaced)         0.000     4.698    lut_cursor_q[12]_i_298_n_0
                         CARRY4 (Prop_carry4_DI[0]_CO[3])
                                                      0.576     5.274 r  lut_cursor_q_reg[12]_i_176/CO[3]
                         net (fo=1, unplaced)         0.918     6.192    section_valid_return031_in
                         LUT4 (Prop_lut4_I2_O)        0.124     6.316 f  lut_cursor_q[12]_i_90/O
                         net (fo=1, unplaced)         0.902     7.218    lut_cursor_q[12]_i_90_n_0
                         LUT5 (Prop_lut5_I2_O)        0.124     7.342 f  lut_cursor_q[12]_i_33/O
                         net (fo=1, unplaced)         0.449     7.791    lut_cursor_q[12]_i_33_n_0
                         LUT6 (Prop_lut6_I5_O)        0.124     7.915 f  lut_cursor_q[12]_i_12/O
                         net (fo=1, unplaced)         0.449     8.364    lut_cursor_q[12]_i_12_n_0
                         LUT6 (Prop_lut6_I3_O)        0.124     8.488 f  lut_cursor_q[12]_i_5/O
                         net (fo=4, unplaced)         0.473     8.961    lut_cursor_q[12]_i_5_n_0
                         LUT6 (Prop_lut6_I3_O)        0.124     9.085 r  command_base_o[63]_i_1/O
                         net (fo=672, unplaced)       0.613     9.698    command_base_o[63]_i_1_n_0
                         FDCE                                         r  activation_base_o_reg[13]/CE
  -------------------------------------------------------------------    -------------------

                         (clock core_clk rise edge)
                                                     10.000    10.000 r  <hidden>
                                                      0.000    10.000 r  clk_i
                         net (fo=2225, unset)         0.924    10.924    clk_i
                         FDCE                                         r  activation_base_o_reg[13]/C
                         clock pessimism              0.000    10.924    <hidden>
                         clock uncertainty           -0.035    10.889    <hidden>
                         FDCE (Setup_fdce_C_CE)      -0.169    10.720    activation_base_o_reg[13]
  -------------------------------------------------------------------
                         required time                         10.720    <hidden>
                         arrival time                          -9.698    <hidden>
  -------------------------------------------------------------------
                         slack                                  1.022    <hidden>

Slack (MET) :             1.022ns  (required time - arrival time)
  Source:                 header_q_reg[321]/C
                            (rising edge-triggered cell FDCE clocked by core_clk  {rise@0.000ns fall@5.000ns period=10.000ns})
  Destination:            activation_base_o_reg[14]/CE
                            (rising edge-triggered cell FDCE clocked by core_clk  {rise@0.000ns fall@5.000ns period=10.000ns})
  Path Group:             core_clk
  Path Type:              Setup (Max at Slow Process Corner)
  Requirement:            10.000ns  (core_clk rise@10.000ns - core_clk rise@0.000ns)
  Data Path Delay:        8.725ns  (logic 3.796ns (43.507%)  route 4.929ns (56.493%))
  Logic Levels:           15  (CARRY4=8 LUT2=1 LUT4=2 LUT5=1 LUT6=3)
  Clock Path Skew:        -0.049ns (DCD - SCD + CPR)
    Destination Clock Delay (DCD):    0.924ns = ( 10.924 - 10.000 ) 
    Source Clock Delay      (SCD):    0.973ns
    Clock Pessimism Removal (CPR):    0.000ns
  Clock Uncertainty:      0.035ns  ((TSJ^2 + TIJ^2)^1/2 + DJ) / 2 + PE
    Total System Jitter     (TSJ):    0.071ns
    Total Input Jitter      (TIJ):    0.000ns
    Discrete Jitter          (DJ):    0.000ns
    Phase Error              (PE):    0.000ns

    Location             Delay type                Incr(ns)  Path(ns)    Netlist Resource(s)
  -------------------------------------------------------------------    -------------------
                         (clock core_clk rise edge)
                                                      0.000     0.000 r  <hidden>
                                                      0.000     0.000 r  clk_i
                         net (fo=2225, unset)         0.973     0.973    clk_i
                         FDCE                                         r  header_q_reg[321]/C
  -------------------------------------------------------------------    -------------------
                         FDCE (Prop_fdce_C_Q)         0.518     1.491 r  header_q_reg[321]/Q
                         net (fo=4, unplaced)         0.494     1.985    p_1_in22_in[1]
                         LUT2 (Prop_lut2_I0_O)        0.295     2.280 r  lut_cursor_q[12]_i_929/O
                         net (fo=1, unplaced)         0.000     2.280    lut_cursor_q[12]_i_929_n_0
                         CARRY4 (Prop_carry4_S[1]_CO[3])
                                                      0.533     2.813 r  lut_cursor_q_reg[12]_i_856/CO[3]
                         net (fo=1, unplaced)         0.009     2.822    lut_cursor_q_reg[12]_i_856_n_0
                         CARRY4 (Prop_carry4_CI_CO[3])
                                                      0.117     2.939 r  lut_cursor_q_reg[12]_i_855/CO[3]
                         net (fo=1, unplaced)         0.000     2.939    lut_cursor_q_reg[12]_i_855_n_0
                         CARRY4 (Prop_carry4_CI_CO[3])
                                                      0.117     3.056 r  lut_cursor_q_reg[12]_i_749/CO[3]
                         net (fo=1, unplaced)         0.000     3.056    lut_cursor_q_reg[12]_i_749_n_0
                         CARRY4 (Prop_carry4_CI_CO[3])
                                                      0.117     3.173 r  lut_cursor_q_reg[12]_i_748/CO[3]
                         net (fo=1, unplaced)         0.000     3.173    lut_cursor_q_reg[12]_i_748_n_0
                         CARRY4 (Prop_carry4_CI_CO[3])
                                                      0.117     3.290 r  lut_cursor_q_reg[12]_i_608/CO[3]
                         net (fo=1, unplaced)         0.000     3.290    lut_cursor_q_reg[12]_i_608_n_0
                         CARRY4 (Prop_carry4_CI_CO[3])
                                                      0.117     3.407 r  lut_cursor_q_reg[12]_i_590/CO[3]
                         net (fo=1, unplaced)         0.000     3.407    lut_cursor_q_reg[12]_i_590_n_0
                         CARRY4 (Prop_carry4_CI_O[1])
                                                      0.337     3.744 f  lut_cursor_q_reg[12]_i_435/O[1]
                         net (fo=2, unplaced)         0.622     4.366    lut_cursor_q_reg[12]_i_435_n_6
                         LUT4 (Prop_lut4_I1_O)        0.332     4.698 r  lut_cursor_q[12]_i_298/O
                         net (fo=1, unplaced)         0.000     4.698    lut_cursor_q[12]_i_298_n_0
                         CARRY4 (Prop_carry4_DI[0]_CO[3])
                                                      0.576     5.274 r  lut_cursor_q_reg[12]_i_176/CO[3]
                         net (fo=1, unplaced)         0.918     6.192    section_valid_return031_in
                         LUT4 (Prop_lut4_I2_O)        0.124     6.316 f  lut_cursor_q[12]_i_90/O
                         net (fo=1, unplaced)         0.902     7.218    lut_cursor_q[12]_i_90_n_0
                         LUT5 (Prop_lut5_I2_O)        0.124     7.342 f  lut_cursor_q[12]_i_33/O
                         net (fo=1, unplaced)         0.449     7.791    lut_cursor_q[12]_i_33_n_0
                         LUT6 (Prop_lut6_I5_O)        0.124     7.915 f  lut_cursor_q[12]_i_12/O
                         net (fo=1, unplaced)         0.449     8.364    lut_cursor_q[12]_i_12_n_0
                         LUT6 (Prop_lut6_I3_O)        0.124     8.488 f  lut_cursor_q[12]_i_5/O
                         net (fo=4, unplaced)         0.473     8.961    lut_cursor_q[12]_i_5_n_0
                         LUT6 (Prop_lut6_I3_O)        0.124     9.085 r  command_base_o[63]_i_1/O
                         net (fo=672, unplaced)       0.613     9.698    command_base_o[63]_i_1_n_0
                         FDCE                                         r  activation_base_o_reg[14]/CE
  -------------------------------------------------------------------    -------------------

                         (clock core_clk rise edge)
                                                     10.000    10.000 r  <hidden>
                                                      0.000    10.000 r  clk_i
                         net (fo=2225, unset)         0.924    10.924    clk_i
                         FDCE                                         r  activation_base_o_reg[14]/C
                         clock pessimism              0.000    10.924    <hidden>
                         clock uncertainty           -0.035    10.889    <hidden>
                         FDCE (Setup_fdce_C_CE)      -0.169    10.720    activation_base_o_reg[14]
  -------------------------------------------------------------------
                         required time                         10.720    <hidden>
                         arrival time                          -9.698    <hidden>
  -------------------------------------------------------------------
                         slack                                  1.022    <hidden>

Slack (MET) :             1.022ns  (required time - arrival time)
  Source:                 header_q_reg[321]/C
                            (rising edge-triggered cell FDCE clocked by core_clk  {rise@0.000ns fall@5.000ns period=10.000ns})
  Destination:            activation_base_o_reg[15]/CE
                            (rising edge-triggered cell FDCE clocked by core_clk  {rise@0.000ns fall@5.000ns period=10.000ns})
  Path Group:             core_clk
  Path Type:              Setup (Max at Slow Process Corner)
  Requirement:            10.000ns  (core_clk rise@10.000ns - core_clk rise@0.000ns)
  Data Path Delay:        8.725ns  (logic 3.796ns (43.507%)  route 4.929ns (56.493%))
  Logic Levels:           15  (CARRY4=8 LUT2=1 LUT4=2 LUT5=1 LUT6=3)
  Clock Path Skew:        -0.049ns (DCD - SCD + CPR)
    Destination Clock Delay (DCD):    0.924ns = ( 10.924 - 10.000 ) 
    Source Clock Delay      (SCD):    0.973ns
    Clock Pessimism Removal (CPR):    0.000ns
  Clock Uncertainty:      0.035ns  ((TSJ^2 + TIJ^2)^1/2 + DJ) / 2 + PE
    Total System Jitter     (TSJ):    0.071ns
    Total Input Jitter      (TIJ):    0.000ns
    Discrete Jitter          (DJ):    0.000ns
    Phase Error              (PE):    0.000ns

    Location             Delay type                Incr(ns)  Path(ns)    Netlist Resource(s)
  -------------------------------------------------------------------    -------------------
                         (clock core_clk rise edge)
                                                      0.000     0.000 r  <hidden>
                                                      0.000     0.000 r  clk_i
                         net (fo=2225, unset)         0.973     0.973    clk_i
                         FDCE                                         r  header_q_reg[321]/C
  -------------------------------------------------------------------    -------------------
                         FDCE (Prop_fdce_C_Q)         0.518     1.491 r  header_q_reg[321]/Q
                         net (fo=4, unplaced)         0.494     1.985    p_1_in22_in[1]
                         LUT2 (Prop_lut2_I0_O)        0.295     2.280 r  lut_cursor_q[12]_i_929/O
                         net (fo=1, unplaced)         0.000     2.280    lut_cursor_q[12]_i_929_n_0
                         CARRY4 (Prop_carry4_S[1]_CO[3])
                                                      0.533     2.813 r  lut_cursor_q_reg[12]_i_856/CO[3]
                         net (fo=1, unplaced)         0.009     2.822    lut_cursor_q_reg[12]_i_856_n_0
                         CARRY4 (Prop_carry4_CI_CO[3])
                                                      0.117     2.939 r  lut_cursor_q_reg[12]_i_855/CO[3]
                         net (fo=1, unplaced)         0.000     2.939    lut_cursor_q_reg[12]_i_855_n_0
                         CARRY4 (Prop_carry4_CI_CO[3])
                                                      0.117     3.056 r  lut_cursor_q_reg[12]_i_749/CO[3]
                         net (fo=1, unplaced)         0.000     3.056    lut_cursor_q_reg[12]_i_749_n_0
                         CARRY4 (Prop_carry4_CI_CO[3])
                                                      0.117     3.173 r  lut_cursor_q_reg[12]_i_748/CO[3]
                         net (fo=1, unplaced)         0.000     3.173    lut_cursor_q_reg[12]_i_748_n_0
                         CARRY4 (Prop_carry4_CI_CO[3])
                                                      0.117     3.290 r  lut_cursor_q_reg[12]_i_608/CO[3]
                         net (fo=1, unplaced)         0.000     3.290    lut_cursor_q_reg[12]_i_608_n_0
                         CARRY4 (Prop_carry4_CI_CO[3])
                                                      0.117     3.407 r  lut_cursor_q_reg[12]_i_590/CO[3]
                         net (fo=1, unplaced)         0.000     3.407    lut_cursor_q_reg[12]_i_590_n_0
                         CARRY4 (Prop_carry4_CI_O[1])
                                                      0.337     3.744 f  lut_cursor_q_reg[12]_i_435/O[1]
                         net (fo=2, unplaced)         0.622     4.366    lut_cursor_q_reg[12]_i_435_n_6
                         LUT4 (Prop_lut4_I1_O)        0.332     4.698 r  lut_cursor_q[12]_i_298/O
                         net (fo=1, unplaced)         0.000     4.698    lut_cursor_q[12]_i_298_n_0
                         CARRY4 (Prop_carry4_DI[0]_CO[3])
                                                      0.576     5.274 r  lut_cursor_q_reg[12]_i_176/CO[3]
                         net (fo=1, unplaced)         0.918     6.192    section_valid_return031_in
                         LUT4 (Prop_lut4_I2_O)        0.124     6.316 f  lut_cursor_q[12]_i_90/O
                         net (fo=1, unplaced)         0.902     7.218    lut_cursor_q[12]_i_90_n_0
                         LUT5 (Prop_lut5_I2_O)        0.124     7.342 f  lut_cursor_q[12]_i_33/O
                         net (fo=1, unplaced)         0.449     7.791    lut_cursor_q[12]_i_33_n_0
                         LUT6 (Prop_lut6_I5_O)        0.124     7.915 f  lut_cursor_q[12]_i_12/O
                         net (fo=1, unplaced)         0.449     8.364    lut_cursor_q[12]_i_12_n_0
                         LUT6 (Prop_lut6_I3_O)        0.124     8.488 f  lut_cursor_q[12]_i_5/O
                         net (fo=4, unplaced)         0.473     8.961    lut_cursor_q[12]_i_5_n_0
                         LUT6 (Prop_lut6_I3_O)        0.124     9.085 r  command_base_o[63]_i_1/O
                         net (fo=672, unplaced)       0.613     9.698    command_base_o[63]_i_1_n_0
                         FDCE                                         r  activation_base_o_reg[15]/CE
  -------------------------------------------------------------------    -------------------

                         (clock core_clk rise edge)
                                                     10.000    10.000 r  <hidden>
                                                      0.000    10.000 r  clk_i
                         net (fo=2225, unset)         0.924    10.924    clk_i
                         FDCE                                         r  activation_base_o_reg[15]/C
                         clock pessimism              0.000    10.924    <hidden>
                         clock uncertainty           -0.035    10.889    <hidden>
                         FDCE (Setup_fdce_C_CE)      -0.169    10.720    activation_base_o_reg[15]
  -------------------------------------------------------------------
                         required time                         10.720    <hidden>
                         arrival time                          -9.698    <hidden>
  -------------------------------------------------------------------
                         slack                                  1.022    <hidden>

Slack (MET) :             1.022ns  (required time - arrival time)
  Source:                 header_q_reg[321]/C
                            (rising edge-triggered cell FDCE clocked by core_clk  {rise@0.000ns fall@5.000ns period=10.000ns})
  Destination:            activation_base_o_reg[16]/CE
                            (rising edge-triggered cell FDCE clocked by core_clk  {rise@0.000ns fall@5.000ns period=10.000ns})
  Path Group:             core_clk
  Path Type:              Setup (Max at Slow Process Corner)
  Requirement:            10.000ns  (core_clk rise@10.000ns - core_clk rise@0.000ns)
  Data Path Delay:        8.725ns  (logic 3.796ns (43.507%)  route 4.929ns (56.493%))
  Logic Levels:           15  (CARRY4=8 LUT2=1 LUT4=2 LUT5=1 LUT6=3)
  Clock Path Skew:        -0.049ns (DCD - SCD + CPR)
    Destination Clock Delay (DCD):    0.924ns = ( 10.924 - 10.000 ) 
    Source Clock Delay      (SCD):    0.973ns
    Clock Pessimism Removal (CPR):    0.000ns
  Clock Uncertainty:      0.035ns  ((TSJ^2 + TIJ^2)^1/2 + DJ) / 2 + PE
    Total System Jitter     (TSJ):    0.071ns
    Total Input Jitter      (TIJ):    0.000ns
    Discrete Jitter          (DJ):    0.000ns
    Phase Error              (PE):    0.000ns

    Location             Delay type                Incr(ns)  Path(ns)    Netlist Resource(s)
  -------------------------------------------------------------------    -------------------
                         (clock core_clk rise edge)
                                                      0.000     0.000 r  <hidden>
                                                      0.000     0.000 r  clk_i
                         net (fo=2225, unset)         0.973     0.973    clk_i
                         FDCE                                         r  header_q_reg[321]/C
  -------------------------------------------------------------------    -------------------
                         FDCE (Prop_fdce_C_Q)         0.518     1.491 r  header_q_reg[321]/Q
                         net (fo=4, unplaced)         0.494     1.985    p_1_in22_in[1]
                         LUT2 (Prop_lut2_I0_O)        0.295     2.280 r  lut_cursor_q[12]_i_929/O
                         net (fo=1, unplaced)         0.000     2.280    lut_cursor_q[12]_i_929_n_0
                         CARRY4 (Prop_carry4_S[1]_CO[3])
                                                      0.533     2.813 r  lut_cursor_q_reg[12]_i_856/CO[3]
                         net (fo=1, unplaced)         0.009     2.822    lut_cursor_q_reg[12]_i_856_n_0
                         CARRY4 (Prop_carry4_CI_CO[3])
                                                      0.117     2.939 r  lut_cursor_q_reg[12]_i_855/CO[3]
                         net (fo=1, unplaced)         0.000     2.939    lut_cursor_q_reg[12]_i_855_n_0
                         CARRY4 (Prop_carry4_CI_CO[3])
                                                      0.117     3.056 r  lut_cursor_q_reg[12]_i_749/CO[3]
                         net (fo=1, unplaced)         0.000     3.056    lut_cursor_q_reg[12]_i_749_n_0
                         CARRY4 (Prop_carry4_CI_CO[3])
                                                      0.117     3.173 r  lut_cursor_q_reg[12]_i_748/CO[3]
                         net (fo=1, unplaced)         0.000     3.173    lut_cursor_q_reg[12]_i_748_n_0
                         CARRY4 (Prop_carry4_CI_CO[3])
                                                      0.117     3.290 r  lut_cursor_q_reg[12]_i_608/CO[3]
                         net (fo=1, unplaced)         0.000     3.290    lut_cursor_q_reg[12]_i_608_n_0
                         CARRY4 (Prop_carry4_CI_CO[3])
                                                      0.117     3.407 r  lut_cursor_q_reg[12]_i_590/CO[3]
                         net (fo=1, unplaced)         0.000     3.407    lut_cursor_q_reg[12]_i_590_n_0
                         CARRY4 (Prop_carry4_CI_O[1])
                                                      0.337     3.744 f  lut_cursor_q_reg[12]_i_435/O[1]
                         net (fo=2, unplaced)         0.622     4.366    lut_cursor_q_reg[12]_i_435_n_6
                         LUT4 (Prop_lut4_I1_O)        0.332     4.698 r  lut_cursor_q[12]_i_298/O
                         net (fo=1, unplaced)         0.000     4.698    lut_cursor_q[12]_i_298_n_0
                         CARRY4 (Prop_carry4_DI[0]_CO[3])
                                                      0.576     5.274 r  lut_cursor_q_reg[12]_i_176/CO[3]
                         net (fo=1, unplaced)         0.918     6.192    section_valid_return031_in
                         LUT4 (Prop_lut4_I2_O)        0.124     6.316 f  lut_cursor_q[12]_i_90/O
                         net (fo=1, unplaced)         0.902     7.218    lut_cursor_q[12]_i_90_n_0
                         LUT5 (Prop_lut5_I2_O)        0.124     7.342 f  lut_cursor_q[12]_i_33/O
                         net (fo=1, unplaced)         0.449     7.791    lut_cursor_q[12]_i_33_n_0
                         LUT6 (Prop_lut6_I5_O)        0.124     7.915 f  lut_cursor_q[12]_i_12/O
                         net (fo=1, unplaced)         0.449     8.364    lut_cursor_q[12]_i_12_n_0
                         LUT6 (Prop_lut6_I3_O)        0.124     8.488 f  lut_cursor_q[12]_i_5/O
                         net (fo=4, unplaced)         0.473     8.961    lut_cursor_q[12]_i_5_n_0
                         LUT6 (Prop_lut6_I3_O)        0.124     9.085 r  command_base_o[63]_i_1/O
                         net (fo=672, unplaced)       0.613     9.698    command_base_o[63]_i_1_n_0
                         FDCE                                         r  activation_base_o_reg[16]/CE
  -------------------------------------------------------------------    -------------------

                         (clock core_clk rise edge)
                                                     10.000    10.000 r  <hidden>
                                                      0.000    10.000 r  clk_i
                         net (fo=2225, unset)         0.924    10.924    clk_i
                         FDCE                                         r  activation_base_o_reg[16]/C
                         clock pessimism              0.000    10.924    <hidden>
                         clock uncertainty           -0.035    10.889    <hidden>
                         FDCE (Setup_fdce_C_CE)      -0.169    10.720    activation_base_o_reg[16]
  -------------------------------------------------------------------
                         required time                         10.720    <hidden>
                         arrival time                          -9.698    <hidden>
  -------------------------------------------------------------------
                         slack                                  1.022    <hidden>

Slack (MET) :             1.022ns  (required time - arrival time)
  Source:                 header_q_reg[321]/C
                            (rising edge-triggered cell FDCE clocked by core_clk  {rise@0.000ns fall@5.000ns period=10.000ns})
  Destination:            activation_base_o_reg[17]/CE
                            (rising edge-triggered cell FDCE clocked by core_clk  {rise@0.000ns fall@5.000ns period=10.000ns})
  Path Group:             core_clk
  Path Type:              Setup (Max at Slow Process Corner)
  Requirement:            10.000ns  (core_clk rise@10.000ns - core_clk rise@0.000ns)
  Data Path Delay:        8.725ns  (logic 3.796ns (43.507%)  route 4.929ns (56.493%))
  Logic Levels:           15  (CARRY4=8 LUT2=1 LUT4=2 LUT5=1 LUT6=3)
  Clock Path Skew:        -0.049ns (DCD - SCD + CPR)
    Destination Clock Delay (DCD):    0.924ns = ( 10.924 - 10.000 ) 
    Source Clock Delay      (SCD):    0.973ns
    Clock Pessimism Removal (CPR):    0.000ns
  Clock Uncertainty:      0.035ns  ((TSJ^2 + TIJ^2)^1/2 + DJ) / 2 + PE
    Total System Jitter     (TSJ):    0.071ns
    Total Input Jitter      (TIJ):    0.000ns
    Discrete Jitter          (DJ):    0.000ns
    Phase Error              (PE):    0.000ns

    Location             Delay type                Incr(ns)  Path(ns)    Netlist Resource(s)
  -------------------------------------------------------------------    -------------------
                         (clock core_clk rise edge)
                                                      0.000     0.000 r  <hidden>
                                                      0.000     0.000 r  clk_i
                         net (fo=2225, unset)         0.973     0.973    clk_i
                         FDCE                                         r  header_q_reg[321]/C
  -------------------------------------------------------------------    -------------------
                         FDCE (Prop_fdce_C_Q)         0.518     1.491 r  header_q_reg[321]/Q
                         net (fo=4, unplaced)         0.494     1.985    p_1_in22_in[1]
                         LUT2 (Prop_lut2_I0_O)        0.295     2.280 r  lut_cursor_q[12]_i_929/O
                         net (fo=1, unplaced)         0.000     2.280    lut_cursor_q[12]_i_929_n_0
                         CARRY4 (Prop_carry4_S[1]_CO[3])
                                                      0.533     2.813 r  lut_cursor_q_reg[12]_i_856/CO[3]
                         net (fo=1, unplaced)         0.009     2.822    lut_cursor_q_reg[12]_i_856_n_0
                         CARRY4 (Prop_carry4_CI_CO[3])
                                                      0.117     2.939 r  lut_cursor_q_reg[12]_i_855/CO[3]
                         net (fo=1, unplaced)         0.000     2.939    lut_cursor_q_reg[12]_i_855_n_0
                         CARRY4 (Prop_carry4_CI_CO[3])
                                                      0.117     3.056 r  lut_cursor_q_reg[12]_i_749/CO[3]
                         net (fo=1, unplaced)         0.000     3.056    lut_cursor_q_reg[12]_i_749_n_0
                         CARRY4 (Prop_carry4_CI_CO[3])
                                                      0.117     3.173 r  lut_cursor_q_reg[12]_i_748/CO[3]
                         net (fo=1, unplaced)         0.000     3.173    lut_cursor_q_reg[12]_i_748_n_0
                         CARRY4 (Prop_carry4_CI_CO[3])
                                                      0.117     3.290 r  lut_cursor_q_reg[12]_i_608/CO[3]
                         net (fo=1, unplaced)         0.000     3.290    lut_cursor_q_reg[12]_i_608_n_0
                         CARRY4 (Prop_carry4_CI_CO[3])
                                                      0.117     3.407 r  lut_cursor_q_reg[12]_i_590/CO[3]
                         net (fo=1, unplaced)         0.000     3.407    lut_cursor_q_reg[12]_i_590_n_0
                         CARRY4 (Prop_carry4_CI_O[1])
                                                      0.337     3.744 f  lut_cursor_q_reg[12]_i_435/O[1]
                         net (fo=2, unplaced)         0.622     4.366    lut_cursor_q_reg[12]_i_435_n_6
                         LUT4 (Prop_lut4_I1_O)        0.332     4.698 r  lut_cursor_q[12]_i_298/O
                         net (fo=1, unplaced)         0.000     4.698    lut_cursor_q[12]_i_298_n_0
                         CARRY4 (Prop_carry4_DI[0]_CO[3])
                                                      0.576     5.274 r  lut_cursor_q_reg[12]_i_176/CO[3]
                         net (fo=1, unplaced)         0.918     6.192    section_valid_return031_in
                         LUT4 (Prop_lut4_I2_O)        0.124     6.316 f  lut_cursor_q[12]_i_90/O
                         net (fo=1, unplaced)         0.902     7.218    lut_cursor_q[12]_i_90_n_0
                         LUT5 (Prop_lut5_I2_O)        0.124     7.342 f  lut_cursor_q[12]_i_33/O
                         net (fo=1, unplaced)         0.449     7.791    lut_cursor_q[12]_i_33_n_0
                         LUT6 (Prop_lut6_I5_O)        0.124     7.915 f  lut_cursor_q[12]_i_12/O
                         net (fo=1, unplaced)         0.449     8.364    lut_cursor_q[12]_i_12_n_0
                         LUT6 (Prop_lut6_I3_O)        0.124     8.488 f  lut_cursor_q[12]_i_5/O
                         net (fo=4, unplaced)         0.473     8.961    lut_cursor_q[12]_i_5_n_0
                         LUT6 (Prop_lut6_I3_O)        0.124     9.085 r  command_base_o[63]_i_1/O
                         net (fo=672, unplaced)       0.613     9.698    command_base_o[63]_i_1_n_0
                         FDCE                                         r  activation_base_o_reg[17]/CE
  -------------------------------------------------------------------    -------------------

                         (clock core_clk rise edge)
                                                     10.000    10.000 r  <hidden>
                                                      0.000    10.000 r  clk_i
                         net (fo=2225, unset)         0.924    10.924    clk_i
                         FDCE                                         r  activation_base_o_reg[17]/C
                         clock pessimism              0.000    10.924    <hidden>
                         clock uncertainty           -0.035    10.889    <hidden>
                         FDCE (Setup_fdce_C_CE)      -0.169    10.720    activation_base_o_reg[17]
  -------------------------------------------------------------------
                         required time                         10.720    <hidden>
                         arrival time                          -9.698    <hidden>
  -------------------------------------------------------------------
                         slack                                  1.022    <hidden>

Slack (MET) :             1.022ns  (required time - arrival time)
  Source:                 header_q_reg[321]/C
                            (rising edge-triggered cell FDCE clocked by core_clk  {rise@0.000ns fall@5.000ns period=10.000ns})
  Destination:            activation_base_o_reg[18]/CE
                            (rising edge-triggered cell FDCE clocked by core_clk  {rise@0.000ns fall@5.000ns period=10.000ns})
  Path Group:             core_clk
  Path Type:              Setup (Max at Slow Process Corner)
  Requirement:            10.000ns  (core_clk rise@10.000ns - core_clk rise@0.000ns)
  Data Path Delay:        8.725ns  (logic 3.796ns (43.507%)  route 4.929ns (56.493%))
  Logic Levels:           15  (CARRY4=8 LUT2=1 LUT4=2 LUT5=1 LUT6=3)
  Clock Path Skew:        -0.049ns (DCD - SCD + CPR)
    Destination Clock Delay (DCD):    0.924ns = ( 10.924 - 10.000 ) 
    Source Clock Delay      (SCD):    0.973ns
    Clock Pessimism Removal (CPR):    0.000ns
  Clock Uncertainty:      0.035ns  ((TSJ^2 + TIJ^2)^1/2 + DJ) / 2 + PE
    Total System Jitter     (TSJ):    0.071ns
    Total Input Jitter      (TIJ):    0.000ns
    Discrete Jitter          (DJ):    0.000ns
    Phase Error              (PE):    0.000ns

    Location             Delay type                Incr(ns)  Path(ns)    Netlist Resource(s)
  -------------------------------------------------------------------    -------------------
                         (clock core_clk rise edge)
                                                      0.000     0.000 r  <hidden>
                                                      0.000     0.000 r  clk_i
                         net (fo=2225, unset)         0.973     0.973    clk_i
                         FDCE                                         r  header_q_reg[321]/C
  -------------------------------------------------------------------    -------------------
                         FDCE (Prop_fdce_C_Q)         0.518     1.491 r  header_q_reg[321]/Q
                         net (fo=4, unplaced)         0.494     1.985    p_1_in22_in[1]
                         LUT2 (Prop_lut2_I0_O)        0.295     2.280 r  lut_cursor_q[12]_i_929/O
                         net (fo=1, unplaced)         0.000     2.280    lut_cursor_q[12]_i_929_n_0
                         CARRY4 (Prop_carry4_S[1]_CO[3])
                                                      0.533     2.813 r  lut_cursor_q_reg[12]_i_856/CO[3]
                         net (fo=1, unplaced)         0.009     2.822    lut_cursor_q_reg[12]_i_856_n_0
                         CARRY4 (Prop_carry4_CI_CO[3])
                                                      0.117     2.939 r  lut_cursor_q_reg[12]_i_855/CO[3]
                         net (fo=1, unplaced)         0.000     2.939    lut_cursor_q_reg[12]_i_855_n_0
                         CARRY4 (Prop_carry4_CI_CO[3])
                                                      0.117     3.056 r  lut_cursor_q_reg[12]_i_749/CO[3]
                         net (fo=1, unplaced)         0.000     3.056    lut_cursor_q_reg[12]_i_749_n_0
                         CARRY4 (Prop_carry4_CI_CO[3])
                                                      0.117     3.173 r  lut_cursor_q_reg[12]_i_748/CO[3]
                         net (fo=1, unplaced)         0.000     3.173    lut_cursor_q_reg[12]_i_748_n_0
                         CARRY4 (Prop_carry4_CI_CO[3])
                                                      0.117     3.290 r  lut_cursor_q_reg[12]_i_608/CO[3]
                         net (fo=1, unplaced)         0.000     3.290    lut_cursor_q_reg[12]_i_608_n_0
                         CARRY4 (Prop_carry4_CI_CO[3])
                                                      0.117     3.407 r  lut_cursor_q_reg[12]_i_590/CO[3]
                         net (fo=1, unplaced)         0.000     3.407    lut_cursor_q_reg[12]_i_590_n_0
                         CARRY4 (Prop_carry4_CI_O[1])
                                                      0.337     3.744 f  lut_cursor_q_reg[12]_i_435/O[1]
                         net (fo=2, unplaced)         0.622     4.366    lut_cursor_q_reg[12]_i_435_n_6
                         LUT4 (Prop_lut4_I1_O)        0.332     4.698 r  lut_cursor_q[12]_i_298/O
                         net (fo=1, unplaced)         0.000     4.698    lut_cursor_q[12]_i_298_n_0
                         CARRY4 (Prop_carry4_DI[0]_CO[3])
                                                      0.576     5.274 r  lut_cursor_q_reg[12]_i_176/CO[3]
                         net (fo=1, unplaced)         0.918     6.192    section_valid_return031_in
                         LUT4 (Prop_lut4_I2_O)        0.124     6.316 f  lut_cursor_q[12]_i_90/O
                         net (fo=1, unplaced)         0.902     7.218    lut_cursor_q[12]_i_90_n_0
                         LUT5 (Prop_lut5_I2_O)        0.124     7.342 f  lut_cursor_q[12]_i_33/O
                         net (fo=1, unplaced)         0.449     7.791    lut_cursor_q[12]_i_33_n_0
                         LUT6 (Prop_lut6_I5_O)        0.124     7.915 f  lut_cursor_q[12]_i_12/O
                         net (fo=1, unplaced)         0.449     8.364    lut_cursor_q[12]_i_12_n_0
                         LUT6 (Prop_lut6_I3_O)        0.124     8.488 f  lut_cursor_q[12]_i_5/O
                         net (fo=4, unplaced)         0.473     8.961    lut_cursor_q[12]_i_5_n_0
                         LUT6 (Prop_lut6_I3_O)        0.124     9.085 r  command_base_o[63]_i_1/O
                         net (fo=672, unplaced)       0.613     9.698    command_base_o[63]_i_1_n_0
                         FDCE                                         r  activation_base_o_reg[18]/CE
  -------------------------------------------------------------------    -------------------

                         (clock core_clk rise edge)
                                                     10.000    10.000 r  <hidden>
                                                      0.000    10.000 r  clk_i
                         net (fo=2225, unset)         0.924    10.924    clk_i
                         FDCE                                         r  activation_base_o_reg[18]/C
                         clock pessimism              0.000    10.924    <hidden>
                         clock uncertainty           -0.035    10.889    <hidden>
                         FDCE (Setup_fdce_C_CE)      -0.169    10.720    activation_base_o_reg[18]
  -------------------------------------------------------------------
                         required time                         10.720    <hidden>
                         arrival time                          -9.698    <hidden>
  -------------------------------------------------------------------
                         slack                                  1.022    <hidden>

Slack (MET) :             1.022ns  (required time - arrival time)
  Source:                 header_q_reg[321]/C
                            (rising edge-triggered cell FDCE clocked by core_clk  {rise@0.000ns fall@5.000ns period=10.000ns})
  Destination:            activation_base_o_reg[19]/CE
                            (rising edge-triggered cell FDCE clocked by core_clk  {rise@0.000ns fall@5.000ns period=10.000ns})
  Path Group:             core_clk
  Path Type:              Setup (Max at Slow Process Corner)
  Requirement:            10.000ns  (core_clk rise@10.000ns - core_clk rise@0.000ns)
  Data Path Delay:        8.725ns  (logic 3.796ns (43.507%)  route 4.929ns (56.493%))
  Logic Levels:           15  (CARRY4=8 LUT2=1 LUT4=2 LUT5=1 LUT6=3)
  Clock Path Skew:        -0.049ns (DCD - SCD + CPR)
    Destination Clock Delay (DCD):    0.924ns = ( 10.924 - 10.000 ) 
    Source Clock Delay      (SCD):    0.973ns
    Clock Pessimism Removal (CPR):    0.000ns
  Clock Uncertainty:      0.035ns  ((TSJ^2 + TIJ^2)^1/2 + DJ) / 2 + PE
    Total System Jitter     (TSJ):    0.071ns
    Total Input Jitter      (TIJ):    0.000ns
    Discrete Jitter          (DJ):    0.000ns
    Phase Error              (PE):    0.000ns

    Location             Delay type                Incr(ns)  Path(ns)    Netlist Resource(s)
  -------------------------------------------------------------------    -------------------
                         (clock core_clk rise edge)
                                                      0.000     0.000 r  <hidden>
                                                      0.000     0.000 r  clk_i
                         net (fo=2225, unset)         0.973     0.973    clk_i
                         FDCE                                         r  header_q_reg[321]/C
  -------------------------------------------------------------------    -------------------
                         FDCE (Prop_fdce_C_Q)         0.518     1.491 r  header_q_reg[321]/Q
                         net (fo=4, unplaced)         0.494     1.985    p_1_in22_in[1]
                         LUT2 (Prop_lut2_I0_O)        0.295     2.280 r  lut_cursor_q[12]_i_929/O
                         net (fo=1, unplaced)         0.000     2.280    lut_cursor_q[12]_i_929_n_0
                         CARRY4 (Prop_carry4_S[1]_CO[3])
                                                      0.533     2.813 r  lut_cursor_q_reg[12]_i_856/CO[3]
                         net (fo=1, unplaced)         0.009     2.822    lut_cursor_q_reg[12]_i_856_n_0
                         CARRY4 (Prop_carry4_CI_CO[3])
                                                      0.117     2.939 r  lut_cursor_q_reg[12]_i_855/CO[3]
                         net (fo=1, unplaced)         0.000     2.939    lut_cursor_q_reg[12]_i_855_n_0
                         CARRY4 (Prop_carry4_CI_CO[3])
                                                      0.117     3.056 r  lut_cursor_q_reg[12]_i_749/CO[3]
                         net (fo=1, unplaced)         0.000     3.056    lut_cursor_q_reg[12]_i_749_n_0
                         CARRY4 (Prop_carry4_CI_CO[3])
                                                      0.117     3.173 r  lut_cursor_q_reg[12]_i_748/CO[3]
                         net (fo=1, unplaced)         0.000     3.173    lut_cursor_q_reg[12]_i_748_n_0
                         CARRY4 (Prop_carry4_CI_CO[3])
                                                      0.117     3.290 r  lut_cursor_q_reg[12]_i_608/CO[3]
                         net (fo=1, unplaced)         0.000     3.290    lut_cursor_q_reg[12]_i_608_n_0
                         CARRY4 (Prop_carry4_CI_CO[3])
                                                      0.117     3.407 r  lut_cursor_q_reg[12]_i_590/CO[3]
                         net (fo=1, unplaced)         0.000     3.407    lut_cursor_q_reg[12]_i_590_n_0
                         CARRY4 (Prop_carry4_CI_O[1])
                                                      0.337     3.744 f  lut_cursor_q_reg[12]_i_435/O[1]
                         net (fo=2, unplaced)         0.622     4.366    lut_cursor_q_reg[12]_i_435_n_6
                         LUT4 (Prop_lut4_I1_O)        0.332     4.698 r  lut_cursor_q[12]_i_298/O
                         net (fo=1, unplaced)         0.000     4.698    lut_cursor_q[12]_i_298_n_0
                         CARRY4 (Prop_carry4_DI[0]_CO[3])
                                                      0.576     5.274 r  lut_cursor_q_reg[12]_i_176/CO[3]
                         net (fo=1, unplaced)         0.918     6.192    section_valid_return031_in
                         LUT4 (Prop_lut4_I2_O)        0.124     6.316 f  lut_cursor_q[12]_i_90/O
                         net (fo=1, unplaced)         0.902     7.218    lut_cursor_q[12]_i_90_n_0
                         LUT5 (Prop_lut5_I2_O)        0.124     7.342 f  lut_cursor_q[12]_i_33/O
                         net (fo=1, unplaced)         0.449     7.791    lut_cursor_q[12]_i_33_n_0
                         LUT6 (Prop_lut6_I5_O)        0.124     7.915 f  lut_cursor_q[12]_i_12/O
                         net (fo=1, unplaced)         0.449     8.364    lut_cursor_q[12]_i_12_n_0
                         LUT6 (Prop_lut6_I3_O)        0.124     8.488 f  lut_cursor_q[12]_i_5/O
                         net (fo=4, unplaced)         0.473     8.961    lut_cursor_q[12]_i_5_n_0
                         LUT6 (Prop_lut6_I3_O)        0.124     9.085 r  command_base_o[63]_i_1/O
                         net (fo=672, unplaced)       0.613     9.698    command_base_o[63]_i_1_n_0
                         FDCE                                         r  activation_base_o_reg[19]/CE
  -------------------------------------------------------------------    -------------------

                         (clock core_clk rise edge)
                                                     10.000    10.000 r  <hidden>
                                                      0.000    10.000 r  clk_i
                         net (fo=2225, unset)         0.924    10.924    clk_i
                         FDCE                                         r  activation_base_o_reg[19]/C
                         clock pessimism              0.000    10.924    <hidden>
                         clock uncertainty           -0.035    10.889    <hidden>
                         FDCE (Setup_fdce_C_CE)      -0.169    10.720    activation_base_o_reg[19]
  -------------------------------------------------------------------
                         required time                         10.720    <hidden>
                         arrival time                          -9.698    <hidden>
  -------------------------------------------------------------------
                         slack                                  1.022    <hidden>

Slack (MET) :             1.022ns  (required time - arrival time)
  Source:                 header_q_reg[321]/C
                            (rising edge-triggered cell FDCE clocked by core_clk  {rise@0.000ns fall@5.000ns period=10.000ns})
  Destination:            activation_base_o_reg[1]/CE
                            (rising edge-triggered cell FDCE clocked by core_clk  {rise@0.000ns fall@5.000ns period=10.000ns})
  Path Group:             core_clk
  Path Type:              Setup (Max at Slow Process Corner)
  Requirement:            10.000ns  (core_clk rise@10.000ns - core_clk rise@0.000ns)
  Data Path Delay:        8.725ns  (logic 3.796ns (43.507%)  route 4.929ns (56.493%))
  Logic Levels:           15  (CARRY4=8 LUT2=1 LUT4=2 LUT5=1 LUT6=3)
  Clock Path Skew:        -0.049ns (DCD - SCD + CPR)
    Destination Clock Delay (DCD):    0.924ns = ( 10.924 - 10.000 ) 
    Source Clock Delay      (SCD):    0.973ns
    Clock Pessimism Removal (CPR):    0.000ns
  Clock Uncertainty:      0.035ns  ((TSJ^2 + TIJ^2)^1/2 + DJ) / 2 + PE
    Total System Jitter     (TSJ):    0.071ns
    Total Input Jitter      (TIJ):    0.000ns
    Discrete Jitter          (DJ):    0.000ns
    Phase Error              (PE):    0.000ns

    Location             Delay type                Incr(ns)  Path(ns)    Netlist Resource(s)
  -------------------------------------------------------------------    -------------------
                         (clock core_clk rise edge)
                                                      0.000     0.000 r  <hidden>
                                                      0.000     0.000 r  clk_i
                         net (fo=2225, unset)         0.973     0.973    clk_i
                         FDCE                                         r  header_q_reg[321]/C
  -------------------------------------------------------------------    -------------------
                         FDCE (Prop_fdce_C_Q)         0.518     1.491 r  header_q_reg[321]/Q
                         net (fo=4, unplaced)         0.494     1.985    p_1_in22_in[1]
                         LUT2 (Prop_lut2_I0_O)        0.295     2.280 r  lut_cursor_q[12]_i_929/O
                         net (fo=1, unplaced)         0.000     2.280    lut_cursor_q[12]_i_929_n_0
                         CARRY4 (Prop_carry4_S[1]_CO[3])
                                                      0.533     2.813 r  lut_cursor_q_reg[12]_i_856/CO[3]
                         net (fo=1, unplaced)         0.009     2.822    lut_cursor_q_reg[12]_i_856_n_0
                         CARRY4 (Prop_carry4_CI_CO[3])
                                                      0.117     2.939 r  lut_cursor_q_reg[12]_i_855/CO[3]
                         net (fo=1, unplaced)         0.000     2.939    lut_cursor_q_reg[12]_i_855_n_0
                         CARRY4 (Prop_carry4_CI_CO[3])
                                                      0.117     3.056 r  lut_cursor_q_reg[12]_i_749/CO[3]
                         net (fo=1, unplaced)         0.000     3.056    lut_cursor_q_reg[12]_i_749_n_0
                         CARRY4 (Prop_carry4_CI_CO[3])
                                                      0.117     3.173 r  lut_cursor_q_reg[12]_i_748/CO[3]
                         net (fo=1, unplaced)         0.000     3.173    lut_cursor_q_reg[12]_i_748_n_0
                         CARRY4 (Prop_carry4_CI_CO[3])
                                                      0.117     3.290 r  lut_cursor_q_reg[12]_i_608/CO[3]
                         net (fo=1, unplaced)         0.000     3.290    lut_cursor_q_reg[12]_i_608_n_0
                         CARRY4 (Prop_carry4_CI_CO[3])
                                                      0.117     3.407 r  lut_cursor_q_reg[12]_i_590/CO[3]
                         net (fo=1, unplaced)         0.000     3.407    lut_cursor_q_reg[12]_i_590_n_0
                         CARRY4 (Prop_carry4_CI_O[1])
                                                      0.337     3.744 f  lut_cursor_q_reg[12]_i_435/O[1]
                         net (fo=2, unplaced)         0.622     4.366    lut_cursor_q_reg[12]_i_435_n_6
                         LUT4 (Prop_lut4_I1_O)        0.332     4.698 r  lut_cursor_q[12]_i_298/O
                         net (fo=1, unplaced)         0.000     4.698    lut_cursor_q[12]_i_298_n_0
                         CARRY4 (Prop_carry4_DI[0]_CO[3])
                                                      0.576     5.274 r  lut_cursor_q_reg[12]_i_176/CO[3]
                         net (fo=1, unplaced)         0.918     6.192    section_valid_return031_in
                         LUT4 (Prop_lut4_I2_O)        0.124     6.316 f  lut_cursor_q[12]_i_90/O
                         net (fo=1, unplaced)         0.902     7.218    lut_cursor_q[12]_i_90_n_0
                         LUT5 (Prop_lut5_I2_O)        0.124     7.342 f  lut_cursor_q[12]_i_33/O
                         net (fo=1, unplaced)         0.449     7.791    lut_cursor_q[12]_i_33_n_0
                         LUT6 (Prop_lut6_I5_O)        0.124     7.915 f  lut_cursor_q[12]_i_12/O
                         net (fo=1, unplaced)         0.449     8.364    lut_cursor_q[12]_i_12_n_0
                         LUT6 (Prop_lut6_I3_O)        0.124     8.488 f  lut_cursor_q[12]_i_5/O
                         net (fo=4, unplaced)         0.473     8.961    lut_cursor_q[12]_i_5_n_0
                         LUT6 (Prop_lut6_I3_O)        0.124     9.085 r  command_base_o[63]_i_1/O
                         net (fo=672, unplaced)       0.613     9.698    command_base_o[63]_i_1_n_0
                         FDCE                                         r  activation_base_o_reg[1]/CE
  -------------------------------------------------------------------    -------------------

                         (clock core_clk rise edge)
                                                     10.000    10.000 r  <hidden>
                                                      0.000    10.000 r  clk_i
                         net (fo=2225, unset)         0.924    10.924    clk_i
                         FDCE                                         r  activation_base_o_reg[1]/C
                         clock pessimism              0.000    10.924    <hidden>
                         clock uncertainty           -0.035    10.889    <hidden>
                         FDCE (Setup_fdce_C_CE)      -0.169    10.720    activation_base_o_reg[1]
  -------------------------------------------------------------------
                         required time                         10.720    <hidden>
                         arrival time                          -9.698    <hidden>
  -------------------------------------------------------------------
                         slack                                  1.022    <hidden>

Slack (MET) :             1.022ns  (required time - arrival time)
  Source:                 header_q_reg[321]/C
                            (rising edge-triggered cell FDCE clocked by core_clk  {rise@0.000ns fall@5.000ns period=10.000ns})
  Destination:            activation_base_o_reg[20]/CE
                            (rising edge-triggered cell FDCE clocked by core_clk  {rise@0.000ns fall@5.000ns period=10.000ns})
  Path Group:             core_clk
  Path Type:              Setup (Max at Slow Process Corner)
  Requirement:            10.000ns  (core_clk rise@10.000ns - core_clk rise@0.000ns)
  Data Path Delay:        8.725ns  (logic 3.796ns (43.507%)  route 4.929ns (56.493%))
  Logic Levels:           15  (CARRY4=8 LUT2=1 LUT4=2 LUT5=1 LUT6=3)
  Clock Path Skew:        -0.049ns (DCD - SCD + CPR)
    Destination Clock Delay (DCD):    0.924ns = ( 10.924 - 10.000 ) 
    Source Clock Delay      (SCD):    0.973ns
    Clock Pessimism Removal (CPR):    0.000ns
  Clock Uncertainty:      0.035ns  ((TSJ^2 + TIJ^2)^1/2 + DJ) / 2 + PE
    Total System Jitter     (TSJ):    0.071ns
    Total Input Jitter      (TIJ):    0.000ns
    Discrete Jitter          (DJ):    0.000ns
    Phase Error              (PE):    0.000ns

    Location             Delay type                Incr(ns)  Path(ns)    Netlist Resource(s)
  -------------------------------------------------------------------    -------------------
                         (clock core_clk rise edge)
                                                      0.000     0.000 r  <hidden>
                                                      0.000     0.000 r  clk_i
                         net (fo=2225, unset)         0.973     0.973    clk_i
                         FDCE                                         r  header_q_reg[321]/C
  -------------------------------------------------------------------    -------------------
                         FDCE (Prop_fdce_C_Q)         0.518     1.491 r  header_q_reg[321]/Q
                         net (fo=4, unplaced)         0.494     1.985    p_1_in22_in[1]
                         LUT2 (Prop_lut2_I0_O)        0.295     2.280 r  lut_cursor_q[12]_i_929/O
                         net (fo=1, unplaced)         0.000     2.280    lut_cursor_q[12]_i_929_n_0
                         CARRY4 (Prop_carry4_S[1]_CO[3])
                                                      0.533     2.813 r  lut_cursor_q_reg[12]_i_856/CO[3]
                         net (fo=1, unplaced)         0.009     2.822    lut_cursor_q_reg[12]_i_856_n_0
                         CARRY4 (Prop_carry4_CI_CO[3])
                                                      0.117     2.939 r  lut_cursor_q_reg[12]_i_855/CO[3]
                         net (fo=1, unplaced)         0.000     2.939    lut_cursor_q_reg[12]_i_855_n_0
                         CARRY4 (Prop_carry4_CI_CO[3])
                                                      0.117     3.056 r  lut_cursor_q_reg[12]_i_749/CO[3]
                         net (fo=1, unplaced)         0.000     3.056    lut_cursor_q_reg[12]_i_749_n_0
                         CARRY4 (Prop_carry4_CI_CO[3])
                                                      0.117     3.173 r  lut_cursor_q_reg[12]_i_748/CO[3]
                         net (fo=1, unplaced)         0.000     3.173    lut_cursor_q_reg[12]_i_748_n_0
                         CARRY4 (Prop_carry4_CI_CO[3])
                                                      0.117     3.290 r  lut_cursor_q_reg[12]_i_608/CO[3]
                         net (fo=1, unplaced)         0.000     3.290    lut_cursor_q_reg[12]_i_608_n_0
                         CARRY4 (Prop_carry4_CI_CO[3])
                                                      0.117     3.407 r  lut_cursor_q_reg[12]_i_590/CO[3]
                         net (fo=1, unplaced)         0.000     3.407    lut_cursor_q_reg[12]_i_590_n_0
                         CARRY4 (Prop_carry4_CI_O[1])
                                                      0.337     3.744 f  lut_cursor_q_reg[12]_i_435/O[1]
                         net (fo=2, unplaced)         0.622     4.366    lut_cursor_q_reg[12]_i_435_n_6
                         LUT4 (Prop_lut4_I1_O)        0.332     4.698 r  lut_cursor_q[12]_i_298/O
                         net (fo=1, unplaced)         0.000     4.698    lut_cursor_q[12]_i_298_n_0
                         CARRY4 (Prop_carry4_DI[0]_CO[3])
                                                      0.576     5.274 r  lut_cursor_q_reg[12]_i_176/CO[3]
                         net (fo=1, unplaced)         0.918     6.192    section_valid_return031_in
                         LUT4 (Prop_lut4_I2_O)        0.124     6.316 f  lut_cursor_q[12]_i_90/O
                         net (fo=1, unplaced)         0.902     7.218    lut_cursor_q[12]_i_90_n_0
                         LUT5 (Prop_lut5_I2_O)        0.124     7.342 f  lut_cursor_q[12]_i_33/O
                         net (fo=1, unplaced)         0.449     7.791    lut_cursor_q[12]_i_33_n_0
                         LUT6 (Prop_lut6_I5_O)        0.124     7.915 f  lut_cursor_q[12]_i_12/O
                         net (fo=1, unplaced)         0.449     8.364    lut_cursor_q[12]_i_12_n_0
                         LUT6 (Prop_lut6_I3_O)        0.124     8.488 f  lut_cursor_q[12]_i_5/O
                         net (fo=4, unplaced)         0.473     8.961    lut_cursor_q[12]_i_5_n_0
                         LUT6 (Prop_lut6_I3_O)        0.124     9.085 r  command_base_o[63]_i_1/O
                         net (fo=672, unplaced)       0.613     9.698    command_base_o[63]_i_1_n_0
                         FDCE                                         r  activation_base_o_reg[20]/CE
  -------------------------------------------------------------------    -------------------

                         (clock core_clk rise edge)
                                                     10.000    10.000 r  <hidden>
                                                      0.000    10.000 r  clk_i
                         net (fo=2225, unset)         0.924    10.924    clk_i
                         FDCE                                         r  activation_base_o_reg[20]/C
                         clock pessimism              0.000    10.924    <hidden>
                         clock uncertainty           -0.035    10.889    <hidden>
                         FDCE (Setup_fdce_C_CE)      -0.169    10.720    activation_base_o_reg[20]
  -------------------------------------------------------------------
                         required time                         10.720    <hidden>
                         arrival time                          -9.698    <hidden>
  -------------------------------------------------------------------
                         slack                                  1.022    <hidden>

Slack (MET) :             1.022ns  (required time - arrival time)
  Source:                 header_q_reg[321]/C
                            (rising edge-triggered cell FDCE clocked by core_clk  {rise@0.000ns fall@5.000ns period=10.000ns})
  Destination:            activation_base_o_reg[21]/CE
                            (rising edge-triggered cell FDCE clocked by core_clk  {rise@0.000ns fall@5.000ns period=10.000ns})
  Path Group:             core_clk
  Path Type:              Setup (Max at Slow Process Corner)
  Requirement:            10.000ns  (core_clk rise@10.000ns - core_clk rise@0.000ns)
  Data Path Delay:        8.725ns  (logic 3.796ns (43.507%)  route 4.929ns (56.493%))
  Logic Levels:           15  (CARRY4=8 LUT2=1 LUT4=2 LUT5=1 LUT6=3)
  Clock Path Skew:        -0.049ns (DCD - SCD + CPR)
    Destination Clock Delay (DCD):    0.924ns = ( 10.924 - 10.000 ) 
    Source Clock Delay      (SCD):    0.973ns
    Clock Pessimism Removal (CPR):    0.000ns
  Clock Uncertainty:      0.035ns  ((TSJ^2 + TIJ^2)^1/2 + DJ) / 2 + PE
    Total System Jitter     (TSJ):    0.071ns
    Total Input Jitter      (TIJ):    0.000ns
    Discrete Jitter          (DJ):    0.000ns
    Phase Error              (PE):    0.000ns

    Location             Delay type                Incr(ns)  Path(ns)    Netlist Resource(s)
  -------------------------------------------------------------------    -------------------
                         (clock core_clk rise edge)
                                                      0.000     0.000 r  <hidden>
                                                      0.000     0.000 r  clk_i
                         net (fo=2225, unset)         0.973     0.973    clk_i
                         FDCE                                         r  header_q_reg[321]/C
  -------------------------------------------------------------------    -------------------
                         FDCE (Prop_fdce_C_Q)         0.518     1.491 r  header_q_reg[321]/Q
                         net (fo=4, unplaced)         0.494     1.985    p_1_in22_in[1]
                         LUT2 (Prop_lut2_I0_O)        0.295     2.280 r  lut_cursor_q[12]_i_929/O
                         net (fo=1, unplaced)         0.000     2.280    lut_cursor_q[12]_i_929_n_0
                         CARRY4 (Prop_carry4_S[1]_CO[3])
                                                      0.533     2.813 r  lut_cursor_q_reg[12]_i_856/CO[3]
                         net (fo=1, unplaced)         0.009     2.822    lut_cursor_q_reg[12]_i_856_n_0
                         CARRY4 (Prop_carry4_CI_CO[3])
                                                      0.117     2.939 r  lut_cursor_q_reg[12]_i_855/CO[3]
                         net (fo=1, unplaced)         0.000     2.939    lut_cursor_q_reg[12]_i_855_n_0
                         CARRY4 (Prop_carry4_CI_CO[3])
                                                      0.117     3.056 r  lut_cursor_q_reg[12]_i_749/CO[3]
                         net (fo=1, unplaced)         0.000     3.056    lut_cursor_q_reg[12]_i_749_n_0
                         CARRY4 (Prop_carry4_CI_CO[3])
                                                      0.117     3.173 r  lut_cursor_q_reg[12]_i_748/CO[3]
                         net (fo=1, unplaced)         0.000     3.173    lut_cursor_q_reg[12]_i_748_n_0
                         CARRY4 (Prop_carry4_CI_CO[3])
                                                      0.117     3.290 r  lut_cursor_q_reg[12]_i_608/CO[3]
                         net (fo=1, unplaced)         0.000     3.290    lut_cursor_q_reg[12]_i_608_n_0
                         CARRY4 (Prop_carry4_CI_CO[3])
                                                      0.117     3.407 r  lut_cursor_q_reg[12]_i_590/CO[3]
                         net (fo=1, unplaced)         0.000     3.407    lut_cursor_q_reg[12]_i_590_n_0
                         CARRY4 (Prop_carry4_CI_O[1])
                                                      0.337     3.744 f  lut_cursor_q_reg[12]_i_435/O[1]
                         net (fo=2, unplaced)         0.622     4.366    lut_cursor_q_reg[12]_i_435_n_6
                         LUT4 (Prop_lut4_I1_O)        0.332     4.698 r  lut_cursor_q[12]_i_298/O
                         net (fo=1, unplaced)         0.000     4.698    lut_cursor_q[12]_i_298_n_0
                         CARRY4 (Prop_carry4_DI[0]_CO[3])
                                                      0.576     5.274 r  lut_cursor_q_reg[12]_i_176/CO[3]
                         net (fo=1, unplaced)         0.918     6.192    section_valid_return031_in
                         LUT4 (Prop_lut4_I2_O)        0.124     6.316 f  lut_cursor_q[12]_i_90/O
                         net (fo=1, unplaced)         0.902     7.218    lut_cursor_q[12]_i_90_n_0
                         LUT5 (Prop_lut5_I2_O)        0.124     7.342 f  lut_cursor_q[12]_i_33/O
                         net (fo=1, unplaced)         0.449     7.791    lut_cursor_q[12]_i_33_n_0
                         LUT6 (Prop_lut6_I5_O)        0.124     7.915 f  lut_cursor_q[12]_i_12/O
                         net (fo=1, unplaced)         0.449     8.364    lut_cursor_q[12]_i_12_n_0
                         LUT6 (Prop_lut6_I3_O)        0.124     8.488 f  lut_cursor_q[12]_i_5/O
                         net (fo=4, unplaced)         0.473     8.961    lut_cursor_q[12]_i_5_n_0
                         LUT6 (Prop_lut6_I3_O)        0.124     9.085 r  command_base_o[63]_i_1/O
                         net (fo=672, unplaced)       0.613     9.698    command_base_o[63]_i_1_n_0
                         FDCE                                         r  activation_base_o_reg[21]/CE
  -------------------------------------------------------------------    -------------------

                         (clock core_clk rise edge)
                                                     10.000    10.000 r  <hidden>
                                                      0.000    10.000 r  clk_i
                         net (fo=2225, unset)         0.924    10.924    clk_i
                         FDCE                                         r  activation_base_o_reg[21]/C
                         clock pessimism              0.000    10.924    <hidden>
                         clock uncertainty           -0.035    10.889    <hidden>
                         FDCE (Setup_fdce_C_CE)      -0.169    10.720    activation_base_o_reg[21]
  -------------------------------------------------------------------
                         required time                         10.720    <hidden>
                         arrival time                          -9.698    <hidden>
  -------------------------------------------------------------------
                         slack                                  1.022    <hidden>

Slack (MET) :             1.022ns  (required time - arrival time)
  Source:                 header_q_reg[321]/C
                            (rising edge-triggered cell FDCE clocked by core_clk  {rise@0.000ns fall@5.000ns period=10.000ns})
  Destination:            activation_base_o_reg[22]/CE
                            (rising edge-triggered cell FDCE clocked by core_clk  {rise@0.000ns fall@5.000ns period=10.000ns})
  Path Group:             core_clk
  Path Type:              Setup (Max at Slow Process Corner)
  Requirement:            10.000ns  (core_clk rise@10.000ns - core_clk rise@0.000ns)
  Data Path Delay:        8.725ns  (logic 3.796ns (43.507%)  route 4.929ns (56.493%))
  Logic Levels:           15  (CARRY4=8 LUT2=1 LUT4=2 LUT5=1 LUT6=3)
  Clock Path Skew:        -0.049ns (DCD - SCD + CPR)
    Destination Clock Delay (DCD):    0.924ns = ( 10.924 - 10.000 ) 
    Source Clock Delay      (SCD):    0.973ns
    Clock Pessimism Removal (CPR):    0.000ns
  Clock Uncertainty:      0.035ns  ((TSJ^2 + TIJ^2)^1/2 + DJ) / 2 + PE
    Total System Jitter     (TSJ):    0.071ns
    Total Input Jitter      (TIJ):    0.000ns
    Discrete Jitter          (DJ):    0.000ns
    Phase Error              (PE):    0.000ns

    Location             Delay type                Incr(ns)  Path(ns)    Netlist Resource(s)
  -------------------------------------------------------------------    -------------------
                         (clock core_clk rise edge)
                                                      0.000     0.000 r  <hidden>
                                                      0.000     0.000 r  clk_i
                         net (fo=2225, unset)         0.973     0.973    clk_i
                         FDCE                                         r  header_q_reg[321]/C
  -------------------------------------------------------------------    -------------------
                         FDCE (Prop_fdce_C_Q)         0.518     1.491 r  header_q_reg[321]/Q
                         net (fo=4, unplaced)         0.494     1.985    p_1_in22_in[1]
                         LUT2 (Prop_lut2_I0_O)        0.295     2.280 r  lut_cursor_q[12]_i_929/O
                         net (fo=1, unplaced)         0.000     2.280    lut_cursor_q[12]_i_929_n_0
                         CARRY4 (Prop_carry4_S[1]_CO[3])
                                                      0.533     2.813 r  lut_cursor_q_reg[12]_i_856/CO[3]
                         net (fo=1, unplaced)         0.009     2.822    lut_cursor_q_reg[12]_i_856_n_0
                         CARRY4 (Prop_carry4_CI_CO[3])
                                                      0.117     2.939 r  lut_cursor_q_reg[12]_i_855/CO[3]
                         net (fo=1, unplaced)         0.000     2.939    lut_cursor_q_reg[12]_i_855_n_0
                         CARRY4 (Prop_carry4_CI_CO[3])
                                                      0.117     3.056 r  lut_cursor_q_reg[12]_i_749/CO[3]
                         net (fo=1, unplaced)         0.000     3.056    lut_cursor_q_reg[12]_i_749_n_0
                         CARRY4 (Prop_carry4_CI_CO[3])
                                                      0.117     3.173 r  lut_cursor_q_reg[12]_i_748/CO[3]
                         net (fo=1, unplaced)         0.000     3.173    lut_cursor_q_reg[12]_i_748_n_0
                         CARRY4 (Prop_carry4_CI_CO[3])
                                                      0.117     3.290 r  lut_cursor_q_reg[12]_i_608/CO[3]
                         net (fo=1, unplaced)         0.000     3.290    lut_cursor_q_reg[12]_i_608_n_0
                         CARRY4 (Prop_carry4_CI_CO[3])
                                                      0.117     3.407 r  lut_cursor_q_reg[12]_i_590/CO[3]
                         net (fo=1, unplaced)         0.000     3.407    lut_cursor_q_reg[12]_i_590_n_0
                         CARRY4 (Prop_carry4_CI_O[1])
                                                      0.337     3.744 f  lut_cursor_q_reg[12]_i_435/O[1]
                         net (fo=2, unplaced)         0.622     4.366    lut_cursor_q_reg[12]_i_435_n_6
                         LUT4 (Prop_lut4_I1_O)        0.332     4.698 r  lut_cursor_q[12]_i_298/O
                         net (fo=1, unplaced)         0.000     4.698    lut_cursor_q[12]_i_298_n_0
                         CARRY4 (Prop_carry4_DI[0]_CO[3])
                                                      0.576     5.274 r  lut_cursor_q_reg[12]_i_176/CO[3]
                         net (fo=1, unplaced)         0.918     6.192    section_valid_return031_in
                         LUT4 (Prop_lut4_I2_O)        0.124     6.316 f  lut_cursor_q[12]_i_90/O
                         net (fo=1, unplaced)         0.902     7.218    lut_cursor_q[12]_i_90_n_0
                         LUT5 (Prop_lut5_I2_O)        0.124     7.342 f  lut_cursor_q[12]_i_33/O
                         net (fo=1, unplaced)         0.449     7.791    lut_cursor_q[12]_i_33_n_0
                         LUT6 (Prop_lut6_I5_O)        0.124     7.915 f  lut_cursor_q[12]_i_12/O
                         net (fo=1, unplaced)         0.449     8.364    lut_cursor_q[12]_i_12_n_0
                         LUT6 (Prop_lut6_I3_O)        0.124     8.488 f  lut_cursor_q[12]_i_5/O
                         net (fo=4, unplaced)         0.473     8.961    lut_cursor_q[12]_i_5_n_0
                         LUT6 (Prop_lut6_I3_O)        0.124     9.085 r  command_base_o[63]_i_1/O
                         net (fo=672, unplaced)       0.613     9.698    command_base_o[63]_i_1_n_0
                         FDCE                                         r  activation_base_o_reg[22]/CE
  -------------------------------------------------------------------    -------------------

                         (clock core_clk rise edge)
                                                     10.000    10.000 r  <hidden>
                                                      0.000    10.000 r  clk_i
                         net (fo=2225, unset)         0.924    10.924    clk_i
                         FDCE                                         r  activation_base_o_reg[22]/C
                         clock pessimism              0.000    10.924    <hidden>
                         clock uncertainty           -0.035    10.889    <hidden>
                         FDCE (Setup_fdce_C_CE)      -0.169    10.720    activation_base_o_reg[22]
  -------------------------------------------------------------------
                         required time                         10.720    <hidden>
                         arrival time                          -9.698    <hidden>
  -------------------------------------------------------------------
                         slack                                  1.022    <hidden>

Slack (MET) :             1.022ns  (required time - arrival time)
  Source:                 header_q_reg[321]/C
                            (rising edge-triggered cell FDCE clocked by core_clk  {rise@0.000ns fall@5.000ns period=10.000ns})
  Destination:            activation_base_o_reg[23]/CE
                            (rising edge-triggered cell FDCE clocked by core_clk  {rise@0.000ns fall@5.000ns period=10.000ns})
  Path Group:             core_clk
  Path Type:              Setup (Max at Slow Process Corner)
  Requirement:            10.000ns  (core_clk rise@10.000ns - core_clk rise@0.000ns)
  Data Path Delay:        8.725ns  (logic 3.796ns (43.507%)  route 4.929ns (56.493%))
  Logic Levels:           15  (CARRY4=8 LUT2=1 LUT4=2 LUT5=1 LUT6=3)
  Clock Path Skew:        -0.049ns (DCD - SCD + CPR)
    Destination Clock Delay (DCD):    0.924ns = ( 10.924 - 10.000 ) 
    Source Clock Delay      (SCD):    0.973ns
    Clock Pessimism Removal (CPR):    0.000ns
  Clock Uncertainty:      0.035ns  ((TSJ^2 + TIJ^2)^1/2 + DJ) / 2 + PE
    Total System Jitter     (TSJ):    0.071ns
    Total Input Jitter      (TIJ):    0.000ns
    Discrete Jitter          (DJ):    0.000ns
    Phase Error              (PE):    0.000ns

    Location             Delay type                Incr(ns)  Path(ns)    Netlist Resource(s)
  -------------------------------------------------------------------    -------------------
                         (clock core_clk rise edge)
                                                      0.000     0.000 r  <hidden>
                                                      0.000     0.000 r  clk_i
                         net (fo=2225, unset)         0.973     0.973    clk_i
                         FDCE                                         r  header_q_reg[321]/C
  -------------------------------------------------------------------    -------------------
                         FDCE (Prop_fdce_C_Q)         0.518     1.491 r  header_q_reg[321]/Q
                         net (fo=4, unplaced)         0.494     1.985    p_1_in22_in[1]
                         LUT2 (Prop_lut2_I0_O)        0.295     2.280 r  lut_cursor_q[12]_i_929/O
                         net (fo=1, unplaced)         0.000     2.280    lut_cursor_q[12]_i_929_n_0
                         CARRY4 (Prop_carry4_S[1]_CO[3])
                                                      0.533     2.813 r  lut_cursor_q_reg[12]_i_856/CO[3]
                         net (fo=1, unplaced)         0.009     2.822    lut_cursor_q_reg[12]_i_856_n_0
                         CARRY4 (Prop_carry4_CI_CO[3])
                                                      0.117     2.939 r  lut_cursor_q_reg[12]_i_855/CO[3]
                         net (fo=1, unplaced)         0.000     2.939    lut_cursor_q_reg[12]_i_855_n_0
                         CARRY4 (Prop_carry4_CI_CO[3])
                                                      0.117     3.056 r  lut_cursor_q_reg[12]_i_749/CO[3]
                         net (fo=1, unplaced)         0.000     3.056    lut_cursor_q_reg[12]_i_749_n_0
                         CARRY4 (Prop_carry4_CI_CO[3])
                                                      0.117     3.173 r  lut_cursor_q_reg[12]_i_748/CO[3]
                         net (fo=1, unplaced)         0.000     3.173    lut_cursor_q_reg[12]_i_748_n_0
                         CARRY4 (Prop_carry4_CI_CO[3])
                                                      0.117     3.290 r  lut_cursor_q_reg[12]_i_608/CO[3]
                         net (fo=1, unplaced)         0.000     3.290    lut_cursor_q_reg[12]_i_608_n_0
                         CARRY4 (Prop_carry4_CI_CO[3])
                                                      0.117     3.407 r  lut_cursor_q_reg[12]_i_590/CO[3]
                         net (fo=1, unplaced)         0.000     3.407    lut_cursor_q_reg[12]_i_590_n_0
                         CARRY4 (Prop_carry4_CI_O[1])
                                                      0.337     3.744 f  lut_cursor_q_reg[12]_i_435/O[1]
                         net (fo=2, unplaced)         0.622     4.366    lut_cursor_q_reg[12]_i_435_n_6
                         LUT4 (Prop_lut4_I1_O)        0.332     4.698 r  lut_cursor_q[12]_i_298/O
                         net (fo=1, unplaced)         0.000     4.698    lut_cursor_q[12]_i_298_n_0
                         CARRY4 (Prop_carry4_DI[0]_CO[3])
                                                      0.576     5.274 r  lut_cursor_q_reg[12]_i_176/CO[3]
                         net (fo=1, unplaced)         0.918     6.192    section_valid_return031_in
                         LUT4 (Prop_lut4_I2_O)        0.124     6.316 f  lut_cursor_q[12]_i_90/O
                         net (fo=1, unplaced)         0.902     7.218    lut_cursor_q[12]_i_90_n_0
                         LUT5 (Prop_lut5_I2_O)        0.124     7.342 f  lut_cursor_q[12]_i_33/O
                         net (fo=1, unplaced)         0.449     7.791    lut_cursor_q[12]_i_33_n_0
                         LUT6 (Prop_lut6_I5_O)        0.124     7.915 f  lut_cursor_q[12]_i_12/O
                         net (fo=1, unplaced)         0.449     8.364    lut_cursor_q[12]_i_12_n_0
                         LUT6 (Prop_lut6_I3_O)        0.124     8.488 f  lut_cursor_q[12]_i_5/O
                         net (fo=4, unplaced)         0.473     8.961    lut_cursor_q[12]_i_5_n_0
                         LUT6 (Prop_lut6_I3_O)        0.124     9.085 r  command_base_o[63]_i_1/O
                         net (fo=672, unplaced)       0.613     9.698    command_base_o[63]_i_1_n_0
                         FDCE                                         r  activation_base_o_reg[23]/CE
  -------------------------------------------------------------------    -------------------

                         (clock core_clk rise edge)
                                                     10.000    10.000 r  <hidden>
                                                      0.000    10.000 r  clk_i
                         net (fo=2225, unset)         0.924    10.924    clk_i
                         FDCE                                         r  activation_base_o_reg[23]/C
                         clock pessimism              0.000    10.924    <hidden>
                         clock uncertainty           -0.035    10.889    <hidden>
                         FDCE (Setup_fdce_C_CE)      -0.169    10.720    activation_base_o_reg[23]
  -------------------------------------------------------------------
                         required time                         10.720    <hidden>
                         arrival time                          -9.698    <hidden>
  -------------------------------------------------------------------
                         slack                                  1.022    <hidden>

Slack (MET) :             1.022ns  (required time - arrival time)
  Source:                 header_q_reg[321]/C
                            (rising edge-triggered cell FDCE clocked by core_clk  {rise@0.000ns fall@5.000ns period=10.000ns})
  Destination:            activation_base_o_reg[24]/CE
                            (rising edge-triggered cell FDCE clocked by core_clk  {rise@0.000ns fall@5.000ns period=10.000ns})
  Path Group:             core_clk
  Path Type:              Setup (Max at Slow Process Corner)
  Requirement:            10.000ns  (core_clk rise@10.000ns - core_clk rise@0.000ns)
  Data Path Delay:        8.725ns  (logic 3.796ns (43.507%)  route 4.929ns (56.493%))
  Logic Levels:           15  (CARRY4=8 LUT2=1 LUT4=2 LUT5=1 LUT6=3)
  Clock Path Skew:        -0.049ns (DCD - SCD + CPR)
    Destination Clock Delay (DCD):    0.924ns = ( 10.924 - 10.000 ) 
    Source Clock Delay      (SCD):    0.973ns
    Clock Pessimism Removal (CPR):    0.000ns
  Clock Uncertainty:      0.035ns  ((TSJ^2 + TIJ^2)^1/2 + DJ) / 2 + PE
    Total System Jitter     (TSJ):    0.071ns
    Total Input Jitter      (TIJ):    0.000ns
    Discrete Jitter          (DJ):    0.000ns
    Phase Error              (PE):    0.000ns

    Location             Delay type                Incr(ns)  Path(ns)    Netlist Resource(s)
  -------------------------------------------------------------------    -------------------
                         (clock core_clk rise edge)
                                                      0.000     0.000 r  <hidden>
                                                      0.000     0.000 r  clk_i
                         net (fo=2225, unset)         0.973     0.973    clk_i
                         FDCE                                         r  header_q_reg[321]/C
  -------------------------------------------------------------------    -------------------
                         FDCE (Prop_fdce_C_Q)         0.518     1.491 r  header_q_reg[321]/Q
                         net (fo=4, unplaced)         0.494     1.985    p_1_in22_in[1]
                         LUT2 (Prop_lut2_I0_O)        0.295     2.280 r  lut_cursor_q[12]_i_929/O
                         net (fo=1, unplaced)         0.000     2.280    lut_cursor_q[12]_i_929_n_0
                         CARRY4 (Prop_carry4_S[1]_CO[3])
                                                      0.533     2.813 r  lut_cursor_q_reg[12]_i_856/CO[3]
                         net (fo=1, unplaced)         0.009     2.822    lut_cursor_q_reg[12]_i_856_n_0
                         CARRY4 (Prop_carry4_CI_CO[3])
                                                      0.117     2.939 r  lut_cursor_q_reg[12]_i_855/CO[3]
                         net (fo=1, unplaced)         0.000     2.939    lut_cursor_q_reg[12]_i_855_n_0
                         CARRY4 (Prop_carry4_CI_CO[3])
                                                      0.117     3.056 r  lut_cursor_q_reg[12]_i_749/CO[3]
                         net (fo=1, unplaced)         0.000     3.056    lut_cursor_q_reg[12]_i_749_n_0
                         CARRY4 (Prop_carry4_CI_CO[3])
                                                      0.117     3.173 r  lut_cursor_q_reg[12]_i_748/CO[3]
                         net (fo=1, unplaced)         0.000     3.173    lut_cursor_q_reg[12]_i_748_n_0
                         CARRY4 (Prop_carry4_CI_CO[3])
                                                      0.117     3.290 r  lut_cursor_q_reg[12]_i_608/CO[3]
                         net (fo=1, unplaced)         0.000     3.290    lut_cursor_q_reg[12]_i_608_n_0
                         CARRY4 (Prop_carry4_CI_CO[3])
                                                      0.117     3.407 r  lut_cursor_q_reg[12]_i_590/CO[3]
                         net (fo=1, unplaced)         0.000     3.407    lut_cursor_q_reg[12]_i_590_n_0
                         CARRY4 (Prop_carry4_CI_O[1])
                                                      0.337     3.744 f  lut_cursor_q_reg[12]_i_435/O[1]
                         net (fo=2, unplaced)         0.622     4.366    lut_cursor_q_reg[12]_i_435_n_6
                         LUT4 (Prop_lut4_I1_O)        0.332     4.698 r  lut_cursor_q[12]_i_298/O
                         net (fo=1, unplaced)         0.000     4.698    lut_cursor_q[12]_i_298_n_0
                         CARRY4 (Prop_carry4_DI[0]_CO[3])
                                                      0.576     5.274 r  lut_cursor_q_reg[12]_i_176/CO[3]
                         net (fo=1, unplaced)         0.918     6.192    section_valid_return031_in
                         LUT4 (Prop_lut4_I2_O)        0.124     6.316 f  lut_cursor_q[12]_i_90/O
                         net (fo=1, unplaced)         0.902     7.218    lut_cursor_q[12]_i_90_n_0
                         LUT5 (Prop_lut5_I2_O)        0.124     7.342 f  lut_cursor_q[12]_i_33/O
                         net (fo=1, unplaced)         0.449     7.791    lut_cursor_q[12]_i_33_n_0
                         LUT6 (Prop_lut6_I5_O)        0.124     7.915 f  lut_cursor_q[12]_i_12/O
                         net (fo=1, unplaced)         0.449     8.364    lut_cursor_q[12]_i_12_n_0
                         LUT6 (Prop_lut6_I3_O)        0.124     8.488 f  lut_cursor_q[12]_i_5/O
                         net (fo=4, unplaced)         0.473     8.961    lut_cursor_q[12]_i_5_n_0
                         LUT6 (Prop_lut6_I3_O)        0.124     9.085 r  command_base_o[63]_i_1/O
                         net (fo=672, unplaced)       0.613     9.698    command_base_o[63]_i_1_n_0
                         FDCE                                         r  activation_base_o_reg[24]/CE
  -------------------------------------------------------------------    -------------------

                         (clock core_clk rise edge)
                                                     10.000    10.000 r  <hidden>
                                                      0.000    10.000 r  clk_i
                         net (fo=2225, unset)         0.924    10.924    clk_i
                         FDCE                                         r  activation_base_o_reg[24]/C
                         clock pessimism              0.000    10.924    <hidden>
                         clock uncertainty           -0.035    10.889    <hidden>
                         FDCE (Setup_fdce_C_CE)      -0.169    10.720    activation_base_o_reg[24]
  -------------------------------------------------------------------
                         required time                         10.720    <hidden>
                         arrival time                          -9.698    <hidden>
  -------------------------------------------------------------------
                         slack                                  1.022    <hidden>

Slack (MET) :             1.022ns  (required time - arrival time)
  Source:                 header_q_reg[321]/C
                            (rising edge-triggered cell FDCE clocked by core_clk  {rise@0.000ns fall@5.000ns period=10.000ns})
  Destination:            activation_base_o_reg[25]/CE
                            (rising edge-triggered cell FDCE clocked by core_clk  {rise@0.000ns fall@5.000ns period=10.000ns})
  Path Group:             core_clk
  Path Type:              Setup (Max at Slow Process Corner)
  Requirement:            10.000ns  (core_clk rise@10.000ns - core_clk rise@0.000ns)
  Data Path Delay:        8.725ns  (logic 3.796ns (43.507%)  route 4.929ns (56.493%))
  Logic Levels:           15  (CARRY4=8 LUT2=1 LUT4=2 LUT5=1 LUT6=3)
  Clock Path Skew:        -0.049ns (DCD - SCD + CPR)
    Destination Clock Delay (DCD):    0.924ns = ( 10.924 - 10.000 ) 
    Source Clock Delay      (SCD):    0.973ns
    Clock Pessimism Removal (CPR):    0.000ns
  Clock Uncertainty:      0.035ns  ((TSJ^2 + TIJ^2)^1/2 + DJ) / 2 + PE
    Total System Jitter     (TSJ):    0.071ns
    Total Input Jitter      (TIJ):    0.000ns
    Discrete Jitter          (DJ):    0.000ns
    Phase Error              (PE):    0.000ns

    Location             Delay type                Incr(ns)  Path(ns)    Netlist Resource(s)
  -------------------------------------------------------------------    -------------------
                         (clock core_clk rise edge)
                                                      0.000     0.000 r  <hidden>
                                                      0.000     0.000 r  clk_i
                         net (fo=2225, unset)         0.973     0.973    clk_i
                         FDCE                                         r  header_q_reg[321]/C
  -------------------------------------------------------------------    -------------------
                         FDCE (Prop_fdce_C_Q)         0.518     1.491 r  header_q_reg[321]/Q
                         net (fo=4, unplaced)         0.494     1.985    p_1_in22_in[1]
                         LUT2 (Prop_lut2_I0_O)        0.295     2.280 r  lut_cursor_q[12]_i_929/O
                         net (fo=1, unplaced)         0.000     2.280    lut_cursor_q[12]_i_929_n_0
                         CARRY4 (Prop_carry4_S[1]_CO[3])
                                                      0.533     2.813 r  lut_cursor_q_reg[12]_i_856/CO[3]
                         net (fo=1, unplaced)         0.009     2.822    lut_cursor_q_reg[12]_i_856_n_0
                         CARRY4 (Prop_carry4_CI_CO[3])
                                                      0.117     2.939 r  lut_cursor_q_reg[12]_i_855/CO[3]
                         net (fo=1, unplaced)         0.000     2.939    lut_cursor_q_reg[12]_i_855_n_0
                         CARRY4 (Prop_carry4_CI_CO[3])
                                                      0.117     3.056 r  lut_cursor_q_reg[12]_i_749/CO[3]
                         net (fo=1, unplaced)         0.000     3.056    lut_cursor_q_reg[12]_i_749_n_0
                         CARRY4 (Prop_carry4_CI_CO[3])
                                                      0.117     3.173 r  lut_cursor_q_reg[12]_i_748/CO[3]
                         net (fo=1, unplaced)         0.000     3.173    lut_cursor_q_reg[12]_i_748_n_0
                         CARRY4 (Prop_carry4_CI_CO[3])
                                                      0.117     3.290 r  lut_cursor_q_reg[12]_i_608/CO[3]
                         net (fo=1, unplaced)         0.000     3.290    lut_cursor_q_reg[12]_i_608_n_0
                         CARRY4 (Prop_carry4_CI_CO[3])
                                                      0.117     3.407 r  lut_cursor_q_reg[12]_i_590/CO[3]
                         net (fo=1, unplaced)         0.000     3.407    lut_cursor_q_reg[12]_i_590_n_0
                         CARRY4 (Prop_carry4_CI_O[1])
                                                      0.337     3.744 f  lut_cursor_q_reg[12]_i_435/O[1]
                         net (fo=2, unplaced)         0.622     4.366    lut_cursor_q_reg[12]_i_435_n_6
                         LUT4 (Prop_lut4_I1_O)        0.332     4.698 r  lut_cursor_q[12]_i_298/O
                         net (fo=1, unplaced)         0.000     4.698    lut_cursor_q[12]_i_298_n_0
                         CARRY4 (Prop_carry4_DI[0]_CO[3])
                                                      0.576     5.274 r  lut_cursor_q_reg[12]_i_176/CO[3]
                         net (fo=1, unplaced)         0.918     6.192    section_valid_return031_in
                         LUT4 (Prop_lut4_I2_O)        0.124     6.316 f  lut_cursor_q[12]_i_90/O
                         net (fo=1, unplaced)         0.902     7.218    lut_cursor_q[12]_i_90_n_0
                         LUT5 (Prop_lut5_I2_O)        0.124     7.342 f  lut_cursor_q[12]_i_33/O
                         net (fo=1, unplaced)         0.449     7.791    lut_cursor_q[12]_i_33_n_0
                         LUT6 (Prop_lut6_I5_O)        0.124     7.915 f  lut_cursor_q[12]_i_12/O
                         net (fo=1, unplaced)         0.449     8.364    lut_cursor_q[12]_i_12_n_0
                         LUT6 (Prop_lut6_I3_O)        0.124     8.488 f  lut_cursor_q[12]_i_5/O
                         net (fo=4, unplaced)         0.473     8.961    lut_cursor_q[12]_i_5_n_0
                         LUT6 (Prop_lut6_I3_O)        0.124     9.085 r  command_base_o[63]_i_1/O
                         net (fo=672, unplaced)       0.613     9.698    command_base_o[63]_i_1_n_0
                         FDCE                                         r  activation_base_o_reg[25]/CE
  -------------------------------------------------------------------    -------------------

                         (clock core_clk rise edge)
                                                     10.000    10.000 r  <hidden>
                                                      0.000    10.000 r  clk_i
                         net (fo=2225, unset)         0.924    10.924    clk_i
                         FDCE                                         r  activation_base_o_reg[25]/C
                         clock pessimism              0.000    10.924    <hidden>
                         clock uncertainty           -0.035    10.889    <hidden>
                         FDCE (Setup_fdce_C_CE)      -0.169    10.720    activation_base_o_reg[25]
  -------------------------------------------------------------------
                         required time                         10.720    <hidden>
                         arrival time                          -9.698    <hidden>
  -------------------------------------------------------------------
                         slack                                  1.022    <hidden>

Slack (MET) :             1.022ns  (required time - arrival time)
  Source:                 header_q_reg[321]/C
                            (rising edge-triggered cell FDCE clocked by core_clk  {rise@0.000ns fall@5.000ns period=10.000ns})
  Destination:            activation_base_o_reg[26]/CE
                            (rising edge-triggered cell FDCE clocked by core_clk  {rise@0.000ns fall@5.000ns period=10.000ns})
  Path Group:             core_clk
  Path Type:              Setup (Max at Slow Process Corner)
  Requirement:            10.000ns  (core_clk rise@10.000ns - core_clk rise@0.000ns)
  Data Path Delay:        8.725ns  (logic 3.796ns (43.507%)  route 4.929ns (56.493%))
  Logic Levels:           15  (CARRY4=8 LUT2=1 LUT4=2 LUT5=1 LUT6=3)
  Clock Path Skew:        -0.049ns (DCD - SCD + CPR)
    Destination Clock Delay (DCD):    0.924ns = ( 10.924 - 10.000 ) 
    Source Clock Delay      (SCD):    0.973ns
    Clock Pessimism Removal (CPR):    0.000ns
  Clock Uncertainty:      0.035ns  ((TSJ^2 + TIJ^2)^1/2 + DJ) / 2 + PE
    Total System Jitter     (TSJ):    0.071ns
    Total Input Jitter      (TIJ):    0.000ns
    Discrete Jitter          (DJ):    0.000ns
    Phase Error              (PE):    0.000ns

    Location             Delay type                Incr(ns)  Path(ns)    Netlist Resource(s)
  -------------------------------------------------------------------    -------------------
                         (clock core_clk rise edge)
                                                      0.000     0.000 r  <hidden>
                                                      0.000     0.000 r  clk_i
                         net (fo=2225, unset)         0.973     0.973    clk_i
                         FDCE                                         r  header_q_reg[321]/C
  -------------------------------------------------------------------    -------------------
                         FDCE (Prop_fdce_C_Q)         0.518     1.491 r  header_q_reg[321]/Q
                         net (fo=4, unplaced)         0.494     1.985    p_1_in22_in[1]
                         LUT2 (Prop_lut2_I0_O)        0.295     2.280 r  lut_cursor_q[12]_i_929/O
                         net (fo=1, unplaced)         0.000     2.280    lut_cursor_q[12]_i_929_n_0
                         CARRY4 (Prop_carry4_S[1]_CO[3])
                                                      0.533     2.813 r  lut_cursor_q_reg[12]_i_856/CO[3]
                         net (fo=1, unplaced)         0.009     2.822    lut_cursor_q_reg[12]_i_856_n_0
                         CARRY4 (Prop_carry4_CI_CO[3])
                                                      0.117     2.939 r  lut_cursor_q_reg[12]_i_855/CO[3]
                         net (fo=1, unplaced)         0.000     2.939    lut_cursor_q_reg[12]_i_855_n_0
                         CARRY4 (Prop_carry4_CI_CO[3])
                                                      0.117     3.056 r  lut_cursor_q_reg[12]_i_749/CO[3]
                         net (fo=1, unplaced)         0.000     3.056    lut_cursor_q_reg[12]_i_749_n_0
                         CARRY4 (Prop_carry4_CI_CO[3])
                                                      0.117     3.173 r  lut_cursor_q_reg[12]_i_748/CO[3]
                         net (fo=1, unplaced)         0.000     3.173    lut_cursor_q_reg[12]_i_748_n_0
                         CARRY4 (Prop_carry4_CI_CO[3])
                                                      0.117     3.290 r  lut_cursor_q_reg[12]_i_608/CO[3]
                         net (fo=1, unplaced)         0.000     3.290    lut_cursor_q_reg[12]_i_608_n_0
                         CARRY4 (Prop_carry4_CI_CO[3])
                                                      0.117     3.407 r  lut_cursor_q_reg[12]_i_590/CO[3]
                         net (fo=1, unplaced)         0.000     3.407    lut_cursor_q_reg[12]_i_590_n_0
                         CARRY4 (Prop_carry4_CI_O[1])
                                                      0.337     3.744 f  lut_cursor_q_reg[12]_i_435/O[1]
                         net (fo=2, unplaced)         0.622     4.366    lut_cursor_q_reg[12]_i_435_n_6
                         LUT4 (Prop_lut4_I1_O)        0.332     4.698 r  lut_cursor_q[12]_i_298/O
                         net (fo=1, unplaced)         0.000     4.698    lut_cursor_q[12]_i_298_n_0
                         CARRY4 (Prop_carry4_DI[0]_CO[3])
                                                      0.576     5.274 r  lut_cursor_q_reg[12]_i_176/CO[3]
                         net (fo=1, unplaced)         0.918     6.192    section_valid_return031_in
                         LUT4 (Prop_lut4_I2_O)        0.124     6.316 f  lut_cursor_q[12]_i_90/O
                         net (fo=1, unplaced)         0.902     7.218    lut_cursor_q[12]_i_90_n_0
                         LUT5 (Prop_lut5_I2_O)        0.124     7.342 f  lut_cursor_q[12]_i_33/O
                         net (fo=1, unplaced)         0.449     7.791    lut_cursor_q[12]_i_33_n_0
                         LUT6 (Prop_lut6_I5_O)        0.124     7.915 f  lut_cursor_q[12]_i_12/O
                         net (fo=1, unplaced)         0.449     8.364    lut_cursor_q[12]_i_12_n_0
                         LUT6 (Prop_lut6_I3_O)        0.124     8.488 f  lut_cursor_q[12]_i_5/O
                         net (fo=4, unplaced)         0.473     8.961    lut_cursor_q[12]_i_5_n_0
                         LUT6 (Prop_lut6_I3_O)        0.124     9.085 r  command_base_o[63]_i_1/O
                         net (fo=672, unplaced)       0.613     9.698    command_base_o[63]_i_1_n_0
                         FDCE                                         r  activation_base_o_reg[26]/CE
  -------------------------------------------------------------------    -------------------

                         (clock core_clk rise edge)
                                                     10.000    10.000 r  <hidden>
                                                      0.000    10.000 r  clk_i
                         net (fo=2225, unset)         0.924    10.924    clk_i
                         FDCE                                         r  activation_base_o_reg[26]/C
                         clock pessimism              0.000    10.924    <hidden>
                         clock uncertainty           -0.035    10.889    <hidden>
                         FDCE (Setup_fdce_C_CE)      -0.169    10.720    activation_base_o_reg[26]
  -------------------------------------------------------------------
                         required time                         10.720    <hidden>
                         arrival time                          -9.698    <hidden>
  -------------------------------------------------------------------
                         slack                                  1.022    <hidden>

Slack (MET) :             1.022ns  (required time - arrival time)
  Source:                 header_q_reg[321]/C
                            (rising edge-triggered cell FDCE clocked by core_clk  {rise@0.000ns fall@5.000ns period=10.000ns})
  Destination:            activation_base_o_reg[27]/CE
                            (rising edge-triggered cell FDCE clocked by core_clk  {rise@0.000ns fall@5.000ns period=10.000ns})
  Path Group:             core_clk
  Path Type:              Setup (Max at Slow Process Corner)
  Requirement:            10.000ns  (core_clk rise@10.000ns - core_clk rise@0.000ns)
  Data Path Delay:        8.725ns  (logic 3.796ns (43.507%)  route 4.929ns (56.493%))
  Logic Levels:           15  (CARRY4=8 LUT2=1 LUT4=2 LUT5=1 LUT6=3)
  Clock Path Skew:        -0.049ns (DCD - SCD + CPR)
    Destination Clock Delay (DCD):    0.924ns = ( 10.924 - 10.000 ) 
    Source Clock Delay      (SCD):    0.973ns
    Clock Pessimism Removal (CPR):    0.000ns
  Clock Uncertainty:      0.035ns  ((TSJ^2 + TIJ^2)^1/2 + DJ) / 2 + PE
    Total System Jitter     (TSJ):    0.071ns
    Total Input Jitter      (TIJ):    0.000ns
    Discrete Jitter          (DJ):    0.000ns
    Phase Error              (PE):    0.000ns

    Location             Delay type                Incr(ns)  Path(ns)    Netlist Resource(s)
  -------------------------------------------------------------------    -------------------
                         (clock core_clk rise edge)
                                                      0.000     0.000 r  <hidden>
                                                      0.000     0.000 r  clk_i
                         net (fo=2225, unset)         0.973     0.973    clk_i
                         FDCE                                         r  header_q_reg[321]/C
  -------------------------------------------------------------------    -------------------
                         FDCE (Prop_fdce_C_Q)         0.518     1.491 r  header_q_reg[321]/Q
                         net (fo=4, unplaced)         0.494     1.985    p_1_in22_in[1]
                         LUT2 (Prop_lut2_I0_O)        0.295     2.280 r  lut_cursor_q[12]_i_929/O
                         net (fo=1, unplaced)         0.000     2.280    lut_cursor_q[12]_i_929_n_0
                         CARRY4 (Prop_carry4_S[1]_CO[3])
                                                      0.533     2.813 r  lut_cursor_q_reg[12]_i_856/CO[3]
                         net (fo=1, unplaced)         0.009     2.822    lut_cursor_q_reg[12]_i_856_n_0
                         CARRY4 (Prop_carry4_CI_CO[3])
                                                      0.117     2.939 r  lut_cursor_q_reg[12]_i_855/CO[3]
                         net (fo=1, unplaced)         0.000     2.939    lut_cursor_q_reg[12]_i_855_n_0
                         CARRY4 (Prop_carry4_CI_CO[3])
                                                      0.117     3.056 r  lut_cursor_q_reg[12]_i_749/CO[3]
                         net (fo=1, unplaced)         0.000     3.056    lut_cursor_q_reg[12]_i_749_n_0
                         CARRY4 (Prop_carry4_CI_CO[3])
                                                      0.117     3.173 r  lut_cursor_q_reg[12]_i_748/CO[3]
                         net (fo=1, unplaced)         0.000     3.173    lut_cursor_q_reg[12]_i_748_n_0
                         CARRY4 (Prop_carry4_CI_CO[3])
                                                      0.117     3.290 r  lut_cursor_q_reg[12]_i_608/CO[3]
                         net (fo=1, unplaced)         0.000     3.290    lut_cursor_q_reg[12]_i_608_n_0
                         CARRY4 (Prop_carry4_CI_CO[3])
                                                      0.117     3.407 r  lut_cursor_q_reg[12]_i_590/CO[3]
                         net (fo=1, unplaced)         0.000     3.407    lut_cursor_q_reg[12]_i_590_n_0
                         CARRY4 (Prop_carry4_CI_O[1])
                                                      0.337     3.744 f  lut_cursor_q_reg[12]_i_435/O[1]
                         net (fo=2, unplaced)         0.622     4.366    lut_cursor_q_reg[12]_i_435_n_6
                         LUT4 (Prop_lut4_I1_O)        0.332     4.698 r  lut_cursor_q[12]_i_298/O
                         net (fo=1, unplaced)         0.000     4.698    lut_cursor_q[12]_i_298_n_0
                         CARRY4 (Prop_carry4_DI[0]_CO[3])
                                                      0.576     5.274 r  lut_cursor_q_reg[12]_i_176/CO[3]
                         net (fo=1, unplaced)         0.918     6.192    section_valid_return031_in
                         LUT4 (Prop_lut4_I2_O)        0.124     6.316 f  lut_cursor_q[12]_i_90/O
                         net (fo=1, unplaced)         0.902     7.218    lut_cursor_q[12]_i_90_n_0
                         LUT5 (Prop_lut5_I2_O)        0.124     7.342 f  lut_cursor_q[12]_i_33/O
                         net (fo=1, unplaced)         0.449     7.791    lut_cursor_q[12]_i_33_n_0
                         LUT6 (Prop_lut6_I5_O)        0.124     7.915 f  lut_cursor_q[12]_i_12/O
                         net (fo=1, unplaced)         0.449     8.364    lut_cursor_q[12]_i_12_n_0
                         LUT6 (Prop_lut6_I3_O)        0.124     8.488 f  lut_cursor_q[12]_i_5/O
                         net (fo=4, unplaced)         0.473     8.961    lut_cursor_q[12]_i_5_n_0
                         LUT6 (Prop_lut6_I3_O)        0.124     9.085 r  command_base_o[63]_i_1/O
                         net (fo=672, unplaced)       0.613     9.698    command_base_o[63]_i_1_n_0
                         FDCE                                         r  activation_base_o_reg[27]/CE
  -------------------------------------------------------------------    -------------------

                         (clock core_clk rise edge)
                                                     10.000    10.000 r  <hidden>
                                                      0.000    10.000 r  clk_i
                         net (fo=2225, unset)         0.924    10.924    clk_i
                         FDCE                                         r  activation_base_o_reg[27]/C
                         clock pessimism              0.000    10.924    <hidden>
                         clock uncertainty           -0.035    10.889    <hidden>
                         FDCE (Setup_fdce_C_CE)      -0.169    10.720    activation_base_o_reg[27]
  -------------------------------------------------------------------
                         required time                         10.720    <hidden>
                         arrival time                          -9.698    <hidden>
  -------------------------------------------------------------------
                         slack                                  1.022    <hidden>





Pulse Width Checks
--------------------------------------------------------------------------------------
Clock Name:         core_clk
Waveform(ns):       { 0.000 5.000 }
Period(ns):         10.000
Sources:            { clk_i }

Check Type        Corner  Lib Pin  Reference Pin  Required(ns)  Actual(ns)  Slack(ns)  Location  Pin
Min Period        n/a     FDPE/C   n/a            1.000         10.000      9.000                FSM_sequential_state_q_reg[0]/C
Min Period        n/a     FDCE/C   n/a            1.000         10.000      9.000                FSM_sequential_state_q_reg[1]/C
Min Period        n/a     FDPE/C   n/a            1.000         10.000      9.000                FSM_sequential_state_q_reg[2]/C
Min Period        n/a     FDCE/C   n/a            1.000         10.000      9.000                FSM_sequential_state_q_reg[3]/C
Min Period        n/a     FDCE/C   n/a            1.000         10.000      9.000                activation_base_o_reg[0]/C
Min Period        n/a     FDCE/C   n/a            1.000         10.000      9.000                activation_base_o_reg[10]/C
Min Period        n/a     FDCE/C   n/a            1.000         10.000      9.000                activation_base_o_reg[11]/C
Min Period        n/a     FDCE/C   n/a            1.000         10.000      9.000                activation_base_o_reg[12]/C
Min Period        n/a     FDCE/C   n/a            1.000         10.000      9.000                activation_base_o_reg[13]/C
Min Period        n/a     FDCE/C   n/a            1.000         10.000      9.000                activation_base_o_reg[14]/C
Min Period        n/a     FDCE/C   n/a            1.000         10.000      9.000                activation_base_o_reg[15]/C
Min Period        n/a     FDCE/C   n/a            1.000         10.000      9.000                activation_base_o_reg[16]/C
Min Period        n/a     FDCE/C   n/a            1.000         10.000      9.000                activation_base_o_reg[17]/C
Min Period        n/a     FDCE/C   n/a            1.000         10.000      9.000                activation_base_o_reg[18]/C
Min Period        n/a     FDCE/C   n/a            1.000         10.000      9.000                activation_base_o_reg[19]/C
Min Period        n/a     FDCE/C   n/a            1.000         10.000      9.000                activation_base_o_reg[1]/C
Min Period        n/a     FDCE/C   n/a            1.000         10.000      9.000                activation_base_o_reg[20]/C
Min Period        n/a     FDCE/C   n/a            1.000         10.000      9.000                activation_base_o_reg[21]/C
Min Period        n/a     FDCE/C   n/a            1.000         10.000      9.000                activation_base_o_reg[22]/C
Min Period        n/a     FDCE/C   n/a            1.000         10.000      9.000                activation_base_o_reg[23]/C
Low Pulse Width   Slow    FDPE/C   n/a            0.500         5.000       4.500                FSM_sequential_state_q_reg[0]/C
Low Pulse Width   Fast    FDPE/C   n/a            0.500         5.000       4.500                FSM_sequential_state_q_reg[0]/C
Low Pulse Width   Slow    FDCE/C   n/a            0.500         5.000       4.500                FSM_sequential_state_q_reg[1]/C
Low Pulse Width   Fast    FDCE/C   n/a            0.500         5.000       4.500                FSM_sequential_state_q_reg[1]/C
Low Pulse Width   Slow    FDPE/C   n/a            0.500         5.000       4.500                FSM_sequential_state_q_reg[2]/C
Low Pulse Width   Fast    FDPE/C   n/a            0.500         5.000       4.500                FSM_sequential_state_q_reg[2]/C
Low Pulse Width   Slow    FDCE/C   n/a            0.500         5.000       4.500                FSM_sequential_state_q_reg[3]/C
Low Pulse Width   Fast    FDCE/C   n/a            0.500         5.000       4.500                FSM_sequential_state_q_reg[3]/C
Low Pulse Width   Slow    FDCE/C   n/a            0.500         5.000       4.500                activation_base_o_reg[0]/C
Low Pulse Width   Fast    FDCE/C   n/a            0.500         5.000       4.500                activation_base_o_reg[0]/C
Low Pulse Width   Slow    FDCE/C   n/a            0.500         5.000       4.500                activation_base_o_reg[10]/C
Low Pulse Width   Fast    FDCE/C   n/a            0.500         5.000       4.500                activation_base_o_reg[10]/C
Low Pulse Width   Slow    FDCE/C   n/a            0.500         5.000       4.500                activation_base_o_reg[11]/C
Low Pulse Width   Fast    FDCE/C   n/a            0.500         5.000       4.500                activation_base_o_reg[11]/C
Low Pulse Width   Slow    FDCE/C   n/a            0.500         5.000       4.500                activation_base_o_reg[12]/C
Low Pulse Width   Fast    FDCE/C   n/a            0.500         5.000       4.500                activation_base_o_reg[12]/C
Low Pulse Width   Slow    FDCE/C   n/a            0.500         5.000       4.500                activation_base_o_reg[13]/C
Low Pulse Width   Fast    FDCE/C   n/a            0.500         5.000       4.500                activation_base_o_reg[13]/C
Low Pulse Width   Slow    FDCE/C   n/a            0.500         5.000       4.500                activation_base_o_reg[14]/C
Low Pulse Width   Fast    FDCE/C   n/a            0.500         5.000       4.500                activation_base_o_reg[14]/C
High Pulse Width  Slow    FDPE/C   n/a            0.500         5.000       4.500                FSM_sequential_state_q_reg[0]/C
High Pulse Width  Fast    FDPE/C   n/a            0.500         5.000       4.500                FSM_sequential_state_q_reg[0]/C
High Pulse Width  Slow    FDCE/C   n/a            0.500         5.000       4.500                FSM_sequential_state_q_reg[1]/C
High Pulse Width  Fast    FDCE/C   n/a            0.500         5.000       4.500                FSM_sequential_state_q_reg[1]/C
High Pulse Width  Slow    FDPE/C   n/a            0.500         5.000       4.500                FSM_sequential_state_q_reg[2]/C
High Pulse Width  Fast    FDPE/C   n/a            0.500         5.000       4.500                FSM_sequential_state_q_reg[2]/C
High Pulse Width  Slow    FDCE/C   n/a            0.500         5.000       4.500                FSM_sequential_state_q_reg[3]/C
High Pulse Width  Fast    FDCE/C   n/a            0.500         5.000       4.500                FSM_sequential_state_q_reg[3]/C
High Pulse Width  Slow    FDCE/C   n/a            0.500         5.000       4.500                activation_base_o_reg[0]/C
High Pulse Width  Fast    FDCE/C   n/a            0.500         5.000       4.500                activation_base_o_reg[0]/C
High Pulse Width  Slow    FDCE/C   n/a            0.500         5.000       4.500                activation_base_o_reg[10]/C
High Pulse Width  Fast    FDCE/C   n/a            0.500         5.000       4.500                activation_base_o_reg[10]/C
High Pulse Width  Slow    FDCE/C   n/a            0.500         5.000       4.500                activation_base_o_reg[11]/C
High Pulse Width  Fast    FDCE/C   n/a            0.500         5.000       4.500                activation_base_o_reg[11]/C
High Pulse Width  Slow    FDCE/C   n/a            0.500         5.000       4.500                activation_base_o_reg[12]/C
High Pulse Width  Fast    FDCE/C   n/a            0.500         5.000       4.500                activation_base_o_reg[12]/C
High Pulse Width  Slow    FDCE/C   n/a            0.500         5.000       4.500                activation_base_o_reg[13]/C
High Pulse Width  Fast    FDCE/C   n/a            0.500         5.000       4.500                activation_base_o_reg[13]/C
High Pulse Width  Slow    FDCE/C   n/a            0.500         5.000       4.500                activation_base_o_reg[14]/C
High Pulse Width  Fast    FDCE/C   n/a            0.500         5.000       4.500                activation_base_o_reg[14]/C



