Copyright 1986-2022 Xilinx, Inc. All Rights Reserved. Copyright 2022-2026 Advanced Micro Devices, Inc. All Rights Reserved.
---------------------------------------------------------------------------------------------------------------------------------------------
| Tool Version : Vivado v.2026.1 (win64) Build 6511674 Tue Jun 16 11:02:23 MDT 2026
| Date         : Mon Sep 14 22:53:12 2026
| Host         : RAW2332 running 64-bit major release  (build 9200)
| Command      : report_methodology -file D:/WORKBUDDY/STEM/npu-stem-repo/hardware/reports/vivado_2026_1/npu_scratchpad/methodology.rpt
| Design       : npu_scratchpad
| Device       : xc7z020clg400-1
| Speed File   : -1
| Design State : Synthesized
---------------------------------------------------------------------------------------------------------------------------------------------

Report Methodology

Table of Contents
-----------------
1. REPORT SUMMARY
2. REPORT DETAILS

1. REPORT SUMMARY
-----------------
            Netlist: npu_scratchpad
          Floorplan: design_1
      Design limits: <entire design considered>
             Max checks: <unlimited>
             Checks found: 511
+-----------+----------+--------------------------------------------+--------+
| Rule      | Severity | Description                                | Checks |
+-----------+----------+--------------------------------------------+--------+
| SYNTH-6   | Warning  | Timing of a RAM block might be sub-optimal | 56     |
| SYNTH-15  | Warning  | Byte wide write enable not inferred        | 32     |
| TIMING-18 | Warning  | Missing input or output delay              | 423    |
+-----------+----------+--------------------------------------------+--------+

2. REPORT DETAILS
-----------------
SYNTH-6#1 Warning
Timing of a RAM block might be sub-optimal  
The timing for the instance activation_bank0/memory_reg_0_0, implemented as a RAM block, might be sub-optimal as no output register was merged into the block.
Related violations: <none>

SYNTH-6#2 Warning
Timing of a RAM block might be sub-optimal  
The timing for the instance activation_bank0/memory_reg_0_1, implemented as a RAM block, might be sub-optimal as no output register was merged into the block.
Related violations: <none>

SYNTH-6#3 Warning
Timing of a RAM block might be sub-optimal  
The timing for the instance activation_bank0/memory_reg_1_0, implemented as a RAM block, might be sub-optimal as no output register was merged into the block.
Related violations: <none>

SYNTH-6#4 Warning
Timing of a RAM block might be sub-optimal  
The timing for the instance activation_bank0/memory_reg_1_1, implemented as a RAM block, might be sub-optimal as no output register was merged into the block.
Related violations: <none>

SYNTH-6#5 Warning
Timing of a RAM block might be sub-optimal  
The timing for the instance activation_bank0/memory_reg_2_0, implemented as a RAM block, might be sub-optimal as no output register was merged into the block.
Related violations: <none>

SYNTH-6#6 Warning
Timing of a RAM block might be sub-optimal  
The timing for the instance activation_bank0/memory_reg_2_1, implemented as a RAM block, might be sub-optimal as no output register was merged into the block.
Related violations: <none>

SYNTH-6#7 Warning
Timing of a RAM block might be sub-optimal  
The timing for the instance activation_bank0/memory_reg_3_0, implemented as a RAM block, might be sub-optimal as no output register was merged into the block.
Related violations: <none>

SYNTH-6#8 Warning
Timing of a RAM block might be sub-optimal  
The timing for the instance activation_bank0/memory_reg_3_1, implemented as a RAM block, might be sub-optimal as no output register was merged into the block.
Related violations: <none>

SYNTH-6#9 Warning
Timing of a RAM block might be sub-optimal  
The timing for the instance activation_bank0/memory_reg_4_0, implemented as a RAM block, might be sub-optimal as no output register was merged into the block.
Related violations: <none>

SYNTH-6#10 Warning
Timing of a RAM block might be sub-optimal  
The timing for the instance activation_bank0/memory_reg_4_1, implemented as a RAM block, might be sub-optimal as no output register was merged into the block.
Related violations: <none>

SYNTH-6#11 Warning
Timing of a RAM block might be sub-optimal  
The timing for the instance activation_bank0/memory_reg_5_0, implemented as a RAM block, might be sub-optimal as no output register was merged into the block.
Related violations: <none>

SYNTH-6#12 Warning
Timing of a RAM block might be sub-optimal  
The timing for the instance activation_bank0/memory_reg_5_1, implemented as a RAM block, might be sub-optimal as no output register was merged into the block.
Related violations: <none>

SYNTH-6#13 Warning
Timing of a RAM block might be sub-optimal  
The timing for the instance activation_bank0/memory_reg_6_0, implemented as a RAM block, might be sub-optimal as no output register was merged into the block.
Related violations: <none>

SYNTH-6#14 Warning
Timing of a RAM block might be sub-optimal  
The timing for the instance activation_bank0/memory_reg_6_1, implemented as a RAM block, might be sub-optimal as no output register was merged into the block.
Related violations: <none>

SYNTH-6#15 Warning
Timing of a RAM block might be sub-optimal  
The timing for the instance activation_bank0/memory_reg_7_0, implemented as a RAM block, might be sub-optimal as no output register was merged into the block.
Related violations: <none>

SYNTH-6#16 Warning
Timing of a RAM block might be sub-optimal  
The timing for the instance activation_bank0/memory_reg_7_1, implemented as a RAM block, might be sub-optimal as no output register was merged into the block.
Related violations: <none>

SYNTH-6#17 Warning
Timing of a RAM block might be sub-optimal  
The timing for the instance activation_bank1/memory_reg_0_0, implemented as a RAM block, might be sub-optimal as no output register was merged into the block.
Related violations: <none>

SYNTH-6#18 Warning
Timing of a RAM block might be sub-optimal  
The timing for the instance activation_bank1/memory_reg_0_1, implemented as a RAM block, might be sub-optimal as no output register was merged into the block.
Related violations: <none>

SYNTH-6#19 Warning
Timing of a RAM block might be sub-optimal  
The timing for the instance activation_bank1/memory_reg_1_0, implemented as a RAM block, might be sub-optimal as no output register was merged into the block.
Related violations: <none>

SYNTH-6#20 Warning
Timing of a RAM block might be sub-optimal  
The timing for the instance activation_bank1/memory_reg_1_1, implemented as a RAM block, might be sub-optimal as no output register was merged into the block.
Related violations: <none>

SYNTH-6#21 Warning
Timing of a RAM block might be sub-optimal  
The timing for the instance activation_bank1/memory_reg_2_0, implemented as a RAM block, might be sub-optimal as no output register was merged into the block.
Related violations: <none>

SYNTH-6#22 Warning
Timing of a RAM block might be sub-optimal  
The timing for the instance activation_bank1/memory_reg_2_1, implemented as a RAM block, might be sub-optimal as no output register was merged into the block.
Related violations: <none>

SYNTH-6#23 Warning
Timing of a RAM block might be sub-optimal  
The timing for the instance activation_bank1/memory_reg_3_0, implemented as a RAM block, might be sub-optimal as no output register was merged into the block.
Related violations: <none>

SYNTH-6#24 Warning
Timing of a RAM block might be sub-optimal  
The timing for the instance activation_bank1/memory_reg_3_1, implemented as a RAM block, might be sub-optimal as no output register was merged into the block.
Related violations: <none>

SYNTH-6#25 Warning
Timing of a RAM block might be sub-optimal  
The timing for the instance activation_bank1/memory_reg_4_0, implemented as a RAM block, might be sub-optimal as no output register was merged into the block.
Related violations: <none>

SYNTH-6#26 Warning
Timing of a RAM block might be sub-optimal  
The timing for the instance activation_bank1/memory_reg_4_1, implemented as a RAM block, might be sub-optimal as no output register was merged into the block.
Related violations: <none>

SYNTH-6#27 Warning
Timing of a RAM block might be sub-optimal  
The timing for the instance activation_bank1/memory_reg_5_0, implemented as a RAM block, might be sub-optimal as no output register was merged into the block.
Related violations: <none>

SYNTH-6#28 Warning
Timing of a RAM block might be sub-optimal  
The timing for the instance activation_bank1/memory_reg_5_1, implemented as a RAM block, might be sub-optimal as no output register was merged into the block.
Related violations: <none>

SYNTH-6#29 Warning
Timing of a RAM block might be sub-optimal  
The timing for the instance activation_bank1/memory_reg_6_0, implemented as a RAM block, might be sub-optimal as no output register was merged into the block.
Related violations: <none>

SYNTH-6#30 Warning
Timing of a RAM block might be sub-optimal  
The timing for the instance activation_bank1/memory_reg_6_1, implemented as a RAM block, might be sub-optimal as no output register was merged into the block.
Related violations: <none>

SYNTH-6#31 Warning
Timing of a RAM block might be sub-optimal  
The timing for the instance activation_bank1/memory_reg_7_0, implemented as a RAM block, might be sub-optimal as no output register was merged into the block.
Related violations: <none>

SYNTH-6#32 Warning
Timing of a RAM block might be sub-optimal  
The timing for the instance activation_bank1/memory_reg_7_1, implemented as a RAM block, might be sub-optimal as no output register was merged into the block.
Related violations: <none>

SYNTH-6#33 Warning
Timing of a RAM block might be sub-optimal  
The timing for the instance output_bank0/memory_reg_0, implemented as a RAM block, might be sub-optimal as no output register was merged into the block.
Related violations: <none>

SYNTH-6#34 Warning
Timing of a RAM block might be sub-optimal  
The timing for the instance output_bank0/memory_reg_1, implemented as a RAM block, might be sub-optimal as no output register was merged into the block.
Related violations: <none>

SYNTH-6#35 Warning
Timing of a RAM block might be sub-optimal  
The timing for the instance output_bank0/memory_reg_2, implemented as a RAM block, might be sub-optimal as no output register was merged into the block.
Related violations: <none>

SYNTH-6#36 Warning
Timing of a RAM block might be sub-optimal  
The timing for the instance output_bank0/memory_reg_3, implemented as a RAM block, might be sub-optimal as no output register was merged into the block.
Related violations: <none>

SYNTH-6#37 Warning
Timing of a RAM block might be sub-optimal  
The timing for the instance output_bank1/memory_reg_0, implemented as a RAM block, might be sub-optimal as no output register was merged into the block.
Related violations: <none>

SYNTH-6#38 Warning
Timing of a RAM block might be sub-optimal  
The timing for the instance output_bank1/memory_reg_1, implemented as a RAM block, might be sub-optimal as no output register was merged into the block.
Related violations: <none>

SYNTH-6#39 Warning
Timing of a RAM block might be sub-optimal  
The timing for the instance output_bank1/memory_reg_2, implemented as a RAM block, might be sub-optimal as no output register was merged into the block.
Related violations: <none>

SYNTH-6#40 Warning
Timing of a RAM block might be sub-optimal  
The timing for the instance output_bank1/memory_reg_3, implemented as a RAM block, might be sub-optimal as no output register was merged into the block.
Related violations: <none>

SYNTH-6#41 Warning
Timing of a RAM block might be sub-optimal  
The timing for the instance weight_bank0/memory_reg_0, implemented as a RAM block, might be sub-optimal as no output register was merged into the block.
Related violations: <none>

SYNTH-6#42 Warning
Timing of a RAM block might be sub-optimal  
The timing for the instance weight_bank0/memory_reg_1, implemented as a RAM block, might be sub-optimal as no output register was merged into the block.
Related violations: <none>

SYNTH-6#43 Warning
Timing of a RAM block might be sub-optimal  
The timing for the instance weight_bank0/memory_reg_2, implemented as a RAM block, might be sub-optimal as no output register was merged into the block.
Related violations: <none>

SYNTH-6#44 Warning
Timing of a RAM block might be sub-optimal  
The timing for the instance weight_bank0/memory_reg_3, implemented as a RAM block, might be sub-optimal as no output register was merged into the block.
Related violations: <none>

SYNTH-6#45 Warning
Timing of a RAM block might be sub-optimal  
The timing for the instance weight_bank0/memory_reg_4, implemented as a RAM block, might be sub-optimal as no output register was merged into the block.
Related violations: <none>

SYNTH-6#46 Warning
Timing of a RAM block might be sub-optimal  
The timing for the instance weight_bank0/memory_reg_5, implemented as a RAM block, might be sub-optimal as no output register was merged into the block.
Related violations: <none>

SYNTH-6#47 Warning
Timing of a RAM block might be sub-optimal  
The timing for the instance weight_bank0/memory_reg_6, implemented as a RAM block, might be sub-optimal as no output register was merged into the block.
Related violations: <none>

SYNTH-6#48 Warning
Timing of a RAM block might be sub-optimal  
The timing for the instance weight_bank0/memory_reg_7, implemented as a RAM block, might be sub-optimal as no output register was merged into the block.
Related violations: <none>

SYNTH-6#49 Warning
Timing of a RAM block might be sub-optimal  
The timing for the instance weight_bank1/memory_reg_0, implemented as a RAM block, might be sub-optimal as no output register was merged into the block.
Related violations: <none>

SYNTH-6#50 Warning
Timing of a RAM block might be sub-optimal  
The timing for the instance weight_bank1/memory_reg_1, implemented as a RAM block, might be sub-optimal as no output register was merged into the block.
Related violations: <none>

SYNTH-6#51 Warning
Timing of a RAM block might be sub-optimal  
The timing for the instance weight_bank1/memory_reg_2, implemented as a RAM block, might be sub-optimal as no output register was merged into the block.
Related violations: <none>

SYNTH-6#52 Warning
Timing of a RAM block might be sub-optimal  
The timing for the instance weight_bank1/memory_reg_3, implemented as a RAM block, might be sub-optimal as no output register was merged into the block.
Related violations: <none>

SYNTH-6#53 Warning
Timing of a RAM block might be sub-optimal  
The timing for the instance weight_bank1/memory_reg_4, implemented as a RAM block, might be sub-optimal as no output register was merged into the block.
Related violations: <none>

SYNTH-6#54 Warning
Timing of a RAM block might be sub-optimal  
The timing for the instance weight_bank1/memory_reg_5, implemented as a RAM block, might be sub-optimal as no output register was merged into the block.
Related violations: <none>

SYNTH-6#55 Warning
Timing of a RAM block might be sub-optimal  
The timing for the instance weight_bank1/memory_reg_6, implemented as a RAM block, might be sub-optimal as no output register was merged into the block.
Related violations: <none>

SYNTH-6#56 Warning
Timing of a RAM block might be sub-optimal  
The timing for the instance weight_bank1/memory_reg_7, implemented as a RAM block, might be sub-optimal as no output register was merged into the block.
Related violations: <none>

SYNTH-15#1 Warning
Byte wide write enable not inferred  
Byte wide write enable (BWWE) is not inferred for Block RAM activation_bank0/memory_reg_0_0 because address width (13) is more than optimal threshold of 12. Implementing using BWWE will require more logic and timing would be suboptimal. Please use attribute ram_decomp = power if BWWE is desired..
Related violations: <none>

SYNTH-15#2 Warning
Byte wide write enable not inferred  
Byte wide write enable (BWWE) is not inferred for Block RAM activation_bank0/memory_reg_0_1 because address width (13) is more than optimal threshold of 12. Implementing using BWWE will require more logic and timing would be suboptimal. Please use attribute ram_decomp = power if BWWE is desired..
Related violations: <none>

SYNTH-15#3 Warning
Byte wide write enable not inferred  
Byte wide write enable (BWWE) is not inferred for Block RAM activation_bank0/memory_reg_1_0 because address width (13) is more than optimal threshold of 12. Implementing using BWWE will require more logic and timing would be suboptimal. Please use attribute ram_decomp = power if BWWE is desired..
Related violations: <none>

SYNTH-15#4 Warning
Byte wide write enable not inferred  
Byte wide write enable (BWWE) is not inferred for Block RAM activation_bank0/memory_reg_1_1 because address width (13) is more than optimal threshold of 12. Implementing using BWWE will require more logic and timing would be suboptimal. Please use attribute ram_decomp = power if BWWE is desired..
Related violations: <none>

SYNTH-15#5 Warning
Byte wide write enable not inferred  
Byte wide write enable (BWWE) is not inferred for Block RAM activation_bank0/memory_reg_2_0 because address width (13) is more than optimal threshold of 12. Implementing using BWWE will require more logic and timing would be suboptimal. Please use attribute ram_decomp = power if BWWE is desired..
Related violations: <none>

SYNTH-15#6 Warning
Byte wide write enable not inferred  
Byte wide write enable (BWWE) is not inferred for Block RAM activation_bank0/memory_reg_2_1 because address width (13) is more than optimal threshold of 12. Implementing using BWWE will require more logic and timing would be suboptimal. Please use attribute ram_decomp = power if BWWE is desired..
Related violations: <none>

SYNTH-15#7 Warning
Byte wide write enable not inferred  
Byte wide write enable (BWWE) is not inferred for Block RAM activation_bank0/memory_reg_3_0 because address width (13) is more than optimal threshold of 12. Implementing using BWWE will require more logic and timing would be suboptimal. Please use attribute ram_decomp = power if BWWE is desired..
Related violations: <none>

SYNTH-15#8 Warning
Byte wide write enable not inferred  
Byte wide write enable (BWWE) is not inferred for Block RAM activation_bank0/memory_reg_3_1 because address width (13) is more than optimal threshold of 12. Implementing using BWWE will require more logic and timing would be suboptimal. Please use attribute ram_decomp = power if BWWE is desired..
Related violations: <none>

SYNTH-15#9 Warning
Byte wide write enable not inferred  
Byte wide write enable (BWWE) is not inferred for Block RAM activation_bank0/memory_reg_4_0 because address width (13) is more than optimal threshold of 12. Implementing using BWWE will require more logic and timing would be suboptimal. Please use attribute ram_decomp = power if BWWE is desired..
Related violations: <none>

SYNTH-15#10 Warning
Byte wide write enable not inferred  
Byte wide write enable (BWWE) is not inferred for Block RAM activation_bank0/memory_reg_4_1 because address width (13) is more than optimal threshold of 12. Implementing using BWWE will require more logic and timing would be suboptimal. Please use attribute ram_decomp = power if BWWE is desired..
Related violations: <none>

SYNTH-15#11 Warning
Byte wide write enable not inferred  
Byte wide write enable (BWWE) is not inferred for Block RAM activation_bank0/memory_reg_5_0 because address width (13) is more than optimal threshold of 12. Implementing using BWWE will require more logic and timing would be suboptimal. Please use attribute ram_decomp = power if BWWE is desired..
Related violations: <none>

SYNTH-15#12 Warning
Byte wide write enable not inferred  
Byte wide write enable (BWWE) is not inferred for Block RAM activation_bank0/memory_reg_5_1 because address width (13) is more than optimal threshold of 12. Implementing using BWWE will require more logic and timing would be suboptimal. Please use attribute ram_decomp = power if BWWE is desired..
Related violations: <none>

SYNTH-15#13 Warning
Byte wide write enable not inferred  
Byte wide write enable (BWWE) is not inferred for Block RAM activation_bank0/memory_reg_6_0 because address width (13) is more than optimal threshold of 12. Implementing using BWWE will require more logic and timing would be suboptimal. Please use attribute ram_decomp = power if BWWE is desired..
Related violations: <none>

SYNTH-15#14 Warning
Byte wide write enable not inferred  
Byte wide write enable (BWWE) is not inferred for Block RAM activation_bank0/memory_reg_6_1 because address width (13) is more than optimal threshold of 12. Implementing using BWWE will require more logic and timing would be suboptimal. Please use attribute ram_decomp = power if BWWE is desired..
Related violations: <none>

SYNTH-15#15 Warning
Byte wide write enable not inferred  
Byte wide write enable (BWWE) is not inferred for Block RAM activation_bank0/memory_reg_7_0 because address width (13) is more than optimal threshold of 12. Implementing using BWWE will require more logic and timing would be suboptimal. Please use attribute ram_decomp = power if BWWE is desired..
Related violations: <none>

SYNTH-15#16 Warning
Byte wide write enable not inferred  
Byte wide write enable (BWWE) is not inferred for Block RAM activation_bank0/memory_reg_7_1 because address width (13) is more than optimal threshold of 12. Implementing using BWWE will require more logic and timing would be suboptimal. Please use attribute ram_decomp = power if BWWE is desired..
Related violations: <none>

SYNTH-15#17 Warning
Byte wide write enable not inferred  
Byte wide write enable (BWWE) is not inferred for Block RAM activation_bank1/memory_reg_0_0 because address width (13) is more than optimal threshold of 12. Implementing using BWWE will require more logic and timing would be suboptimal. Please use attribute ram_decomp = power if BWWE is desired..
Related violations: <none>

SYNTH-15#18 Warning
Byte wide write enable not inferred  
Byte wide write enable (BWWE) is not inferred for Block RAM activation_bank1/memory_reg_0_1 because address width (13) is more than optimal threshold of 12. Implementing using BWWE will require more logic and timing would be suboptimal. Please use attribute ram_decomp = power if BWWE is desired..
Related violations: <none>

SYNTH-15#19 Warning
Byte wide write enable not inferred  
Byte wide write enable (BWWE) is not inferred for Block RAM activation_bank1/memory_reg_1_0 because address width (13) is more than optimal threshold of 12. Implementing using BWWE will require more logic and timing would be suboptimal. Please use attribute ram_decomp = power if BWWE is desired..
Related violations: <none>

SYNTH-15#20 Warning
Byte wide write enable not inferred  
Byte wide write enable (BWWE) is not inferred for Block RAM activation_bank1/memory_reg_1_1 because address width (13) is more than optimal threshold of 12. Implementing using BWWE will require more logic and timing would be suboptimal. Please use attribute ram_decomp = power if BWWE is desired..
Related violations: <none>

SYNTH-15#21 Warning
Byte wide write enable not inferred  
Byte wide write enable (BWWE) is not inferred for Block RAM activation_bank1/memory_reg_2_0 because address width (13) is more than optimal threshold of 12. Implementing using BWWE will require more logic and timing would be suboptimal. Please use attribute ram_decomp = power if BWWE is desired..
Related violations: <none>

SYNTH-15#22 Warning
Byte wide write enable not inferred  
Byte wide write enable (BWWE) is not inferred for Block RAM activation_bank1/memory_reg_2_1 because address width (13) is more than optimal threshold of 12. Implementing using BWWE will require more logic and timing would be suboptimal. Please use attribute ram_decomp = power if BWWE is desired..
Related violations: <none>

SYNTH-15#23 Warning
Byte wide write enable not inferred  
Byte wide write enable (BWWE) is not inferred for Block RAM activation_bank1/memory_reg_3_0 because address width (13) is more than optimal threshold of 12. Implementing using BWWE will require more logic and timing would be suboptimal. Please use attribute ram_decomp = power if BWWE is desired..
Related violations: <none>

SYNTH-15#24 Warning
Byte wide write enable not inferred  
Byte wide write enable (BWWE) is not inferred for Block RAM activation_bank1/memory_reg_3_1 because address width (13) is more than optimal threshold of 12. Implementing using BWWE will require more logic and timing would be suboptimal. Please use attribute ram_decomp = power if BWWE is desired..
Related violations: <none>

SYNTH-15#25 Warning
Byte wide write enable not inferred  
Byte wide write enable (BWWE) is not inferred for Block RAM activation_bank1/memory_reg_4_0 because address width (13) is more than optimal threshold of 12. Implementing using BWWE will require more logic and timing would be suboptimal. Please use attribute ram_decomp = power if BWWE is desired..
Related violations: <none>

SYNTH-15#26 Warning
Byte wide write enable not inferred  
Byte wide write enable (BWWE) is not inferred for Block RAM activation_bank1/memory_reg_4_1 because address width (13) is more than optimal threshold of 12. Implementing using BWWE will require more logic and timing would be suboptimal. Please use attribute ram_decomp = power if BWWE is desired..
Related violations: <none>

SYNTH-15#27 Warning
Byte wide write enable not inferred  
Byte wide write enable (BWWE) is not inferred for Block RAM activation_bank1/memory_reg_5_0 because address width (13) is more than optimal threshold of 12. Implementing using BWWE will require more logic and timing would be suboptimal. Please use attribute ram_decomp = power if BWWE is desired..
Related violations: <none>

SYNTH-15#28 Warning
Byte wide write enable not inferred  
Byte wide write enable (BWWE) is not inferred for Block RAM activation_bank1/memory_reg_5_1 because address width (13) is more than optimal threshold of 12. Implementing using BWWE will require more logic and timing would be suboptimal. Please use attribute ram_decomp = power if BWWE is desired..
Related violations: <none>

SYNTH-15#29 Warning
Byte wide write enable not inferred  
Byte wide write enable (BWWE) is not inferred for Block RAM activation_bank1/memory_reg_6_0 because address width (13) is more than optimal threshold of 12. Implementing using BWWE will require more logic and timing would be suboptimal. Please use attribute ram_decomp = power if BWWE is desired..
Related violations: <none>

SYNTH-15#30 Warning
Byte wide write enable not inferred  
Byte wide write enable (BWWE) is not inferred for Block RAM activation_bank1/memory_reg_6_1 because address width (13) is more than optimal threshold of 12. Implementing using BWWE will require more logic and timing would be suboptimal. Please use attribute ram_decomp = power if BWWE is desired..
Related violations: <none>

SYNTH-15#31 Warning
Byte wide write enable not inferred  
Byte wide write enable (BWWE) is not inferred for Block RAM activation_bank1/memory_reg_7_0 because address width (13) is more than optimal threshold of 12. Implementing using BWWE will require more logic and timing would be suboptimal. Please use attribute ram_decomp = power if BWWE is desired..
Related violations: <none>

SYNTH-15#32 Warning
Byte wide write enable not inferred  
Byte wide write enable (BWWE) is not inferred for Block RAM activation_bank1/memory_reg_7_1 because address width (13) is more than optimal threshold of 12. Implementing using BWWE will require more logic and timing would be suboptimal. Please use attribute ram_decomp = power if BWWE is desired..
Related violations: <none>

TIMING-18#1 Warning
Missing input or output delay  
An input delay is missing on accelerator_read_address_i[0] relative to the rising and/or falling clock edge(s) of core_clk.
Related violations: <none>

TIMING-18#2 Warning
Missing input or output delay  
An input delay is missing on accelerator_read_address_i[10] relative to the rising and/or falling clock edge(s) of core_clk.
Related violations: <none>

TIMING-18#3 Warning
Missing input or output delay  
An input delay is missing on accelerator_read_address_i[11] relative to the rising and/or falling clock edge(s) of core_clk.
Related violations: <none>

TIMING-18#4 Warning
Missing input or output delay  
An input delay is missing on accelerator_read_address_i[12] relative to the rising and/or falling clock edge(s) of core_clk.
Related violations: <none>

TIMING-18#5 Warning
Missing input or output delay  
An input delay is missing on accelerator_read_address_i[13] relative to the rising and/or falling clock edge(s) of core_clk.
Related violations: <none>

TIMING-18#6 Warning
Missing input or output delay  
An input delay is missing on accelerator_read_address_i[14] relative to the rising and/or falling clock edge(s) of core_clk.
Related violations: <none>

TIMING-18#7 Warning
Missing input or output delay  
An input delay is missing on accelerator_read_address_i[15] relative to the rising and/or falling clock edge(s) of core_clk.
Related violations: <none>

TIMING-18#8 Warning
Missing input or output delay  
An input delay is missing on accelerator_read_address_i[16] relative to the rising and/or falling clock edge(s) of core_clk.
Related violations: <none>

TIMING-18#9 Warning
Missing input or output delay  
An input delay is missing on accelerator_read_address_i[17] relative to the rising and/or falling clock edge(s) of core_clk.
Related violations: <none>

TIMING-18#10 Warning
Missing input or output delay  
An input delay is missing on accelerator_read_address_i[18] relative to the rising and/or falling clock edge(s) of core_clk.
Related violations: <none>

TIMING-18#11 Warning
Missing input or output delay  
An input delay is missing on accelerator_read_address_i[19] relative to the rising and/or falling clock edge(s) of core_clk.
Related violations: <none>

TIMING-18#12 Warning
Missing input or output delay  
An input delay is missing on accelerator_read_address_i[1] relative to the rising and/or falling clock edge(s) of core_clk.
Related violations: <none>

TIMING-18#13 Warning
Missing input or output delay  
An input delay is missing on accelerator_read_address_i[20] relative to the rising and/or falling clock edge(s) of core_clk.
Related violations: <none>

TIMING-18#14 Warning
Missing input or output delay  
An input delay is missing on accelerator_read_address_i[21] relative to the rising and/or falling clock edge(s) of core_clk.
Related violations: <none>

TIMING-18#15 Warning
Missing input or output delay  
An input delay is missing on accelerator_read_address_i[22] relative to the rising and/or falling clock edge(s) of core_clk.
Related violations: <none>

TIMING-18#16 Warning
Missing input or output delay  
An input delay is missing on accelerator_read_address_i[23] relative to the rising and/or falling clock edge(s) of core_clk.
Related violations: <none>

TIMING-18#17 Warning
Missing input or output delay  
An input delay is missing on accelerator_read_address_i[24] relative to the rising and/or falling clock edge(s) of core_clk.
Related violations: <none>

TIMING-18#18 Warning
Missing input or output delay  
An input delay is missing on accelerator_read_address_i[25] relative to the rising and/or falling clock edge(s) of core_clk.
Related violations: <none>

TIMING-18#19 Warning
Missing input or output delay  
An input delay is missing on accelerator_read_address_i[26] relative to the rising and/or falling clock edge(s) of core_clk.
Related violations: <none>

TIMING-18#20 Warning
Missing input or output delay  
An input delay is missing on accelerator_read_address_i[27] relative to the rising and/or falling clock edge(s) of core_clk.
Related violations: <none>

TIMING-18#21 Warning
Missing input or output delay  
An input delay is missing on accelerator_read_address_i[28] relative to the rising and/or falling clock edge(s) of core_clk.
Related violations: <none>

TIMING-18#22 Warning
Missing input or output delay  
An input delay is missing on accelerator_read_address_i[29] relative to the rising and/or falling clock edge(s) of core_clk.
Related violations: <none>

TIMING-18#23 Warning
Missing input or output delay  
An input delay is missing on accelerator_read_address_i[2] relative to the rising and/or falling clock edge(s) of core_clk.
Related violations: <none>

TIMING-18#24 Warning
Missing input or output delay  
An input delay is missing on accelerator_read_address_i[30] relative to the rising and/or falling clock edge(s) of core_clk.
Related violations: <none>

TIMING-18#25 Warning
Missing input or output delay  
An input delay is missing on accelerator_read_address_i[31] relative to the rising and/or falling clock edge(s) of core_clk.
Related violations: <none>

TIMING-18#26 Warning
Missing input or output delay  
An input delay is missing on accelerator_read_address_i[3] relative to the rising and/or falling clock edge(s) of core_clk.
Related violations: <none>

TIMING-18#27 Warning
Missing input or output delay  
An input delay is missing on accelerator_read_address_i[4] relative to the rising and/or falling clock edge(s) of core_clk.
Related violations: <none>

TIMING-18#28 Warning
Missing input or output delay  
An input delay is missing on accelerator_read_address_i[5] relative to the rising and/or falling clock edge(s) of core_clk.
Related violations: <none>

TIMING-18#29 Warning
Missing input or output delay  
An input delay is missing on accelerator_read_address_i[6] relative to the rising and/or falling clock edge(s) of core_clk.
Related violations: <none>

TIMING-18#30 Warning
Missing input or output delay  
An input delay is missing on accelerator_read_address_i[7] relative to the rising and/or falling clock edge(s) of core_clk.
Related violations: <none>

TIMING-18#31 Warning
Missing input or output delay  
An input delay is missing on accelerator_read_address_i[8] relative to the rising and/or falling clock edge(s) of core_clk.
Related violations: <none>

TIMING-18#32 Warning
Missing input or output delay  
An input delay is missing on accelerator_read_address_i[9] relative to the rising and/or falling clock edge(s) of core_clk.
Related violations: <none>

TIMING-18#33 Warning
Missing input or output delay  
An input delay is missing on accelerator_read_bank_i relative to the rising and/or falling clock edge(s) of core_clk.
Related violations: <none>

TIMING-18#34 Warning
Missing input or output delay  
An input delay is missing on accelerator_read_kind_i[0] relative to the rising and/or falling clock edge(s) of core_clk.
Related violations: <none>

TIMING-18#35 Warning
Missing input or output delay  
An input delay is missing on accelerator_read_kind_i[1] relative to the rising and/or falling clock edge(s) of core_clk.
Related violations: <none>

TIMING-18#36 Warning
Missing input or output delay  
An input delay is missing on accelerator_read_request_valid_i relative to the rising and/or falling clock edge(s) of core_clk.
Related violations: <none>

TIMING-18#37 Warning
Missing input or output delay  
An input delay is missing on accelerator_read_response_ready_i relative to the rising and/or falling clock edge(s) of core_clk.
Related violations: <none>

TIMING-18#38 Warning
Missing input or output delay  
An input delay is missing on accelerator_write_address_i[0] relative to the rising and/or falling clock edge(s) of core_clk.
Related violations: <none>

TIMING-18#39 Warning
Missing input or output delay  
An input delay is missing on accelerator_write_address_i[10] relative to the rising and/or falling clock edge(s) of core_clk.
Related violations: <none>

TIMING-18#40 Warning
Missing input or output delay  
An input delay is missing on accelerator_write_address_i[11] relative to the rising and/or falling clock edge(s) of core_clk.
Related violations: <none>

TIMING-18#41 Warning
Missing input or output delay  
An input delay is missing on accelerator_write_address_i[12] relative to the rising and/or falling clock edge(s) of core_clk.
Related violations: <none>

TIMING-18#42 Warning
Missing input or output delay  
An input delay is missing on accelerator_write_address_i[13] relative to the rising and/or falling clock edge(s) of core_clk.
Related violations: <none>

TIMING-18#43 Warning
Missing input or output delay  
An input delay is missing on accelerator_write_address_i[14] relative to the rising and/or falling clock edge(s) of core_clk.
Related violations: <none>

TIMING-18#44 Warning
Missing input or output delay  
An input delay is missing on accelerator_write_address_i[15] relative to the rising and/or falling clock edge(s) of core_clk.
Related violations: <none>

TIMING-18#45 Warning
Missing input or output delay  
An input delay is missing on accelerator_write_address_i[16] relative to the rising and/or falling clock edge(s) of core_clk.
Related violations: <none>

TIMING-18#46 Warning
Missing input or output delay  
An input delay is missing on accelerator_write_address_i[17] relative to the rising and/or falling clock edge(s) of core_clk.
Related violations: <none>

TIMING-18#47 Warning
Missing input or output delay  
An input delay is missing on accelerator_write_address_i[18] relative to the rising and/or falling clock edge(s) of core_clk.
Related violations: <none>

TIMING-18#48 Warning
Missing input or output delay  
An input delay is missing on accelerator_write_address_i[19] relative to the rising and/or falling clock edge(s) of core_clk.
Related violations: <none>

TIMING-18#49 Warning
Missing input or output delay  
An input delay is missing on accelerator_write_address_i[1] relative to the rising and/or falling clock edge(s) of core_clk.
Related violations: <none>

TIMING-18#50 Warning
Missing input or output delay  
An input delay is missing on accelerator_write_address_i[20] relative to the rising and/or falling clock edge(s) of core_clk.
Related violations: <none>

TIMING-18#51 Warning
Missing input or output delay  
An input delay is missing on accelerator_write_address_i[21] relative to the rising and/or falling clock edge(s) of core_clk.
Related violations: <none>

TIMING-18#52 Warning
Missing input or output delay  
An input delay is missing on accelerator_write_address_i[22] relative to the rising and/or falling clock edge(s) of core_clk.
Related violations: <none>

TIMING-18#53 Warning
Missing input or output delay  
An input delay is missing on accelerator_write_address_i[23] relative to the rising and/or falling clock edge(s) of core_clk.
Related violations: <none>

TIMING-18#54 Warning
Missing input or output delay  
An input delay is missing on accelerator_write_address_i[24] relative to the rising and/or falling clock edge(s) of core_clk.
Related violations: <none>

TIMING-18#55 Warning
Missing input or output delay  
An input delay is missing on accelerator_write_address_i[25] relative to the rising and/or falling clock edge(s) of core_clk.
Related violations: <none>

TIMING-18#56 Warning
Missing input or output delay  
An input delay is missing on accelerator_write_address_i[26] relative to the rising and/or falling clock edge(s) of core_clk.
Related violations: <none>

TIMING-18#57 Warning
Missing input or output delay  
An input delay is missing on accelerator_write_address_i[27] relative to the rising and/or falling clock edge(s) of core_clk.
Related violations: <none>

TIMING-18#58 Warning
Missing input or output delay  
An input delay is missing on accelerator_write_address_i[28] relative to the rising and/or falling clock edge(s) of core_clk.
Related violations: <none>

TIMING-18#59 Warning
Missing input or output delay  
An input delay is missing on accelerator_write_address_i[29] relative to the rising and/or falling clock edge(s) of core_clk.
Related violations: <none>

TIMING-18#60 Warning
Missing input or output delay  
An input delay is missing on accelerator_write_address_i[2] relative to the rising and/or falling clock edge(s) of core_clk.
Related violations: <none>

TIMING-18#61 Warning
Missing input or output delay  
An input delay is missing on accelerator_write_address_i[30] relative to the rising and/or falling clock edge(s) of core_clk.
Related violations: <none>

TIMING-18#62 Warning
Missing input or output delay  
An input delay is missing on accelerator_write_address_i[31] relative to the rising and/or falling clock edge(s) of core_clk.
Related violations: <none>

TIMING-18#63 Warning
Missing input or output delay  
An input delay is missing on accelerator_write_address_i[3] relative to the rising and/or falling clock edge(s) of core_clk.
Related violations: <none>

TIMING-18#64 Warning
Missing input or output delay  
An input delay is missing on accelerator_write_address_i[4] relative to the rising and/or falling clock edge(s) of core_clk.
Related violations: <none>

TIMING-18#65 Warning
Missing input or output delay  
An input delay is missing on accelerator_write_address_i[5] relative to the rising and/or falling clock edge(s) of core_clk.
Related violations: <none>

TIMING-18#66 Warning
Missing input or output delay  
An input delay is missing on accelerator_write_address_i[6] relative to the rising and/or falling clock edge(s) of core_clk.
Related violations: <none>

TIMING-18#67 Warning
Missing input or output delay  
An input delay is missing on accelerator_write_address_i[7] relative to the rising and/or falling clock edge(s) of core_clk.
Related violations: <none>

TIMING-18#68 Warning
Missing input or output delay  
An input delay is missing on accelerator_write_address_i[8] relative to the rising and/or falling clock edge(s) of core_clk.
Related violations: <none>

TIMING-18#69 Warning
Missing input or output delay  
An input delay is missing on accelerator_write_address_i[9] relative to the rising and/or falling clock edge(s) of core_clk.
Related violations: <none>

TIMING-18#70 Warning
Missing input or output delay  
An input delay is missing on accelerator_write_bank_i relative to the rising and/or falling clock edge(s) of core_clk.
Related violations: <none>

TIMING-18#71 Warning
Missing input or output delay  
An input delay is missing on accelerator_write_data_i[0] relative to the rising and/or falling clock edge(s) of core_clk.
Related violations: <none>

TIMING-18#72 Warning
Missing input or output delay  
An input delay is missing on accelerator_write_data_i[10] relative to the rising and/or falling clock edge(s) of core_clk.
Related violations: <none>

TIMING-18#73 Warning
Missing input or output delay  
An input delay is missing on accelerator_write_data_i[11] relative to the rising and/or falling clock edge(s) of core_clk.
Related violations: <none>

TIMING-18#74 Warning
Missing input or output delay  
An input delay is missing on accelerator_write_data_i[12] relative to the rising and/or falling clock edge(s) of core_clk.
Related violations: <none>

TIMING-18#75 Warning
Missing input or output delay  
An input delay is missing on accelerator_write_data_i[13] relative to the rising and/or falling clock edge(s) of core_clk.
Related violations: <none>

TIMING-18#76 Warning
Missing input or output delay  
An input delay is missing on accelerator_write_data_i[14] relative to the rising and/or falling clock edge(s) of core_clk.
Related violations: <none>

TIMING-18#77 Warning
Missing input or output delay  
An input delay is missing on accelerator_write_data_i[15] relative to the rising and/or falling clock edge(s) of core_clk.
Related violations: <none>

TIMING-18#78 Warning
Missing input or output delay  
An input delay is missing on accelerator_write_data_i[16] relative to the rising and/or falling clock edge(s) of core_clk.
Related violations: <none>

TIMING-18#79 Warning
Missing input or output delay  
An input delay is missing on accelerator_write_data_i[17] relative to the rising and/or falling clock edge(s) of core_clk.
Related violations: <none>

TIMING-18#80 Warning
Missing input or output delay  
An input delay is missing on accelerator_write_data_i[18] relative to the rising and/or falling clock edge(s) of core_clk.
Related violations: <none>

TIMING-18#81 Warning
Missing input or output delay  
An input delay is missing on accelerator_write_data_i[19] relative to the rising and/or falling clock edge(s) of core_clk.
Related violations: <none>

TIMING-18#82 Warning
Missing input or output delay  
An input delay is missing on accelerator_write_data_i[1] relative to the rising and/or falling clock edge(s) of core_clk.
Related violations: <none>

TIMING-18#83 Warning
Missing input or output delay  
An input delay is missing on accelerator_write_data_i[20] relative to the rising and/or falling clock edge(s) of core_clk.
Related violations: <none>

TIMING-18#84 Warning
Missing input or output delay  
An input delay is missing on accelerator_write_data_i[21] relative to the rising and/or falling clock edge(s) of core_clk.
Related violations: <none>

TIMING-18#85 Warning
Missing input or output delay  
An input delay is missing on accelerator_write_data_i[22] relative to the rising and/or falling clock edge(s) of core_clk.
Related violations: <none>

TIMING-18#86 Warning
Missing input or output delay  
An input delay is missing on accelerator_write_data_i[23] relative to the rising and/or falling clock edge(s) of core_clk.
Related violations: <none>

TIMING-18#87 Warning
Missing input or output delay  
An input delay is missing on accelerator_write_data_i[24] relative to the rising and/or falling clock edge(s) of core_clk.
Related violations: <none>

TIMING-18#88 Warning
Missing input or output delay  
An input delay is missing on accelerator_write_data_i[25] relative to the rising and/or falling clock edge(s) of core_clk.
Related violations: <none>

TIMING-18#89 Warning
Missing input or output delay  
An input delay is missing on accelerator_write_data_i[26] relative to the rising and/or falling clock edge(s) of core_clk.
Related violations: <none>

TIMING-18#90 Warning
Missing input or output delay  
An input delay is missing on accelerator_write_data_i[27] relative to the rising and/or falling clock edge(s) of core_clk.
Related violations: <none>

TIMING-18#91 Warning
Missing input or output delay  
An input delay is missing on accelerator_write_data_i[28] relative to the rising and/or falling clock edge(s) of core_clk.
Related violations: <none>

TIMING-18#92 Warning
Missing input or output delay  
An input delay is missing on accelerator_write_data_i[29] relative to the rising and/or falling clock edge(s) of core_clk.
Related violations: <none>

TIMING-18#93 Warning
Missing input or output delay  
An input delay is missing on accelerator_write_data_i[2] relative to the rising and/or falling clock edge(s) of core_clk.
Related violations: <none>

TIMING-18#94 Warning
Missing input or output delay  
An input delay is missing on accelerator_write_data_i[30] relative to the rising and/or falling clock edge(s) of core_clk.
Related violations: <none>

TIMING-18#95 Warning
Missing input or output delay  
An input delay is missing on accelerator_write_data_i[31] relative to the rising and/or falling clock edge(s) of core_clk.
Related violations: <none>

TIMING-18#96 Warning
Missing input or output delay  
An input delay is missing on accelerator_write_data_i[32] relative to the rising and/or falling clock edge(s) of core_clk.
Related violations: <none>

TIMING-18#97 Warning
Missing input or output delay  
An input delay is missing on accelerator_write_data_i[33] relative to the rising and/or falling clock edge(s) of core_clk.
Related violations: <none>

TIMING-18#98 Warning
Missing input or output delay  
An input delay is missing on accelerator_write_data_i[34] relative to the rising and/or falling clock edge(s) of core_clk.
Related violations: <none>

TIMING-18#99 Warning
Missing input or output delay  
An input delay is missing on accelerator_write_data_i[35] relative to the rising and/or falling clock edge(s) of core_clk.
Related violations: <none>

TIMING-18#100 Warning
Missing input or output delay  
An input delay is missing on accelerator_write_data_i[36] relative to the rising and/or falling clock edge(s) of core_clk.
Related violations: <none>

TIMING-18#101 Warning
Missing input or output delay  
An input delay is missing on accelerator_write_data_i[37] relative to the rising and/or falling clock edge(s) of core_clk.
Related violations: <none>

TIMING-18#102 Warning
Missing input or output delay  
An input delay is missing on accelerator_write_data_i[38] relative to the rising and/or falling clock edge(s) of core_clk.
Related violations: <none>

TIMING-18#103 Warning
Missing input or output delay  
An input delay is missing on accelerator_write_data_i[39] relative to the rising and/or falling clock edge(s) of core_clk.
Related violations: <none>

TIMING-18#104 Warning
Missing input or output delay  
An input delay is missing on accelerator_write_data_i[3] relative to the rising and/or falling clock edge(s) of core_clk.
Related violations: <none>

TIMING-18#105 Warning
Missing input or output delay  
An input delay is missing on accelerator_write_data_i[40] relative to the rising and/or falling clock edge(s) of core_clk.
Related violations: <none>

TIMING-18#106 Warning
Missing input or output delay  
An input delay is missing on accelerator_write_data_i[41] relative to the rising and/or falling clock edge(s) of core_clk.
Related violations: <none>

TIMING-18#107 Warning
Missing input or output delay  
An input delay is missing on accelerator_write_data_i[42] relative to the rising and/or falling clock edge(s) of core_clk.
Related violations: <none>

TIMING-18#108 Warning
Missing input or output delay  
An input delay is missing on accelerator_write_data_i[43] relative to the rising and/or falling clock edge(s) of core_clk.
Related violations: <none>

TIMING-18#109 Warning
Missing input or output delay  
An input delay is missing on accelerator_write_data_i[44] relative to the rising and/or falling clock edge(s) of core_clk.
Related violations: <none>

TIMING-18#110 Warning
Missing input or output delay  
An input delay is missing on accelerator_write_data_i[45] relative to the rising and/or falling clock edge(s) of core_clk.
Related violations: <none>

TIMING-18#111 Warning
Missing input or output delay  
An input delay is missing on accelerator_write_data_i[46] relative to the rising and/or falling clock edge(s) of core_clk.
Related violations: <none>

TIMING-18#112 Warning
Missing input or output delay  
An input delay is missing on accelerator_write_data_i[47] relative to the rising and/or falling clock edge(s) of core_clk.
Related violations: <none>

TIMING-18#113 Warning
Missing input or output delay  
An input delay is missing on accelerator_write_data_i[48] relative to the rising and/or falling clock edge(s) of core_clk.
Related violations: <none>

TIMING-18#114 Warning
Missing input or output delay  
An input delay is missing on accelerator_write_data_i[49] relative to the rising and/or falling clock edge(s) of core_clk.
Related violations: <none>

TIMING-18#115 Warning
Missing input or output delay  
An input delay is missing on accelerator_write_data_i[4] relative to the rising and/or falling clock edge(s) of core_clk.
Related violations: <none>

TIMING-18#116 Warning
Missing input or output delay  
An input delay is missing on accelerator_write_data_i[50] relative to the rising and/or falling clock edge(s) of core_clk.
Related violations: <none>

TIMING-18#117 Warning
Missing input or output delay  
An input delay is missing on accelerator_write_data_i[51] relative to the rising and/or falling clock edge(s) of core_clk.
Related violations: <none>

TIMING-18#118 Warning
Missing input or output delay  
An input delay is missing on accelerator_write_data_i[52] relative to the rising and/or falling clock edge(s) of core_clk.
Related violations: <none>

TIMING-18#119 Warning
Missing input or output delay  
An input delay is missing on accelerator_write_data_i[53] relative to the rising and/or falling clock edge(s) of core_clk.
Related violations: <none>

TIMING-18#120 Warning
Missing input or output delay  
An input delay is missing on accelerator_write_data_i[54] relative to the rising and/or falling clock edge(s) of core_clk.
Related violations: <none>

TIMING-18#121 Warning
Missing input or output delay  
An input delay is missing on accelerator_write_data_i[55] relative to the rising and/or falling clock edge(s) of core_clk.
Related violations: <none>

TIMING-18#122 Warning
Missing input or output delay  
An input delay is missing on accelerator_write_data_i[56] relative to the rising and/or falling clock edge(s) of core_clk.
Related violations: <none>

TIMING-18#123 Warning
Missing input or output delay  
An input delay is missing on accelerator_write_data_i[57] relative to the rising and/or falling clock edge(s) of core_clk.
Related violations: <none>

TIMING-18#124 Warning
Missing input or output delay  
An input delay is missing on accelerator_write_data_i[58] relative to the rising and/or falling clock edge(s) of core_clk.
Related violations: <none>

TIMING-18#125 Warning
Missing input or output delay  
An input delay is missing on accelerator_write_data_i[59] relative to the rising and/or falling clock edge(s) of core_clk.
Related violations: <none>

TIMING-18#126 Warning
Missing input or output delay  
An input delay is missing on accelerator_write_data_i[5] relative to the rising and/or falling clock edge(s) of core_clk.
Related violations: <none>

TIMING-18#127 Warning
Missing input or output delay  
An input delay is missing on accelerator_write_data_i[60] relative to the rising and/or falling clock edge(s) of core_clk.
Related violations: <none>

TIMING-18#128 Warning
Missing input or output delay  
An input delay is missing on accelerator_write_data_i[61] relative to the rising and/or falling clock edge(s) of core_clk.
Related violations: <none>

TIMING-18#129 Warning
Missing input or output delay  
An input delay is missing on accelerator_write_data_i[62] relative to the rising and/or falling clock edge(s) of core_clk.
Related violations: <none>

TIMING-18#130 Warning
Missing input or output delay  
An input delay is missing on accelerator_write_data_i[63] relative to the rising and/or falling clock edge(s) of core_clk.
Related violations: <none>

TIMING-18#131 Warning
Missing input or output delay  
An input delay is missing on accelerator_write_data_i[6] relative to the rising and/or falling clock edge(s) of core_clk.
Related violations: <none>

TIMING-18#132 Warning
Missing input or output delay  
An input delay is missing on accelerator_write_data_i[7] relative to the rising and/or falling clock edge(s) of core_clk.
Related violations: <none>

TIMING-18#133 Warning
Missing input or output delay  
An input delay is missing on accelerator_write_data_i[8] relative to the rising and/or falling clock edge(s) of core_clk.
Related violations: <none>

TIMING-18#134 Warning
Missing input or output delay  
An input delay is missing on accelerator_write_data_i[9] relative to the rising and/or falling clock edge(s) of core_clk.
Related violations: <none>

TIMING-18#135 Warning
Missing input or output delay  
An input delay is missing on accelerator_write_kind_i[0] relative to the rising and/or falling clock edge(s) of core_clk.
Related violations: <none>

TIMING-18#136 Warning
Missing input or output delay  
An input delay is missing on accelerator_write_kind_i[1] relative to the rising and/or falling clock edge(s) of core_clk.
Related violations: <none>

TIMING-18#137 Warning
Missing input or output delay  
An input delay is missing on accelerator_write_strobe_i[0] relative to the rising and/or falling clock edge(s) of core_clk.
Related violations: <none>

TIMING-18#138 Warning
Missing input or output delay  
An input delay is missing on accelerator_write_strobe_i[1] relative to the rising and/or falling clock edge(s) of core_clk.
Related violations: <none>

TIMING-18#139 Warning
Missing input or output delay  
An input delay is missing on accelerator_write_strobe_i[2] relative to the rising and/or falling clock edge(s) of core_clk.
Related violations: <none>

TIMING-18#140 Warning
Missing input or output delay  
An input delay is missing on accelerator_write_strobe_i[3] relative to the rising and/or falling clock edge(s) of core_clk.
Related violations: <none>

TIMING-18#141 Warning
Missing input or output delay  
An input delay is missing on accelerator_write_strobe_i[4] relative to the rising and/or falling clock edge(s) of core_clk.
Related violations: <none>

TIMING-18#142 Warning
Missing input or output delay  
An input delay is missing on accelerator_write_strobe_i[5] relative to the rising and/or falling clock edge(s) of core_clk.
Related violations: <none>

TIMING-18#143 Warning
Missing input or output delay  
An input delay is missing on accelerator_write_strobe_i[6] relative to the rising and/or falling clock edge(s) of core_clk.
Related violations: <none>

TIMING-18#144 Warning
Missing input or output delay  
An input delay is missing on accelerator_write_strobe_i[7] relative to the rising and/or falling clock edge(s) of core_clk.
Related violations: <none>

TIMING-18#145 Warning
Missing input or output delay  
An input delay is missing on accelerator_write_valid_i relative to the rising and/or falling clock edge(s) of core_clk.
Related violations: <none>

TIMING-18#146 Warning
Missing input or output delay  
An input delay is missing on dma_read_address_i[0] relative to the rising and/or falling clock edge(s) of core_clk.
Related violations: <none>

TIMING-18#147 Warning
Missing input or output delay  
An input delay is missing on dma_read_address_i[10] relative to the rising and/or falling clock edge(s) of core_clk.
Related violations: <none>

TIMING-18#148 Warning
Missing input or output delay  
An input delay is missing on dma_read_address_i[11] relative to the rising and/or falling clock edge(s) of core_clk.
Related violations: <none>

TIMING-18#149 Warning
Missing input or output delay  
An input delay is missing on dma_read_address_i[12] relative to the rising and/or falling clock edge(s) of core_clk.
Related violations: <none>

TIMING-18#150 Warning
Missing input or output delay  
An input delay is missing on dma_read_address_i[13] relative to the rising and/or falling clock edge(s) of core_clk.
Related violations: <none>

TIMING-18#151 Warning
Missing input or output delay  
An input delay is missing on dma_read_address_i[14] relative to the rising and/or falling clock edge(s) of core_clk.
Related violations: <none>

TIMING-18#152 Warning
Missing input or output delay  
An input delay is missing on dma_read_address_i[15] relative to the rising and/or falling clock edge(s) of core_clk.
Related violations: <none>

TIMING-18#153 Warning
Missing input or output delay  
An input delay is missing on dma_read_address_i[16] relative to the rising and/or falling clock edge(s) of core_clk.
Related violations: <none>

TIMING-18#154 Warning
Missing input or output delay  
An input delay is missing on dma_read_address_i[17] relative to the rising and/or falling clock edge(s) of core_clk.
Related violations: <none>

TIMING-18#155 Warning
Missing input or output delay  
An input delay is missing on dma_read_address_i[18] relative to the rising and/or falling clock edge(s) of core_clk.
Related violations: <none>

TIMING-18#156 Warning
Missing input or output delay  
An input delay is missing on dma_read_address_i[19] relative to the rising and/or falling clock edge(s) of core_clk.
Related violations: <none>

TIMING-18#157 Warning
Missing input or output delay  
An input delay is missing on dma_read_address_i[1] relative to the rising and/or falling clock edge(s) of core_clk.
Related violations: <none>

TIMING-18#158 Warning
Missing input or output delay  
An input delay is missing on dma_read_address_i[20] relative to the rising and/or falling clock edge(s) of core_clk.
Related violations: <none>

TIMING-18#159 Warning
Missing input or output delay  
An input delay is missing on dma_read_address_i[21] relative to the rising and/or falling clock edge(s) of core_clk.
Related violations: <none>

TIMING-18#160 Warning
Missing input or output delay  
An input delay is missing on dma_read_address_i[22] relative to the rising and/or falling clock edge(s) of core_clk.
Related violations: <none>

TIMING-18#161 Warning
Missing input or output delay  
An input delay is missing on dma_read_address_i[23] relative to the rising and/or falling clock edge(s) of core_clk.
Related violations: <none>

TIMING-18#162 Warning
Missing input or output delay  
An input delay is missing on dma_read_address_i[24] relative to the rising and/or falling clock edge(s) of core_clk.
Related violations: <none>

TIMING-18#163 Warning
Missing input or output delay  
An input delay is missing on dma_read_address_i[25] relative to the rising and/or falling clock edge(s) of core_clk.
Related violations: <none>

TIMING-18#164 Warning
Missing input or output delay  
An input delay is missing on dma_read_address_i[26] relative to the rising and/or falling clock edge(s) of core_clk.
Related violations: <none>

TIMING-18#165 Warning
Missing input or output delay  
An input delay is missing on dma_read_address_i[27] relative to the rising and/or falling clock edge(s) of core_clk.
Related violations: <none>

TIMING-18#166 Warning
Missing input or output delay  
An input delay is missing on dma_read_address_i[28] relative to the rising and/or falling clock edge(s) of core_clk.
Related violations: <none>

TIMING-18#167 Warning
Missing input or output delay  
An input delay is missing on dma_read_address_i[29] relative to the rising and/or falling clock edge(s) of core_clk.
Related violations: <none>

TIMING-18#168 Warning
Missing input or output delay  
An input delay is missing on dma_read_address_i[2] relative to the rising and/or falling clock edge(s) of core_clk.
Related violations: <none>

TIMING-18#169 Warning
Missing input or output delay  
An input delay is missing on dma_read_address_i[30] relative to the rising and/or falling clock edge(s) of core_clk.
Related violations: <none>

TIMING-18#170 Warning
Missing input or output delay  
An input delay is missing on dma_read_address_i[31] relative to the rising and/or falling clock edge(s) of core_clk.
Related violations: <none>

TIMING-18#171 Warning
Missing input or output delay  
An input delay is missing on dma_read_address_i[3] relative to the rising and/or falling clock edge(s) of core_clk.
Related violations: <none>

TIMING-18#172 Warning
Missing input or output delay  
An input delay is missing on dma_read_address_i[4] relative to the rising and/or falling clock edge(s) of core_clk.
Related violations: <none>

TIMING-18#173 Warning
Missing input or output delay  
An input delay is missing on dma_read_address_i[5] relative to the rising and/or falling clock edge(s) of core_clk.
Related violations: <none>

TIMING-18#174 Warning
Missing input or output delay  
An input delay is missing on dma_read_address_i[6] relative to the rising and/or falling clock edge(s) of core_clk.
Related violations: <none>

TIMING-18#175 Warning
Missing input or output delay  
An input delay is missing on dma_read_address_i[7] relative to the rising and/or falling clock edge(s) of core_clk.
Related violations: <none>

TIMING-18#176 Warning
Missing input or output delay  
An input delay is missing on dma_read_address_i[8] relative to the rising and/or falling clock edge(s) of core_clk.
Related violations: <none>

TIMING-18#177 Warning
Missing input or output delay  
An input delay is missing on dma_read_address_i[9] relative to the rising and/or falling clock edge(s) of core_clk.
Related violations: <none>

TIMING-18#178 Warning
Missing input or output delay  
An input delay is missing on dma_read_bank_i relative to the rising and/or falling clock edge(s) of core_clk.
Related violations: <none>

TIMING-18#179 Warning
Missing input or output delay  
An input delay is missing on dma_read_kind_i[0] relative to the rising and/or falling clock edge(s) of core_clk.
Related violations: <none>

TIMING-18#180 Warning
Missing input or output delay  
An input delay is missing on dma_read_kind_i[1] relative to the rising and/or falling clock edge(s) of core_clk.
Related violations: <none>

TIMING-18#181 Warning
Missing input or output delay  
An input delay is missing on dma_read_request_valid_i relative to the rising and/or falling clock edge(s) of core_clk.
Related violations: <none>

TIMING-18#182 Warning
Missing input or output delay  
An input delay is missing on dma_read_response_ready_i relative to the rising and/or falling clock edge(s) of core_clk.
Related violations: <none>

TIMING-18#183 Warning
Missing input or output delay  
An input delay is missing on dma_write_address_i[0] relative to the rising and/or falling clock edge(s) of core_clk.
Related violations: <none>

TIMING-18#184 Warning
Missing input or output delay  
An input delay is missing on dma_write_address_i[10] relative to the rising and/or falling clock edge(s) of core_clk.
Related violations: <none>

TIMING-18#185 Warning
Missing input or output delay  
An input delay is missing on dma_write_address_i[11] relative to the rising and/or falling clock edge(s) of core_clk.
Related violations: <none>

TIMING-18#186 Warning
Missing input or output delay  
An input delay is missing on dma_write_address_i[12] relative to the rising and/or falling clock edge(s) of core_clk.
Related violations: <none>

TIMING-18#187 Warning
Missing input or output delay  
An input delay is missing on dma_write_address_i[13] relative to the rising and/or falling clock edge(s) of core_clk.
Related violations: <none>

TIMING-18#188 Warning
Missing input or output delay  
An input delay is missing on dma_write_address_i[14] relative to the rising and/or falling clock edge(s) of core_clk.
Related violations: <none>

TIMING-18#189 Warning
Missing input or output delay  
An input delay is missing on dma_write_address_i[15] relative to the rising and/or falling clock edge(s) of core_clk.
Related violations: <none>

TIMING-18#190 Warning
Missing input or output delay  
An input delay is missing on dma_write_address_i[16] relative to the rising and/or falling clock edge(s) of core_clk.
Related violations: <none>

TIMING-18#191 Warning
Missing input or output delay  
An input delay is missing on dma_write_address_i[17] relative to the rising and/or falling clock edge(s) of core_clk.
Related violations: <none>

TIMING-18#192 Warning
Missing input or output delay  
An input delay is missing on dma_write_address_i[18] relative to the rising and/or falling clock edge(s) of core_clk.
Related violations: <none>

TIMING-18#193 Warning
Missing input or output delay  
An input delay is missing on dma_write_address_i[19] relative to the rising and/or falling clock edge(s) of core_clk.
Related violations: <none>

TIMING-18#194 Warning
Missing input or output delay  
An input delay is missing on dma_write_address_i[1] relative to the rising and/or falling clock edge(s) of core_clk.
Related violations: <none>

TIMING-18#195 Warning
Missing input or output delay  
An input delay is missing on dma_write_address_i[20] relative to the rising and/or falling clock edge(s) of core_clk.
Related violations: <none>

TIMING-18#196 Warning
Missing input or output delay  
An input delay is missing on dma_write_address_i[21] relative to the rising and/or falling clock edge(s) of core_clk.
Related violations: <none>

TIMING-18#197 Warning
Missing input or output delay  
An input delay is missing on dma_write_address_i[22] relative to the rising and/or falling clock edge(s) of core_clk.
Related violations: <none>

TIMING-18#198 Warning
Missing input or output delay  
An input delay is missing on dma_write_address_i[23] relative to the rising and/or falling clock edge(s) of core_clk.
Related violations: <none>

TIMING-18#199 Warning
Missing input or output delay  
An input delay is missing on dma_write_address_i[24] relative to the rising and/or falling clock edge(s) of core_clk.
Related violations: <none>

TIMING-18#200 Warning
Missing input or output delay  
An input delay is missing on dma_write_address_i[25] relative to the rising and/or falling clock edge(s) of core_clk.
Related violations: <none>

TIMING-18#201 Warning
Missing input or output delay  
An input delay is missing on dma_write_address_i[26] relative to the rising and/or falling clock edge(s) of core_clk.
Related violations: <none>

TIMING-18#202 Warning
Missing input or output delay  
An input delay is missing on dma_write_address_i[27] relative to the rising and/or falling clock edge(s) of core_clk.
Related violations: <none>

TIMING-18#203 Warning
Missing input or output delay  
An input delay is missing on dma_write_address_i[28] relative to the rising and/or falling clock edge(s) of core_clk.
Related violations: <none>

TIMING-18#204 Warning
Missing input or output delay  
An input delay is missing on dma_write_address_i[29] relative to the rising and/or falling clock edge(s) of core_clk.
Related violations: <none>

TIMING-18#205 Warning
Missing input or output delay  
An input delay is missing on dma_write_address_i[2] relative to the rising and/or falling clock edge(s) of core_clk.
Related violations: <none>

TIMING-18#206 Warning
Missing input or output delay  
An input delay is missing on dma_write_address_i[30] relative to the rising and/or falling clock edge(s) of core_clk.
Related violations: <none>

TIMING-18#207 Warning
Missing input or output delay  
An input delay is missing on dma_write_address_i[31] relative to the rising and/or falling clock edge(s) of core_clk.
Related violations: <none>

TIMING-18#208 Warning
Missing input or output delay  
An input delay is missing on dma_write_address_i[3] relative to the rising and/or falling clock edge(s) of core_clk.
Related violations: <none>

TIMING-18#209 Warning
Missing input or output delay  
An input delay is missing on dma_write_address_i[4] relative to the rising and/or falling clock edge(s) of core_clk.
Related violations: <none>

TIMING-18#210 Warning
Missing input or output delay  
An input delay is missing on dma_write_address_i[5] relative to the rising and/or falling clock edge(s) of core_clk.
Related violations: <none>

TIMING-18#211 Warning
Missing input or output delay  
An input delay is missing on dma_write_address_i[6] relative to the rising and/or falling clock edge(s) of core_clk.
Related violations: <none>

TIMING-18#212 Warning
Missing input or output delay  
An input delay is missing on dma_write_address_i[7] relative to the rising and/or falling clock edge(s) of core_clk.
Related violations: <none>

TIMING-18#213 Warning
Missing input or output delay  
An input delay is missing on dma_write_address_i[8] relative to the rising and/or falling clock edge(s) of core_clk.
Related violations: <none>

TIMING-18#214 Warning
Missing input or output delay  
An input delay is missing on dma_write_address_i[9] relative to the rising and/or falling clock edge(s) of core_clk.
Related violations: <none>

TIMING-18#215 Warning
Missing input or output delay  
An input delay is missing on dma_write_bank_i relative to the rising and/or falling clock edge(s) of core_clk.
Related violations: <none>

TIMING-18#216 Warning
Missing input or output delay  
An input delay is missing on dma_write_data_i[0] relative to the rising and/or falling clock edge(s) of core_clk.
Related violations: <none>

TIMING-18#217 Warning
Missing input or output delay  
An input delay is missing on dma_write_data_i[10] relative to the rising and/or falling clock edge(s) of core_clk.
Related violations: <none>

TIMING-18#218 Warning
Missing input or output delay  
An input delay is missing on dma_write_data_i[11] relative to the rising and/or falling clock edge(s) of core_clk.
Related violations: <none>

TIMING-18#219 Warning
Missing input or output delay  
An input delay is missing on dma_write_data_i[12] relative to the rising and/or falling clock edge(s) of core_clk.
Related violations: <none>

TIMING-18#220 Warning
Missing input or output delay  
An input delay is missing on dma_write_data_i[13] relative to the rising and/or falling clock edge(s) of core_clk.
Related violations: <none>

TIMING-18#221 Warning
Missing input or output delay  
An input delay is missing on dma_write_data_i[14] relative to the rising and/or falling clock edge(s) of core_clk.
Related violations: <none>

TIMING-18#222 Warning
Missing input or output delay  
An input delay is missing on dma_write_data_i[15] relative to the rising and/or falling clock edge(s) of core_clk.
Related violations: <none>

TIMING-18#223 Warning
Missing input or output delay  
An input delay is missing on dma_write_data_i[16] relative to the rising and/or falling clock edge(s) of core_clk.
Related violations: <none>

TIMING-18#224 Warning
Missing input or output delay  
An input delay is missing on dma_write_data_i[17] relative to the rising and/or falling clock edge(s) of core_clk.
Related violations: <none>

TIMING-18#225 Warning
Missing input or output delay  
An input delay is missing on dma_write_data_i[18] relative to the rising and/or falling clock edge(s) of core_clk.
Related violations: <none>

TIMING-18#226 Warning
Missing input or output delay  
An input delay is missing on dma_write_data_i[19] relative to the rising and/or falling clock edge(s) of core_clk.
Related violations: <none>

TIMING-18#227 Warning
Missing input or output delay  
An input delay is missing on dma_write_data_i[1] relative to the rising and/or falling clock edge(s) of core_clk.
Related violations: <none>

TIMING-18#228 Warning
Missing input or output delay  
An input delay is missing on dma_write_data_i[20] relative to the rising and/or falling clock edge(s) of core_clk.
Related violations: <none>

TIMING-18#229 Warning
Missing input or output delay  
An input delay is missing on dma_write_data_i[21] relative to the rising and/or falling clock edge(s) of core_clk.
Related violations: <none>

TIMING-18#230 Warning
Missing input or output delay  
An input delay is missing on dma_write_data_i[22] relative to the rising and/or falling clock edge(s) of core_clk.
Related violations: <none>

TIMING-18#231 Warning
Missing input or output delay  
An input delay is missing on dma_write_data_i[23] relative to the rising and/or falling clock edge(s) of core_clk.
Related violations: <none>

TIMING-18#232 Warning
Missing input or output delay  
An input delay is missing on dma_write_data_i[24] relative to the rising and/or falling clock edge(s) of core_clk.
Related violations: <none>

TIMING-18#233 Warning
Missing input or output delay  
An input delay is missing on dma_write_data_i[25] relative to the rising and/or falling clock edge(s) of core_clk.
Related violations: <none>

TIMING-18#234 Warning
Missing input or output delay  
An input delay is missing on dma_write_data_i[26] relative to the rising and/or falling clock edge(s) of core_clk.
Related violations: <none>

TIMING-18#235 Warning
Missing input or output delay  
An input delay is missing on dma_write_data_i[27] relative to the rising and/or falling clock edge(s) of core_clk.
Related violations: <none>

TIMING-18#236 Warning
Missing input or output delay  
An input delay is missing on dma_write_data_i[28] relative to the rising and/or falling clock edge(s) of core_clk.
Related violations: <none>

TIMING-18#237 Warning
Missing input or output delay  
An input delay is missing on dma_write_data_i[29] relative to the rising and/or falling clock edge(s) of core_clk.
Related violations: <none>

TIMING-18#238 Warning
Missing input or output delay  
An input delay is missing on dma_write_data_i[2] relative to the rising and/or falling clock edge(s) of core_clk.
Related violations: <none>

TIMING-18#239 Warning
Missing input or output delay  
An input delay is missing on dma_write_data_i[30] relative to the rising and/or falling clock edge(s) of core_clk.
Related violations: <none>

TIMING-18#240 Warning
Missing input or output delay  
An input delay is missing on dma_write_data_i[31] relative to the rising and/or falling clock edge(s) of core_clk.
Related violations: <none>

TIMING-18#241 Warning
Missing input or output delay  
An input delay is missing on dma_write_data_i[32] relative to the rising and/or falling clock edge(s) of core_clk.
Related violations: <none>

TIMING-18#242 Warning
Missing input or output delay  
An input delay is missing on dma_write_data_i[33] relative to the rising and/or falling clock edge(s) of core_clk.
Related violations: <none>

TIMING-18#243 Warning
Missing input or output delay  
An input delay is missing on dma_write_data_i[34] relative to the rising and/or falling clock edge(s) of core_clk.
Related violations: <none>

TIMING-18#244 Warning
Missing input or output delay  
An input delay is missing on dma_write_data_i[35] relative to the rising and/or falling clock edge(s) of core_clk.
Related violations: <none>

TIMING-18#245 Warning
Missing input or output delay  
An input delay is missing on dma_write_data_i[36] relative to the rising and/or falling clock edge(s) of core_clk.
Related violations: <none>

TIMING-18#246 Warning
Missing input or output delay  
An input delay is missing on dma_write_data_i[37] relative to the rising and/or falling clock edge(s) of core_clk.
Related violations: <none>

TIMING-18#247 Warning
Missing input or output delay  
An input delay is missing on dma_write_data_i[38] relative to the rising and/or falling clock edge(s) of core_clk.
Related violations: <none>

TIMING-18#248 Warning
Missing input or output delay  
An input delay is missing on dma_write_data_i[39] relative to the rising and/or falling clock edge(s) of core_clk.
Related violations: <none>

TIMING-18#249 Warning
Missing input or output delay  
An input delay is missing on dma_write_data_i[3] relative to the rising and/or falling clock edge(s) of core_clk.
Related violations: <none>

TIMING-18#250 Warning
Missing input or output delay  
An input delay is missing on dma_write_data_i[40] relative to the rising and/or falling clock edge(s) of core_clk.
Related violations: <none>

TIMING-18#251 Warning
Missing input or output delay  
An input delay is missing on dma_write_data_i[41] relative to the rising and/or falling clock edge(s) of core_clk.
Related violations: <none>

TIMING-18#252 Warning
Missing input or output delay  
An input delay is missing on dma_write_data_i[42] relative to the rising and/or falling clock edge(s) of core_clk.
Related violations: <none>

TIMING-18#253 Warning
Missing input or output delay  
An input delay is missing on dma_write_data_i[43] relative to the rising and/or falling clock edge(s) of core_clk.
Related violations: <none>

TIMING-18#254 Warning
Missing input or output delay  
An input delay is missing on dma_write_data_i[44] relative to the rising and/or falling clock edge(s) of core_clk.
Related violations: <none>

TIMING-18#255 Warning
Missing input or output delay  
An input delay is missing on dma_write_data_i[45] relative to the rising and/or falling clock edge(s) of core_clk.
Related violations: <none>

TIMING-18#256 Warning
Missing input or output delay  
An input delay is missing on dma_write_data_i[46] relative to the rising and/or falling clock edge(s) of core_clk.
Related violations: <none>

TIMING-18#257 Warning
Missing input or output delay  
An input delay is missing on dma_write_data_i[47] relative to the rising and/or falling clock edge(s) of core_clk.
Related violations: <none>

TIMING-18#258 Warning
Missing input or output delay  
An input delay is missing on dma_write_data_i[48] relative to the rising and/or falling clock edge(s) of core_clk.
Related violations: <none>

TIMING-18#259 Warning
Missing input or output delay  
An input delay is missing on dma_write_data_i[49] relative to the rising and/or falling clock edge(s) of core_clk.
Related violations: <none>

TIMING-18#260 Warning
Missing input or output delay  
An input delay is missing on dma_write_data_i[4] relative to the rising and/or falling clock edge(s) of core_clk.
Related violations: <none>

TIMING-18#261 Warning
Missing input or output delay  
An input delay is missing on dma_write_data_i[50] relative to the rising and/or falling clock edge(s) of core_clk.
Related violations: <none>

TIMING-18#262 Warning
Missing input or output delay  
An input delay is missing on dma_write_data_i[51] relative to the rising and/or falling clock edge(s) of core_clk.
Related violations: <none>

TIMING-18#263 Warning
Missing input or output delay  
An input delay is missing on dma_write_data_i[52] relative to the rising and/or falling clock edge(s) of core_clk.
Related violations: <none>

TIMING-18#264 Warning
Missing input or output delay  
An input delay is missing on dma_write_data_i[53] relative to the rising and/or falling clock edge(s) of core_clk.
Related violations: <none>

TIMING-18#265 Warning
Missing input or output delay  
An input delay is missing on dma_write_data_i[54] relative to the rising and/or falling clock edge(s) of core_clk.
Related violations: <none>

TIMING-18#266 Warning
Missing input or output delay  
An input delay is missing on dma_write_data_i[55] relative to the rising and/or falling clock edge(s) of core_clk.
Related violations: <none>

TIMING-18#267 Warning
Missing input or output delay  
An input delay is missing on dma_write_data_i[56] relative to the rising and/or falling clock edge(s) of core_clk.
Related violations: <none>

TIMING-18#268 Warning
Missing input or output delay  
An input delay is missing on dma_write_data_i[57] relative to the rising and/or falling clock edge(s) of core_clk.
Related violations: <none>

TIMING-18#269 Warning
Missing input or output delay  
An input delay is missing on dma_write_data_i[58] relative to the rising and/or falling clock edge(s) of core_clk.
Related violations: <none>

TIMING-18#270 Warning
Missing input or output delay  
An input delay is missing on dma_write_data_i[59] relative to the rising and/or falling clock edge(s) of core_clk.
Related violations: <none>

TIMING-18#271 Warning
Missing input or output delay  
An input delay is missing on dma_write_data_i[5] relative to the rising and/or falling clock edge(s) of core_clk.
Related violations: <none>

TIMING-18#272 Warning
Missing input or output delay  
An input delay is missing on dma_write_data_i[60] relative to the rising and/or falling clock edge(s) of core_clk.
Related violations: <none>

TIMING-18#273 Warning
Missing input or output delay  
An input delay is missing on dma_write_data_i[61] relative to the rising and/or falling clock edge(s) of core_clk.
Related violations: <none>

TIMING-18#274 Warning
Missing input or output delay  
An input delay is missing on dma_write_data_i[62] relative to the rising and/or falling clock edge(s) of core_clk.
Related violations: <none>

TIMING-18#275 Warning
Missing input or output delay  
An input delay is missing on dma_write_data_i[63] relative to the rising and/or falling clock edge(s) of core_clk.
Related violations: <none>

TIMING-18#276 Warning
Missing input or output delay  
An input delay is missing on dma_write_data_i[6] relative to the rising and/or falling clock edge(s) of core_clk.
Related violations: <none>

TIMING-18#277 Warning
Missing input or output delay  
An input delay is missing on dma_write_data_i[7] relative to the rising and/or falling clock edge(s) of core_clk.
Related violations: <none>

TIMING-18#278 Warning
Missing input or output delay  
An input delay is missing on dma_write_data_i[8] relative to the rising and/or falling clock edge(s) of core_clk.
Related violations: <none>

TIMING-18#279 Warning
Missing input or output delay  
An input delay is missing on dma_write_data_i[9] relative to the rising and/or falling clock edge(s) of core_clk.
Related violations: <none>

TIMING-18#280 Warning
Missing input or output delay  
An input delay is missing on dma_write_kind_i[0] relative to the rising and/or falling clock edge(s) of core_clk.
Related violations: <none>

TIMING-18#281 Warning
Missing input or output delay  
An input delay is missing on dma_write_kind_i[1] relative to the rising and/or falling clock edge(s) of core_clk.
Related violations: <none>

TIMING-18#282 Warning
Missing input or output delay  
An input delay is missing on dma_write_strobe_i[0] relative to the rising and/or falling clock edge(s) of core_clk.
Related violations: <none>

TIMING-18#283 Warning
Missing input or output delay  
An input delay is missing on dma_write_strobe_i[1] relative to the rising and/or falling clock edge(s) of core_clk.
Related violations: <none>

TIMING-18#284 Warning
Missing input or output delay  
An input delay is missing on dma_write_strobe_i[2] relative to the rising and/or falling clock edge(s) of core_clk.
Related violations: <none>

TIMING-18#285 Warning
Missing input or output delay  
An input delay is missing on dma_write_strobe_i[3] relative to the rising and/or falling clock edge(s) of core_clk.
Related violations: <none>

TIMING-18#286 Warning
Missing input or output delay  
An input delay is missing on dma_write_strobe_i[4] relative to the rising and/or falling clock edge(s) of core_clk.
Related violations: <none>

TIMING-18#287 Warning
Missing input or output delay  
An input delay is missing on dma_write_strobe_i[5] relative to the rising and/or falling clock edge(s) of core_clk.
Related violations: <none>

TIMING-18#288 Warning
Missing input or output delay  
An input delay is missing on dma_write_strobe_i[6] relative to the rising and/or falling clock edge(s) of core_clk.
Related violations: <none>

TIMING-18#289 Warning
Missing input or output delay  
An input delay is missing on dma_write_strobe_i[7] relative to the rising and/or falling clock edge(s) of core_clk.
Related violations: <none>

TIMING-18#290 Warning
Missing input or output delay  
An input delay is missing on dma_write_valid_i relative to the rising and/or falling clock edge(s) of core_clk.
Related violations: <none>

TIMING-18#291 Warning
Missing input or output delay  
An input delay is missing on rst_ni relative to the rising and/or falling clock edge(s) of core_clk.
Related violations: <none>

TIMING-18#292 Warning
Missing input or output delay  
An output delay is missing on accelerator_read_request_ready_o relative to the rising and/or falling clock edge(s) of core_clk.
Related violations: <none>

TIMING-18#293 Warning
Missing input or output delay  
An output delay is missing on accelerator_read_response_data_o[0] relative to the rising and/or falling clock edge(s) of core_clk.
Related violations: <none>

TIMING-18#294 Warning
Missing input or output delay  
An output delay is missing on accelerator_read_response_data_o[10] relative to the rising and/or falling clock edge(s) of core_clk.
Related violations: <none>

TIMING-18#295 Warning
Missing input or output delay  
An output delay is missing on accelerator_read_response_data_o[11] relative to the rising and/or falling clock edge(s) of core_clk.
Related violations: <none>

TIMING-18#296 Warning
Missing input or output delay  
An output delay is missing on accelerator_read_response_data_o[12] relative to the rising and/or falling clock edge(s) of core_clk.
Related violations: <none>

TIMING-18#297 Warning
Missing input or output delay  
An output delay is missing on accelerator_read_response_data_o[13] relative to the rising and/or falling clock edge(s) of core_clk.
Related violations: <none>

TIMING-18#298 Warning
Missing input or output delay  
An output delay is missing on accelerator_read_response_data_o[14] relative to the rising and/or falling clock edge(s) of core_clk.
Related violations: <none>

TIMING-18#299 Warning
Missing input or output delay  
An output delay is missing on accelerator_read_response_data_o[15] relative to the rising and/or falling clock edge(s) of core_clk.
Related violations: <none>

TIMING-18#300 Warning
Missing input or output delay  
An output delay is missing on accelerator_read_response_data_o[16] relative to the rising and/or falling clock edge(s) of core_clk.
Related violations: <none>

TIMING-18#301 Warning
Missing input or output delay  
An output delay is missing on accelerator_read_response_data_o[17] relative to the rising and/or falling clock edge(s) of core_clk.
Related violations: <none>

TIMING-18#302 Warning
Missing input or output delay  
An output delay is missing on accelerator_read_response_data_o[18] relative to the rising and/or falling clock edge(s) of core_clk.
Related violations: <none>

TIMING-18#303 Warning
Missing input or output delay  
An output delay is missing on accelerator_read_response_data_o[19] relative to the rising and/or falling clock edge(s) of core_clk.
Related violations: <none>

TIMING-18#304 Warning
Missing input or output delay  
An output delay is missing on accelerator_read_response_data_o[1] relative to the rising and/or falling clock edge(s) of core_clk.
Related violations: <none>

TIMING-18#305 Warning
Missing input or output delay  
An output delay is missing on accelerator_read_response_data_o[20] relative to the rising and/or falling clock edge(s) of core_clk.
Related violations: <none>

TIMING-18#306 Warning
Missing input or output delay  
An output delay is missing on accelerator_read_response_data_o[21] relative to the rising and/or falling clock edge(s) of core_clk.
Related violations: <none>

TIMING-18#307 Warning
Missing input or output delay  
An output delay is missing on accelerator_read_response_data_o[22] relative to the rising and/or falling clock edge(s) of core_clk.
Related violations: <none>

TIMING-18#308 Warning
Missing input or output delay  
An output delay is missing on accelerator_read_response_data_o[23] relative to the rising and/or falling clock edge(s) of core_clk.
Related violations: <none>

TIMING-18#309 Warning
Missing input or output delay  
An output delay is missing on accelerator_read_response_data_o[24] relative to the rising and/or falling clock edge(s) of core_clk.
Related violations: <none>

TIMING-18#310 Warning
Missing input or output delay  
An output delay is missing on accelerator_read_response_data_o[25] relative to the rising and/or falling clock edge(s) of core_clk.
Related violations: <none>

TIMING-18#311 Warning
Missing input or output delay  
An output delay is missing on accelerator_read_response_data_o[26] relative to the rising and/or falling clock edge(s) of core_clk.
Related violations: <none>

TIMING-18#312 Warning
Missing input or output delay  
An output delay is missing on accelerator_read_response_data_o[27] relative to the rising and/or falling clock edge(s) of core_clk.
Related violations: <none>

TIMING-18#313 Warning
Missing input or output delay  
An output delay is missing on accelerator_read_response_data_o[28] relative to the rising and/or falling clock edge(s) of core_clk.
Related violations: <none>

TIMING-18#314 Warning
Missing input or output delay  
An output delay is missing on accelerator_read_response_data_o[29] relative to the rising and/or falling clock edge(s) of core_clk.
Related violations: <none>

TIMING-18#315 Warning
Missing input or output delay  
An output delay is missing on accelerator_read_response_data_o[2] relative to the rising and/or falling clock edge(s) of core_clk.
Related violations: <none>

TIMING-18#316 Warning
Missing input or output delay  
An output delay is missing on accelerator_read_response_data_o[30] relative to the rising and/or falling clock edge(s) of core_clk.
Related violations: <none>

TIMING-18#317 Warning
Missing input or output delay  
An output delay is missing on accelerator_read_response_data_o[31] relative to the rising and/or falling clock edge(s) of core_clk.
Related violations: <none>

TIMING-18#318 Warning
Missing input or output delay  
An output delay is missing on accelerator_read_response_data_o[32] relative to the rising and/or falling clock edge(s) of core_clk.
Related violations: <none>

TIMING-18#319 Warning
Missing input or output delay  
An output delay is missing on accelerator_read_response_data_o[33] relative to the rising and/or falling clock edge(s) of core_clk.
Related violations: <none>

TIMING-18#320 Warning
Missing input or output delay  
An output delay is missing on accelerator_read_response_data_o[34] relative to the rising and/or falling clock edge(s) of core_clk.
Related violations: <none>

TIMING-18#321 Warning
Missing input or output delay  
An output delay is missing on accelerator_read_response_data_o[35] relative to the rising and/or falling clock edge(s) of core_clk.
Related violations: <none>

TIMING-18#322 Warning
Missing input or output delay  
An output delay is missing on accelerator_read_response_data_o[36] relative to the rising and/or falling clock edge(s) of core_clk.
Related violations: <none>

TIMING-18#323 Warning
Missing input or output delay  
An output delay is missing on accelerator_read_response_data_o[37] relative to the rising and/or falling clock edge(s) of core_clk.
Related violations: <none>

TIMING-18#324 Warning
Missing input or output delay  
An output delay is missing on accelerator_read_response_data_o[38] relative to the rising and/or falling clock edge(s) of core_clk.
Related violations: <none>

TIMING-18#325 Warning
Missing input or output delay  
An output delay is missing on accelerator_read_response_data_o[39] relative to the rising and/or falling clock edge(s) of core_clk.
Related violations: <none>

TIMING-18#326 Warning
Missing input or output delay  
An output delay is missing on accelerator_read_response_data_o[3] relative to the rising and/or falling clock edge(s) of core_clk.
Related violations: <none>

TIMING-18#327 Warning
Missing input or output delay  
An output delay is missing on accelerator_read_response_data_o[40] relative to the rising and/or falling clock edge(s) of core_clk.
Related violations: <none>

TIMING-18#328 Warning
Missing input or output delay  
An output delay is missing on accelerator_read_response_data_o[41] relative to the rising and/or falling clock edge(s) of core_clk.
Related violations: <none>

TIMING-18#329 Warning
Missing input or output delay  
An output delay is missing on accelerator_read_response_data_o[42] relative to the rising and/or falling clock edge(s) of core_clk.
Related violations: <none>

TIMING-18#330 Warning
Missing input or output delay  
An output delay is missing on accelerator_read_response_data_o[43] relative to the rising and/or falling clock edge(s) of core_clk.
Related violations: <none>

TIMING-18#331 Warning
Missing input or output delay  
An output delay is missing on accelerator_read_response_data_o[44] relative to the rising and/or falling clock edge(s) of core_clk.
Related violations: <none>

TIMING-18#332 Warning
Missing input or output delay  
An output delay is missing on accelerator_read_response_data_o[45] relative to the rising and/or falling clock edge(s) of core_clk.
Related violations: <none>

TIMING-18#333 Warning
Missing input or output delay  
An output delay is missing on accelerator_read_response_data_o[46] relative to the rising and/or falling clock edge(s) of core_clk.
Related violations: <none>

TIMING-18#334 Warning
Missing input or output delay  
An output delay is missing on accelerator_read_response_data_o[47] relative to the rising and/or falling clock edge(s) of core_clk.
Related violations: <none>

TIMING-18#335 Warning
Missing input or output delay  
An output delay is missing on accelerator_read_response_data_o[48] relative to the rising and/or falling clock edge(s) of core_clk.
Related violations: <none>

TIMING-18#336 Warning
Missing input or output delay  
An output delay is missing on accelerator_read_response_data_o[49] relative to the rising and/or falling clock edge(s) of core_clk.
Related violations: <none>

TIMING-18#337 Warning
Missing input or output delay  
An output delay is missing on accelerator_read_response_data_o[4] relative to the rising and/or falling clock edge(s) of core_clk.
Related violations: <none>

TIMING-18#338 Warning
Missing input or output delay  
An output delay is missing on accelerator_read_response_data_o[50] relative to the rising and/or falling clock edge(s) of core_clk.
Related violations: <none>

TIMING-18#339 Warning
Missing input or output delay  
An output delay is missing on accelerator_read_response_data_o[51] relative to the rising and/or falling clock edge(s) of core_clk.
Related violations: <none>

TIMING-18#340 Warning
Missing input or output delay  
An output delay is missing on accelerator_read_response_data_o[52] relative to the rising and/or falling clock edge(s) of core_clk.
Related violations: <none>

TIMING-18#341 Warning
Missing input or output delay  
An output delay is missing on accelerator_read_response_data_o[53] relative to the rising and/or falling clock edge(s) of core_clk.
Related violations: <none>

TIMING-18#342 Warning
Missing input or output delay  
An output delay is missing on accelerator_read_response_data_o[54] relative to the rising and/or falling clock edge(s) of core_clk.
Related violations: <none>

TIMING-18#343 Warning
Missing input or output delay  
An output delay is missing on accelerator_read_response_data_o[55] relative to the rising and/or falling clock edge(s) of core_clk.
Related violations: <none>

TIMING-18#344 Warning
Missing input or output delay  
An output delay is missing on accelerator_read_response_data_o[56] relative to the rising and/or falling clock edge(s) of core_clk.
Related violations: <none>

TIMING-18#345 Warning
Missing input or output delay  
An output delay is missing on accelerator_read_response_data_o[57] relative to the rising and/or falling clock edge(s) of core_clk.
Related violations: <none>

TIMING-18#346 Warning
Missing input or output delay  
An output delay is missing on accelerator_read_response_data_o[58] relative to the rising and/or falling clock edge(s) of core_clk.
Related violations: <none>

TIMING-18#347 Warning
Missing input or output delay  
An output delay is missing on accelerator_read_response_data_o[59] relative to the rising and/or falling clock edge(s) of core_clk.
Related violations: <none>

TIMING-18#348 Warning
Missing input or output delay  
An output delay is missing on accelerator_read_response_data_o[5] relative to the rising and/or falling clock edge(s) of core_clk.
Related violations: <none>

TIMING-18#349 Warning
Missing input or output delay  
An output delay is missing on accelerator_read_response_data_o[60] relative to the rising and/or falling clock edge(s) of core_clk.
Related violations: <none>

TIMING-18#350 Warning
Missing input or output delay  
An output delay is missing on accelerator_read_response_data_o[61] relative to the rising and/or falling clock edge(s) of core_clk.
Related violations: <none>

TIMING-18#351 Warning
Missing input or output delay  
An output delay is missing on accelerator_read_response_data_o[62] relative to the rising and/or falling clock edge(s) of core_clk.
Related violations: <none>

TIMING-18#352 Warning
Missing input or output delay  
An output delay is missing on accelerator_read_response_data_o[63] relative to the rising and/or falling clock edge(s) of core_clk.
Related violations: <none>

TIMING-18#353 Warning
Missing input or output delay  
An output delay is missing on accelerator_read_response_data_o[6] relative to the rising and/or falling clock edge(s) of core_clk.
Related violations: <none>

TIMING-18#354 Warning
Missing input or output delay  
An output delay is missing on accelerator_read_response_data_o[7] relative to the rising and/or falling clock edge(s) of core_clk.
Related violations: <none>

TIMING-18#355 Warning
Missing input or output delay  
An output delay is missing on accelerator_read_response_data_o[8] relative to the rising and/or falling clock edge(s) of core_clk.
Related violations: <none>

TIMING-18#356 Warning
Missing input or output delay  
An output delay is missing on accelerator_read_response_data_o[9] relative to the rising and/or falling clock edge(s) of core_clk.
Related violations: <none>

TIMING-18#357 Warning
Missing input or output delay  
An output delay is missing on accelerator_read_response_valid_o relative to the rising and/or falling clock edge(s) of core_clk.
Related violations: <none>

TIMING-18#358 Warning
Missing input or output delay  
An output delay is missing on dma_read_request_ready_o relative to the rising and/or falling clock edge(s) of core_clk.
Related violations: <none>

TIMING-18#359 Warning
Missing input or output delay  
An output delay is missing on dma_read_response_data_o[0] relative to the rising and/or falling clock edge(s) of core_clk.
Related violations: <none>

TIMING-18#360 Warning
Missing input or output delay  
An output delay is missing on dma_read_response_data_o[10] relative to the rising and/or falling clock edge(s) of core_clk.
Related violations: <none>

TIMING-18#361 Warning
Missing input or output delay  
An output delay is missing on dma_read_response_data_o[11] relative to the rising and/or falling clock edge(s) of core_clk.
Related violations: <none>

TIMING-18#362 Warning
Missing input or output delay  
An output delay is missing on dma_read_response_data_o[12] relative to the rising and/or falling clock edge(s) of core_clk.
Related violations: <none>

TIMING-18#363 Warning
Missing input or output delay  
An output delay is missing on dma_read_response_data_o[13] relative to the rising and/or falling clock edge(s) of core_clk.
Related violations: <none>

TIMING-18#364 Warning
Missing input or output delay  
An output delay is missing on dma_read_response_data_o[14] relative to the rising and/or falling clock edge(s) of core_clk.
Related violations: <none>

TIMING-18#365 Warning
Missing input or output delay  
An output delay is missing on dma_read_response_data_o[15] relative to the rising and/or falling clock edge(s) of core_clk.
Related violations: <none>

TIMING-18#366 Warning
Missing input or output delay  
An output delay is missing on dma_read_response_data_o[16] relative to the rising and/or falling clock edge(s) of core_clk.
Related violations: <none>

TIMING-18#367 Warning
Missing input or output delay  
An output delay is missing on dma_read_response_data_o[17] relative to the rising and/or falling clock edge(s) of core_clk.
Related violations: <none>

TIMING-18#368 Warning
Missing input or output delay  
An output delay is missing on dma_read_response_data_o[18] relative to the rising and/or falling clock edge(s) of core_clk.
Related violations: <none>

TIMING-18#369 Warning
Missing input or output delay  
An output delay is missing on dma_read_response_data_o[19] relative to the rising and/or falling clock edge(s) of core_clk.
Related violations: <none>

TIMING-18#370 Warning
Missing input or output delay  
An output delay is missing on dma_read_response_data_o[1] relative to the rising and/or falling clock edge(s) of core_clk.
Related violations: <none>

TIMING-18#371 Warning
Missing input or output delay  
An output delay is missing on dma_read_response_data_o[20] relative to the rising and/or falling clock edge(s) of core_clk.
Related violations: <none>

TIMING-18#372 Warning
Missing input or output delay  
An output delay is missing on dma_read_response_data_o[21] relative to the rising and/or falling clock edge(s) of core_clk.
Related violations: <none>

TIMING-18#373 Warning
Missing input or output delay  
An output delay is missing on dma_read_response_data_o[22] relative to the rising and/or falling clock edge(s) of core_clk.
Related violations: <none>

TIMING-18#374 Warning
Missing input or output delay  
An output delay is missing on dma_read_response_data_o[23] relative to the rising and/or falling clock edge(s) of core_clk.
Related violations: <none>

TIMING-18#375 Warning
Missing input or output delay  
An output delay is missing on dma_read_response_data_o[24] relative to the rising and/or falling clock edge(s) of core_clk.
Related violations: <none>

TIMING-18#376 Warning
Missing input or output delay  
An output delay is missing on dma_read_response_data_o[25] relative to the rising and/or falling clock edge(s) of core_clk.
Related violations: <none>

TIMING-18#377 Warning
Missing input or output delay  
An output delay is missing on dma_read_response_data_o[26] relative to the rising and/or falling clock edge(s) of core_clk.
Related violations: <none>

TIMING-18#378 Warning
Missing input or output delay  
An output delay is missing on dma_read_response_data_o[27] relative to the rising and/or falling clock edge(s) of core_clk.
Related violations: <none>

TIMING-18#379 Warning
Missing input or output delay  
An output delay is missing on dma_read_response_data_o[28] relative to the rising and/or falling clock edge(s) of core_clk.
Related violations: <none>

TIMING-18#380 Warning
Missing input or output delay  
An output delay is missing on dma_read_response_data_o[29] relative to the rising and/or falling clock edge(s) of core_clk.
Related violations: <none>

TIMING-18#381 Warning
Missing input or output delay  
An output delay is missing on dma_read_response_data_o[2] relative to the rising and/or falling clock edge(s) of core_clk.
Related violations: <none>

TIMING-18#382 Warning
Missing input or output delay  
An output delay is missing on dma_read_response_data_o[30] relative to the rising and/or falling clock edge(s) of core_clk.
Related violations: <none>

TIMING-18#383 Warning
Missing input or output delay  
An output delay is missing on dma_read_response_data_o[31] relative to the rising and/or falling clock edge(s) of core_clk.
Related violations: <none>

TIMING-18#384 Warning
Missing input or output delay  
An output delay is missing on dma_read_response_data_o[32] relative to the rising and/or falling clock edge(s) of core_clk.
Related violations: <none>

TIMING-18#385 Warning
Missing input or output delay  
An output delay is missing on dma_read_response_data_o[33] relative to the rising and/or falling clock edge(s) of core_clk.
Related violations: <none>

TIMING-18#386 Warning
Missing input or output delay  
An output delay is missing on dma_read_response_data_o[34] relative to the rising and/or falling clock edge(s) of core_clk.
Related violations: <none>

TIMING-18#387 Warning
Missing input or output delay  
An output delay is missing on dma_read_response_data_o[35] relative to the rising and/or falling clock edge(s) of core_clk.
Related violations: <none>

TIMING-18#388 Warning
Missing input or output delay  
An output delay is missing on dma_read_response_data_o[36] relative to the rising and/or falling clock edge(s) of core_clk.
Related violations: <none>

TIMING-18#389 Warning
Missing input or output delay  
An output delay is missing on dma_read_response_data_o[37] relative to the rising and/or falling clock edge(s) of core_clk.
Related violations: <none>

TIMING-18#390 Warning
Missing input or output delay  
An output delay is missing on dma_read_response_data_o[38] relative to the rising and/or falling clock edge(s) of core_clk.
Related violations: <none>

TIMING-18#391 Warning
Missing input or output delay  
An output delay is missing on dma_read_response_data_o[39] relative to the rising and/or falling clock edge(s) of core_clk.
Related violations: <none>

TIMING-18#392 Warning
Missing input or output delay  
An output delay is missing on dma_read_response_data_o[3] relative to the rising and/or falling clock edge(s) of core_clk.
Related violations: <none>

TIMING-18#393 Warning
Missing input or output delay  
An output delay is missing on dma_read_response_data_o[40] relative to the rising and/or falling clock edge(s) of core_clk.
Related violations: <none>

TIMING-18#394 Warning
Missing input or output delay  
An output delay is missing on dma_read_response_data_o[41] relative to the rising and/or falling clock edge(s) of core_clk.
Related violations: <none>

TIMING-18#395 Warning
Missing input or output delay  
An output delay is missing on dma_read_response_data_o[42] relative to the rising and/or falling clock edge(s) of core_clk.
Related violations: <none>

TIMING-18#396 Warning
Missing input or output delay  
An output delay is missing on dma_read_response_data_o[43] relative to the rising and/or falling clock edge(s) of core_clk.
Related violations: <none>

TIMING-18#397 Warning
Missing input or output delay  
An output delay is missing on dma_read_response_data_o[44] relative to the rising and/or falling clock edge(s) of core_clk.
Related violations: <none>

TIMING-18#398 Warning
Missing input or output delay  
An output delay is missing on dma_read_response_data_o[45] relative to the rising and/or falling clock edge(s) of core_clk.
Related violations: <none>

TIMING-18#399 Warning
Missing input or output delay  
An output delay is missing on dma_read_response_data_o[46] relative to the rising and/or falling clock edge(s) of core_clk.
Related violations: <none>

TIMING-18#400 Warning
Missing input or output delay  
An output delay is missing on dma_read_response_data_o[47] relative to the rising and/or falling clock edge(s) of core_clk.
Related violations: <none>

TIMING-18#401 Warning
Missing input or output delay  
An output delay is missing on dma_read_response_data_o[48] relative to the rising and/or falling clock edge(s) of core_clk.
Related violations: <none>

TIMING-18#402 Warning
Missing input or output delay  
An output delay is missing on dma_read_response_data_o[49] relative to the rising and/or falling clock edge(s) of core_clk.
Related violations: <none>

TIMING-18#403 Warning
Missing input or output delay  
An output delay is missing on dma_read_response_data_o[4] relative to the rising and/or falling clock edge(s) of core_clk.
Related violations: <none>

TIMING-18#404 Warning
Missing input or output delay  
An output delay is missing on dma_read_response_data_o[50] relative to the rising and/or falling clock edge(s) of core_clk.
Related violations: <none>

TIMING-18#405 Warning
Missing input or output delay  
An output delay is missing on dma_read_response_data_o[51] relative to the rising and/or falling clock edge(s) of core_clk.
Related violations: <none>

TIMING-18#406 Warning
Missing input or output delay  
An output delay is missing on dma_read_response_data_o[52] relative to the rising and/or falling clock edge(s) of core_clk.
Related violations: <none>

TIMING-18#407 Warning
Missing input or output delay  
An output delay is missing on dma_read_response_data_o[53] relative to the rising and/or falling clock edge(s) of core_clk.
Related violations: <none>

TIMING-18#408 Warning
Missing input or output delay  
An output delay is missing on dma_read_response_data_o[54] relative to the rising and/or falling clock edge(s) of core_clk.
Related violations: <none>

TIMING-18#409 Warning
Missing input or output delay  
An output delay is missing on dma_read_response_data_o[55] relative to the rising and/or falling clock edge(s) of core_clk.
Related violations: <none>

TIMING-18#410 Warning
Missing input or output delay  
An output delay is missing on dma_read_response_data_o[56] relative to the rising and/or falling clock edge(s) of core_clk.
Related violations: <none>

TIMING-18#411 Warning
Missing input or output delay  
An output delay is missing on dma_read_response_data_o[57] relative to the rising and/or falling clock edge(s) of core_clk.
Related violations: <none>

TIMING-18#412 Warning
Missing input or output delay  
An output delay is missing on dma_read_response_data_o[58] relative to the rising and/or falling clock edge(s) of core_clk.
Related violations: <none>

TIMING-18#413 Warning
Missing input or output delay  
An output delay is missing on dma_read_response_data_o[59] relative to the rising and/or falling clock edge(s) of core_clk.
Related violations: <none>

TIMING-18#414 Warning
Missing input or output delay  
An output delay is missing on dma_read_response_data_o[5] relative to the rising and/or falling clock edge(s) of core_clk.
Related violations: <none>

TIMING-18#415 Warning
Missing input or output delay  
An output delay is missing on dma_read_response_data_o[60] relative to the rising and/or falling clock edge(s) of core_clk.
Related violations: <none>

TIMING-18#416 Warning
Missing input or output delay  
An output delay is missing on dma_read_response_data_o[61] relative to the rising and/or falling clock edge(s) of core_clk.
Related violations: <none>

TIMING-18#417 Warning
Missing input or output delay  
An output delay is missing on dma_read_response_data_o[62] relative to the rising and/or falling clock edge(s) of core_clk.
Related violations: <none>

TIMING-18#418 Warning
Missing input or output delay  
An output delay is missing on dma_read_response_data_o[63] relative to the rising and/or falling clock edge(s) of core_clk.
Related violations: <none>

TIMING-18#419 Warning
Missing input or output delay  
An output delay is missing on dma_read_response_data_o[6] relative to the rising and/or falling clock edge(s) of core_clk.
Related violations: <none>

TIMING-18#420 Warning
Missing input or output delay  
An output delay is missing on dma_read_response_data_o[7] relative to the rising and/or falling clock edge(s) of core_clk.
Related violations: <none>

TIMING-18#421 Warning
Missing input or output delay  
An output delay is missing on dma_read_response_data_o[8] relative to the rising and/or falling clock edge(s) of core_clk.
Related violations: <none>

TIMING-18#422 Warning
Missing input or output delay  
An output delay is missing on dma_read_response_data_o[9] relative to the rising and/or falling clock edge(s) of core_clk.
Related violations: <none>

TIMING-18#423 Warning
Missing input or output delay  
An output delay is missing on dma_read_response_valid_o relative to the rising and/or falling clock edge(s) of core_clk.
Related violations: <none>


