Copyright 1986-2022 Xilinx, Inc. All Rights Reserved. Copyright 2022-2026 Advanced Micro Devices, Inc. All Rights Reserved.
----------------------------------------------------------------------------------------------------------------------------------------------------------------------------
| Tool Version : Vivado v.2026.1 (win64) Build 6511674 Tue Jun 16 11:02:23 MDT 2026
| Date         : Mon Sep 14 22:53:11 2026
| Host         : RAW2332 running 64-bit major release  (build 9200)
| Command      : report_timing_summary -delay_type max -max_paths 20 -file D:/WORKBUDDY/STEM/npu-stem-repo/hardware/reports/vivado_2026_1/npu_scratchpad/timing_summary.rpt
| Design       : npu_scratchpad
| Device       : 7z020-clg400
| Speed File   : -1  PRODUCTION 1.12 2019-11-22
| Design State : Synthesized
----------------------------------------------------------------------------------------------------------------------------------------------------------------------------

Timing Summary Report

------------------------------------------------------------------------------------------------
| Timer Settings
| --------------
------------------------------------------------------------------------------------------------

  Enable Multi Corner Analysis               :  Yes
  Enable Pessimism Removal                   :  Yes
  Pessimism Removal Resolution               :  Nearest Common Node
  Enable Input Delay Default Clock           :  No
  Enable Preset / Clear Arcs                 :  No
  Disable Flight Delays                      :  No
  Ignore I/O Paths                           :  No
  Timing Early Launch at Borrowing Latches   :  No
  Borrow Time for Max Delay Exceptions       :  Yes
  Merge Timing Exceptions                    :  Yes
  Inter-SLR Compensation                     :  Conservative

  Corner  Analyze    Analyze    
  Name    Max Paths  Min Paths  
  ------  ---------  ---------  
  Slow    Yes        Yes        
  Fast    Yes        Yes        


------------------------------------------------------------------------------------------------
| Report Methodology
| ------------------
------------------------------------------------------------------------------------------------

No report available as report_methodology has not been run prior. Run report_methodology on the current design for the summary of methodology violations.



check_timing report

Table of Contents
-----------------
1. checking no_clock (0)
2. checking constant_clock (0)
3. checking pulse_width_clock (0)
4. checking unconstrained_internal_endpoints (0)
5. checking no_input_delay (279)
6. checking no_output_delay (132)
7. checking multiple_clock (0)
8. checking generated_clocks (0)
9. checking loops (0)
10. checking partial_input_delay (0)
11. checking partial_output_delay (0)
12. checking latch_loops (0)

1. checking no_clock (0)
------------------------
 There are 0 register/latch pins with no clock.


2. checking constant_clock (0)
------------------------------
 There are 0 register/latch pins with constant_clock.


3. checking pulse_width_clock (0)
---------------------------------
 There are 0 register/latch pins which need pulse_width check


4. checking unconstrained_internal_endpoints (0)
------------------------------------------------
 There are 0 pins that are not constrained for maximum delay.

 There are 0 pins that are not constrained for maximum delay due to constant clock.


5. checking no_input_delay (279)
--------------------------------
 There are 279 input ports with no input delay specified. (HIGH)

 There are 0 input ports with no input delay but user has a false path constraint.


6. checking no_output_delay (132)
---------------------------------
 There are 132 ports with no output delay specified. (HIGH)

 There are 0 ports with no output delay but user has a false path constraint

 There are 0 ports with no output delay but with a timing clock defined on it or propagating through it


7. checking multiple_clock (0)
------------------------------
 There are 0 register/latch pins with multiple clocks.


8. checking generated_clocks (0)
--------------------------------
 There are 0 generated clocks that are not connected to a clock source.


9. checking loops (0)
---------------------
 There are 0 combinational loops in the design.


10. checking partial_input_delay (0)
------------------------------------
 There are 0 input ports with partial input delay specified.


11. checking partial_output_delay (0)
-------------------------------------
 There are 0 ports with partial output delay specified.


12. checking latch_loops (0)
----------------------------
 There are 0 combinational latch loops in the design through latch input



------------------------------------------------------------------------------------------------
| Design Timing Summary
| ---------------------
------------------------------------------------------------------------------------------------

    WNS(ns)      TNS(ns)  TNS Failing Endpoints  TNS Total Endpoints     WPWS(ns)     TPWS(ns)  TPWS Failing Endpoints  TPWS Total Endpoints  
    -------      -------  ---------------------  -------------------     --------     --------  ----------------------  --------------------  
      0.041        0.000                      0                  124        2.000        0.000                       0                   124  


All user specified timing constraints are met.


------------------------------------------------------------------------------------------------
| Clock Summary
| -------------
------------------------------------------------------------------------------------------------

Clock     Waveform(ns)         Period(ns)      Frequency(MHz)
-----     ------------         ----------      --------------
core_clk  {0.000 2.500}        5.000           200.000         


------------------------------------------------------------------------------------------------
| Intra Clock Table
| -----------------
------------------------------------------------------------------------------------------------

Clock             WNS(ns)      TNS(ns)  TNS Failing Endpoints  TNS Total Endpoints     WPWS(ns)     TPWS(ns)  TPWS Failing Endpoints  TPWS Total Endpoints  
-----             -------      -------  ---------------------  -------------------     --------     --------  ----------------------  --------------------  
core_clk            0.041        0.000                      0                  124        2.000        0.000                       0                   124  


------------------------------------------------------------------------------------------------
| Inter Clock Table
| -----------------
------------------------------------------------------------------------------------------------

From Clock    To Clock          WNS(ns)      TNS(ns)  TNS Failing Endpoints  TNS Total Endpoints  
----------    --------          -------      -------  ---------------------  -------------------  


------------------------------------------------------------------------------------------------
| Other Path Groups Table
| -----------------------
------------------------------------------------------------------------------------------------

Path Group    From Clock    To Clock          WNS(ns)      TNS(ns)  TNS Failing Endpoints  TNS Total Endpoints  
----------    ----------    --------          -------      -------  ---------------------  -------------------  


------------------------------------------------------------------------------------------------
| Timing Details
| --------------
------------------------------------------------------------------------------------------------


---------------------------------------------------------------------------------------------------
From Clock:  core_clk
  To Clock:  core_clk

Setup :            0  Failing Endpoints,  Worst Slack        0.041ns,  Total Violation        0.000ns
Hold  :           NA  Failing Endpoints,  Worst Slack           NA  ,  Total Violation           NA
PW    :            0  Failing Endpoints,  Worst Slack        2.000ns,  Total Violation        0.000ns
---------------------------------------------------------------------------------------------------


Max Delay Paths
--------------------------------------------------------------------------------------
Slack (MET) :             0.041ns  (required time - arrival time)
  Source:                 weight_bank1/port_a_response_valid_q_reg/C
                            (rising edge-triggered cell FDCE clocked by core_clk  {rise@0.000ns fall@2.500ns period=5.000ns})
  Destination:            activation_bank0/memory_reg_0_0/ENBWREN
                            (rising edge-triggered cell RAMB36E1 clocked by core_clk  {rise@0.000ns fall@2.500ns period=5.000ns})
  Path Group:             core_clk
  Path Type:              Setup (Max at Slow Process Corner)
  Requirement:            5.000ns  (core_clk rise@5.000ns - core_clk rise@0.000ns)
  Data Path Delay:        4.432ns  (logic 1.177ns (26.559%)  route 3.255ns (73.441%))
  Logic Levels:           4  (LUT4=1 LUT5=1 LUT6=2)
  Clock Path Skew:        -0.049ns (DCD - SCD + CPR)
    Destination Clock Delay (DCD):    0.924ns = ( 5.924 - 5.000 ) 
    Source Clock Delay      (SCD):    0.973ns
    Clock Pessimism Removal (CPR):    0.000ns
  Clock Uncertainty:      0.035ns  ((TSJ^2 + TIJ^2)^1/2 + DJ) / 2 + PE
    Total System Jitter     (TSJ):    0.071ns
    Total Input Jitter      (TIJ):    0.000ns
    Discrete Jitter          (DJ):    0.000ns
    Phase Error              (PE):    0.000ns

    Location             Delay type                Incr(ns)  Path(ns)    Netlist Resource(s)
  -------------------------------------------------------------------    -------------------
                         (clock core_clk rise edge)
                                                      0.000     0.000 r  <hidden>
                                                      0.000     0.000 r  clk_i
                         net (fo=123, unset)          0.973     0.973    weight_bank1/clk_i
                         FDCE                                         r  weight_bank1/port_a_response_valid_q_reg/C
  -------------------------------------------------------------------    -------------------
                         FDCE (Prop_fdce_C_Q)         0.518     1.491 f  weight_bank1/port_a_response_valid_q_reg/Q
                         net (fo=69, unplaced)        1.055     2.546    weight_bank1/port_a_response_valid_q_reg_0[0]
                         LUT6 (Prop_lut6_I0_O)        0.295     2.841 r  weight_bank1/dma_read_request_ready_o_INST_0_i_13/O
                         net (fo=3, unplaced)         0.467     3.308    weight_bank1/dma_read_request_ready_o_INST_0_i_13_n_0
                         LUT4 (Prop_lut4_I2_O)        0.116     3.424 r  weight_bank1/memory_reg_0_0_i_33/O
                         net (fo=4, unplaced)         0.473     3.897    weight_bank1/memory_reg_0_0_i_33_n_0
                         LUT6 (Prop_lut6_I0_O)        0.124     4.021 r  weight_bank1/memory_reg_0_0_i_32/O
                         net (fo=2, unplaced)         0.460     4.481    weight_bank1/port_a_enable0
                         LUT5 (Prop_lut5_I0_O)        0.124     4.605 r  weight_bank1/memory_reg_0_0_i_2__0/O
                         net (fo=16, unplaced)        0.800     5.405    activation_bank0/port_a_enable
                         RAMB36E1                                     r  activation_bank0/memory_reg_0_0/ENBWREN
  -------------------------------------------------------------------    -------------------

                         (clock core_clk rise edge)
                                                      5.000     5.000 r  <hidden>
                                                      0.000     5.000 r  clk_i
                         net (fo=123, unset)          0.924     5.924    activation_bank0/clk_i
                         RAMB36E1                                     r  activation_bank0/memory_reg_0_0/CLKBWRCLK
                         clock pessimism              0.000     5.924    <hidden>
                         clock uncertainty           -0.035     5.889    <hidden>
                         RAMB36E1 (Setup_ramb36e1_CLKBWRCLK_ENBWREN)
                                                     -0.443     5.446    activation_bank0/memory_reg_0_0
  -------------------------------------------------------------------
                         required time                          5.446    <hidden>
                         arrival time                          -5.405    <hidden>
  -------------------------------------------------------------------
                         slack                                  0.041    <hidden>

Slack (MET) :             0.041ns  (required time - arrival time)
  Source:                 weight_bank1/port_a_response_valid_q_reg/C
                            (rising edge-triggered cell FDCE clocked by core_clk  {rise@0.000ns fall@2.500ns period=5.000ns})
  Destination:            activation_bank0/memory_reg_0_1/ENBWREN
                            (rising edge-triggered cell RAMB36E1 clocked by core_clk  {rise@0.000ns fall@2.500ns period=5.000ns})
  Path Group:             core_clk
  Path Type:              Setup (Max at Slow Process Corner)
  Requirement:            5.000ns  (core_clk rise@5.000ns - core_clk rise@0.000ns)
  Data Path Delay:        4.432ns  (logic 1.177ns (26.559%)  route 3.255ns (73.441%))
  Logic Levels:           4  (LUT4=1 LUT5=1 LUT6=2)
  Clock Path Skew:        -0.049ns (DCD - SCD + CPR)
    Destination Clock Delay (DCD):    0.924ns = ( 5.924 - 5.000 ) 
    Source Clock Delay      (SCD):    0.973ns
    Clock Pessimism Removal (CPR):    0.000ns
  Clock Uncertainty:      0.035ns  ((TSJ^2 + TIJ^2)^1/2 + DJ) / 2 + PE
    Total System Jitter     (TSJ):    0.071ns
    Total Input Jitter      (TIJ):    0.000ns
    Discrete Jitter          (DJ):    0.000ns
    Phase Error              (PE):    0.000ns

    Location             Delay type                Incr(ns)  Path(ns)    Netlist Resource(s)
  -------------------------------------------------------------------    -------------------
                         (clock core_clk rise edge)
                                                      0.000     0.000 r  <hidden>
                                                      0.000     0.000 r  clk_i
                         net (fo=123, unset)          0.973     0.973    weight_bank1/clk_i
                         FDCE                                         r  weight_bank1/port_a_response_valid_q_reg/C
  -------------------------------------------------------------------    -------------------
                         FDCE (Prop_fdce_C_Q)         0.518     1.491 f  weight_bank1/port_a_response_valid_q_reg/Q
                         net (fo=69, unplaced)        1.055     2.546    weight_bank1/port_a_response_valid_q_reg_0[0]
                         LUT6 (Prop_lut6_I0_O)        0.295     2.841 r  weight_bank1/dma_read_request_ready_o_INST_0_i_13/O
                         net (fo=3, unplaced)         0.467     3.308    weight_bank1/dma_read_request_ready_o_INST_0_i_13_n_0
                         LUT4 (Prop_lut4_I2_O)        0.116     3.424 r  weight_bank1/memory_reg_0_0_i_33/O
                         net (fo=4, unplaced)         0.473     3.897    weight_bank1/memory_reg_0_0_i_33_n_0
                         LUT6 (Prop_lut6_I0_O)        0.124     4.021 r  weight_bank1/memory_reg_0_0_i_32/O
                         net (fo=2, unplaced)         0.460     4.481    weight_bank1/port_a_enable0
                         LUT5 (Prop_lut5_I0_O)        0.124     4.605 r  weight_bank1/memory_reg_0_0_i_2__0/O
                         net (fo=16, unplaced)        0.800     5.405    activation_bank0/port_a_enable
                         RAMB36E1                                     r  activation_bank0/memory_reg_0_1/ENBWREN
  -------------------------------------------------------------------    -------------------

                         (clock core_clk rise edge)
                                                      5.000     5.000 r  <hidden>
                                                      0.000     5.000 r  clk_i
                         net (fo=123, unset)          0.924     5.924    activation_bank0/clk_i
                         RAMB36E1                                     r  activation_bank0/memory_reg_0_1/CLKBWRCLK
                         clock pessimism              0.000     5.924    <hidden>
                         clock uncertainty           -0.035     5.889    <hidden>
                         RAMB36E1 (Setup_ramb36e1_CLKBWRCLK_ENBWREN)
                                                     -0.443     5.446    activation_bank0/memory_reg_0_1
  -------------------------------------------------------------------
                         required time                          5.446    <hidden>
                         arrival time                          -5.405    <hidden>
  -------------------------------------------------------------------
                         slack                                  0.041    <hidden>

Slack (MET) :             0.041ns  (required time - arrival time)
  Source:                 weight_bank1/port_a_response_valid_q_reg/C
                            (rising edge-triggered cell FDCE clocked by core_clk  {rise@0.000ns fall@2.500ns period=5.000ns})
  Destination:            activation_bank0/memory_reg_1_0/ENBWREN
                            (rising edge-triggered cell RAMB36E1 clocked by core_clk  {rise@0.000ns fall@2.500ns period=5.000ns})
  Path Group:             core_clk
  Path Type:              Setup (Max at Slow Process Corner)
  Requirement:            5.000ns  (core_clk rise@5.000ns - core_clk rise@0.000ns)
  Data Path Delay:        4.432ns  (logic 1.177ns (26.559%)  route 3.255ns (73.441%))
  Logic Levels:           4  (LUT4=1 LUT5=1 LUT6=2)
  Clock Path Skew:        -0.049ns (DCD - SCD + CPR)
    Destination Clock Delay (DCD):    0.924ns = ( 5.924 - 5.000 ) 
    Source Clock Delay      (SCD):    0.973ns
    Clock Pessimism Removal (CPR):    0.000ns
  Clock Uncertainty:      0.035ns  ((TSJ^2 + TIJ^2)^1/2 + DJ) / 2 + PE
    Total System Jitter     (TSJ):    0.071ns
    Total Input Jitter      (TIJ):    0.000ns
    Discrete Jitter          (DJ):    0.000ns
    Phase Error              (PE):    0.000ns

    Location             Delay type                Incr(ns)  Path(ns)    Netlist Resource(s)
  -------------------------------------------------------------------    -------------------
                         (clock core_clk rise edge)
                                                      0.000     0.000 r  <hidden>
                                                      0.000     0.000 r  clk_i
                         net (fo=123, unset)          0.973     0.973    weight_bank1/clk_i
                         FDCE                                         r  weight_bank1/port_a_response_valid_q_reg/C
  -------------------------------------------------------------------    -------------------
                         FDCE (Prop_fdce_C_Q)         0.518     1.491 f  weight_bank1/port_a_response_valid_q_reg/Q
                         net (fo=69, unplaced)        1.055     2.546    weight_bank1/port_a_response_valid_q_reg_0[0]
                         LUT6 (Prop_lut6_I0_O)        0.295     2.841 r  weight_bank1/dma_read_request_ready_o_INST_0_i_13/O
                         net (fo=3, unplaced)         0.467     3.308    weight_bank1/dma_read_request_ready_o_INST_0_i_13_n_0
                         LUT4 (Prop_lut4_I2_O)        0.116     3.424 r  weight_bank1/memory_reg_0_0_i_33/O
                         net (fo=4, unplaced)         0.473     3.897    weight_bank1/memory_reg_0_0_i_33_n_0
                         LUT6 (Prop_lut6_I0_O)        0.124     4.021 r  weight_bank1/memory_reg_0_0_i_32/O
                         net (fo=2, unplaced)         0.460     4.481    weight_bank1/port_a_enable0
                         LUT5 (Prop_lut5_I0_O)        0.124     4.605 r  weight_bank1/memory_reg_0_0_i_2__0/O
                         net (fo=16, unplaced)        0.800     5.405    activation_bank0/port_a_enable
                         RAMB36E1                                     r  activation_bank0/memory_reg_1_0/ENBWREN
  -------------------------------------------------------------------    -------------------

                         (clock core_clk rise edge)
                                                      5.000     5.000 r  <hidden>
                                                      0.000     5.000 r  clk_i
                         net (fo=123, unset)          0.924     5.924    activation_bank0/clk_i
                         RAMB36E1                                     r  activation_bank0/memory_reg_1_0/CLKBWRCLK
                         clock pessimism              0.000     5.924    <hidden>
                         clock uncertainty           -0.035     5.889    <hidden>
                         RAMB36E1 (Setup_ramb36e1_CLKBWRCLK_ENBWREN)
                                                     -0.443     5.446    activation_bank0/memory_reg_1_0
  -------------------------------------------------------------------
                         required time                          5.446    <hidden>
                         arrival time                          -5.405    <hidden>
  -------------------------------------------------------------------
                         slack                                  0.041    <hidden>

Slack (MET) :             0.041ns  (required time - arrival time)
  Source:                 weight_bank1/port_a_response_valid_q_reg/C
                            (rising edge-triggered cell FDCE clocked by core_clk  {rise@0.000ns fall@2.500ns period=5.000ns})
  Destination:            activation_bank0/memory_reg_1_1/ENBWREN
                            (rising edge-triggered cell RAMB36E1 clocked by core_clk  {rise@0.000ns fall@2.500ns period=5.000ns})
  Path Group:             core_clk
  Path Type:              Setup (Max at Slow Process Corner)
  Requirement:            5.000ns  (core_clk rise@5.000ns - core_clk rise@0.000ns)
  Data Path Delay:        4.432ns  (logic 1.177ns (26.559%)  route 3.255ns (73.441%))
  Logic Levels:           4  (LUT4=1 LUT5=1 LUT6=2)
  Clock Path Skew:        -0.049ns (DCD - SCD + CPR)
    Destination Clock Delay (DCD):    0.924ns = ( 5.924 - 5.000 ) 
    Source Clock Delay      (SCD):    0.973ns
    Clock Pessimism Removal (CPR):    0.000ns
  Clock Uncertainty:      0.035ns  ((TSJ^2 + TIJ^2)^1/2 + DJ) / 2 + PE
    Total System Jitter     (TSJ):    0.071ns
    Total Input Jitter      (TIJ):    0.000ns
    Discrete Jitter          (DJ):    0.000ns
    Phase Error              (PE):    0.000ns

    Location             Delay type                Incr(ns)  Path(ns)    Netlist Resource(s)
  -------------------------------------------------------------------    -------------------
                         (clock core_clk rise edge)
                                                      0.000     0.000 r  <hidden>
                                                      0.000     0.000 r  clk_i
                         net (fo=123, unset)          0.973     0.973    weight_bank1/clk_i
                         FDCE                                         r  weight_bank1/port_a_response_valid_q_reg/C
  -------------------------------------------------------------------    -------------------
                         FDCE (Prop_fdce_C_Q)         0.518     1.491 f  weight_bank1/port_a_response_valid_q_reg/Q
                         net (fo=69, unplaced)        1.055     2.546    weight_bank1/port_a_response_valid_q_reg_0[0]
                         LUT6 (Prop_lut6_I0_O)        0.295     2.841 r  weight_bank1/dma_read_request_ready_o_INST_0_i_13/O
                         net (fo=3, unplaced)         0.467     3.308    weight_bank1/dma_read_request_ready_o_INST_0_i_13_n_0
                         LUT4 (Prop_lut4_I2_O)        0.116     3.424 r  weight_bank1/memory_reg_0_0_i_33/O
                         net (fo=4, unplaced)         0.473     3.897    weight_bank1/memory_reg_0_0_i_33_n_0
                         LUT6 (Prop_lut6_I0_O)        0.124     4.021 r  weight_bank1/memory_reg_0_0_i_32/O
                         net (fo=2, unplaced)         0.460     4.481    weight_bank1/port_a_enable0
                         LUT5 (Prop_lut5_I0_O)        0.124     4.605 r  weight_bank1/memory_reg_0_0_i_2__0/O
                         net (fo=16, unplaced)        0.800     5.405    activation_bank0/port_a_enable
                         RAMB36E1                                     r  activation_bank0/memory_reg_1_1/ENBWREN
  -------------------------------------------------------------------    -------------------

                         (clock core_clk rise edge)
                                                      5.000     5.000 r  <hidden>
                                                      0.000     5.000 r  clk_i
                         net (fo=123, unset)          0.924     5.924    activation_bank0/clk_i
                         RAMB36E1                                     r  activation_bank0/memory_reg_1_1/CLKBWRCLK
                         clock pessimism              0.000     5.924    <hidden>
                         clock uncertainty           -0.035     5.889    <hidden>
                         RAMB36E1 (Setup_ramb36e1_CLKBWRCLK_ENBWREN)
                                                     -0.443     5.446    activation_bank0/memory_reg_1_1
  -------------------------------------------------------------------
                         required time                          5.446    <hidden>
                         arrival time                          -5.405    <hidden>
  -------------------------------------------------------------------
                         slack                                  0.041    <hidden>

Slack (MET) :             0.041ns  (required time - arrival time)
  Source:                 weight_bank1/port_a_response_valid_q_reg/C
                            (rising edge-triggered cell FDCE clocked by core_clk  {rise@0.000ns fall@2.500ns period=5.000ns})
  Destination:            activation_bank0/memory_reg_2_0/ENBWREN
                            (rising edge-triggered cell RAMB36E1 clocked by core_clk  {rise@0.000ns fall@2.500ns period=5.000ns})
  Path Group:             core_clk
  Path Type:              Setup (Max at Slow Process Corner)
  Requirement:            5.000ns  (core_clk rise@5.000ns - core_clk rise@0.000ns)
  Data Path Delay:        4.432ns  (logic 1.177ns (26.559%)  route 3.255ns (73.441%))
  Logic Levels:           4  (LUT4=1 LUT5=1 LUT6=2)
  Clock Path Skew:        -0.049ns (DCD - SCD + CPR)
    Destination Clock Delay (DCD):    0.924ns = ( 5.924 - 5.000 ) 
    Source Clock Delay      (SCD):    0.973ns
    Clock Pessimism Removal (CPR):    0.000ns
  Clock Uncertainty:      0.035ns  ((TSJ^2 + TIJ^2)^1/2 + DJ) / 2 + PE
    Total System Jitter     (TSJ):    0.071ns
    Total Input Jitter      (TIJ):    0.000ns
    Discrete Jitter          (DJ):    0.000ns
    Phase Error              (PE):    0.000ns

    Location             Delay type                Incr(ns)  Path(ns)    Netlist Resource(s)
  -------------------------------------------------------------------    -------------------
                         (clock core_clk rise edge)
                                                      0.000     0.000 r  <hidden>
                                                      0.000     0.000 r  clk_i
                         net (fo=123, unset)          0.973     0.973    weight_bank1/clk_i
                         FDCE                                         r  weight_bank1/port_a_response_valid_q_reg/C
  -------------------------------------------------------------------    -------------------
                         FDCE (Prop_fdce_C_Q)         0.518     1.491 f  weight_bank1/port_a_response_valid_q_reg/Q
                         net (fo=69, unplaced)        1.055     2.546    weight_bank1/port_a_response_valid_q_reg_0[0]
                         LUT6 (Prop_lut6_I0_O)        0.295     2.841 r  weight_bank1/dma_read_request_ready_o_INST_0_i_13/O
                         net (fo=3, unplaced)         0.467     3.308    weight_bank1/dma_read_request_ready_o_INST_0_i_13_n_0
                         LUT4 (Prop_lut4_I2_O)        0.116     3.424 r  weight_bank1/memory_reg_0_0_i_33/O
                         net (fo=4, unplaced)         0.473     3.897    weight_bank1/memory_reg_0_0_i_33_n_0
                         LUT6 (Prop_lut6_I0_O)        0.124     4.021 r  weight_bank1/memory_reg_0_0_i_32/O
                         net (fo=2, unplaced)         0.460     4.481    weight_bank1/port_a_enable0
                         LUT5 (Prop_lut5_I0_O)        0.124     4.605 r  weight_bank1/memory_reg_0_0_i_2__0/O
                         net (fo=16, unplaced)        0.800     5.405    activation_bank0/port_a_enable
                         RAMB36E1                                     r  activation_bank0/memory_reg_2_0/ENBWREN
  -------------------------------------------------------------------    -------------------

                         (clock core_clk rise edge)
                                                      5.000     5.000 r  <hidden>
                                                      0.000     5.000 r  clk_i
                         net (fo=123, unset)          0.924     5.924    activation_bank0/clk_i
                         RAMB36E1                                     r  activation_bank0/memory_reg_2_0/CLKBWRCLK
                         clock pessimism              0.000     5.924    <hidden>
                         clock uncertainty           -0.035     5.889    <hidden>
                         RAMB36E1 (Setup_ramb36e1_CLKBWRCLK_ENBWREN)
                                                     -0.443     5.446    activation_bank0/memory_reg_2_0
  -------------------------------------------------------------------
                         required time                          5.446    <hidden>
                         arrival time                          -5.405    <hidden>
  -------------------------------------------------------------------
                         slack                                  0.041    <hidden>

Slack (MET) :             0.041ns  (required time - arrival time)
  Source:                 weight_bank1/port_a_response_valid_q_reg/C
                            (rising edge-triggered cell FDCE clocked by core_clk  {rise@0.000ns fall@2.500ns period=5.000ns})
  Destination:            activation_bank0/memory_reg_2_1/ENBWREN
                            (rising edge-triggered cell RAMB36E1 clocked by core_clk  {rise@0.000ns fall@2.500ns period=5.000ns})
  Path Group:             core_clk
  Path Type:              Setup (Max at Slow Process Corner)
  Requirement:            5.000ns  (core_clk rise@5.000ns - core_clk rise@0.000ns)
  Data Path Delay:        4.432ns  (logic 1.177ns (26.559%)  route 3.255ns (73.441%))
  Logic Levels:           4  (LUT4=1 LUT5=1 LUT6=2)
  Clock Path Skew:        -0.049ns (DCD - SCD + CPR)
    Destination Clock Delay (DCD):    0.924ns = ( 5.924 - 5.000 ) 
    Source Clock Delay      (SCD):    0.973ns
    Clock Pessimism Removal (CPR):    0.000ns
  Clock Uncertainty:      0.035ns  ((TSJ^2 + TIJ^2)^1/2 + DJ) / 2 + PE
    Total System Jitter     (TSJ):    0.071ns
    Total Input Jitter      (TIJ):    0.000ns
    Discrete Jitter          (DJ):    0.000ns
    Phase Error              (PE):    0.000ns

    Location             Delay type                Incr(ns)  Path(ns)    Netlist Resource(s)
  -------------------------------------------------------------------    -------------------
                         (clock core_clk rise edge)
                                                      0.000     0.000 r  <hidden>
                                                      0.000     0.000 r  clk_i
                         net (fo=123, unset)          0.973     0.973    weight_bank1/clk_i
                         FDCE                                         r  weight_bank1/port_a_response_valid_q_reg/C
  -------------------------------------------------------------------    -------------------
                         FDCE (Prop_fdce_C_Q)         0.518     1.491 f  weight_bank1/port_a_response_valid_q_reg/Q
                         net (fo=69, unplaced)        1.055     2.546    weight_bank1/port_a_response_valid_q_reg_0[0]
                         LUT6 (Prop_lut6_I0_O)        0.295     2.841 r  weight_bank1/dma_read_request_ready_o_INST_0_i_13/O
                         net (fo=3, unplaced)         0.467     3.308    weight_bank1/dma_read_request_ready_o_INST_0_i_13_n_0
                         LUT4 (Prop_lut4_I2_O)        0.116     3.424 r  weight_bank1/memory_reg_0_0_i_33/O
                         net (fo=4, unplaced)         0.473     3.897    weight_bank1/memory_reg_0_0_i_33_n_0
                         LUT6 (Prop_lut6_I0_O)        0.124     4.021 r  weight_bank1/memory_reg_0_0_i_32/O
                         net (fo=2, unplaced)         0.460     4.481    weight_bank1/port_a_enable0
                         LUT5 (Prop_lut5_I0_O)        0.124     4.605 r  weight_bank1/memory_reg_0_0_i_2__0/O
                         net (fo=16, unplaced)        0.800     5.405    activation_bank0/port_a_enable
                         RAMB36E1                                     r  activation_bank0/memory_reg_2_1/ENBWREN
  -------------------------------------------------------------------    -------------------

                         (clock core_clk rise edge)
                                                      5.000     5.000 r  <hidden>
                                                      0.000     5.000 r  clk_i
                         net (fo=123, unset)          0.924     5.924    activation_bank0/clk_i
                         RAMB36E1                                     r  activation_bank0/memory_reg_2_1/CLKBWRCLK
                         clock pessimism              0.000     5.924    <hidden>
                         clock uncertainty           -0.035     5.889    <hidden>
                         RAMB36E1 (Setup_ramb36e1_CLKBWRCLK_ENBWREN)
                                                     -0.443     5.446    activation_bank0/memory_reg_2_1
  -------------------------------------------------------------------
                         required time                          5.446    <hidden>
                         arrival time                          -5.405    <hidden>
  -------------------------------------------------------------------
                         slack                                  0.041    <hidden>

Slack (MET) :             0.041ns  (required time - arrival time)
  Source:                 weight_bank1/port_a_response_valid_q_reg/C
                            (rising edge-triggered cell FDCE clocked by core_clk  {rise@0.000ns fall@2.500ns period=5.000ns})
  Destination:            activation_bank0/memory_reg_3_0/ENBWREN
                            (rising edge-triggered cell RAMB36E1 clocked by core_clk  {rise@0.000ns fall@2.500ns period=5.000ns})
  Path Group:             core_clk
  Path Type:              Setup (Max at Slow Process Corner)
  Requirement:            5.000ns  (core_clk rise@5.000ns - core_clk rise@0.000ns)
  Data Path Delay:        4.432ns  (logic 1.177ns (26.559%)  route 3.255ns (73.441%))
  Logic Levels:           4  (LUT4=1 LUT5=1 LUT6=2)
  Clock Path Skew:        -0.049ns (DCD - SCD + CPR)
    Destination Clock Delay (DCD):    0.924ns = ( 5.924 - 5.000 ) 
    Source Clock Delay      (SCD):    0.973ns
    Clock Pessimism Removal (CPR):    0.000ns
  Clock Uncertainty:      0.035ns  ((TSJ^2 + TIJ^2)^1/2 + DJ) / 2 + PE
    Total System Jitter     (TSJ):    0.071ns
    Total Input Jitter      (TIJ):    0.000ns
    Discrete Jitter          (DJ):    0.000ns
    Phase Error              (PE):    0.000ns

    Location             Delay type                Incr(ns)  Path(ns)    Netlist Resource(s)
  -------------------------------------------------------------------    -------------------
                         (clock core_clk rise edge)
                                                      0.000     0.000 r  <hidden>
                                                      0.000     0.000 r  clk_i
                         net (fo=123, unset)          0.973     0.973    weight_bank1/clk_i
                         FDCE                                         r  weight_bank1/port_a_response_valid_q_reg/C
  -------------------------------------------------------------------    -------------------
                         FDCE (Prop_fdce_C_Q)         0.518     1.491 f  weight_bank1/port_a_response_valid_q_reg/Q
                         net (fo=69, unplaced)        1.055     2.546    weight_bank1/port_a_response_valid_q_reg_0[0]
                         LUT6 (Prop_lut6_I0_O)        0.295     2.841 r  weight_bank1/dma_read_request_ready_o_INST_0_i_13/O
                         net (fo=3, unplaced)         0.467     3.308    weight_bank1/dma_read_request_ready_o_INST_0_i_13_n_0
                         LUT4 (Prop_lut4_I2_O)        0.116     3.424 r  weight_bank1/memory_reg_0_0_i_33/O
                         net (fo=4, unplaced)         0.473     3.897    weight_bank1/memory_reg_0_0_i_33_n_0
                         LUT6 (Prop_lut6_I0_O)        0.124     4.021 r  weight_bank1/memory_reg_0_0_i_32/O
                         net (fo=2, unplaced)         0.460     4.481    weight_bank1/port_a_enable0
                         LUT5 (Prop_lut5_I0_O)        0.124     4.605 r  weight_bank1/memory_reg_0_0_i_2__0/O
                         net (fo=16, unplaced)        0.800     5.405    activation_bank0/port_a_enable
                         RAMB36E1                                     r  activation_bank0/memory_reg_3_0/ENBWREN
  -------------------------------------------------------------------    -------------------

                         (clock core_clk rise edge)
                                                      5.000     5.000 r  <hidden>
                                                      0.000     5.000 r  clk_i
                         net (fo=123, unset)          0.924     5.924    activation_bank0/clk_i
                         RAMB36E1                                     r  activation_bank0/memory_reg_3_0/CLKBWRCLK
                         clock pessimism              0.000     5.924    <hidden>
                         clock uncertainty           -0.035     5.889    <hidden>
                         RAMB36E1 (Setup_ramb36e1_CLKBWRCLK_ENBWREN)
                                                     -0.443     5.446    activation_bank0/memory_reg_3_0
  -------------------------------------------------------------------
                         required time                          5.446    <hidden>
                         arrival time                          -5.405    <hidden>
  -------------------------------------------------------------------
                         slack                                  0.041    <hidden>

Slack (MET) :             0.041ns  (required time - arrival time)
  Source:                 weight_bank1/port_a_response_valid_q_reg/C
                            (rising edge-triggered cell FDCE clocked by core_clk  {rise@0.000ns fall@2.500ns period=5.000ns})
  Destination:            activation_bank0/memory_reg_3_1/ENBWREN
                            (rising edge-triggered cell RAMB36E1 clocked by core_clk  {rise@0.000ns fall@2.500ns period=5.000ns})
  Path Group:             core_clk
  Path Type:              Setup (Max at Slow Process Corner)
  Requirement:            5.000ns  (core_clk rise@5.000ns - core_clk rise@0.000ns)
  Data Path Delay:        4.432ns  (logic 1.177ns (26.559%)  route 3.255ns (73.441%))
  Logic Levels:           4  (LUT4=1 LUT5=1 LUT6=2)
  Clock Path Skew:        -0.049ns (DCD - SCD + CPR)
    Destination Clock Delay (DCD):    0.924ns = ( 5.924 - 5.000 ) 
    Source Clock Delay      (SCD):    0.973ns
    Clock Pessimism Removal (CPR):    0.000ns
  Clock Uncertainty:      0.035ns  ((TSJ^2 + TIJ^2)^1/2 + DJ) / 2 + PE
    Total System Jitter     (TSJ):    0.071ns
    Total Input Jitter      (TIJ):    0.000ns
    Discrete Jitter          (DJ):    0.000ns
    Phase Error              (PE):    0.000ns

    Location             Delay type                Incr(ns)  Path(ns)    Netlist Resource(s)
  -------------------------------------------------------------------    -------------------
                         (clock core_clk rise edge)
                                                      0.000     0.000 r  <hidden>
                                                      0.000     0.000 r  clk_i
                         net (fo=123, unset)          0.973     0.973    weight_bank1/clk_i
                         FDCE                                         r  weight_bank1/port_a_response_valid_q_reg/C
  -------------------------------------------------------------------    -------------------
                         FDCE (Prop_fdce_C_Q)         0.518     1.491 f  weight_bank1/port_a_response_valid_q_reg/Q
                         net (fo=69, unplaced)        1.055     2.546    weight_bank1/port_a_response_valid_q_reg_0[0]
                         LUT6 (Prop_lut6_I0_O)        0.295     2.841 r  weight_bank1/dma_read_request_ready_o_INST_0_i_13/O
                         net (fo=3, unplaced)         0.467     3.308    weight_bank1/dma_read_request_ready_o_INST_0_i_13_n_0
                         LUT4 (Prop_lut4_I2_O)        0.116     3.424 r  weight_bank1/memory_reg_0_0_i_33/O
                         net (fo=4, unplaced)         0.473     3.897    weight_bank1/memory_reg_0_0_i_33_n_0
                         LUT6 (Prop_lut6_I0_O)        0.124     4.021 r  weight_bank1/memory_reg_0_0_i_32/O
                         net (fo=2, unplaced)         0.460     4.481    weight_bank1/port_a_enable0
                         LUT5 (Prop_lut5_I0_O)        0.124     4.605 r  weight_bank1/memory_reg_0_0_i_2__0/O
                         net (fo=16, unplaced)        0.800     5.405    activation_bank0/port_a_enable
                         RAMB36E1                                     r  activation_bank0/memory_reg_3_1/ENBWREN
  -------------------------------------------------------------------    -------------------

                         (clock core_clk rise edge)
                                                      5.000     5.000 r  <hidden>
                                                      0.000     5.000 r  clk_i
                         net (fo=123, unset)          0.924     5.924    activation_bank0/clk_i
                         RAMB36E1                                     r  activation_bank0/memory_reg_3_1/CLKBWRCLK
                         clock pessimism              0.000     5.924    <hidden>
                         clock uncertainty           -0.035     5.889    <hidden>
                         RAMB36E1 (Setup_ramb36e1_CLKBWRCLK_ENBWREN)
                                                     -0.443     5.446    activation_bank0/memory_reg_3_1
  -------------------------------------------------------------------
                         required time                          5.446    <hidden>
                         arrival time                          -5.405    <hidden>
  -------------------------------------------------------------------
                         slack                                  0.041    <hidden>

Slack (MET) :             0.041ns  (required time - arrival time)
  Source:                 weight_bank1/port_a_response_valid_q_reg/C
                            (rising edge-triggered cell FDCE clocked by core_clk  {rise@0.000ns fall@2.500ns period=5.000ns})
  Destination:            activation_bank0/memory_reg_4_0/ENBWREN
                            (rising edge-triggered cell RAMB36E1 clocked by core_clk  {rise@0.000ns fall@2.500ns period=5.000ns})
  Path Group:             core_clk
  Path Type:              Setup (Max at Slow Process Corner)
  Requirement:            5.000ns  (core_clk rise@5.000ns - core_clk rise@0.000ns)
  Data Path Delay:        4.432ns  (logic 1.177ns (26.559%)  route 3.255ns (73.441%))
  Logic Levels:           4  (LUT4=1 LUT5=1 LUT6=2)
  Clock Path Skew:        -0.049ns (DCD - SCD + CPR)
    Destination Clock Delay (DCD):    0.924ns = ( 5.924 - 5.000 ) 
    Source Clock Delay      (SCD):    0.973ns
    Clock Pessimism Removal (CPR):    0.000ns
  Clock Uncertainty:      0.035ns  ((TSJ^2 + TIJ^2)^1/2 + DJ) / 2 + PE
    Total System Jitter     (TSJ):    0.071ns
    Total Input Jitter      (TIJ):    0.000ns
    Discrete Jitter          (DJ):    0.000ns
    Phase Error              (PE):    0.000ns

    Location             Delay type                Incr(ns)  Path(ns)    Netlist Resource(s)
  -------------------------------------------------------------------    -------------------
                         (clock core_clk rise edge)
                                                      0.000     0.000 r  <hidden>
                                                      0.000     0.000 r  clk_i
                         net (fo=123, unset)          0.973     0.973    weight_bank1/clk_i
                         FDCE                                         r  weight_bank1/port_a_response_valid_q_reg/C
  -------------------------------------------------------------------    -------------------
                         FDCE (Prop_fdce_C_Q)         0.518     1.491 f  weight_bank1/port_a_response_valid_q_reg/Q
                         net (fo=69, unplaced)        1.055     2.546    weight_bank1/port_a_response_valid_q_reg_0[0]
                         LUT6 (Prop_lut6_I0_O)        0.295     2.841 r  weight_bank1/dma_read_request_ready_o_INST_0_i_13/O
                         net (fo=3, unplaced)         0.467     3.308    weight_bank1/dma_read_request_ready_o_INST_0_i_13_n_0
                         LUT4 (Prop_lut4_I2_O)        0.116     3.424 r  weight_bank1/memory_reg_0_0_i_33/O
                         net (fo=4, unplaced)         0.473     3.897    weight_bank1/memory_reg_0_0_i_33_n_0
                         LUT6 (Prop_lut6_I0_O)        0.124     4.021 r  weight_bank1/memory_reg_0_0_i_32/O
                         net (fo=2, unplaced)         0.460     4.481    weight_bank1/port_a_enable0
                         LUT5 (Prop_lut5_I0_O)        0.124     4.605 r  weight_bank1/memory_reg_0_0_i_2__0/O
                         net (fo=16, unplaced)        0.800     5.405    activation_bank0/port_a_enable
                         RAMB36E1                                     r  activation_bank0/memory_reg_4_0/ENBWREN
  -------------------------------------------------------------------    -------------------

                         (clock core_clk rise edge)
                                                      5.000     5.000 r  <hidden>
                                                      0.000     5.000 r  clk_i
                         net (fo=123, unset)          0.924     5.924    activation_bank0/clk_i
                         RAMB36E1                                     r  activation_bank0/memory_reg_4_0/CLKBWRCLK
                         clock pessimism              0.000     5.924    <hidden>
                         clock uncertainty           -0.035     5.889    <hidden>
                         RAMB36E1 (Setup_ramb36e1_CLKBWRCLK_ENBWREN)
                                                     -0.443     5.446    activation_bank0/memory_reg_4_0
  -------------------------------------------------------------------
                         required time                          5.446    <hidden>
                         arrival time                          -5.405    <hidden>
  -------------------------------------------------------------------
                         slack                                  0.041    <hidden>

Slack (MET) :             0.041ns  (required time - arrival time)
  Source:                 weight_bank1/port_a_response_valid_q_reg/C
                            (rising edge-triggered cell FDCE clocked by core_clk  {rise@0.000ns fall@2.500ns period=5.000ns})
  Destination:            activation_bank0/memory_reg_4_1/ENBWREN
                            (rising edge-triggered cell RAMB36E1 clocked by core_clk  {rise@0.000ns fall@2.500ns period=5.000ns})
  Path Group:             core_clk
  Path Type:              Setup (Max at Slow Process Corner)
  Requirement:            5.000ns  (core_clk rise@5.000ns - core_clk rise@0.000ns)
  Data Path Delay:        4.432ns  (logic 1.177ns (26.559%)  route 3.255ns (73.441%))
  Logic Levels:           4  (LUT4=1 LUT5=1 LUT6=2)
  Clock Path Skew:        -0.049ns (DCD - SCD + CPR)
    Destination Clock Delay (DCD):    0.924ns = ( 5.924 - 5.000 ) 
    Source Clock Delay      (SCD):    0.973ns
    Clock Pessimism Removal (CPR):    0.000ns
  Clock Uncertainty:      0.035ns  ((TSJ^2 + TIJ^2)^1/2 + DJ) / 2 + PE
    Total System Jitter     (TSJ):    0.071ns
    Total Input Jitter      (TIJ):    0.000ns
    Discrete Jitter          (DJ):    0.000ns
    Phase Error              (PE):    0.000ns

    Location             Delay type                Incr(ns)  Path(ns)    Netlist Resource(s)
  -------------------------------------------------------------------    -------------------
                         (clock core_clk rise edge)
                                                      0.000     0.000 r  <hidden>
                                                      0.000     0.000 r  clk_i
                         net (fo=123, unset)          0.973     0.973    weight_bank1/clk_i
                         FDCE                                         r  weight_bank1/port_a_response_valid_q_reg/C
  -------------------------------------------------------------------    -------------------
                         FDCE (Prop_fdce_C_Q)         0.518     1.491 f  weight_bank1/port_a_response_valid_q_reg/Q
                         net (fo=69, unplaced)        1.055     2.546    weight_bank1/port_a_response_valid_q_reg_0[0]
                         LUT6 (Prop_lut6_I0_O)        0.295     2.841 r  weight_bank1/dma_read_request_ready_o_INST_0_i_13/O
                         net (fo=3, unplaced)         0.467     3.308    weight_bank1/dma_read_request_ready_o_INST_0_i_13_n_0
                         LUT4 (Prop_lut4_I2_O)        0.116     3.424 r  weight_bank1/memory_reg_0_0_i_33/O
                         net (fo=4, unplaced)         0.473     3.897    weight_bank1/memory_reg_0_0_i_33_n_0
                         LUT6 (Prop_lut6_I0_O)        0.124     4.021 r  weight_bank1/memory_reg_0_0_i_32/O
                         net (fo=2, unplaced)         0.460     4.481    weight_bank1/port_a_enable0
                         LUT5 (Prop_lut5_I0_O)        0.124     4.605 r  weight_bank1/memory_reg_0_0_i_2__0/O
                         net (fo=16, unplaced)        0.800     5.405    activation_bank0/port_a_enable
                         RAMB36E1                                     r  activation_bank0/memory_reg_4_1/ENBWREN
  -------------------------------------------------------------------    -------------------

                         (clock core_clk rise edge)
                                                      5.000     5.000 r  <hidden>
                                                      0.000     5.000 r  clk_i
                         net (fo=123, unset)          0.924     5.924    activation_bank0/clk_i
                         RAMB36E1                                     r  activation_bank0/memory_reg_4_1/CLKBWRCLK
                         clock pessimism              0.000     5.924    <hidden>
                         clock uncertainty           -0.035     5.889    <hidden>
                         RAMB36E1 (Setup_ramb36e1_CLKBWRCLK_ENBWREN)
                                                     -0.443     5.446    activation_bank0/memory_reg_4_1
  -------------------------------------------------------------------
                         required time                          5.446    <hidden>
                         arrival time                          -5.405    <hidden>
  -------------------------------------------------------------------
                         slack                                  0.041    <hidden>

Slack (MET) :             0.041ns  (required time - arrival time)
  Source:                 weight_bank1/port_a_response_valid_q_reg/C
                            (rising edge-triggered cell FDCE clocked by core_clk  {rise@0.000ns fall@2.500ns period=5.000ns})
  Destination:            activation_bank0/memory_reg_5_0/ENBWREN
                            (rising edge-triggered cell RAMB36E1 clocked by core_clk  {rise@0.000ns fall@2.500ns period=5.000ns})
  Path Group:             core_clk
  Path Type:              Setup (Max at Slow Process Corner)
  Requirement:            5.000ns  (core_clk rise@5.000ns - core_clk rise@0.000ns)
  Data Path Delay:        4.432ns  (logic 1.177ns (26.559%)  route 3.255ns (73.441%))
  Logic Levels:           4  (LUT4=1 LUT5=1 LUT6=2)
  Clock Path Skew:        -0.049ns (DCD - SCD + CPR)
    Destination Clock Delay (DCD):    0.924ns = ( 5.924 - 5.000 ) 
    Source Clock Delay      (SCD):    0.973ns
    Clock Pessimism Removal (CPR):    0.000ns
  Clock Uncertainty:      0.035ns  ((TSJ^2 + TIJ^2)^1/2 + DJ) / 2 + PE
    Total System Jitter     (TSJ):    0.071ns
    Total Input Jitter      (TIJ):    0.000ns
    Discrete Jitter          (DJ):    0.000ns
    Phase Error              (PE):    0.000ns

    Location             Delay type                Incr(ns)  Path(ns)    Netlist Resource(s)
  -------------------------------------------------------------------    -------------------
                         (clock core_clk rise edge)
                                                      0.000     0.000 r  <hidden>
                                                      0.000     0.000 r  clk_i
                         net (fo=123, unset)          0.973     0.973    weight_bank1/clk_i
                         FDCE                                         r  weight_bank1/port_a_response_valid_q_reg/C
  -------------------------------------------------------------------    -------------------
                         FDCE (Prop_fdce_C_Q)         0.518     1.491 f  weight_bank1/port_a_response_valid_q_reg/Q
                         net (fo=69, unplaced)        1.055     2.546    weight_bank1/port_a_response_valid_q_reg_0[0]
                         LUT6 (Prop_lut6_I0_O)        0.295     2.841 r  weight_bank1/dma_read_request_ready_o_INST_0_i_13/O
                         net (fo=3, unplaced)         0.467     3.308    weight_bank1/dma_read_request_ready_o_INST_0_i_13_n_0
                         LUT4 (Prop_lut4_I2_O)        0.116     3.424 r  weight_bank1/memory_reg_0_0_i_33/O
                         net (fo=4, unplaced)         0.473     3.897    weight_bank1/memory_reg_0_0_i_33_n_0
                         LUT6 (Prop_lut6_I0_O)        0.124     4.021 r  weight_bank1/memory_reg_0_0_i_32/O
                         net (fo=2, unplaced)         0.460     4.481    weight_bank1/port_a_enable0
                         LUT5 (Prop_lut5_I0_O)        0.124     4.605 r  weight_bank1/memory_reg_0_0_i_2__0/O
                         net (fo=16, unplaced)        0.800     5.405    activation_bank0/port_a_enable
                         RAMB36E1                                     r  activation_bank0/memory_reg_5_0/ENBWREN
  -------------------------------------------------------------------    -------------------

                         (clock core_clk rise edge)
                                                      5.000     5.000 r  <hidden>
                                                      0.000     5.000 r  clk_i
                         net (fo=123, unset)          0.924     5.924    activation_bank0/clk_i
                         RAMB36E1                                     r  activation_bank0/memory_reg_5_0/CLKBWRCLK
                         clock pessimism              0.000     5.924    <hidden>
                         clock uncertainty           -0.035     5.889    <hidden>
                         RAMB36E1 (Setup_ramb36e1_CLKBWRCLK_ENBWREN)
                                                     -0.443     5.446    activation_bank0/memory_reg_5_0
  -------------------------------------------------------------------
                         required time                          5.446    <hidden>
                         arrival time                          -5.405    <hidden>
  -------------------------------------------------------------------
                         slack                                  0.041    <hidden>

Slack (MET) :             0.041ns  (required time - arrival time)
  Source:                 weight_bank1/port_a_response_valid_q_reg/C
                            (rising edge-triggered cell FDCE clocked by core_clk  {rise@0.000ns fall@2.500ns period=5.000ns})
  Destination:            activation_bank0/memory_reg_5_1/ENBWREN
                            (rising edge-triggered cell RAMB36E1 clocked by core_clk  {rise@0.000ns fall@2.500ns period=5.000ns})
  Path Group:             core_clk
  Path Type:              Setup (Max at Slow Process Corner)
  Requirement:            5.000ns  (core_clk rise@5.000ns - core_clk rise@0.000ns)
  Data Path Delay:        4.432ns  (logic 1.177ns (26.559%)  route 3.255ns (73.441%))
  Logic Levels:           4  (LUT4=1 LUT5=1 LUT6=2)
  Clock Path Skew:        -0.049ns (DCD - SCD + CPR)
    Destination Clock Delay (DCD):    0.924ns = ( 5.924 - 5.000 ) 
    Source Clock Delay      (SCD):    0.973ns
    Clock Pessimism Removal (CPR):    0.000ns
  Clock Uncertainty:      0.035ns  ((TSJ^2 + TIJ^2)^1/2 + DJ) / 2 + PE
    Total System Jitter     (TSJ):    0.071ns
    Total Input Jitter      (TIJ):    0.000ns
    Discrete Jitter          (DJ):    0.000ns
    Phase Error              (PE):    0.000ns

    Location             Delay type                Incr(ns)  Path(ns)    Netlist Resource(s)
  -------------------------------------------------------------------    -------------------
                         (clock core_clk rise edge)
                                                      0.000     0.000 r  <hidden>
                                                      0.000     0.000 r  clk_i
                         net (fo=123, unset)          0.973     0.973    weight_bank1/clk_i
                         FDCE                                         r  weight_bank1/port_a_response_valid_q_reg/C
  -------------------------------------------------------------------    -------------------
                         FDCE (Prop_fdce_C_Q)         0.518     1.491 f  weight_bank1/port_a_response_valid_q_reg/Q
                         net (fo=69, unplaced)        1.055     2.546    weight_bank1/port_a_response_valid_q_reg_0[0]
                         LUT6 (Prop_lut6_I0_O)        0.295     2.841 r  weight_bank1/dma_read_request_ready_o_INST_0_i_13/O
                         net (fo=3, unplaced)         0.467     3.308    weight_bank1/dma_read_request_ready_o_INST_0_i_13_n_0
                         LUT4 (Prop_lut4_I2_O)        0.116     3.424 r  weight_bank1/memory_reg_0_0_i_33/O
                         net (fo=4, unplaced)         0.473     3.897    weight_bank1/memory_reg_0_0_i_33_n_0
                         LUT6 (Prop_lut6_I0_O)        0.124     4.021 r  weight_bank1/memory_reg_0_0_i_32/O
                         net (fo=2, unplaced)         0.460     4.481    weight_bank1/port_a_enable0
                         LUT5 (Prop_lut5_I0_O)        0.124     4.605 r  weight_bank1/memory_reg_0_0_i_2__0/O
                         net (fo=16, unplaced)        0.800     5.405    activation_bank0/port_a_enable
                         RAMB36E1                                     r  activation_bank0/memory_reg_5_1/ENBWREN
  -------------------------------------------------------------------    -------------------

                         (clock core_clk rise edge)
                                                      5.000     5.000 r  <hidden>
                                                      0.000     5.000 r  clk_i
                         net (fo=123, unset)          0.924     5.924    activation_bank0/clk_i
                         RAMB36E1                                     r  activation_bank0/memory_reg_5_1/CLKBWRCLK
                         clock pessimism              0.000     5.924    <hidden>
                         clock uncertainty           -0.035     5.889    <hidden>
                         RAMB36E1 (Setup_ramb36e1_CLKBWRCLK_ENBWREN)
                                                     -0.443     5.446    activation_bank0/memory_reg_5_1
  -------------------------------------------------------------------
                         required time                          5.446    <hidden>
                         arrival time                          -5.405    <hidden>
  -------------------------------------------------------------------
                         slack                                  0.041    <hidden>

Slack (MET) :             0.041ns  (required time - arrival time)
  Source:                 weight_bank1/port_a_response_valid_q_reg/C
                            (rising edge-triggered cell FDCE clocked by core_clk  {rise@0.000ns fall@2.500ns period=5.000ns})
  Destination:            activation_bank0/memory_reg_6_0/ENBWREN
                            (rising edge-triggered cell RAMB36E1 clocked by core_clk  {rise@0.000ns fall@2.500ns period=5.000ns})
  Path Group:             core_clk
  Path Type:              Setup (Max at Slow Process Corner)
  Requirement:            5.000ns  (core_clk rise@5.000ns - core_clk rise@0.000ns)
  Data Path Delay:        4.432ns  (logic 1.177ns (26.559%)  route 3.255ns (73.441%))
  Logic Levels:           4  (LUT4=1 LUT5=1 LUT6=2)
  Clock Path Skew:        -0.049ns (DCD - SCD + CPR)
    Destination Clock Delay (DCD):    0.924ns = ( 5.924 - 5.000 ) 
    Source Clock Delay      (SCD):    0.973ns
    Clock Pessimism Removal (CPR):    0.000ns
  Clock Uncertainty:      0.035ns  ((TSJ^2 + TIJ^2)^1/2 + DJ) / 2 + PE
    Total System Jitter     (TSJ):    0.071ns
    Total Input Jitter      (TIJ):    0.000ns
    Discrete Jitter          (DJ):    0.000ns
    Phase Error              (PE):    0.000ns

    Location             Delay type                Incr(ns)  Path(ns)    Netlist Resource(s)
  -------------------------------------------------------------------    -------------------
                         (clock core_clk rise edge)
                                                      0.000     0.000 r  <hidden>
                                                      0.000     0.000 r  clk_i
                         net (fo=123, unset)          0.973     0.973    weight_bank1/clk_i
                         FDCE                                         r  weight_bank1/port_a_response_valid_q_reg/C
  -------------------------------------------------------------------    -------------------
                         FDCE (Prop_fdce_C_Q)         0.518     1.491 f  weight_bank1/port_a_response_valid_q_reg/Q
                         net (fo=69, unplaced)        1.055     2.546    weight_bank1/port_a_response_valid_q_reg_0[0]
                         LUT6 (Prop_lut6_I0_O)        0.295     2.841 r  weight_bank1/dma_read_request_ready_o_INST_0_i_13/O
                         net (fo=3, unplaced)         0.467     3.308    weight_bank1/dma_read_request_ready_o_INST_0_i_13_n_0
                         LUT4 (Prop_lut4_I2_O)        0.116     3.424 r  weight_bank1/memory_reg_0_0_i_33/O
                         net (fo=4, unplaced)         0.473     3.897    weight_bank1/memory_reg_0_0_i_33_n_0
                         LUT6 (Prop_lut6_I0_O)        0.124     4.021 r  weight_bank1/memory_reg_0_0_i_32/O
                         net (fo=2, unplaced)         0.460     4.481    weight_bank1/port_a_enable0
                         LUT5 (Prop_lut5_I0_O)        0.124     4.605 r  weight_bank1/memory_reg_0_0_i_2__0/O
                         net (fo=16, unplaced)        0.800     5.405    activation_bank0/port_a_enable
                         RAMB36E1                                     r  activation_bank0/memory_reg_6_0/ENBWREN
  -------------------------------------------------------------------    -------------------

                         (clock core_clk rise edge)
                                                      5.000     5.000 r  <hidden>
                                                      0.000     5.000 r  clk_i
                         net (fo=123, unset)          0.924     5.924    activation_bank0/clk_i
                         RAMB36E1                                     r  activation_bank0/memory_reg_6_0/CLKBWRCLK
                         clock pessimism              0.000     5.924    <hidden>
                         clock uncertainty           -0.035     5.889    <hidden>
                         RAMB36E1 (Setup_ramb36e1_CLKBWRCLK_ENBWREN)
                                                     -0.443     5.446    activation_bank0/memory_reg_6_0
  -------------------------------------------------------------------
                         required time                          5.446    <hidden>
                         arrival time                          -5.405    <hidden>
  -------------------------------------------------------------------
                         slack                                  0.041    <hidden>

Slack (MET) :             0.041ns  (required time - arrival time)
  Source:                 weight_bank1/port_a_response_valid_q_reg/C
                            (rising edge-triggered cell FDCE clocked by core_clk  {rise@0.000ns fall@2.500ns period=5.000ns})
  Destination:            activation_bank0/memory_reg_6_1/ENBWREN
                            (rising edge-triggered cell RAMB36E1 clocked by core_clk  {rise@0.000ns fall@2.500ns period=5.000ns})
  Path Group:             core_clk
  Path Type:              Setup (Max at Slow Process Corner)
  Requirement:            5.000ns  (core_clk rise@5.000ns - core_clk rise@0.000ns)
  Data Path Delay:        4.432ns  (logic 1.177ns (26.559%)  route 3.255ns (73.441%))
  Logic Levels:           4  (LUT4=1 LUT5=1 LUT6=2)
  Clock Path Skew:        -0.049ns (DCD - SCD + CPR)
    Destination Clock Delay (DCD):    0.924ns = ( 5.924 - 5.000 ) 
    Source Clock Delay      (SCD):    0.973ns
    Clock Pessimism Removal (CPR):    0.000ns
  Clock Uncertainty:      0.035ns  ((TSJ^2 + TIJ^2)^1/2 + DJ) / 2 + PE
    Total System Jitter     (TSJ):    0.071ns
    Total Input Jitter      (TIJ):    0.000ns
    Discrete Jitter          (DJ):    0.000ns
    Phase Error              (PE):    0.000ns

    Location             Delay type                Incr(ns)  Path(ns)    Netlist Resource(s)
  -------------------------------------------------------------------    -------------------
                         (clock core_clk rise edge)
                                                      0.000     0.000 r  <hidden>
                                                      0.000     0.000 r  clk_i
                         net (fo=123, unset)          0.973     0.973    weight_bank1/clk_i
                         FDCE                                         r  weight_bank1/port_a_response_valid_q_reg/C
  -------------------------------------------------------------------    -------------------
                         FDCE (Prop_fdce_C_Q)         0.518     1.491 f  weight_bank1/port_a_response_valid_q_reg/Q
                         net (fo=69, unplaced)        1.055     2.546    weight_bank1/port_a_response_valid_q_reg_0[0]
                         LUT6 (Prop_lut6_I0_O)        0.295     2.841 r  weight_bank1/dma_read_request_ready_o_INST_0_i_13/O
                         net (fo=3, unplaced)         0.467     3.308    weight_bank1/dma_read_request_ready_o_INST_0_i_13_n_0
                         LUT4 (Prop_lut4_I2_O)        0.116     3.424 r  weight_bank1/memory_reg_0_0_i_33/O
                         net (fo=4, unplaced)         0.473     3.897    weight_bank1/memory_reg_0_0_i_33_n_0
                         LUT6 (Prop_lut6_I0_O)        0.124     4.021 r  weight_bank1/memory_reg_0_0_i_32/O
                         net (fo=2, unplaced)         0.460     4.481    weight_bank1/port_a_enable0
                         LUT5 (Prop_lut5_I0_O)        0.124     4.605 r  weight_bank1/memory_reg_0_0_i_2__0/O
                         net (fo=16, unplaced)        0.800     5.405    activation_bank0/port_a_enable
                         RAMB36E1                                     r  activation_bank0/memory_reg_6_1/ENBWREN
  -------------------------------------------------------------------    -------------------

                         (clock core_clk rise edge)
                                                      5.000     5.000 r  <hidden>
                                                      0.000     5.000 r  clk_i
                         net (fo=123, unset)          0.924     5.924    activation_bank0/clk_i
                         RAMB36E1                                     r  activation_bank0/memory_reg_6_1/CLKBWRCLK
                         clock pessimism              0.000     5.924    <hidden>
                         clock uncertainty           -0.035     5.889    <hidden>
                         RAMB36E1 (Setup_ramb36e1_CLKBWRCLK_ENBWREN)
                                                     -0.443     5.446    activation_bank0/memory_reg_6_1
  -------------------------------------------------------------------
                         required time                          5.446    <hidden>
                         arrival time                          -5.405    <hidden>
  -------------------------------------------------------------------
                         slack                                  0.041    <hidden>

Slack (MET) :             0.041ns  (required time - arrival time)
  Source:                 weight_bank1/port_a_response_valid_q_reg/C
                            (rising edge-triggered cell FDCE clocked by core_clk  {rise@0.000ns fall@2.500ns period=5.000ns})
  Destination:            activation_bank0/memory_reg_7_0/ENBWREN
                            (rising edge-triggered cell RAMB36E1 clocked by core_clk  {rise@0.000ns fall@2.500ns period=5.000ns})
  Path Group:             core_clk
  Path Type:              Setup (Max at Slow Process Corner)
  Requirement:            5.000ns  (core_clk rise@5.000ns - core_clk rise@0.000ns)
  Data Path Delay:        4.432ns  (logic 1.177ns (26.559%)  route 3.255ns (73.441%))
  Logic Levels:           4  (LUT4=1 LUT5=1 LUT6=2)
  Clock Path Skew:        -0.049ns (DCD - SCD + CPR)
    Destination Clock Delay (DCD):    0.924ns = ( 5.924 - 5.000 ) 
    Source Clock Delay      (SCD):    0.973ns
    Clock Pessimism Removal (CPR):    0.000ns
  Clock Uncertainty:      0.035ns  ((TSJ^2 + TIJ^2)^1/2 + DJ) / 2 + PE
    Total System Jitter     (TSJ):    0.071ns
    Total Input Jitter      (TIJ):    0.000ns
    Discrete Jitter          (DJ):    0.000ns
    Phase Error              (PE):    0.000ns

    Location             Delay type                Incr(ns)  Path(ns)    Netlist Resource(s)
  -------------------------------------------------------------------    -------------------
                         (clock core_clk rise edge)
                                                      0.000     0.000 r  <hidden>
                                                      0.000     0.000 r  clk_i
                         net (fo=123, unset)          0.973     0.973    weight_bank1/clk_i
                         FDCE                                         r  weight_bank1/port_a_response_valid_q_reg/C
  -------------------------------------------------------------------    -------------------
                         FDCE (Prop_fdce_C_Q)         0.518     1.491 f  weight_bank1/port_a_response_valid_q_reg/Q
                         net (fo=69, unplaced)        1.055     2.546    weight_bank1/port_a_response_valid_q_reg_0[0]
                         LUT6 (Prop_lut6_I0_O)        0.295     2.841 r  weight_bank1/dma_read_request_ready_o_INST_0_i_13/O
                         net (fo=3, unplaced)         0.467     3.308    weight_bank1/dma_read_request_ready_o_INST_0_i_13_n_0
                         LUT4 (Prop_lut4_I2_O)        0.116     3.424 r  weight_bank1/memory_reg_0_0_i_33/O
                         net (fo=4, unplaced)         0.473     3.897    weight_bank1/memory_reg_0_0_i_33_n_0
                         LUT6 (Prop_lut6_I0_O)        0.124     4.021 r  weight_bank1/memory_reg_0_0_i_32/O
                         net (fo=2, unplaced)         0.460     4.481    weight_bank1/port_a_enable0
                         LUT5 (Prop_lut5_I0_O)        0.124     4.605 r  weight_bank1/memory_reg_0_0_i_2__0/O
                         net (fo=16, unplaced)        0.800     5.405    activation_bank0/port_a_enable
                         RAMB36E1                                     r  activation_bank0/memory_reg_7_0/ENBWREN
  -------------------------------------------------------------------    -------------------

                         (clock core_clk rise edge)
                                                      5.000     5.000 r  <hidden>
                                                      0.000     5.000 r  clk_i
                         net (fo=123, unset)          0.924     5.924    activation_bank0/clk_i
                         RAMB36E1                                     r  activation_bank0/memory_reg_7_0/CLKBWRCLK
                         clock pessimism              0.000     5.924    <hidden>
                         clock uncertainty           -0.035     5.889    <hidden>
                         RAMB36E1 (Setup_ramb36e1_CLKBWRCLK_ENBWREN)
                                                     -0.443     5.446    activation_bank0/memory_reg_7_0
  -------------------------------------------------------------------
                         required time                          5.446    <hidden>
                         arrival time                          -5.405    <hidden>
  -------------------------------------------------------------------
                         slack                                  0.041    <hidden>

Slack (MET) :             0.041ns  (required time - arrival time)
  Source:                 weight_bank1/port_a_response_valid_q_reg/C
                            (rising edge-triggered cell FDCE clocked by core_clk  {rise@0.000ns fall@2.500ns period=5.000ns})
  Destination:            activation_bank0/memory_reg_7_1/ENBWREN
                            (rising edge-triggered cell RAMB36E1 clocked by core_clk  {rise@0.000ns fall@2.500ns period=5.000ns})
  Path Group:             core_clk
  Path Type:              Setup (Max at Slow Process Corner)
  Requirement:            5.000ns  (core_clk rise@5.000ns - core_clk rise@0.000ns)
  Data Path Delay:        4.432ns  (logic 1.177ns (26.559%)  route 3.255ns (73.441%))
  Logic Levels:           4  (LUT4=1 LUT5=1 LUT6=2)
  Clock Path Skew:        -0.049ns (DCD - SCD + CPR)
    Destination Clock Delay (DCD):    0.924ns = ( 5.924 - 5.000 ) 
    Source Clock Delay      (SCD):    0.973ns
    Clock Pessimism Removal (CPR):    0.000ns
  Clock Uncertainty:      0.035ns  ((TSJ^2 + TIJ^2)^1/2 + DJ) / 2 + PE
    Total System Jitter     (TSJ):    0.071ns
    Total Input Jitter      (TIJ):    0.000ns
    Discrete Jitter          (DJ):    0.000ns
    Phase Error              (PE):    0.000ns

    Location             Delay type                Incr(ns)  Path(ns)    Netlist Resource(s)
  -------------------------------------------------------------------    -------------------
                         (clock core_clk rise edge)
                                                      0.000     0.000 r  <hidden>
                                                      0.000     0.000 r  clk_i
                         net (fo=123, unset)          0.973     0.973    weight_bank1/clk_i
                         FDCE                                         r  weight_bank1/port_a_response_valid_q_reg/C
  -------------------------------------------------------------------    -------------------
                         FDCE (Prop_fdce_C_Q)         0.518     1.491 f  weight_bank1/port_a_response_valid_q_reg/Q
                         net (fo=69, unplaced)        1.055     2.546    weight_bank1/port_a_response_valid_q_reg_0[0]
                         LUT6 (Prop_lut6_I0_O)        0.295     2.841 r  weight_bank1/dma_read_request_ready_o_INST_0_i_13/O
                         net (fo=3, unplaced)         0.467     3.308    weight_bank1/dma_read_request_ready_o_INST_0_i_13_n_0
                         LUT4 (Prop_lut4_I2_O)        0.116     3.424 r  weight_bank1/memory_reg_0_0_i_33/O
                         net (fo=4, unplaced)         0.473     3.897    weight_bank1/memory_reg_0_0_i_33_n_0
                         LUT6 (Prop_lut6_I0_O)        0.124     4.021 r  weight_bank1/memory_reg_0_0_i_32/O
                         net (fo=2, unplaced)         0.460     4.481    weight_bank1/port_a_enable0
                         LUT5 (Prop_lut5_I0_O)        0.124     4.605 r  weight_bank1/memory_reg_0_0_i_2__0/O
                         net (fo=16, unplaced)        0.800     5.405    activation_bank0/port_a_enable
                         RAMB36E1                                     r  activation_bank0/memory_reg_7_1/ENBWREN
  -------------------------------------------------------------------    -------------------

                         (clock core_clk rise edge)
                                                      5.000     5.000 r  <hidden>
                                                      0.000     5.000 r  clk_i
                         net (fo=123, unset)          0.924     5.924    activation_bank0/clk_i
                         RAMB36E1                                     r  activation_bank0/memory_reg_7_1/CLKBWRCLK
                         clock pessimism              0.000     5.924    <hidden>
                         clock uncertainty           -0.035     5.889    <hidden>
                         RAMB36E1 (Setup_ramb36e1_CLKBWRCLK_ENBWREN)
                                                     -0.443     5.446    activation_bank0/memory_reg_7_1
  -------------------------------------------------------------------
                         required time                          5.446    <hidden>
                         arrival time                          -5.405    <hidden>
  -------------------------------------------------------------------
                         slack                                  0.041    <hidden>

Slack (MET) :             0.041ns  (required time - arrival time)
  Source:                 weight_bank1/port_a_response_valid_q_reg/C
                            (rising edge-triggered cell FDCE clocked by core_clk  {rise@0.000ns fall@2.500ns period=5.000ns})
  Destination:            activation_bank1/memory_reg_0_0/ENBWREN
                            (rising edge-triggered cell RAMB36E1 clocked by core_clk  {rise@0.000ns fall@2.500ns period=5.000ns})
  Path Group:             core_clk
  Path Type:              Setup (Max at Slow Process Corner)
  Requirement:            5.000ns  (core_clk rise@5.000ns - core_clk rise@0.000ns)
  Data Path Delay:        4.432ns  (logic 1.177ns (26.559%)  route 3.255ns (73.441%))
  Logic Levels:           4  (LUT4=1 LUT5=1 LUT6=2)
  Clock Path Skew:        -0.049ns (DCD - SCD + CPR)
    Destination Clock Delay (DCD):    0.924ns = ( 5.924 - 5.000 ) 
    Source Clock Delay      (SCD):    0.973ns
    Clock Pessimism Removal (CPR):    0.000ns
  Clock Uncertainty:      0.035ns  ((TSJ^2 + TIJ^2)^1/2 + DJ) / 2 + PE
    Total System Jitter     (TSJ):    0.071ns
    Total Input Jitter      (TIJ):    0.000ns
    Discrete Jitter          (DJ):    0.000ns
    Phase Error              (PE):    0.000ns

    Location             Delay type                Incr(ns)  Path(ns)    Netlist Resource(s)
  -------------------------------------------------------------------    -------------------
                         (clock core_clk rise edge)
                                                      0.000     0.000 r  <hidden>
                                                      0.000     0.000 r  clk_i
                         net (fo=123, unset)          0.973     0.973    weight_bank1/clk_i
                         FDCE                                         r  weight_bank1/port_a_response_valid_q_reg/C
  -------------------------------------------------------------------    -------------------
                         FDCE (Prop_fdce_C_Q)         0.518     1.491 f  weight_bank1/port_a_response_valid_q_reg/Q
                         net (fo=69, unplaced)        1.055     2.546    weight_bank1/port_a_response_valid_q_reg_0[0]
                         LUT6 (Prop_lut6_I0_O)        0.295     2.841 r  weight_bank1/dma_read_request_ready_o_INST_0_i_13/O
                         net (fo=3, unplaced)         0.467     3.308    weight_bank1/dma_read_request_ready_o_INST_0_i_13_n_0
                         LUT4 (Prop_lut4_I2_O)        0.116     3.424 r  weight_bank1/memory_reg_0_0_i_33/O
                         net (fo=4, unplaced)         0.473     3.897    weight_bank1/memory_reg_0_0_i_33_n_0
                         LUT6 (Prop_lut6_I0_O)        0.124     4.021 r  weight_bank1/memory_reg_0_0_i_31/O
                         net (fo=2, unplaced)         0.460     4.481    weight_bank1/memory_reg_0_0_i_31_n_0
                         LUT5 (Prop_lut5_I0_O)        0.124     4.605 r  weight_bank1/memory_reg_0_0_i_2/O
                         net (fo=16, unplaced)        0.800     5.405    activation_bank1/port_a_enable
                         RAMB36E1                                     r  activation_bank1/memory_reg_0_0/ENBWREN
  -------------------------------------------------------------------    -------------------

                         (clock core_clk rise edge)
                                                      5.000     5.000 r  <hidden>
                                                      0.000     5.000 r  clk_i
                         net (fo=123, unset)          0.924     5.924    activation_bank1/clk_i
                         RAMB36E1                                     r  activation_bank1/memory_reg_0_0/CLKBWRCLK
                         clock pessimism              0.000     5.924    <hidden>
                         clock uncertainty           -0.035     5.889    <hidden>
                         RAMB36E1 (Setup_ramb36e1_CLKBWRCLK_ENBWREN)
                                                     -0.443     5.446    activation_bank1/memory_reg_0_0
  -------------------------------------------------------------------
                         required time                          5.446    <hidden>
                         arrival time                          -5.405    <hidden>
  -------------------------------------------------------------------
                         slack                                  0.041    <hidden>

Slack (MET) :             0.041ns  (required time - arrival time)
  Source:                 weight_bank1/port_a_response_valid_q_reg/C
                            (rising edge-triggered cell FDCE clocked by core_clk  {rise@0.000ns fall@2.500ns period=5.000ns})
  Destination:            activation_bank1/memory_reg_0_1/ENBWREN
                            (rising edge-triggered cell RAMB36E1 clocked by core_clk  {rise@0.000ns fall@2.500ns period=5.000ns})
  Path Group:             core_clk
  Path Type:              Setup (Max at Slow Process Corner)
  Requirement:            5.000ns  (core_clk rise@5.000ns - core_clk rise@0.000ns)
  Data Path Delay:        4.432ns  (logic 1.177ns (26.559%)  route 3.255ns (73.441%))
  Logic Levels:           4  (LUT4=1 LUT5=1 LUT6=2)
  Clock Path Skew:        -0.049ns (DCD - SCD + CPR)
    Destination Clock Delay (DCD):    0.924ns = ( 5.924 - 5.000 ) 
    Source Clock Delay      (SCD):    0.973ns
    Clock Pessimism Removal (CPR):    0.000ns
  Clock Uncertainty:      0.035ns  ((TSJ^2 + TIJ^2)^1/2 + DJ) / 2 + PE
    Total System Jitter     (TSJ):    0.071ns
    Total Input Jitter      (TIJ):    0.000ns
    Discrete Jitter          (DJ):    0.000ns
    Phase Error              (PE):    0.000ns

    Location             Delay type                Incr(ns)  Path(ns)    Netlist Resource(s)
  -------------------------------------------------------------------    -------------------
                         (clock core_clk rise edge)
                                                      0.000     0.000 r  <hidden>
                                                      0.000     0.000 r  clk_i
                         net (fo=123, unset)          0.973     0.973    weight_bank1/clk_i
                         FDCE                                         r  weight_bank1/port_a_response_valid_q_reg/C
  -------------------------------------------------------------------    -------------------
                         FDCE (Prop_fdce_C_Q)         0.518     1.491 f  weight_bank1/port_a_response_valid_q_reg/Q
                         net (fo=69, unplaced)        1.055     2.546    weight_bank1/port_a_response_valid_q_reg_0[0]
                         LUT6 (Prop_lut6_I0_O)        0.295     2.841 r  weight_bank1/dma_read_request_ready_o_INST_0_i_13/O
                         net (fo=3, unplaced)         0.467     3.308    weight_bank1/dma_read_request_ready_o_INST_0_i_13_n_0
                         LUT4 (Prop_lut4_I2_O)        0.116     3.424 r  weight_bank1/memory_reg_0_0_i_33/O
                         net (fo=4, unplaced)         0.473     3.897    weight_bank1/memory_reg_0_0_i_33_n_0
                         LUT6 (Prop_lut6_I0_O)        0.124     4.021 r  weight_bank1/memory_reg_0_0_i_31/O
                         net (fo=2, unplaced)         0.460     4.481    weight_bank1/memory_reg_0_0_i_31_n_0
                         LUT5 (Prop_lut5_I0_O)        0.124     4.605 r  weight_bank1/memory_reg_0_0_i_2/O
                         net (fo=16, unplaced)        0.800     5.405    activation_bank1/port_a_enable
                         RAMB36E1                                     r  activation_bank1/memory_reg_0_1/ENBWREN
  -------------------------------------------------------------------    -------------------

                         (clock core_clk rise edge)
                                                      5.000     5.000 r  <hidden>
                                                      0.000     5.000 r  clk_i
                         net (fo=123, unset)          0.924     5.924    activation_bank1/clk_i
                         RAMB36E1                                     r  activation_bank1/memory_reg_0_1/CLKBWRCLK
                         clock pessimism              0.000     5.924    <hidden>
                         clock uncertainty           -0.035     5.889    <hidden>
                         RAMB36E1 (Setup_ramb36e1_CLKBWRCLK_ENBWREN)
                                                     -0.443     5.446    activation_bank1/memory_reg_0_1
  -------------------------------------------------------------------
                         required time                          5.446    <hidden>
                         arrival time                          -5.405    <hidden>
  -------------------------------------------------------------------
                         slack                                  0.041    <hidden>

Slack (MET) :             0.041ns  (required time - arrival time)
  Source:                 weight_bank1/port_a_response_valid_q_reg/C
                            (rising edge-triggered cell FDCE clocked by core_clk  {rise@0.000ns fall@2.500ns period=5.000ns})
  Destination:            activation_bank1/memory_reg_1_0/ENBWREN
                            (rising edge-triggered cell RAMB36E1 clocked by core_clk  {rise@0.000ns fall@2.500ns period=5.000ns})
  Path Group:             core_clk
  Path Type:              Setup (Max at Slow Process Corner)
  Requirement:            5.000ns  (core_clk rise@5.000ns - core_clk rise@0.000ns)
  Data Path Delay:        4.432ns  (logic 1.177ns (26.559%)  route 3.255ns (73.441%))
  Logic Levels:           4  (LUT4=1 LUT5=1 LUT6=2)
  Clock Path Skew:        -0.049ns (DCD - SCD + CPR)
    Destination Clock Delay (DCD):    0.924ns = ( 5.924 - 5.000 ) 
    Source Clock Delay      (SCD):    0.973ns
    Clock Pessimism Removal (CPR):    0.000ns
  Clock Uncertainty:      0.035ns  ((TSJ^2 + TIJ^2)^1/2 + DJ) / 2 + PE
    Total System Jitter     (TSJ):    0.071ns
    Total Input Jitter      (TIJ):    0.000ns
    Discrete Jitter          (DJ):    0.000ns
    Phase Error              (PE):    0.000ns

    Location             Delay type                Incr(ns)  Path(ns)    Netlist Resource(s)
  -------------------------------------------------------------------    -------------------
                         (clock core_clk rise edge)
                                                      0.000     0.000 r  <hidden>
                                                      0.000     0.000 r  clk_i
                         net (fo=123, unset)          0.973     0.973    weight_bank1/clk_i
                         FDCE                                         r  weight_bank1/port_a_response_valid_q_reg/C
  -------------------------------------------------------------------    -------------------
                         FDCE (Prop_fdce_C_Q)         0.518     1.491 f  weight_bank1/port_a_response_valid_q_reg/Q
                         net (fo=69, unplaced)        1.055     2.546    weight_bank1/port_a_response_valid_q_reg_0[0]
                         LUT6 (Prop_lut6_I0_O)        0.295     2.841 r  weight_bank1/dma_read_request_ready_o_INST_0_i_13/O
                         net (fo=3, unplaced)         0.467     3.308    weight_bank1/dma_read_request_ready_o_INST_0_i_13_n_0
                         LUT4 (Prop_lut4_I2_O)        0.116     3.424 r  weight_bank1/memory_reg_0_0_i_33/O
                         net (fo=4, unplaced)         0.473     3.897    weight_bank1/memory_reg_0_0_i_33_n_0
                         LUT6 (Prop_lut6_I0_O)        0.124     4.021 r  weight_bank1/memory_reg_0_0_i_31/O
                         net (fo=2, unplaced)         0.460     4.481    weight_bank1/memory_reg_0_0_i_31_n_0
                         LUT5 (Prop_lut5_I0_O)        0.124     4.605 r  weight_bank1/memory_reg_0_0_i_2/O
                         net (fo=16, unplaced)        0.800     5.405    activation_bank1/port_a_enable
                         RAMB36E1                                     r  activation_bank1/memory_reg_1_0/ENBWREN
  -------------------------------------------------------------------    -------------------

                         (clock core_clk rise edge)
                                                      5.000     5.000 r  <hidden>
                                                      0.000     5.000 r  clk_i
                         net (fo=123, unset)          0.924     5.924    activation_bank1/clk_i
                         RAMB36E1                                     r  activation_bank1/memory_reg_1_0/CLKBWRCLK
                         clock pessimism              0.000     5.924    <hidden>
                         clock uncertainty           -0.035     5.889    <hidden>
                         RAMB36E1 (Setup_ramb36e1_CLKBWRCLK_ENBWREN)
                                                     -0.443     5.446    activation_bank1/memory_reg_1_0
  -------------------------------------------------------------------
                         required time                          5.446    <hidden>
                         arrival time                          -5.405    <hidden>
  -------------------------------------------------------------------
                         slack                                  0.041    <hidden>

Slack (MET) :             0.041ns  (required time - arrival time)
  Source:                 weight_bank1/port_a_response_valid_q_reg/C
                            (rising edge-triggered cell FDCE clocked by core_clk  {rise@0.000ns fall@2.500ns period=5.000ns})
  Destination:            activation_bank1/memory_reg_1_1/ENBWREN
                            (rising edge-triggered cell RAMB36E1 clocked by core_clk  {rise@0.000ns fall@2.500ns period=5.000ns})
  Path Group:             core_clk
  Path Type:              Setup (Max at Slow Process Corner)
  Requirement:            5.000ns  (core_clk rise@5.000ns - core_clk rise@0.000ns)
  Data Path Delay:        4.432ns  (logic 1.177ns (26.559%)  route 3.255ns (73.441%))
  Logic Levels:           4  (LUT4=1 LUT5=1 LUT6=2)
  Clock Path Skew:        -0.049ns (DCD - SCD + CPR)
    Destination Clock Delay (DCD):    0.924ns = ( 5.924 - 5.000 ) 
    Source Clock Delay      (SCD):    0.973ns
    Clock Pessimism Removal (CPR):    0.000ns
  Clock Uncertainty:      0.035ns  ((TSJ^2 + TIJ^2)^1/2 + DJ) / 2 + PE
    Total System Jitter     (TSJ):    0.071ns
    Total Input Jitter      (TIJ):    0.000ns
    Discrete Jitter          (DJ):    0.000ns
    Phase Error              (PE):    0.000ns

    Location             Delay type                Incr(ns)  Path(ns)    Netlist Resource(s)
  -------------------------------------------------------------------    -------------------
                         (clock core_clk rise edge)
                                                      0.000     0.000 r  <hidden>
                                                      0.000     0.000 r  clk_i
                         net (fo=123, unset)          0.973     0.973    weight_bank1/clk_i
                         FDCE                                         r  weight_bank1/port_a_response_valid_q_reg/C
  -------------------------------------------------------------------    -------------------
                         FDCE (Prop_fdce_C_Q)         0.518     1.491 f  weight_bank1/port_a_response_valid_q_reg/Q
                         net (fo=69, unplaced)        1.055     2.546    weight_bank1/port_a_response_valid_q_reg_0[0]
                         LUT6 (Prop_lut6_I0_O)        0.295     2.841 r  weight_bank1/dma_read_request_ready_o_INST_0_i_13/O
                         net (fo=3, unplaced)         0.467     3.308    weight_bank1/dma_read_request_ready_o_INST_0_i_13_n_0
                         LUT4 (Prop_lut4_I2_O)        0.116     3.424 r  weight_bank1/memory_reg_0_0_i_33/O
                         net (fo=4, unplaced)         0.473     3.897    weight_bank1/memory_reg_0_0_i_33_n_0
                         LUT6 (Prop_lut6_I0_O)        0.124     4.021 r  weight_bank1/memory_reg_0_0_i_31/O
                         net (fo=2, unplaced)         0.460     4.481    weight_bank1/memory_reg_0_0_i_31_n_0
                         LUT5 (Prop_lut5_I0_O)        0.124     4.605 r  weight_bank1/memory_reg_0_0_i_2/O
                         net (fo=16, unplaced)        0.800     5.405    activation_bank1/port_a_enable
                         RAMB36E1                                     r  activation_bank1/memory_reg_1_1/ENBWREN
  -------------------------------------------------------------------    -------------------

                         (clock core_clk rise edge)
                                                      5.000     5.000 r  <hidden>
                                                      0.000     5.000 r  clk_i
                         net (fo=123, unset)          0.924     5.924    activation_bank1/clk_i
                         RAMB36E1                                     r  activation_bank1/memory_reg_1_1/CLKBWRCLK
                         clock pessimism              0.000     5.924    <hidden>
                         clock uncertainty           -0.035     5.889    <hidden>
                         RAMB36E1 (Setup_ramb36e1_CLKBWRCLK_ENBWREN)
                                                     -0.443     5.446    activation_bank1/memory_reg_1_1
  -------------------------------------------------------------------
                         required time                          5.446    <hidden>
                         arrival time                          -5.405    <hidden>
  -------------------------------------------------------------------
                         slack                                  0.041    <hidden>





Pulse Width Checks
--------------------------------------------------------------------------------------
Clock Name:         core_clk
Waveform(ns):       { 0.000 2.500 }
Period(ns):         5.000
Sources:            { clk_i }

Check Type        Corner  Lib Pin             Reference Pin  Required(ns)  Actual(ns)  Slack(ns)  Location  Pin
Min Period        n/a     RAMB36E1/CLKARDCLK  n/a            2.944         5.000       2.056                activation_bank0/memory_reg_0_0/CLKARDCLK
Min Period        n/a     RAMB36E1/CLKBWRCLK  n/a            2.944         5.000       2.056                activation_bank0/memory_reg_0_0/CLKBWRCLK
Min Period        n/a     RAMB36E1/CLKARDCLK  n/a            2.944         5.000       2.056                activation_bank0/memory_reg_0_1/CLKARDCLK
Min Period        n/a     RAMB36E1/CLKBWRCLK  n/a            2.944         5.000       2.056                activation_bank0/memory_reg_0_1/CLKBWRCLK
Min Period        n/a     RAMB36E1/CLKARDCLK  n/a            2.944         5.000       2.056                activation_bank0/memory_reg_1_0/CLKARDCLK
Min Period        n/a     RAMB36E1/CLKBWRCLK  n/a            2.944         5.000       2.056                activation_bank0/memory_reg_1_0/CLKBWRCLK
Min Period        n/a     RAMB36E1/CLKARDCLK  n/a            2.944         5.000       2.056                activation_bank0/memory_reg_1_1/CLKARDCLK
Min Period        n/a     RAMB36E1/CLKBWRCLK  n/a            2.944         5.000       2.056                activation_bank0/memory_reg_1_1/CLKBWRCLK
Min Period        n/a     RAMB36E1/CLKARDCLK  n/a            2.944         5.000       2.056                activation_bank0/memory_reg_2_0/CLKARDCLK
Min Period        n/a     RAMB36E1/CLKBWRCLK  n/a            2.944         5.000       2.056                activation_bank0/memory_reg_2_0/CLKBWRCLK
Min Period        n/a     RAMB36E1/CLKARDCLK  n/a            2.944         5.000       2.056                activation_bank0/memory_reg_2_1/CLKARDCLK
Min Period        n/a     RAMB36E1/CLKBWRCLK  n/a            2.944         5.000       2.056                activation_bank0/memory_reg_2_1/CLKBWRCLK
Min Period        n/a     RAMB36E1/CLKARDCLK  n/a            2.944         5.000       2.056                activation_bank0/memory_reg_3_0/CLKARDCLK
Min Period        n/a     RAMB36E1/CLKBWRCLK  n/a            2.944         5.000       2.056                activation_bank0/memory_reg_3_0/CLKBWRCLK
Min Period        n/a     RAMB36E1/CLKARDCLK  n/a            2.944         5.000       2.056                activation_bank0/memory_reg_3_1/CLKARDCLK
Min Period        n/a     RAMB36E1/CLKBWRCLK  n/a            2.944         5.000       2.056                activation_bank0/memory_reg_3_1/CLKBWRCLK
Min Period        n/a     RAMB36E1/CLKARDCLK  n/a            2.944         5.000       2.056                activation_bank0/memory_reg_4_0/CLKARDCLK
Min Period        n/a     RAMB36E1/CLKBWRCLK  n/a            2.944         5.000       2.056                activation_bank0/memory_reg_4_0/CLKBWRCLK
Min Period        n/a     RAMB36E1/CLKARDCLK  n/a            2.944         5.000       2.056                activation_bank0/memory_reg_4_1/CLKARDCLK
Min Period        n/a     RAMB36E1/CLKBWRCLK  n/a            2.944         5.000       2.056                activation_bank0/memory_reg_4_1/CLKBWRCLK
Low Pulse Width   Slow    FDCE/C              n/a            0.500         2.500       2.000                activation_bank0/port_a_response_valid_q_reg/C
Low Pulse Width   Fast    FDCE/C              n/a            0.500         2.500       2.000                activation_bank0/port_a_response_valid_q_reg/C
Low Pulse Width   Slow    FDCE/C              n/a            0.500         2.500       2.000                activation_bank0/port_b_response_valid_q_reg/C
Low Pulse Width   Fast    FDCE/C              n/a            0.500         2.500       2.000                activation_bank0/port_b_response_valid_q_reg/C
Low Pulse Width   Slow    FDCE/C              n/a            0.500         2.500       2.000                activation_bank1/port_a_response_valid_q_reg/C
Low Pulse Width   Fast    FDCE/C              n/a            0.500         2.500       2.000                activation_bank1/port_a_response_valid_q_reg/C
Low Pulse Width   Slow    FDCE/C              n/a            0.500         2.500       2.000                activation_bank1/port_b_response_valid_q_reg/C
Low Pulse Width   Fast    FDCE/C              n/a            0.500         2.500       2.000                activation_bank1/port_b_response_valid_q_reg/C
Low Pulse Width   Slow    FDCE/C              n/a            0.500         2.500       2.000                output_bank0/port_a_response_valid_q_reg/C
Low Pulse Width   Fast    FDCE/C              n/a            0.500         2.500       2.000                output_bank0/port_a_response_valid_q_reg/C
Low Pulse Width   Slow    FDCE/C              n/a            0.500         2.500       2.000                output_bank0/port_b_response_valid_q_reg/C
Low Pulse Width   Fast    FDCE/C              n/a            0.500         2.500       2.000                output_bank0/port_b_response_valid_q_reg/C
Low Pulse Width   Slow    FDCE/C              n/a            0.500         2.500       2.000                output_bank1/port_a_response_valid_q_reg/C
Low Pulse Width   Fast    FDCE/C              n/a            0.500         2.500       2.000                output_bank1/port_a_response_valid_q_reg/C
Low Pulse Width   Slow    FDCE/C              n/a            0.500         2.500       2.000                output_bank1/port_b_response_valid_q_reg/C
Low Pulse Width   Fast    FDCE/C              n/a            0.500         2.500       2.000                output_bank1/port_b_response_valid_q_reg/C
Low Pulse Width   Slow    FDCE/C              n/a            0.500         2.500       2.000                weight_bank0/port_a_response_valid_q_reg/C
Low Pulse Width   Fast    FDCE/C              n/a            0.500         2.500       2.000                weight_bank0/port_a_response_valid_q_reg/C
Low Pulse Width   Slow    FDCE/C              n/a            0.500         2.500       2.000                weight_bank0/port_b_response_valid_q_reg/C
Low Pulse Width   Fast    FDCE/C              n/a            0.500         2.500       2.000                weight_bank0/port_b_response_valid_q_reg/C
High Pulse Width  Slow    FDCE/C              n/a            0.500         2.500       2.000                activation_bank0/port_a_response_valid_q_reg/C
High Pulse Width  Fast    FDCE/C              n/a            0.500         2.500       2.000                activation_bank0/port_a_response_valid_q_reg/C
High Pulse Width  Slow    FDCE/C              n/a            0.500         2.500       2.000                activation_bank0/port_b_response_valid_q_reg/C
High Pulse Width  Fast    FDCE/C              n/a            0.500         2.500       2.000                activation_bank0/port_b_response_valid_q_reg/C
High Pulse Width  Slow    FDCE/C              n/a            0.500         2.500       2.000                activation_bank1/port_a_response_valid_q_reg/C
High Pulse Width  Fast    FDCE/C              n/a            0.500         2.500       2.000                activation_bank1/port_a_response_valid_q_reg/C
High Pulse Width  Slow    FDCE/C              n/a            0.500         2.500       2.000                activation_bank1/port_b_response_valid_q_reg/C
High Pulse Width  Fast    FDCE/C              n/a            0.500         2.500       2.000                activation_bank1/port_b_response_valid_q_reg/C
High Pulse Width  Slow    FDCE/C              n/a            0.500         2.500       2.000                output_bank0/port_a_response_valid_q_reg/C
High Pulse Width  Fast    FDCE/C              n/a            0.500         2.500       2.000                output_bank0/port_a_response_valid_q_reg/C
High Pulse Width  Slow    FDCE/C              n/a            0.500         2.500       2.000                output_bank0/port_b_response_valid_q_reg/C
High Pulse Width  Fast    FDCE/C              n/a            0.500         2.500       2.000                output_bank0/port_b_response_valid_q_reg/C
High Pulse Width  Slow    FDCE/C              n/a            0.500         2.500       2.000                output_bank1/port_a_response_valid_q_reg/C
High Pulse Width  Fast    FDCE/C              n/a            0.500         2.500       2.000                output_bank1/port_a_response_valid_q_reg/C
High Pulse Width  Slow    FDCE/C              n/a            0.500         2.500       2.000                output_bank1/port_b_response_valid_q_reg/C
High Pulse Width  Fast    FDCE/C              n/a            0.500         2.500       2.000                output_bank1/port_b_response_valid_q_reg/C
High Pulse Width  Slow    FDCE/C              n/a            0.500         2.500       2.000                weight_bank0/port_a_response_valid_q_reg/C
High Pulse Width  Fast    FDCE/C              n/a            0.500         2.500       2.000                weight_bank0/port_a_response_valid_q_reg/C
High Pulse Width  Slow    FDCE/C              n/a            0.500         2.500       2.000                weight_bank0/port_b_response_valid_q_reg/C
High Pulse Width  Fast    FDCE/C              n/a            0.500         2.500       2.000                weight_bank0/port_b_response_valid_q_reg/C



