Copyright 1986-2022 Xilinx, Inc. All Rights Reserved. Copyright 2022-2026 Advanced Micro Devices, Inc. All Rights Reserved.
-----------------------------------------------------------------------------------------------------------------------------------------------------------------------------------
| Tool Version : Vivado v.2026.1 (win64) Build 6511674 Tue Jun 16 11:02:23 MDT 2026
| Date         : Tue Sep 15 00:32:46 2026
| Host         : RAW2332 running 64-bit major release  (build 9200)
| Command      : report_timing_summary -delay_type max -max_paths 20 -file D:/WORKBUDDY/STEM/npu-stem-repo/hardware/reports/vivado_2026_1/npu_scratchpad/timing_summary_100mhz.rpt
| Design       : npu_scratchpad
| Device       : 7z020-clg400
| Speed File   : -1  PRODUCTION 1.12 2019-11-22
| Design State : Synthesized
-----------------------------------------------------------------------------------------------------------------------------------------------------------------------------------

Timing Summary Report

------------------------------------------------------------------------------------------------
| Timer Settings
| --------------
------------------------------------------------------------------------------------------------

  Enable Multi Corner Analysis               :  Yes
  Enable Pessimism Removal                   :  Yes
  Pessimism Removal Resolution               :  Nearest Common Node
  Enable Input Delay Default Clock           :  No
  Enable Preset / Clear Arcs                 :  No
  Disable Flight Delays                      :  No
  Ignore I/O Paths                           :  No
  Timing Early Launch at Borrowing Latches   :  No
  Borrow Time for Max Delay Exceptions       :  Yes
  Merge Timing Exceptions                    :  Yes
  Inter-SLR Compensation                     :  Conservative

  Corner  Analyze    Analyze    
  Name    Max Paths  Min Paths  
  ------  ---------  ---------  
  Slow    Yes        Yes        
  Fast    Yes        Yes        


------------------------------------------------------------------------------------------------
| Report Methodology
| ------------------
------------------------------------------------------------------------------------------------

Rule       Severity  Description                                 Violations  
---------  --------  ------------------------------------------  ----------  
SYNTH-6    Warning   Timing of a RAM block might be sub-optimal  56          
TIMING-18  Warning   Missing input or output delay               1000        

Note: This report is based on the most recent report_methodology run and may not be up-to-date. Run report_methodology on the current design for the latest report.



check_timing report

Table of Contents
-----------------
1. checking no_clock (0)
2. checking constant_clock (0)
3. checking pulse_width_clock (0)
4. checking unconstrained_internal_endpoints (0)
5. checking no_input_delay (781)
6. checking no_output_delay (580)
7. checking multiple_clock (0)
8. checking generated_clocks (0)
9. checking loops (0)
10. checking partial_input_delay (0)
11. checking partial_output_delay (0)
12. checking latch_loops (0)

1. checking no_clock (0)
------------------------
 There are 0 register/latch pins with no clock.


2. checking constant_clock (0)
------------------------------
 There are 0 register/latch pins with constant_clock.


3. checking pulse_width_clock (0)
---------------------------------
 There are 0 register/latch pins which need pulse_width check


4. checking unconstrained_internal_endpoints (0)
------------------------------------------------
 There are 0 pins that are not constrained for maximum delay.

 There are 0 pins that are not constrained for maximum delay due to constant clock.


5. checking no_input_delay (781)
--------------------------------
 There are 781 input ports with no input delay specified. (HIGH)

 There are 0 input ports with no input delay but user has a false path constraint.


6. checking no_output_delay (580)
---------------------------------
 There are 580 ports with no output delay specified. (HIGH)

 There are 0 ports with no output delay but user has a false path constraint

 There are 0 ports with no output delay but with a timing clock defined on it or propagating through it


7. checking multiple_clock (0)
------------------------------
 There are 0 register/latch pins with multiple clocks.


8. checking generated_clocks (0)
--------------------------------
 There are 0 generated clocks that are not connected to a clock source.


9. checking loops (0)
---------------------
 There are 0 combinational loops in the design.


10. checking partial_input_delay (0)
------------------------------------
 There are 0 input ports with partial input delay specified.


11. checking partial_output_delay (0)
-------------------------------------
 There are 0 ports with partial output delay specified.


12. checking latch_loops (0)
----------------------------
 There are 0 combinational latch loops in the design through latch input



------------------------------------------------------------------------------------------------
| Design Timing Summary
| ---------------------
------------------------------------------------------------------------------------------------

    WNS(ns)      TNS(ns)  TNS Failing Endpoints  TNS Total Endpoints     WPWS(ns)     TPWS(ns)  TPWS Failing Endpoints  TPWS Total Endpoints  
    -------      -------  ---------------------  -------------------     --------     --------  ----------------------  --------------------  
      5.360        0.000                      0                 2220        4.500        0.000                       0                   708  


All user specified timing constraints are met.


------------------------------------------------------------------------------------------------
| Clock Summary
| -------------
------------------------------------------------------------------------------------------------

Clock     Waveform(ns)       Period(ns)      Frequency(MHz)
-----     ------------       ----------      --------------
core_clk  {0.000 5.000}      10.000          100.000         


------------------------------------------------------------------------------------------------
| Intra Clock Table
| -----------------
------------------------------------------------------------------------------------------------

Clock             WNS(ns)      TNS(ns)  TNS Failing Endpoints  TNS Total Endpoints     WPWS(ns)     TPWS(ns)  TPWS Failing Endpoints  TPWS Total Endpoints  
-----             -------      -------  ---------------------  -------------------     --------     --------  ----------------------  --------------------  
core_clk            5.360        0.000                      0                 2220        4.500        0.000                       0                   708  


------------------------------------------------------------------------------------------------
| Inter Clock Table
| -----------------
------------------------------------------------------------------------------------------------

From Clock    To Clock          WNS(ns)      TNS(ns)  TNS Failing Endpoints  TNS Total Endpoints  
----------    --------          -------      -------  ---------------------  -------------------  


------------------------------------------------------------------------------------------------
| Other Path Groups Table
| -----------------------
------------------------------------------------------------------------------------------------

Path Group    From Clock    To Clock          WNS(ns)      TNS(ns)  TNS Failing Endpoints  TNS Total Endpoints  
----------    ----------    --------          -------      -------  ---------------------  -------------------  


------------------------------------------------------------------------------------------------
| Timing Details
| --------------
------------------------------------------------------------------------------------------------


---------------------------------------------------------------------------------------------------
From Clock:  core_clk
  To Clock:  core_clk

Setup :            0  Failing Endpoints,  Worst Slack        5.360ns,  Total Violation        0.000ns
Hold  :           NA  Failing Endpoints,  Worst Slack           NA  ,  Total Violation           NA
PW    :            0  Failing Endpoints,  Worst Slack        4.500ns,  Total Violation        0.000ns
---------------------------------------------------------------------------------------------------


Max Delay Paths
--------------------------------------------------------------------------------------
Slack (MET) :             5.360ns  (required time - arrival time)
  Source:                 g_activation[0].bank/g_memory_lane[1].lane/memory_reg_1/CLKBWRCLK
                            (rising edge-triggered cell RAMB36E1 clocked by core_clk  {rise@0.000ns fall@5.000ns period=10.000ns})
  Destination:            dma_output_data_q_reg[11]/D
                            (rising edge-triggered cell FDRE clocked by core_clk  {rise@0.000ns fall@5.000ns period=10.000ns})
  Path Group:             core_clk
  Path Type:              Setup (Max at Slow Process Corner)
  Requirement:            10.000ns  (core_clk rise@10.000ns - core_clk rise@0.000ns)
  Data Path Delay:        4.669ns  (logic 2.967ns (63.551%)  route 1.702ns (36.449%))
  Logic Levels:           3  (LUT3=1 LUT6=1 MUXF7=1)
  Clock Path Skew:        -0.049ns (DCD - SCD + CPR)
    Destination Clock Delay (DCD):    0.924ns = ( 10.924 - 10.000 ) 
    Source Clock Delay      (SCD):    0.973ns
    Clock Pessimism Removal (CPR):    0.000ns
  Clock Uncertainty:      0.035ns  ((TSJ^2 + TIJ^2)^1/2 + DJ) / 2 + PE
    Total System Jitter     (TSJ):    0.071ns
    Total Input Jitter      (TIJ):    0.000ns
    Discrete Jitter          (DJ):    0.000ns
    Phase Error              (PE):    0.000ns

    Location             Delay type                Incr(ns)  Path(ns)    Netlist Resource(s)
  -------------------------------------------------------------------    -------------------
                         (clock core_clk rise edge)
                                                      0.000     0.000 r  <hidden>
                                                      0.000     0.000 r  clk_i
                         net (fo=707, unset)          0.973     0.973    g_activation[0].bank/g_memory_lane[1].lane/clk_i
                         RAMB36E1                                     r  g_activation[0].bank/g_memory_lane[1].lane/memory_reg_1/CLKBWRCLK
  -------------------------------------------------------------------    -------------------
                         RAMB36E1 (Prop_ramb36e1_CLKBWRCLK_DOBDO[3])
                                                      2.454     3.427 r  g_activation[0].bank/g_memory_lane[1].lane/memory_reg_1/DOBDO[3]
                         net (fo=2, unplaced)         0.800     4.227    g_activation[0].bank/g_memory_lane[1].lane/b_response_data[0]__0[11]
                         LUT3 (Prop_lut3_I0_O)        0.148     4.375 r  g_activation[0].bank/g_memory_lane[1].lane/dma_output_data_q[11]_i_7/O
                         net (fo=1, unplaced)         0.902     5.277    g_weight[1].bank/g_memory_lane[3].lane/dma_output_data_q_reg[11]_1
                         LUT6 (Prop_lut6_I5_O)        0.124     5.401 r  g_weight[1].bank/g_memory_lane[3].lane/dma_output_data_q[11]_i_2/O
                         net (fo=1, unplaced)         0.000     5.401    g_weight[1].bank/g_memory_lane[3].lane/dma_output_data_q[11]_i_2_n_0
                         MUXF7 (Prop_muxf7_I0_O)      0.241     5.642 r  g_weight[1].bank/g_memory_lane[3].lane/dma_output_data_q_reg[11]_i_1/O
                         net (fo=1, unplaced)         0.000     5.642    a_response_data[11]
                         FDRE                                         r  dma_output_data_q_reg[11]/D
  -------------------------------------------------------------------    -------------------

                         (clock core_clk rise edge)
                                                     10.000    10.000 r  <hidden>
                                                      0.000    10.000 r  clk_i
                         net (fo=707, unset)          0.924    10.924    clk_i
                         FDRE                                         r  dma_output_data_q_reg[11]/C
                         clock pessimism              0.000    10.924    <hidden>
                         clock uncertainty           -0.035    10.889    <hidden>
                         FDRE (Setup_fdre_C_D)        0.113    11.002    dma_output_data_q_reg[11]
  -------------------------------------------------------------------
                         required time                         11.002    <hidden>
                         arrival time                          -5.642    <hidden>
  -------------------------------------------------------------------
                         slack                                  5.360    <hidden>

Slack (MET) :             5.360ns  (required time - arrival time)
  Source:                 g_activation[0].bank/g_memory_lane[1].lane/memory_reg_1/CLKBWRCLK
                            (rising edge-triggered cell RAMB36E1 clocked by core_clk  {rise@0.000ns fall@5.000ns period=10.000ns})
  Destination:            dma_output_data_q_reg[13]/D
                            (rising edge-triggered cell FDRE clocked by core_clk  {rise@0.000ns fall@5.000ns period=10.000ns})
  Path Group:             core_clk
  Path Type:              Setup (Max at Slow Process Corner)
  Requirement:            10.000ns  (core_clk rise@10.000ns - core_clk rise@0.000ns)
  Data Path Delay:        4.669ns  (logic 2.967ns (63.551%)  route 1.702ns (36.449%))
  Logic Levels:           3  (LUT3=1 LUT6=1 MUXF7=1)
  Clock Path Skew:        -0.049ns (DCD - SCD + CPR)
    Destination Clock Delay (DCD):    0.924ns = ( 10.924 - 10.000 ) 
    Source Clock Delay      (SCD):    0.973ns
    Clock Pessimism Removal (CPR):    0.000ns
  Clock Uncertainty:      0.035ns  ((TSJ^2 + TIJ^2)^1/2 + DJ) / 2 + PE
    Total System Jitter     (TSJ):    0.071ns
    Total Input Jitter      (TIJ):    0.000ns
    Discrete Jitter          (DJ):    0.000ns
    Phase Error              (PE):    0.000ns

    Location             Delay type                Incr(ns)  Path(ns)    Netlist Resource(s)
  -------------------------------------------------------------------    -------------------
                         (clock core_clk rise edge)
                                                      0.000     0.000 r  <hidden>
                                                      0.000     0.000 r  clk_i
                         net (fo=707, unset)          0.973     0.973    g_activation[0].bank/g_memory_lane[1].lane/clk_i
                         RAMB36E1                                     r  g_activation[0].bank/g_memory_lane[1].lane/memory_reg_1/CLKBWRCLK
  -------------------------------------------------------------------    -------------------
                         RAMB36E1 (Prop_ramb36e1_CLKBWRCLK_DOBDO[5])
                                                      2.454     3.427 r  g_activation[0].bank/g_memory_lane[1].lane/memory_reg_1/DOBDO[5]
                         net (fo=2, unplaced)         0.800     4.227    g_activation[0].bank/g_memory_lane[1].lane/b_response_data[0]__0[13]
                         LUT3 (Prop_lut3_I0_O)        0.148     4.375 r  g_activation[0].bank/g_memory_lane[1].lane/dma_output_data_q[13]_i_7/O
                         net (fo=1, unplaced)         0.902     5.277    g_weight[1].bank/g_memory_lane[3].lane/dma_output_data_q_reg[13]_1
                         LUT6 (Prop_lut6_I5_O)        0.124     5.401 r  g_weight[1].bank/g_memory_lane[3].lane/dma_output_data_q[13]_i_2/O
                         net (fo=1, unplaced)         0.000     5.401    g_weight[1].bank/g_memory_lane[3].lane/dma_output_data_q[13]_i_2_n_0
                         MUXF7 (Prop_muxf7_I0_O)      0.241     5.642 r  g_weight[1].bank/g_memory_lane[3].lane/dma_output_data_q_reg[13]_i_1/O
                         net (fo=1, unplaced)         0.000     5.642    a_response_data[13]
                         FDRE                                         r  dma_output_data_q_reg[13]/D
  -------------------------------------------------------------------    -------------------

                         (clock core_clk rise edge)
                                                     10.000    10.000 r  <hidden>
                                                      0.000    10.000 r  clk_i
                         net (fo=707, unset)          0.924    10.924    clk_i
                         FDRE                                         r  dma_output_data_q_reg[13]/C
                         clock pessimism              0.000    10.924    <hidden>
                         clock uncertainty           -0.035    10.889    <hidden>
                         FDRE (Setup_fdre_C_D)        0.113    11.002    dma_output_data_q_reg[13]
  -------------------------------------------------------------------
                         required time                         11.002    <hidden>
                         arrival time                          -5.642    <hidden>
  -------------------------------------------------------------------
                         slack                                  5.360    <hidden>

Slack (MET) :             5.360ns  (required time - arrival time)
  Source:                 g_activation[0].bank/g_memory_lane[1].lane/memory_reg_1/CLKBWRCLK
                            (rising edge-triggered cell RAMB36E1 clocked by core_clk  {rise@0.000ns fall@5.000ns period=10.000ns})
  Destination:            dma_output_data_q_reg[15]/D
                            (rising edge-triggered cell FDRE clocked by core_clk  {rise@0.000ns fall@5.000ns period=10.000ns})
  Path Group:             core_clk
  Path Type:              Setup (Max at Slow Process Corner)
  Requirement:            10.000ns  (core_clk rise@10.000ns - core_clk rise@0.000ns)
  Data Path Delay:        4.669ns  (logic 2.967ns (63.551%)  route 1.702ns (36.449%))
  Logic Levels:           3  (LUT3=1 LUT6=1 MUXF7=1)
  Clock Path Skew:        -0.049ns (DCD - SCD + CPR)
    Destination Clock Delay (DCD):    0.924ns = ( 10.924 - 10.000 ) 
    Source Clock Delay      (SCD):    0.973ns
    Clock Pessimism Removal (CPR):    0.000ns
  Clock Uncertainty:      0.035ns  ((TSJ^2 + TIJ^2)^1/2 + DJ) / 2 + PE
    Total System Jitter     (TSJ):    0.071ns
    Total Input Jitter      (TIJ):    0.000ns
    Discrete Jitter          (DJ):    0.000ns
    Phase Error              (PE):    0.000ns

    Location             Delay type                Incr(ns)  Path(ns)    Netlist Resource(s)
  -------------------------------------------------------------------    -------------------
                         (clock core_clk rise edge)
                                                      0.000     0.000 r  <hidden>
                                                      0.000     0.000 r  clk_i
                         net (fo=707, unset)          0.973     0.973    g_activation[0].bank/g_memory_lane[1].lane/clk_i
                         RAMB36E1                                     r  g_activation[0].bank/g_memory_lane[1].lane/memory_reg_1/CLKBWRCLK
  -------------------------------------------------------------------    -------------------
                         RAMB36E1 (Prop_ramb36e1_CLKBWRCLK_DOBDO[7])
                                                      2.454     3.427 r  g_activation[0].bank/g_memory_lane[1].lane/memory_reg_1/DOBDO[7]
                         net (fo=2, unplaced)         0.800     4.227    g_activation[0].bank/g_memory_lane[1].lane/b_response_data[0]__0[15]
                         LUT3 (Prop_lut3_I0_O)        0.148     4.375 r  g_activation[0].bank/g_memory_lane[1].lane/dma_output_data_q[15]_i_7/O
                         net (fo=1, unplaced)         0.902     5.277    g_weight[1].bank/g_memory_lane[3].lane/dma_output_data_q_reg[15]_1
                         LUT6 (Prop_lut6_I5_O)        0.124     5.401 r  g_weight[1].bank/g_memory_lane[3].lane/dma_output_data_q[15]_i_2/O
                         net (fo=1, unplaced)         0.000     5.401    g_weight[1].bank/g_memory_lane[3].lane/dma_output_data_q[15]_i_2_n_0
                         MUXF7 (Prop_muxf7_I0_O)      0.241     5.642 r  g_weight[1].bank/g_memory_lane[3].lane/dma_output_data_q_reg[15]_i_1/O
                         net (fo=1, unplaced)         0.000     5.642    a_response_data[15]
                         FDRE                                         r  dma_output_data_q_reg[15]/D
  -------------------------------------------------------------------    -------------------

                         (clock core_clk rise edge)
                                                     10.000    10.000 r  <hidden>
                                                      0.000    10.000 r  clk_i
                         net (fo=707, unset)          0.924    10.924    clk_i
                         FDRE                                         r  dma_output_data_q_reg[15]/C
                         clock pessimism              0.000    10.924    <hidden>
                         clock uncertainty           -0.035    10.889    <hidden>
                         FDRE (Setup_fdre_C_D)        0.113    11.002    dma_output_data_q_reg[15]
  -------------------------------------------------------------------
                         required time                         11.002    <hidden>
                         arrival time                          -5.642    <hidden>
  -------------------------------------------------------------------
                         slack                                  5.360    <hidden>

Slack (MET) :             5.360ns  (required time - arrival time)
  Source:                 g_activation[0].bank/g_memory_lane[1].lane/memory_reg_2/CLKBWRCLK
                            (rising edge-triggered cell RAMB36E1 clocked by core_clk  {rise@0.000ns fall@5.000ns period=10.000ns})
  Destination:            dma_output_data_q_reg[17]/D
                            (rising edge-triggered cell FDRE clocked by core_clk  {rise@0.000ns fall@5.000ns period=10.000ns})
  Path Group:             core_clk
  Path Type:              Setup (Max at Slow Process Corner)
  Requirement:            10.000ns  (core_clk rise@10.000ns - core_clk rise@0.000ns)
  Data Path Delay:        4.669ns  (logic 2.967ns (63.551%)  route 1.702ns (36.449%))
  Logic Levels:           3  (LUT3=1 LUT6=1 MUXF7=1)
  Clock Path Skew:        -0.049ns (DCD - SCD + CPR)
    Destination Clock Delay (DCD):    0.924ns = ( 10.924 - 10.000 ) 
    Source Clock Delay      (SCD):    0.973ns
    Clock Pessimism Removal (CPR):    0.000ns
  Clock Uncertainty:      0.035ns  ((TSJ^2 + TIJ^2)^1/2 + DJ) / 2 + PE
    Total System Jitter     (TSJ):    0.071ns
    Total Input Jitter      (TIJ):    0.000ns
    Discrete Jitter          (DJ):    0.000ns
    Phase Error              (PE):    0.000ns

    Location             Delay type                Incr(ns)  Path(ns)    Netlist Resource(s)
  -------------------------------------------------------------------    -------------------
                         (clock core_clk rise edge)
                                                      0.000     0.000 r  <hidden>
                                                      0.000     0.000 r  clk_i
                         net (fo=707, unset)          0.973     0.973    g_activation[0].bank/g_memory_lane[1].lane/clk_i
                         RAMB36E1                                     r  g_activation[0].bank/g_memory_lane[1].lane/memory_reg_2/CLKBWRCLK
  -------------------------------------------------------------------    -------------------
                         RAMB36E1 (Prop_ramb36e1_CLKBWRCLK_DOBDO[1])
                                                      2.454     3.427 r  g_activation[0].bank/g_memory_lane[1].lane/memory_reg_2/DOBDO[1]
                         net (fo=2, unplaced)         0.800     4.227    g_activation[0].bank/g_memory_lane[1].lane/b_response_data[0]__0[17]
                         LUT3 (Prop_lut3_I0_O)        0.148     4.375 r  g_activation[0].bank/g_memory_lane[1].lane/dma_output_data_q[17]_i_7/O
                         net (fo=1, unplaced)         0.902     5.277    g_weight[1].bank/g_memory_lane[3].lane/dma_output_data_q_reg[17]_1
                         LUT6 (Prop_lut6_I5_O)        0.124     5.401 r  g_weight[1].bank/g_memory_lane[3].lane/dma_output_data_q[17]_i_2/O
                         net (fo=1, unplaced)         0.000     5.401    g_weight[1].bank/g_memory_lane[3].lane/dma_output_data_q[17]_i_2_n_0
                         MUXF7 (Prop_muxf7_I0_O)      0.241     5.642 r  g_weight[1].bank/g_memory_lane[3].lane/dma_output_data_q_reg[17]_i_1/O
                         net (fo=1, unplaced)         0.000     5.642    a_response_data[17]
                         FDRE                                         r  dma_output_data_q_reg[17]/D
  -------------------------------------------------------------------    -------------------

                         (clock core_clk rise edge)
                                                     10.000    10.000 r  <hidden>
                                                      0.000    10.000 r  clk_i
                         net (fo=707, unset)          0.924    10.924    clk_i
                         FDRE                                         r  dma_output_data_q_reg[17]/C
                         clock pessimism              0.000    10.924    <hidden>
                         clock uncertainty           -0.035    10.889    <hidden>
                         FDRE (Setup_fdre_C_D)        0.113    11.002    dma_output_data_q_reg[17]
  -------------------------------------------------------------------
                         required time                         11.002    <hidden>
                         arrival time                          -5.642    <hidden>
  -------------------------------------------------------------------
                         slack                                  5.360    <hidden>

Slack (MET) :             5.360ns  (required time - arrival time)
  Source:                 g_activation[0].bank/g_memory_lane[1].lane/memory_reg_2/CLKBWRCLK
                            (rising edge-triggered cell RAMB36E1 clocked by core_clk  {rise@0.000ns fall@5.000ns period=10.000ns})
  Destination:            dma_output_data_q_reg[19]/D
                            (rising edge-triggered cell FDRE clocked by core_clk  {rise@0.000ns fall@5.000ns period=10.000ns})
  Path Group:             core_clk
  Path Type:              Setup (Max at Slow Process Corner)
  Requirement:            10.000ns  (core_clk rise@10.000ns - core_clk rise@0.000ns)
  Data Path Delay:        4.669ns  (logic 2.967ns (63.551%)  route 1.702ns (36.449%))
  Logic Levels:           3  (LUT3=1 LUT6=1 MUXF7=1)
  Clock Path Skew:        -0.049ns (DCD - SCD + CPR)
    Destination Clock Delay (DCD):    0.924ns = ( 10.924 - 10.000 ) 
    Source Clock Delay      (SCD):    0.973ns
    Clock Pessimism Removal (CPR):    0.000ns
  Clock Uncertainty:      0.035ns  ((TSJ^2 + TIJ^2)^1/2 + DJ) / 2 + PE
    Total System Jitter     (TSJ):    0.071ns
    Total Input Jitter      (TIJ):    0.000ns
    Discrete Jitter          (DJ):    0.000ns
    Phase Error              (PE):    0.000ns

    Location             Delay type                Incr(ns)  Path(ns)    Netlist Resource(s)
  -------------------------------------------------------------------    -------------------
                         (clock core_clk rise edge)
                                                      0.000     0.000 r  <hidden>
                                                      0.000     0.000 r  clk_i
                         net (fo=707, unset)          0.973     0.973    g_activation[0].bank/g_memory_lane[1].lane/clk_i
                         RAMB36E1                                     r  g_activation[0].bank/g_memory_lane[1].lane/memory_reg_2/CLKBWRCLK
  -------------------------------------------------------------------    -------------------
                         RAMB36E1 (Prop_ramb36e1_CLKBWRCLK_DOBDO[3])
                                                      2.454     3.427 r  g_activation[0].bank/g_memory_lane[1].lane/memory_reg_2/DOBDO[3]
                         net (fo=2, unplaced)         0.800     4.227    g_activation[0].bank/g_memory_lane[1].lane/b_response_data[0]__0[19]
                         LUT3 (Prop_lut3_I0_O)        0.148     4.375 r  g_activation[0].bank/g_memory_lane[1].lane/dma_output_data_q[19]_i_7/O
                         net (fo=1, unplaced)         0.902     5.277    g_weight[1].bank/g_memory_lane[3].lane/dma_output_data_q_reg[19]_1
                         LUT6 (Prop_lut6_I5_O)        0.124     5.401 r  g_weight[1].bank/g_memory_lane[3].lane/dma_output_data_q[19]_i_2/O
                         net (fo=1, unplaced)         0.000     5.401    g_weight[1].bank/g_memory_lane[3].lane/dma_output_data_q[19]_i_2_n_0
                         MUXF7 (Prop_muxf7_I0_O)      0.241     5.642 r  g_weight[1].bank/g_memory_lane[3].lane/dma_output_data_q_reg[19]_i_1/O
                         net (fo=1, unplaced)         0.000     5.642    a_response_data[19]
                         FDRE                                         r  dma_output_data_q_reg[19]/D
  -------------------------------------------------------------------    -------------------

                         (clock core_clk rise edge)
                                                     10.000    10.000 r  <hidden>
                                                      0.000    10.000 r  clk_i
                         net (fo=707, unset)          0.924    10.924    clk_i
                         FDRE                                         r  dma_output_data_q_reg[19]/C
                         clock pessimism              0.000    10.924    <hidden>
                         clock uncertainty           -0.035    10.889    <hidden>
                         FDRE (Setup_fdre_C_D)        0.113    11.002    dma_output_data_q_reg[19]
  -------------------------------------------------------------------
                         required time                         11.002    <hidden>
                         arrival time                          -5.642    <hidden>
  -------------------------------------------------------------------
                         slack                                  5.360    <hidden>

Slack (MET) :             5.360ns  (required time - arrival time)
  Source:                 g_activation[0].bank/g_memory_lane[1].lane/memory_reg_0/CLKBWRCLK
                            (rising edge-triggered cell RAMB36E1 clocked by core_clk  {rise@0.000ns fall@5.000ns period=10.000ns})
  Destination:            dma_output_data_q_reg[1]/D
                            (rising edge-triggered cell FDRE clocked by core_clk  {rise@0.000ns fall@5.000ns period=10.000ns})
  Path Group:             core_clk
  Path Type:              Setup (Max at Slow Process Corner)
  Requirement:            10.000ns  (core_clk rise@10.000ns - core_clk rise@0.000ns)
  Data Path Delay:        4.669ns  (logic 2.967ns (63.551%)  route 1.702ns (36.449%))
  Logic Levels:           3  (LUT3=1 LUT6=1 MUXF7=1)
  Clock Path Skew:        -0.049ns (DCD - SCD + CPR)
    Destination Clock Delay (DCD):    0.924ns = ( 10.924 - 10.000 ) 
    Source Clock Delay      (SCD):    0.973ns
    Clock Pessimism Removal (CPR):    0.000ns
  Clock Uncertainty:      0.035ns  ((TSJ^2 + TIJ^2)^1/2 + DJ) / 2 + PE
    Total System Jitter     (TSJ):    0.071ns
    Total Input Jitter      (TIJ):    0.000ns
    Discrete Jitter          (DJ):    0.000ns
    Phase Error              (PE):    0.000ns

    Location             Delay type                Incr(ns)  Path(ns)    Netlist Resource(s)
  -------------------------------------------------------------------    -------------------
                         (clock core_clk rise edge)
                                                      0.000     0.000 r  <hidden>
                                                      0.000     0.000 r  clk_i
                         net (fo=707, unset)          0.973     0.973    g_activation[0].bank/g_memory_lane[1].lane/clk_i
                         RAMB36E1                                     r  g_activation[0].bank/g_memory_lane[1].lane/memory_reg_0/CLKBWRCLK
  -------------------------------------------------------------------    -------------------
                         RAMB36E1 (Prop_ramb36e1_CLKBWRCLK_DOBDO[1])
                                                      2.454     3.427 r  g_activation[0].bank/g_memory_lane[1].lane/memory_reg_0/DOBDO[1]
                         net (fo=2, unplaced)         0.800     4.227    g_activation[0].bank/g_memory_lane[1].lane/b_response_data[0]__0[1]
                         LUT3 (Prop_lut3_I0_O)        0.148     4.375 r  g_activation[0].bank/g_memory_lane[1].lane/dma_output_data_q[1]_i_7/O
                         net (fo=1, unplaced)         0.902     5.277    g_weight[1].bank/g_memory_lane[3].lane/dma_output_data_q_reg[1]_1
                         LUT6 (Prop_lut6_I5_O)        0.124     5.401 r  g_weight[1].bank/g_memory_lane[3].lane/dma_output_data_q[1]_i_2/O
                         net (fo=1, unplaced)         0.000     5.401    g_weight[1].bank/g_memory_lane[3].lane/dma_output_data_q[1]_i_2_n_0
                         MUXF7 (Prop_muxf7_I0_O)      0.241     5.642 r  g_weight[1].bank/g_memory_lane[3].lane/dma_output_data_q_reg[1]_i_1/O
                         net (fo=1, unplaced)         0.000     5.642    a_response_data[1]
                         FDRE                                         r  dma_output_data_q_reg[1]/D
  -------------------------------------------------------------------    -------------------

                         (clock core_clk rise edge)
                                                     10.000    10.000 r  <hidden>
                                                      0.000    10.000 r  clk_i
                         net (fo=707, unset)          0.924    10.924    clk_i
                         FDRE                                         r  dma_output_data_q_reg[1]/C
                         clock pessimism              0.000    10.924    <hidden>
                         clock uncertainty           -0.035    10.889    <hidden>
                         FDRE (Setup_fdre_C_D)        0.113    11.002    dma_output_data_q_reg[1]
  -------------------------------------------------------------------
                         required time                         11.002    <hidden>
                         arrival time                          -5.642    <hidden>
  -------------------------------------------------------------------
                         slack                                  5.360    <hidden>

Slack (MET) :             5.360ns  (required time - arrival time)
  Source:                 g_activation[0].bank/g_memory_lane[1].lane/memory_reg_2/CLKBWRCLK
                            (rising edge-triggered cell RAMB36E1 clocked by core_clk  {rise@0.000ns fall@5.000ns period=10.000ns})
  Destination:            dma_output_data_q_reg[21]/D
                            (rising edge-triggered cell FDRE clocked by core_clk  {rise@0.000ns fall@5.000ns period=10.000ns})
  Path Group:             core_clk
  Path Type:              Setup (Max at Slow Process Corner)
  Requirement:            10.000ns  (core_clk rise@10.000ns - core_clk rise@0.000ns)
  Data Path Delay:        4.669ns  (logic 2.967ns (63.551%)  route 1.702ns (36.449%))
  Logic Levels:           3  (LUT3=1 LUT6=1 MUXF7=1)
  Clock Path Skew:        -0.049ns (DCD - SCD + CPR)
    Destination Clock Delay (DCD):    0.924ns = ( 10.924 - 10.000 ) 
    Source Clock Delay      (SCD):    0.973ns
    Clock Pessimism Removal (CPR):    0.000ns
  Clock Uncertainty:      0.035ns  ((TSJ^2 + TIJ^2)^1/2 + DJ) / 2 + PE
    Total System Jitter     (TSJ):    0.071ns
    Total Input Jitter      (TIJ):    0.000ns
    Discrete Jitter          (DJ):    0.000ns
    Phase Error              (PE):    0.000ns

    Location             Delay type                Incr(ns)  Path(ns)    Netlist Resource(s)
  -------------------------------------------------------------------    -------------------
                         (clock core_clk rise edge)
                                                      0.000     0.000 r  <hidden>
                                                      0.000     0.000 r  clk_i
                         net (fo=707, unset)          0.973     0.973    g_activation[0].bank/g_memory_lane[1].lane/clk_i
                         RAMB36E1                                     r  g_activation[0].bank/g_memory_lane[1].lane/memory_reg_2/CLKBWRCLK
  -------------------------------------------------------------------    -------------------
                         RAMB36E1 (Prop_ramb36e1_CLKBWRCLK_DOBDO[5])
                                                      2.454     3.427 r  g_activation[0].bank/g_memory_lane[1].lane/memory_reg_2/DOBDO[5]
                         net (fo=2, unplaced)         0.800     4.227    g_activation[0].bank/g_memory_lane[1].lane/b_response_data[0]__0[21]
                         LUT3 (Prop_lut3_I0_O)        0.148     4.375 r  g_activation[0].bank/g_memory_lane[1].lane/dma_output_data_q[21]_i_7/O
                         net (fo=1, unplaced)         0.902     5.277    g_weight[1].bank/g_memory_lane[3].lane/dma_output_data_q_reg[21]_1
                         LUT6 (Prop_lut6_I5_O)        0.124     5.401 r  g_weight[1].bank/g_memory_lane[3].lane/dma_output_data_q[21]_i_2/O
                         net (fo=1, unplaced)         0.000     5.401    g_weight[1].bank/g_memory_lane[3].lane/dma_output_data_q[21]_i_2_n_0
                         MUXF7 (Prop_muxf7_I0_O)      0.241     5.642 r  g_weight[1].bank/g_memory_lane[3].lane/dma_output_data_q_reg[21]_i_1/O
                         net (fo=1, unplaced)         0.000     5.642    a_response_data[21]
                         FDRE                                         r  dma_output_data_q_reg[21]/D
  -------------------------------------------------------------------    -------------------

                         (clock core_clk rise edge)
                                                     10.000    10.000 r  <hidden>
                                                      0.000    10.000 r  clk_i
                         net (fo=707, unset)          0.924    10.924    clk_i
                         FDRE                                         r  dma_output_data_q_reg[21]/C
                         clock pessimism              0.000    10.924    <hidden>
                         clock uncertainty           -0.035    10.889    <hidden>
                         FDRE (Setup_fdre_C_D)        0.113    11.002    dma_output_data_q_reg[21]
  -------------------------------------------------------------------
                         required time                         11.002    <hidden>
                         arrival time                          -5.642    <hidden>
  -------------------------------------------------------------------
                         slack                                  5.360    <hidden>

Slack (MET) :             5.360ns  (required time - arrival time)
  Source:                 g_activation[0].bank/g_memory_lane[1].lane/memory_reg_2/CLKBWRCLK
                            (rising edge-triggered cell RAMB36E1 clocked by core_clk  {rise@0.000ns fall@5.000ns period=10.000ns})
  Destination:            dma_output_data_q_reg[23]/D
                            (rising edge-triggered cell FDRE clocked by core_clk  {rise@0.000ns fall@5.000ns period=10.000ns})
  Path Group:             core_clk
  Path Type:              Setup (Max at Slow Process Corner)
  Requirement:            10.000ns  (core_clk rise@10.000ns - core_clk rise@0.000ns)
  Data Path Delay:        4.669ns  (logic 2.967ns (63.551%)  route 1.702ns (36.449%))
  Logic Levels:           3  (LUT3=1 LUT6=1 MUXF7=1)
  Clock Path Skew:        -0.049ns (DCD - SCD + CPR)
    Destination Clock Delay (DCD):    0.924ns = ( 10.924 - 10.000 ) 
    Source Clock Delay      (SCD):    0.973ns
    Clock Pessimism Removal (CPR):    0.000ns
  Clock Uncertainty:      0.035ns  ((TSJ^2 + TIJ^2)^1/2 + DJ) / 2 + PE
    Total System Jitter     (TSJ):    0.071ns
    Total Input Jitter      (TIJ):    0.000ns
    Discrete Jitter          (DJ):    0.000ns
    Phase Error              (PE):    0.000ns

    Location             Delay type                Incr(ns)  Path(ns)    Netlist Resource(s)
  -------------------------------------------------------------------    -------------------
                         (clock core_clk rise edge)
                                                      0.000     0.000 r  <hidden>
                                                      0.000     0.000 r  clk_i
                         net (fo=707, unset)          0.973     0.973    g_activation[0].bank/g_memory_lane[1].lane/clk_i
                         RAMB36E1                                     r  g_activation[0].bank/g_memory_lane[1].lane/memory_reg_2/CLKBWRCLK
  -------------------------------------------------------------------    -------------------
                         RAMB36E1 (Prop_ramb36e1_CLKBWRCLK_DOBDO[7])
                                                      2.454     3.427 r  g_activation[0].bank/g_memory_lane[1].lane/memory_reg_2/DOBDO[7]
                         net (fo=2, unplaced)         0.800     4.227    g_activation[0].bank/g_memory_lane[1].lane/b_response_data[0]__0[23]
                         LUT3 (Prop_lut3_I0_O)        0.148     4.375 r  g_activation[0].bank/g_memory_lane[1].lane/dma_output_data_q[23]_i_7/O
                         net (fo=1, unplaced)         0.902     5.277    g_weight[1].bank/g_memory_lane[3].lane/dma_output_data_q_reg[23]_1
                         LUT6 (Prop_lut6_I5_O)        0.124     5.401 r  g_weight[1].bank/g_memory_lane[3].lane/dma_output_data_q[23]_i_2/O
                         net (fo=1, unplaced)         0.000     5.401    g_weight[1].bank/g_memory_lane[3].lane/dma_output_data_q[23]_i_2_n_0
                         MUXF7 (Prop_muxf7_I0_O)      0.241     5.642 r  g_weight[1].bank/g_memory_lane[3].lane/dma_output_data_q_reg[23]_i_1/O
                         net (fo=1, unplaced)         0.000     5.642    a_response_data[23]
                         FDRE                                         r  dma_output_data_q_reg[23]/D
  -------------------------------------------------------------------    -------------------

                         (clock core_clk rise edge)
                                                     10.000    10.000 r  <hidden>
                                                      0.000    10.000 r  clk_i
                         net (fo=707, unset)          0.924    10.924    clk_i
                         FDRE                                         r  dma_output_data_q_reg[23]/C
                         clock pessimism              0.000    10.924    <hidden>
                         clock uncertainty           -0.035    10.889    <hidden>
                         FDRE (Setup_fdre_C_D)        0.113    11.002    dma_output_data_q_reg[23]
  -------------------------------------------------------------------
                         required time                         11.002    <hidden>
                         arrival time                          -5.642    <hidden>
  -------------------------------------------------------------------
                         slack                                  5.360    <hidden>

Slack (MET) :             5.360ns  (required time - arrival time)
  Source:                 g_activation[0].bank/g_memory_lane[1].lane/memory_reg_3/CLKBWRCLK
                            (rising edge-triggered cell RAMB36E1 clocked by core_clk  {rise@0.000ns fall@5.000ns period=10.000ns})
  Destination:            dma_output_data_q_reg[25]/D
                            (rising edge-triggered cell FDRE clocked by core_clk  {rise@0.000ns fall@5.000ns period=10.000ns})
  Path Group:             core_clk
  Path Type:              Setup (Max at Slow Process Corner)
  Requirement:            10.000ns  (core_clk rise@10.000ns - core_clk rise@0.000ns)
  Data Path Delay:        4.669ns  (logic 2.967ns (63.551%)  route 1.702ns (36.449%))
  Logic Levels:           3  (LUT3=1 LUT6=1 MUXF7=1)
  Clock Path Skew:        -0.049ns (DCD - SCD + CPR)
    Destination Clock Delay (DCD):    0.924ns = ( 10.924 - 10.000 ) 
    Source Clock Delay      (SCD):    0.973ns
    Clock Pessimism Removal (CPR):    0.000ns
  Clock Uncertainty:      0.035ns  ((TSJ^2 + TIJ^2)^1/2 + DJ) / 2 + PE
    Total System Jitter     (TSJ):    0.071ns
    Total Input Jitter      (TIJ):    0.000ns
    Discrete Jitter          (DJ):    0.000ns
    Phase Error              (PE):    0.000ns

    Location             Delay type                Incr(ns)  Path(ns)    Netlist Resource(s)
  -------------------------------------------------------------------    -------------------
                         (clock core_clk rise edge)
                                                      0.000     0.000 r  <hidden>
                                                      0.000     0.000 r  clk_i
                         net (fo=707, unset)          0.973     0.973    g_activation[0].bank/g_memory_lane[1].lane/clk_i
                         RAMB36E1                                     r  g_activation[0].bank/g_memory_lane[1].lane/memory_reg_3/CLKBWRCLK
  -------------------------------------------------------------------    -------------------
                         RAMB36E1 (Prop_ramb36e1_CLKBWRCLK_DOBDO[1])
                                                      2.454     3.427 r  g_activation[0].bank/g_memory_lane[1].lane/memory_reg_3/DOBDO[1]
                         net (fo=2, unplaced)         0.800     4.227    g_activation[0].bank/g_memory_lane[1].lane/b_response_data[0]__0[25]
                         LUT3 (Prop_lut3_I0_O)        0.148     4.375 r  g_activation[0].bank/g_memory_lane[1].lane/dma_output_data_q[25]_i_7/O
                         net (fo=1, unplaced)         0.902     5.277    g_weight[1].bank/g_memory_lane[3].lane/dma_output_data_q_reg[25]_1
                         LUT6 (Prop_lut6_I5_O)        0.124     5.401 r  g_weight[1].bank/g_memory_lane[3].lane/dma_output_data_q[25]_i_2/O
                         net (fo=1, unplaced)         0.000     5.401    g_weight[1].bank/g_memory_lane[3].lane/dma_output_data_q[25]_i_2_n_0
                         MUXF7 (Prop_muxf7_I0_O)      0.241     5.642 r  g_weight[1].bank/g_memory_lane[3].lane/dma_output_data_q_reg[25]_i_1/O
                         net (fo=1, unplaced)         0.000     5.642    a_response_data[25]
                         FDRE                                         r  dma_output_data_q_reg[25]/D
  -------------------------------------------------------------------    -------------------

                         (clock core_clk rise edge)
                                                     10.000    10.000 r  <hidden>
                                                      0.000    10.000 r  clk_i
                         net (fo=707, unset)          0.924    10.924    clk_i
                         FDRE                                         r  dma_output_data_q_reg[25]/C
                         clock pessimism              0.000    10.924    <hidden>
                         clock uncertainty           -0.035    10.889    <hidden>
                         FDRE (Setup_fdre_C_D)        0.113    11.002    dma_output_data_q_reg[25]
  -------------------------------------------------------------------
                         required time                         11.002    <hidden>
                         arrival time                          -5.642    <hidden>
  -------------------------------------------------------------------
                         slack                                  5.360    <hidden>

Slack (MET) :             5.360ns  (required time - arrival time)
  Source:                 g_activation[0].bank/g_memory_lane[1].lane/memory_reg_3/CLKBWRCLK
                            (rising edge-triggered cell RAMB36E1 clocked by core_clk  {rise@0.000ns fall@5.000ns period=10.000ns})
  Destination:            dma_output_data_q_reg[27]/D
                            (rising edge-triggered cell FDRE clocked by core_clk  {rise@0.000ns fall@5.000ns period=10.000ns})
  Path Group:             core_clk
  Path Type:              Setup (Max at Slow Process Corner)
  Requirement:            10.000ns  (core_clk rise@10.000ns - core_clk rise@0.000ns)
  Data Path Delay:        4.669ns  (logic 2.967ns (63.551%)  route 1.702ns (36.449%))
  Logic Levels:           3  (LUT3=1 LUT6=1 MUXF7=1)
  Clock Path Skew:        -0.049ns (DCD - SCD + CPR)
    Destination Clock Delay (DCD):    0.924ns = ( 10.924 - 10.000 ) 
    Source Clock Delay      (SCD):    0.973ns
    Clock Pessimism Removal (CPR):    0.000ns
  Clock Uncertainty:      0.035ns  ((TSJ^2 + TIJ^2)^1/2 + DJ) / 2 + PE
    Total System Jitter     (TSJ):    0.071ns
    Total Input Jitter      (TIJ):    0.000ns
    Discrete Jitter          (DJ):    0.000ns
    Phase Error              (PE):    0.000ns

    Location             Delay type                Incr(ns)  Path(ns)    Netlist Resource(s)
  -------------------------------------------------------------------    -------------------
                         (clock core_clk rise edge)
                                                      0.000     0.000 r  <hidden>
                                                      0.000     0.000 r  clk_i
                         net (fo=707, unset)          0.973     0.973    g_activation[0].bank/g_memory_lane[1].lane/clk_i
                         RAMB36E1                                     r  g_activation[0].bank/g_memory_lane[1].lane/memory_reg_3/CLKBWRCLK
  -------------------------------------------------------------------    -------------------
                         RAMB36E1 (Prop_ramb36e1_CLKBWRCLK_DOBDO[3])
                                                      2.454     3.427 r  g_activation[0].bank/g_memory_lane[1].lane/memory_reg_3/DOBDO[3]
                         net (fo=2, unplaced)         0.800     4.227    g_activation[0].bank/g_memory_lane[1].lane/b_response_data[0]__0[27]
                         LUT3 (Prop_lut3_I0_O)        0.148     4.375 r  g_activation[0].bank/g_memory_lane[1].lane/dma_output_data_q[27]_i_7/O
                         net (fo=1, unplaced)         0.902     5.277    g_weight[1].bank/g_memory_lane[3].lane/dma_output_data_q_reg[27]_1
                         LUT6 (Prop_lut6_I5_O)        0.124     5.401 r  g_weight[1].bank/g_memory_lane[3].lane/dma_output_data_q[27]_i_2/O
                         net (fo=1, unplaced)         0.000     5.401    g_weight[1].bank/g_memory_lane[3].lane/dma_output_data_q[27]_i_2_n_0
                         MUXF7 (Prop_muxf7_I0_O)      0.241     5.642 r  g_weight[1].bank/g_memory_lane[3].lane/dma_output_data_q_reg[27]_i_1/O
                         net (fo=1, unplaced)         0.000     5.642    a_response_data[27]
                         FDRE                                         r  dma_output_data_q_reg[27]/D
  -------------------------------------------------------------------    -------------------

                         (clock core_clk rise edge)
                                                     10.000    10.000 r  <hidden>
                                                      0.000    10.000 r  clk_i
                         net (fo=707, unset)          0.924    10.924    clk_i
                         FDRE                                         r  dma_output_data_q_reg[27]/C
                         clock pessimism              0.000    10.924    <hidden>
                         clock uncertainty           -0.035    10.889    <hidden>
                         FDRE (Setup_fdre_C_D)        0.113    11.002    dma_output_data_q_reg[27]
  -------------------------------------------------------------------
                         required time                         11.002    <hidden>
                         arrival time                          -5.642    <hidden>
  -------------------------------------------------------------------
                         slack                                  5.360    <hidden>

Slack (MET) :             5.360ns  (required time - arrival time)
  Source:                 g_activation[0].bank/g_memory_lane[1].lane/memory_reg_3/CLKBWRCLK
                            (rising edge-triggered cell RAMB36E1 clocked by core_clk  {rise@0.000ns fall@5.000ns period=10.000ns})
  Destination:            dma_output_data_q_reg[29]/D
                            (rising edge-triggered cell FDRE clocked by core_clk  {rise@0.000ns fall@5.000ns period=10.000ns})
  Path Group:             core_clk
  Path Type:              Setup (Max at Slow Process Corner)
  Requirement:            10.000ns  (core_clk rise@10.000ns - core_clk rise@0.000ns)
  Data Path Delay:        4.669ns  (logic 2.967ns (63.551%)  route 1.702ns (36.449%))
  Logic Levels:           3  (LUT3=1 LUT6=1 MUXF7=1)
  Clock Path Skew:        -0.049ns (DCD - SCD + CPR)
    Destination Clock Delay (DCD):    0.924ns = ( 10.924 - 10.000 ) 
    Source Clock Delay      (SCD):    0.973ns
    Clock Pessimism Removal (CPR):    0.000ns
  Clock Uncertainty:      0.035ns  ((TSJ^2 + TIJ^2)^1/2 + DJ) / 2 + PE
    Total System Jitter     (TSJ):    0.071ns
    Total Input Jitter      (TIJ):    0.000ns
    Discrete Jitter          (DJ):    0.000ns
    Phase Error              (PE):    0.000ns

    Location             Delay type                Incr(ns)  Path(ns)    Netlist Resource(s)
  -------------------------------------------------------------------    -------------------
                         (clock core_clk rise edge)
                                                      0.000     0.000 r  <hidden>
                                                      0.000     0.000 r  clk_i
                         net (fo=707, unset)          0.973     0.973    g_activation[0].bank/g_memory_lane[1].lane/clk_i
                         RAMB36E1                                     r  g_activation[0].bank/g_memory_lane[1].lane/memory_reg_3/CLKBWRCLK
  -------------------------------------------------------------------    -------------------
                         RAMB36E1 (Prop_ramb36e1_CLKBWRCLK_DOBDO[5])
                                                      2.454     3.427 r  g_activation[0].bank/g_memory_lane[1].lane/memory_reg_3/DOBDO[5]
                         net (fo=2, unplaced)         0.800     4.227    g_activation[0].bank/g_memory_lane[1].lane/b_response_data[0]__0[29]
                         LUT3 (Prop_lut3_I0_O)        0.148     4.375 r  g_activation[0].bank/g_memory_lane[1].lane/dma_output_data_q[29]_i_7/O
                         net (fo=1, unplaced)         0.902     5.277    g_weight[1].bank/g_memory_lane[3].lane/dma_output_data_q_reg[29]_1
                         LUT6 (Prop_lut6_I5_O)        0.124     5.401 r  g_weight[1].bank/g_memory_lane[3].lane/dma_output_data_q[29]_i_2/O
                         net (fo=1, unplaced)         0.000     5.401    g_weight[1].bank/g_memory_lane[3].lane/dma_output_data_q[29]_i_2_n_0
                         MUXF7 (Prop_muxf7_I0_O)      0.241     5.642 r  g_weight[1].bank/g_memory_lane[3].lane/dma_output_data_q_reg[29]_i_1/O
                         net (fo=1, unplaced)         0.000     5.642    a_response_data[29]
                         FDRE                                         r  dma_output_data_q_reg[29]/D
  -------------------------------------------------------------------    -------------------

                         (clock core_clk rise edge)
                                                     10.000    10.000 r  <hidden>
                                                      0.000    10.000 r  clk_i
                         net (fo=707, unset)          0.924    10.924    clk_i
                         FDRE                                         r  dma_output_data_q_reg[29]/C
                         clock pessimism              0.000    10.924    <hidden>
                         clock uncertainty           -0.035    10.889    <hidden>
                         FDRE (Setup_fdre_C_D)        0.113    11.002    dma_output_data_q_reg[29]
  -------------------------------------------------------------------
                         required time                         11.002    <hidden>
                         arrival time                          -5.642    <hidden>
  -------------------------------------------------------------------
                         slack                                  5.360    <hidden>

Slack (MET) :             5.360ns  (required time - arrival time)
  Source:                 g_activation[0].bank/g_memory_lane[1].lane/memory_reg_3/CLKBWRCLK
                            (rising edge-triggered cell RAMB36E1 clocked by core_clk  {rise@0.000ns fall@5.000ns period=10.000ns})
  Destination:            dma_output_data_q_reg[31]/D
                            (rising edge-triggered cell FDRE clocked by core_clk  {rise@0.000ns fall@5.000ns period=10.000ns})
  Path Group:             core_clk
  Path Type:              Setup (Max at Slow Process Corner)
  Requirement:            10.000ns  (core_clk rise@10.000ns - core_clk rise@0.000ns)
  Data Path Delay:        4.669ns  (logic 2.967ns (63.551%)  route 1.702ns (36.449%))
  Logic Levels:           3  (LUT3=1 LUT6=1 MUXF7=1)
  Clock Path Skew:        -0.049ns (DCD - SCD + CPR)
    Destination Clock Delay (DCD):    0.924ns = ( 10.924 - 10.000 ) 
    Source Clock Delay      (SCD):    0.973ns
    Clock Pessimism Removal (CPR):    0.000ns
  Clock Uncertainty:      0.035ns  ((TSJ^2 + TIJ^2)^1/2 + DJ) / 2 + PE
    Total System Jitter     (TSJ):    0.071ns
    Total Input Jitter      (TIJ):    0.000ns
    Discrete Jitter          (DJ):    0.000ns
    Phase Error              (PE):    0.000ns

    Location             Delay type                Incr(ns)  Path(ns)    Netlist Resource(s)
  -------------------------------------------------------------------    -------------------
                         (clock core_clk rise edge)
                                                      0.000     0.000 r  <hidden>
                                                      0.000     0.000 r  clk_i
                         net (fo=707, unset)          0.973     0.973    g_activation[0].bank/g_memory_lane[1].lane/clk_i
                         RAMB36E1                                     r  g_activation[0].bank/g_memory_lane[1].lane/memory_reg_3/CLKBWRCLK
  -------------------------------------------------------------------    -------------------
                         RAMB36E1 (Prop_ramb36e1_CLKBWRCLK_DOBDO[7])
                                                      2.454     3.427 r  g_activation[0].bank/g_memory_lane[1].lane/memory_reg_3/DOBDO[7]
                         net (fo=2, unplaced)         0.800     4.227    g_activation[0].bank/g_memory_lane[1].lane/b_response_data[0]__0[31]
                         LUT3 (Prop_lut3_I0_O)        0.148     4.375 r  g_activation[0].bank/g_memory_lane[1].lane/dma_output_data_q[31]_i_7/O
                         net (fo=1, unplaced)         0.902     5.277    g_weight[1].bank/g_memory_lane[3].lane/dma_output_data_q_reg[31]_1
                         LUT6 (Prop_lut6_I5_O)        0.124     5.401 r  g_weight[1].bank/g_memory_lane[3].lane/dma_output_data_q[31]_i_2/O
                         net (fo=1, unplaced)         0.000     5.401    g_weight[1].bank/g_memory_lane[3].lane/dma_output_data_q[31]_i_2_n_0
                         MUXF7 (Prop_muxf7_I0_O)      0.241     5.642 r  g_weight[1].bank/g_memory_lane[3].lane/dma_output_data_q_reg[31]_i_1/O
                         net (fo=1, unplaced)         0.000     5.642    a_response_data[31]
                         FDRE                                         r  dma_output_data_q_reg[31]/D
  -------------------------------------------------------------------    -------------------

                         (clock core_clk rise edge)
                                                     10.000    10.000 r  <hidden>
                                                      0.000    10.000 r  clk_i
                         net (fo=707, unset)          0.924    10.924    clk_i
                         FDRE                                         r  dma_output_data_q_reg[31]/C
                         clock pessimism              0.000    10.924    <hidden>
                         clock uncertainty           -0.035    10.889    <hidden>
                         FDRE (Setup_fdre_C_D)        0.113    11.002    dma_output_data_q_reg[31]
  -------------------------------------------------------------------
                         required time                         11.002    <hidden>
                         arrival time                          -5.642    <hidden>
  -------------------------------------------------------------------
                         slack                                  5.360    <hidden>

Slack (MET) :             5.360ns  (required time - arrival time)
  Source:                 g_activation[0].bank/g_memory_lane[1].lane/memory_reg_4/CLKBWRCLK
                            (rising edge-triggered cell RAMB36E1 clocked by core_clk  {rise@0.000ns fall@5.000ns period=10.000ns})
  Destination:            dma_output_data_q_reg[33]/D
                            (rising edge-triggered cell FDRE clocked by core_clk  {rise@0.000ns fall@5.000ns period=10.000ns})
  Path Group:             core_clk
  Path Type:              Setup (Max at Slow Process Corner)
  Requirement:            10.000ns  (core_clk rise@10.000ns - core_clk rise@0.000ns)
  Data Path Delay:        4.669ns  (logic 2.967ns (63.551%)  route 1.702ns (36.449%))
  Logic Levels:           3  (LUT3=1 LUT6=1 MUXF7=1)
  Clock Path Skew:        -0.049ns (DCD - SCD + CPR)
    Destination Clock Delay (DCD):    0.924ns = ( 10.924 - 10.000 ) 
    Source Clock Delay      (SCD):    0.973ns
    Clock Pessimism Removal (CPR):    0.000ns
  Clock Uncertainty:      0.035ns  ((TSJ^2 + TIJ^2)^1/2 + DJ) / 2 + PE
    Total System Jitter     (TSJ):    0.071ns
    Total Input Jitter      (TIJ):    0.000ns
    Discrete Jitter          (DJ):    0.000ns
    Phase Error              (PE):    0.000ns

    Location             Delay type                Incr(ns)  Path(ns)    Netlist Resource(s)
  -------------------------------------------------------------------    -------------------
                         (clock core_clk rise edge)
                                                      0.000     0.000 r  <hidden>
                                                      0.000     0.000 r  clk_i
                         net (fo=707, unset)          0.973     0.973    g_activation[0].bank/g_memory_lane[1].lane/clk_i
                         RAMB36E1                                     r  g_activation[0].bank/g_memory_lane[1].lane/memory_reg_4/CLKBWRCLK
  -------------------------------------------------------------------    -------------------
                         RAMB36E1 (Prop_ramb36e1_CLKBWRCLK_DOBDO[1])
                                                      2.454     3.427 r  g_activation[0].bank/g_memory_lane[1].lane/memory_reg_4/DOBDO[1]
                         net (fo=2, unplaced)         0.800     4.227    g_activation[0].bank/g_memory_lane[1].lane/b_response_data[0]__0[33]
                         LUT3 (Prop_lut3_I0_O)        0.148     4.375 r  g_activation[0].bank/g_memory_lane[1].lane/dma_output_data_q[33]_i_7/O
                         net (fo=1, unplaced)         0.902     5.277    g_weight[1].bank/g_memory_lane[3].lane/dma_output_data_q_reg[33]_1
                         LUT6 (Prop_lut6_I5_O)        0.124     5.401 r  g_weight[1].bank/g_memory_lane[3].lane/dma_output_data_q[33]_i_2/O
                         net (fo=1, unplaced)         0.000     5.401    g_weight[1].bank/g_memory_lane[3].lane/dma_output_data_q[33]_i_2_n_0
                         MUXF7 (Prop_muxf7_I0_O)      0.241     5.642 r  g_weight[1].bank/g_memory_lane[3].lane/dma_output_data_q_reg[33]_i_1/O
                         net (fo=1, unplaced)         0.000     5.642    a_response_data[33]
                         FDRE                                         r  dma_output_data_q_reg[33]/D
  -------------------------------------------------------------------    -------------------

                         (clock core_clk rise edge)
                                                     10.000    10.000 r  <hidden>
                                                      0.000    10.000 r  clk_i
                         net (fo=707, unset)          0.924    10.924    clk_i
                         FDRE                                         r  dma_output_data_q_reg[33]/C
                         clock pessimism              0.000    10.924    <hidden>
                         clock uncertainty           -0.035    10.889    <hidden>
                         FDRE (Setup_fdre_C_D)        0.113    11.002    dma_output_data_q_reg[33]
  -------------------------------------------------------------------
                         required time                         11.002    <hidden>
                         arrival time                          -5.642    <hidden>
  -------------------------------------------------------------------
                         slack                                  5.360    <hidden>

Slack (MET) :             5.360ns  (required time - arrival time)
  Source:                 g_activation[0].bank/g_memory_lane[1].lane/memory_reg_4/CLKBWRCLK
                            (rising edge-triggered cell RAMB36E1 clocked by core_clk  {rise@0.000ns fall@5.000ns period=10.000ns})
  Destination:            dma_output_data_q_reg[35]/D
                            (rising edge-triggered cell FDRE clocked by core_clk  {rise@0.000ns fall@5.000ns period=10.000ns})
  Path Group:             core_clk
  Path Type:              Setup (Max at Slow Process Corner)
  Requirement:            10.000ns  (core_clk rise@10.000ns - core_clk rise@0.000ns)
  Data Path Delay:        4.669ns  (logic 2.967ns (63.551%)  route 1.702ns (36.449%))
  Logic Levels:           3  (LUT3=1 LUT6=1 MUXF7=1)
  Clock Path Skew:        -0.049ns (DCD - SCD + CPR)
    Destination Clock Delay (DCD):    0.924ns = ( 10.924 - 10.000 ) 
    Source Clock Delay      (SCD):    0.973ns
    Clock Pessimism Removal (CPR):    0.000ns
  Clock Uncertainty:      0.035ns  ((TSJ^2 + TIJ^2)^1/2 + DJ) / 2 + PE
    Total System Jitter     (TSJ):    0.071ns
    Total Input Jitter      (TIJ):    0.000ns
    Discrete Jitter          (DJ):    0.000ns
    Phase Error              (PE):    0.000ns

    Location             Delay type                Incr(ns)  Path(ns)    Netlist Resource(s)
  -------------------------------------------------------------------    -------------------
                         (clock core_clk rise edge)
                                                      0.000     0.000 r  <hidden>
                                                      0.000     0.000 r  clk_i
                         net (fo=707, unset)          0.973     0.973    g_activation[0].bank/g_memory_lane[1].lane/clk_i
                         RAMB36E1                                     r  g_activation[0].bank/g_memory_lane[1].lane/memory_reg_4/CLKBWRCLK
  -------------------------------------------------------------------    -------------------
                         RAMB36E1 (Prop_ramb36e1_CLKBWRCLK_DOBDO[3])
                                                      2.454     3.427 r  g_activation[0].bank/g_memory_lane[1].lane/memory_reg_4/DOBDO[3]
                         net (fo=2, unplaced)         0.800     4.227    g_activation[0].bank/g_memory_lane[1].lane/b_response_data[0]__0[35]
                         LUT3 (Prop_lut3_I0_O)        0.148     4.375 r  g_activation[0].bank/g_memory_lane[1].lane/dma_output_data_q[35]_i_7/O
                         net (fo=1, unplaced)         0.902     5.277    g_weight[1].bank/g_memory_lane[3].lane/dma_output_data_q_reg[35]_1
                         LUT6 (Prop_lut6_I5_O)        0.124     5.401 r  g_weight[1].bank/g_memory_lane[3].lane/dma_output_data_q[35]_i_2/O
                         net (fo=1, unplaced)         0.000     5.401    g_weight[1].bank/g_memory_lane[3].lane/dma_output_data_q[35]_i_2_n_0
                         MUXF7 (Prop_muxf7_I0_O)      0.241     5.642 r  g_weight[1].bank/g_memory_lane[3].lane/dma_output_data_q_reg[35]_i_1/O
                         net (fo=1, unplaced)         0.000     5.642    a_response_data[35]
                         FDRE                                         r  dma_output_data_q_reg[35]/D
  -------------------------------------------------------------------    -------------------

                         (clock core_clk rise edge)
                                                     10.000    10.000 r  <hidden>
                                                      0.000    10.000 r  clk_i
                         net (fo=707, unset)          0.924    10.924    clk_i
                         FDRE                                         r  dma_output_data_q_reg[35]/C
                         clock pessimism              0.000    10.924    <hidden>
                         clock uncertainty           -0.035    10.889    <hidden>
                         FDRE (Setup_fdre_C_D)        0.113    11.002    dma_output_data_q_reg[35]
  -------------------------------------------------------------------
                         required time                         11.002    <hidden>
                         arrival time                          -5.642    <hidden>
  -------------------------------------------------------------------
                         slack                                  5.360    <hidden>

Slack (MET) :             5.360ns  (required time - arrival time)
  Source:                 g_activation[0].bank/g_memory_lane[1].lane/memory_reg_4/CLKBWRCLK
                            (rising edge-triggered cell RAMB36E1 clocked by core_clk  {rise@0.000ns fall@5.000ns period=10.000ns})
  Destination:            dma_output_data_q_reg[37]/D
                            (rising edge-triggered cell FDRE clocked by core_clk  {rise@0.000ns fall@5.000ns period=10.000ns})
  Path Group:             core_clk
  Path Type:              Setup (Max at Slow Process Corner)
  Requirement:            10.000ns  (core_clk rise@10.000ns - core_clk rise@0.000ns)
  Data Path Delay:        4.669ns  (logic 2.967ns (63.551%)  route 1.702ns (36.449%))
  Logic Levels:           3  (LUT3=1 LUT6=1 MUXF7=1)
  Clock Path Skew:        -0.049ns (DCD - SCD + CPR)
    Destination Clock Delay (DCD):    0.924ns = ( 10.924 - 10.000 ) 
    Source Clock Delay      (SCD):    0.973ns
    Clock Pessimism Removal (CPR):    0.000ns
  Clock Uncertainty:      0.035ns  ((TSJ^2 + TIJ^2)^1/2 + DJ) / 2 + PE
    Total System Jitter     (TSJ):    0.071ns
    Total Input Jitter      (TIJ):    0.000ns
    Discrete Jitter          (DJ):    0.000ns
    Phase Error              (PE):    0.000ns

    Location             Delay type                Incr(ns)  Path(ns)    Netlist Resource(s)
  -------------------------------------------------------------------    -------------------
                         (clock core_clk rise edge)
                                                      0.000     0.000 r  <hidden>
                                                      0.000     0.000 r  clk_i
                         net (fo=707, unset)          0.973     0.973    g_activation[0].bank/g_memory_lane[1].lane/clk_i
                         RAMB36E1                                     r  g_activation[0].bank/g_memory_lane[1].lane/memory_reg_4/CLKBWRCLK
  -------------------------------------------------------------------    -------------------
                         RAMB36E1 (Prop_ramb36e1_CLKBWRCLK_DOBDO[5])
                                                      2.454     3.427 r  g_activation[0].bank/g_memory_lane[1].lane/memory_reg_4/DOBDO[5]
                         net (fo=2, unplaced)         0.800     4.227    g_activation[0].bank/g_memory_lane[1].lane/b_response_data[0]__0[37]
                         LUT3 (Prop_lut3_I0_O)        0.148     4.375 r  g_activation[0].bank/g_memory_lane[1].lane/dma_output_data_q[37]_i_7/O
                         net (fo=1, unplaced)         0.902     5.277    g_weight[1].bank/g_memory_lane[3].lane/dma_output_data_q_reg[37]_1
                         LUT6 (Prop_lut6_I5_O)        0.124     5.401 r  g_weight[1].bank/g_memory_lane[3].lane/dma_output_data_q[37]_i_2/O
                         net (fo=1, unplaced)         0.000     5.401    g_weight[1].bank/g_memory_lane[3].lane/dma_output_data_q[37]_i_2_n_0
                         MUXF7 (Prop_muxf7_I0_O)      0.241     5.642 r  g_weight[1].bank/g_memory_lane[3].lane/dma_output_data_q_reg[37]_i_1/O
                         net (fo=1, unplaced)         0.000     5.642    a_response_data[37]
                         FDRE                                         r  dma_output_data_q_reg[37]/D
  -------------------------------------------------------------------    -------------------

                         (clock core_clk rise edge)
                                                     10.000    10.000 r  <hidden>
                                                      0.000    10.000 r  clk_i
                         net (fo=707, unset)          0.924    10.924    clk_i
                         FDRE                                         r  dma_output_data_q_reg[37]/C
                         clock pessimism              0.000    10.924    <hidden>
                         clock uncertainty           -0.035    10.889    <hidden>
                         FDRE (Setup_fdre_C_D)        0.113    11.002    dma_output_data_q_reg[37]
  -------------------------------------------------------------------
                         required time                         11.002    <hidden>
                         arrival time                          -5.642    <hidden>
  -------------------------------------------------------------------
                         slack                                  5.360    <hidden>

Slack (MET) :             5.360ns  (required time - arrival time)
  Source:                 g_activation[0].bank/g_memory_lane[1].lane/memory_reg_4/CLKBWRCLK
                            (rising edge-triggered cell RAMB36E1 clocked by core_clk  {rise@0.000ns fall@5.000ns period=10.000ns})
  Destination:            dma_output_data_q_reg[39]/D
                            (rising edge-triggered cell FDRE clocked by core_clk  {rise@0.000ns fall@5.000ns period=10.000ns})
  Path Group:             core_clk
  Path Type:              Setup (Max at Slow Process Corner)
  Requirement:            10.000ns  (core_clk rise@10.000ns - core_clk rise@0.000ns)
  Data Path Delay:        4.669ns  (logic 2.967ns (63.551%)  route 1.702ns (36.449%))
  Logic Levels:           3  (LUT3=1 LUT6=1 MUXF7=1)
  Clock Path Skew:        -0.049ns (DCD - SCD + CPR)
    Destination Clock Delay (DCD):    0.924ns = ( 10.924 - 10.000 ) 
    Source Clock Delay      (SCD):    0.973ns
    Clock Pessimism Removal (CPR):    0.000ns
  Clock Uncertainty:      0.035ns  ((TSJ^2 + TIJ^2)^1/2 + DJ) / 2 + PE
    Total System Jitter     (TSJ):    0.071ns
    Total Input Jitter      (TIJ):    0.000ns
    Discrete Jitter          (DJ):    0.000ns
    Phase Error              (PE):    0.000ns

    Location             Delay type                Incr(ns)  Path(ns)    Netlist Resource(s)
  -------------------------------------------------------------------    -------------------
                         (clock core_clk rise edge)
                                                      0.000     0.000 r  <hidden>
                                                      0.000     0.000 r  clk_i
                         net (fo=707, unset)          0.973     0.973    g_activation[0].bank/g_memory_lane[1].lane/clk_i
                         RAMB36E1                                     r  g_activation[0].bank/g_memory_lane[1].lane/memory_reg_4/CLKBWRCLK
  -------------------------------------------------------------------    -------------------
                         RAMB36E1 (Prop_ramb36e1_CLKBWRCLK_DOBDO[7])
                                                      2.454     3.427 r  g_activation[0].bank/g_memory_lane[1].lane/memory_reg_4/DOBDO[7]
                         net (fo=2, unplaced)         0.800     4.227    g_activation[0].bank/g_memory_lane[1].lane/b_response_data[0]__0[39]
                         LUT3 (Prop_lut3_I0_O)        0.148     4.375 r  g_activation[0].bank/g_memory_lane[1].lane/dma_output_data_q[39]_i_7/O
                         net (fo=1, unplaced)         0.902     5.277    g_weight[1].bank/g_memory_lane[3].lane/dma_output_data_q_reg[39]_1
                         LUT6 (Prop_lut6_I5_O)        0.124     5.401 r  g_weight[1].bank/g_memory_lane[3].lane/dma_output_data_q[39]_i_2/O
                         net (fo=1, unplaced)         0.000     5.401    g_weight[1].bank/g_memory_lane[3].lane/dma_output_data_q[39]_i_2_n_0
                         MUXF7 (Prop_muxf7_I0_O)      0.241     5.642 r  g_weight[1].bank/g_memory_lane[3].lane/dma_output_data_q_reg[39]_i_1/O
                         net (fo=1, unplaced)         0.000     5.642    a_response_data[39]
                         FDRE                                         r  dma_output_data_q_reg[39]/D
  -------------------------------------------------------------------    -------------------

                         (clock core_clk rise edge)
                                                     10.000    10.000 r  <hidden>
                                                      0.000    10.000 r  clk_i
                         net (fo=707, unset)          0.924    10.924    clk_i
                         FDRE                                         r  dma_output_data_q_reg[39]/C
                         clock pessimism              0.000    10.924    <hidden>
                         clock uncertainty           -0.035    10.889    <hidden>
                         FDRE (Setup_fdre_C_D)        0.113    11.002    dma_output_data_q_reg[39]
  -------------------------------------------------------------------
                         required time                         11.002    <hidden>
                         arrival time                          -5.642    <hidden>
  -------------------------------------------------------------------
                         slack                                  5.360    <hidden>

Slack (MET) :             5.360ns  (required time - arrival time)
  Source:                 g_activation[0].bank/g_memory_lane[1].lane/memory_reg_0/CLKBWRCLK
                            (rising edge-triggered cell RAMB36E1 clocked by core_clk  {rise@0.000ns fall@5.000ns period=10.000ns})
  Destination:            dma_output_data_q_reg[3]/D
                            (rising edge-triggered cell FDRE clocked by core_clk  {rise@0.000ns fall@5.000ns period=10.000ns})
  Path Group:             core_clk
  Path Type:              Setup (Max at Slow Process Corner)
  Requirement:            10.000ns  (core_clk rise@10.000ns - core_clk rise@0.000ns)
  Data Path Delay:        4.669ns  (logic 2.967ns (63.551%)  route 1.702ns (36.449%))
  Logic Levels:           3  (LUT3=1 LUT6=1 MUXF7=1)
  Clock Path Skew:        -0.049ns (DCD - SCD + CPR)
    Destination Clock Delay (DCD):    0.924ns = ( 10.924 - 10.000 ) 
    Source Clock Delay      (SCD):    0.973ns
    Clock Pessimism Removal (CPR):    0.000ns
  Clock Uncertainty:      0.035ns  ((TSJ^2 + TIJ^2)^1/2 + DJ) / 2 + PE
    Total System Jitter     (TSJ):    0.071ns
    Total Input Jitter      (TIJ):    0.000ns
    Discrete Jitter          (DJ):    0.000ns
    Phase Error              (PE):    0.000ns

    Location             Delay type                Incr(ns)  Path(ns)    Netlist Resource(s)
  -------------------------------------------------------------------    -------------------
                         (clock core_clk rise edge)
                                                      0.000     0.000 r  <hidden>
                                                      0.000     0.000 r  clk_i
                         net (fo=707, unset)          0.973     0.973    g_activation[0].bank/g_memory_lane[1].lane/clk_i
                         RAMB36E1                                     r  g_activation[0].bank/g_memory_lane[1].lane/memory_reg_0/CLKBWRCLK
  -------------------------------------------------------------------    -------------------
                         RAMB36E1 (Prop_ramb36e1_CLKBWRCLK_DOBDO[3])
                                                      2.454     3.427 r  g_activation[0].bank/g_memory_lane[1].lane/memory_reg_0/DOBDO[3]
                         net (fo=2, unplaced)         0.800     4.227    g_activation[0].bank/g_memory_lane[1].lane/b_response_data[0]__0[3]
                         LUT3 (Prop_lut3_I0_O)        0.148     4.375 r  g_activation[0].bank/g_memory_lane[1].lane/dma_output_data_q[3]_i_7/O
                         net (fo=1, unplaced)         0.902     5.277    g_weight[1].bank/g_memory_lane[3].lane/dma_output_data_q_reg[3]_1
                         LUT6 (Prop_lut6_I5_O)        0.124     5.401 r  g_weight[1].bank/g_memory_lane[3].lane/dma_output_data_q[3]_i_2/O
                         net (fo=1, unplaced)         0.000     5.401    g_weight[1].bank/g_memory_lane[3].lane/dma_output_data_q[3]_i_2_n_0
                         MUXF7 (Prop_muxf7_I0_O)      0.241     5.642 r  g_weight[1].bank/g_memory_lane[3].lane/dma_output_data_q_reg[3]_i_1/O
                         net (fo=1, unplaced)         0.000     5.642    a_response_data[3]
                         FDRE                                         r  dma_output_data_q_reg[3]/D
  -------------------------------------------------------------------    -------------------

                         (clock core_clk rise edge)
                                                     10.000    10.000 r  <hidden>
                                                      0.000    10.000 r  clk_i
                         net (fo=707, unset)          0.924    10.924    clk_i
                         FDRE                                         r  dma_output_data_q_reg[3]/C
                         clock pessimism              0.000    10.924    <hidden>
                         clock uncertainty           -0.035    10.889    <hidden>
                         FDRE (Setup_fdre_C_D)        0.113    11.002    dma_output_data_q_reg[3]
  -------------------------------------------------------------------
                         required time                         11.002    <hidden>
                         arrival time                          -5.642    <hidden>
  -------------------------------------------------------------------
                         slack                                  5.360    <hidden>

Slack (MET) :             5.360ns  (required time - arrival time)
  Source:                 g_activation[0].bank/g_memory_lane[1].lane/memory_reg_5/CLKBWRCLK
                            (rising edge-triggered cell RAMB36E1 clocked by core_clk  {rise@0.000ns fall@5.000ns period=10.000ns})
  Destination:            dma_output_data_q_reg[41]/D
                            (rising edge-triggered cell FDRE clocked by core_clk  {rise@0.000ns fall@5.000ns period=10.000ns})
  Path Group:             core_clk
  Path Type:              Setup (Max at Slow Process Corner)
  Requirement:            10.000ns  (core_clk rise@10.000ns - core_clk rise@0.000ns)
  Data Path Delay:        4.669ns  (logic 2.967ns (63.551%)  route 1.702ns (36.449%))
  Logic Levels:           3  (LUT3=1 LUT6=1 MUXF7=1)
  Clock Path Skew:        -0.049ns (DCD - SCD + CPR)
    Destination Clock Delay (DCD):    0.924ns = ( 10.924 - 10.000 ) 
    Source Clock Delay      (SCD):    0.973ns
    Clock Pessimism Removal (CPR):    0.000ns
  Clock Uncertainty:      0.035ns  ((TSJ^2 + TIJ^2)^1/2 + DJ) / 2 + PE
    Total System Jitter     (TSJ):    0.071ns
    Total Input Jitter      (TIJ):    0.000ns
    Discrete Jitter          (DJ):    0.000ns
    Phase Error              (PE):    0.000ns

    Location             Delay type                Incr(ns)  Path(ns)    Netlist Resource(s)
  -------------------------------------------------------------------    -------------------
                         (clock core_clk rise edge)
                                                      0.000     0.000 r  <hidden>
                                                      0.000     0.000 r  clk_i
                         net (fo=707, unset)          0.973     0.973    g_activation[0].bank/g_memory_lane[1].lane/clk_i
                         RAMB36E1                                     r  g_activation[0].bank/g_memory_lane[1].lane/memory_reg_5/CLKBWRCLK
  -------------------------------------------------------------------    -------------------
                         RAMB36E1 (Prop_ramb36e1_CLKBWRCLK_DOBDO[1])
                                                      2.454     3.427 r  g_activation[0].bank/g_memory_lane[1].lane/memory_reg_5/DOBDO[1]
                         net (fo=2, unplaced)         0.800     4.227    g_activation[0].bank/g_memory_lane[1].lane/b_response_data[0]__0[41]
                         LUT3 (Prop_lut3_I0_O)        0.148     4.375 r  g_activation[0].bank/g_memory_lane[1].lane/dma_output_data_q[41]_i_7/O
                         net (fo=1, unplaced)         0.902     5.277    g_weight[1].bank/g_memory_lane[3].lane/dma_output_data_q_reg[41]_1
                         LUT6 (Prop_lut6_I5_O)        0.124     5.401 r  g_weight[1].bank/g_memory_lane[3].lane/dma_output_data_q[41]_i_2/O
                         net (fo=1, unplaced)         0.000     5.401    g_weight[1].bank/g_memory_lane[3].lane/dma_output_data_q[41]_i_2_n_0
                         MUXF7 (Prop_muxf7_I0_O)      0.241     5.642 r  g_weight[1].bank/g_memory_lane[3].lane/dma_output_data_q_reg[41]_i_1/O
                         net (fo=1, unplaced)         0.000     5.642    a_response_data[41]
                         FDRE                                         r  dma_output_data_q_reg[41]/D
  -------------------------------------------------------------------    -------------------

                         (clock core_clk rise edge)
                                                     10.000    10.000 r  <hidden>
                                                      0.000    10.000 r  clk_i
                         net (fo=707, unset)          0.924    10.924    clk_i
                         FDRE                                         r  dma_output_data_q_reg[41]/C
                         clock pessimism              0.000    10.924    <hidden>
                         clock uncertainty           -0.035    10.889    <hidden>
                         FDRE (Setup_fdre_C_D)        0.113    11.002    dma_output_data_q_reg[41]
  -------------------------------------------------------------------
                         required time                         11.002    <hidden>
                         arrival time                          -5.642    <hidden>
  -------------------------------------------------------------------
                         slack                                  5.360    <hidden>

Slack (MET) :             5.360ns  (required time - arrival time)
  Source:                 g_activation[0].bank/g_memory_lane[1].lane/memory_reg_5/CLKBWRCLK
                            (rising edge-triggered cell RAMB36E1 clocked by core_clk  {rise@0.000ns fall@5.000ns period=10.000ns})
  Destination:            dma_output_data_q_reg[43]/D
                            (rising edge-triggered cell FDRE clocked by core_clk  {rise@0.000ns fall@5.000ns period=10.000ns})
  Path Group:             core_clk
  Path Type:              Setup (Max at Slow Process Corner)
  Requirement:            10.000ns  (core_clk rise@10.000ns - core_clk rise@0.000ns)
  Data Path Delay:        4.669ns  (logic 2.967ns (63.551%)  route 1.702ns (36.449%))
  Logic Levels:           3  (LUT3=1 LUT6=1 MUXF7=1)
  Clock Path Skew:        -0.049ns (DCD - SCD + CPR)
    Destination Clock Delay (DCD):    0.924ns = ( 10.924 - 10.000 ) 
    Source Clock Delay      (SCD):    0.973ns
    Clock Pessimism Removal (CPR):    0.000ns
  Clock Uncertainty:      0.035ns  ((TSJ^2 + TIJ^2)^1/2 + DJ) / 2 + PE
    Total System Jitter     (TSJ):    0.071ns
    Total Input Jitter      (TIJ):    0.000ns
    Discrete Jitter          (DJ):    0.000ns
    Phase Error              (PE):    0.000ns

    Location             Delay type                Incr(ns)  Path(ns)    Netlist Resource(s)
  -------------------------------------------------------------------    -------------------
                         (clock core_clk rise edge)
                                                      0.000     0.000 r  <hidden>
                                                      0.000     0.000 r  clk_i
                         net (fo=707, unset)          0.973     0.973    g_activation[0].bank/g_memory_lane[1].lane/clk_i
                         RAMB36E1                                     r  g_activation[0].bank/g_memory_lane[1].lane/memory_reg_5/CLKBWRCLK
  -------------------------------------------------------------------    -------------------
                         RAMB36E1 (Prop_ramb36e1_CLKBWRCLK_DOBDO[3])
                                                      2.454     3.427 r  g_activation[0].bank/g_memory_lane[1].lane/memory_reg_5/DOBDO[3]
                         net (fo=2, unplaced)         0.800     4.227    g_activation[0].bank/g_memory_lane[1].lane/b_response_data[0]__0[43]
                         LUT3 (Prop_lut3_I0_O)        0.148     4.375 r  g_activation[0].bank/g_memory_lane[1].lane/dma_output_data_q[43]_i_7/O
                         net (fo=1, unplaced)         0.902     5.277    g_weight[1].bank/g_memory_lane[3].lane/dma_output_data_q_reg[43]_1
                         LUT6 (Prop_lut6_I5_O)        0.124     5.401 r  g_weight[1].bank/g_memory_lane[3].lane/dma_output_data_q[43]_i_2/O
                         net (fo=1, unplaced)         0.000     5.401    g_weight[1].bank/g_memory_lane[3].lane/dma_output_data_q[43]_i_2_n_0
                         MUXF7 (Prop_muxf7_I0_O)      0.241     5.642 r  g_weight[1].bank/g_memory_lane[3].lane/dma_output_data_q_reg[43]_i_1/O
                         net (fo=1, unplaced)         0.000     5.642    a_response_data[43]
                         FDRE                                         r  dma_output_data_q_reg[43]/D
  -------------------------------------------------------------------    -------------------

                         (clock core_clk rise edge)
                                                     10.000    10.000 r  <hidden>
                                                      0.000    10.000 r  clk_i
                         net (fo=707, unset)          0.924    10.924    clk_i
                         FDRE                                         r  dma_output_data_q_reg[43]/C
                         clock pessimism              0.000    10.924    <hidden>
                         clock uncertainty           -0.035    10.889    <hidden>
                         FDRE (Setup_fdre_C_D)        0.113    11.002    dma_output_data_q_reg[43]
  -------------------------------------------------------------------
                         required time                         11.002    <hidden>
                         arrival time                          -5.642    <hidden>
  -------------------------------------------------------------------
                         slack                                  5.360    <hidden>

Slack (MET) :             5.360ns  (required time - arrival time)
  Source:                 g_activation[0].bank/g_memory_lane[1].lane/memory_reg_5/CLKBWRCLK
                            (rising edge-triggered cell RAMB36E1 clocked by core_clk  {rise@0.000ns fall@5.000ns period=10.000ns})
  Destination:            dma_output_data_q_reg[45]/D
                            (rising edge-triggered cell FDRE clocked by core_clk  {rise@0.000ns fall@5.000ns period=10.000ns})
  Path Group:             core_clk
  Path Type:              Setup (Max at Slow Process Corner)
  Requirement:            10.000ns  (core_clk rise@10.000ns - core_clk rise@0.000ns)
  Data Path Delay:        4.669ns  (logic 2.967ns (63.551%)  route 1.702ns (36.449%))
  Logic Levels:           3  (LUT3=1 LUT6=1 MUXF7=1)
  Clock Path Skew:        -0.049ns (DCD - SCD + CPR)
    Destination Clock Delay (DCD):    0.924ns = ( 10.924 - 10.000 ) 
    Source Clock Delay      (SCD):    0.973ns
    Clock Pessimism Removal (CPR):    0.000ns
  Clock Uncertainty:      0.035ns  ((TSJ^2 + TIJ^2)^1/2 + DJ) / 2 + PE
    Total System Jitter     (TSJ):    0.071ns
    Total Input Jitter      (TIJ):    0.000ns
    Discrete Jitter          (DJ):    0.000ns
    Phase Error              (PE):    0.000ns

    Location             Delay type                Incr(ns)  Path(ns)    Netlist Resource(s)
  -------------------------------------------------------------------    -------------------
                         (clock core_clk rise edge)
                                                      0.000     0.000 r  <hidden>
                                                      0.000     0.000 r  clk_i
                         net (fo=707, unset)          0.973     0.973    g_activation[0].bank/g_memory_lane[1].lane/clk_i
                         RAMB36E1                                     r  g_activation[0].bank/g_memory_lane[1].lane/memory_reg_5/CLKBWRCLK
  -------------------------------------------------------------------    -------------------
                         RAMB36E1 (Prop_ramb36e1_CLKBWRCLK_DOBDO[5])
                                                      2.454     3.427 r  g_activation[0].bank/g_memory_lane[1].lane/memory_reg_5/DOBDO[5]
                         net (fo=2, unplaced)         0.800     4.227    g_activation[0].bank/g_memory_lane[1].lane/b_response_data[0]__0[45]
                         LUT3 (Prop_lut3_I0_O)        0.148     4.375 r  g_activation[0].bank/g_memory_lane[1].lane/dma_output_data_q[45]_i_7/O
                         net (fo=1, unplaced)         0.902     5.277    g_weight[1].bank/g_memory_lane[3].lane/dma_output_data_q_reg[45]_1
                         LUT6 (Prop_lut6_I5_O)        0.124     5.401 r  g_weight[1].bank/g_memory_lane[3].lane/dma_output_data_q[45]_i_2/O
                         net (fo=1, unplaced)         0.000     5.401    g_weight[1].bank/g_memory_lane[3].lane/dma_output_data_q[45]_i_2_n_0
                         MUXF7 (Prop_muxf7_I0_O)      0.241     5.642 r  g_weight[1].bank/g_memory_lane[3].lane/dma_output_data_q_reg[45]_i_1/O
                         net (fo=1, unplaced)         0.000     5.642    a_response_data[45]
                         FDRE                                         r  dma_output_data_q_reg[45]/D
  -------------------------------------------------------------------    -------------------

                         (clock core_clk rise edge)
                                                     10.000    10.000 r  <hidden>
                                                      0.000    10.000 r  clk_i
                         net (fo=707, unset)          0.924    10.924    clk_i
                         FDRE                                         r  dma_output_data_q_reg[45]/C
                         clock pessimism              0.000    10.924    <hidden>
                         clock uncertainty           -0.035    10.889    <hidden>
                         FDRE (Setup_fdre_C_D)        0.113    11.002    dma_output_data_q_reg[45]
  -------------------------------------------------------------------
                         required time                         11.002    <hidden>
                         arrival time                          -5.642    <hidden>
  -------------------------------------------------------------------
                         slack                                  5.360    <hidden>





Pulse Width Checks
--------------------------------------------------------------------------------------
Clock Name:         core_clk
Waveform(ns):       { 0.000 5.000 }
Period(ns):         10.000
Sources:            { clk_i }

Check Type        Corner  Lib Pin             Reference Pin  Required(ns)  Actual(ns)  Slack(ns)  Location  Pin
Min Period        n/a     RAMB36E1/CLKARDCLK  n/a            2.944         10.000      7.056                g_activation[0].bank/g_memory_lane[0].lane/memory_reg_0/CLKARDCLK
Min Period        n/a     RAMB36E1/CLKARDCLK  n/a            2.944         10.000      7.056                g_activation[0].bank/g_memory_lane[0].lane/memory_reg_1/CLKARDCLK
Min Period        n/a     RAMB36E1/CLKARDCLK  n/a            2.944         10.000      7.056                g_activation[0].bank/g_memory_lane[0].lane/memory_reg_2/CLKARDCLK
Min Period        n/a     RAMB36E1/CLKARDCLK  n/a            2.944         10.000      7.056                g_activation[0].bank/g_memory_lane[0].lane/memory_reg_3/CLKARDCLK
Min Period        n/a     RAMB36E1/CLKARDCLK  n/a            2.944         10.000      7.056                g_activation[0].bank/g_memory_lane[0].lane/memory_reg_4/CLKARDCLK
Min Period        n/a     RAMB36E1/CLKARDCLK  n/a            2.944         10.000      7.056                g_activation[0].bank/g_memory_lane[0].lane/memory_reg_5/CLKARDCLK
Min Period        n/a     RAMB36E1/CLKARDCLK  n/a            2.944         10.000      7.056                g_activation[0].bank/g_memory_lane[0].lane/memory_reg_6/CLKARDCLK
Min Period        n/a     RAMB36E1/CLKARDCLK  n/a            2.944         10.000      7.056                g_activation[0].bank/g_memory_lane[0].lane/memory_reg_7/CLKARDCLK
Min Period        n/a     RAMB36E1/CLKARDCLK  n/a            2.944         10.000      7.056                g_activation[0].bank/g_memory_lane[1].lane/memory_reg_0/CLKARDCLK
Min Period        n/a     RAMB36E1/CLKARDCLK  n/a            2.944         10.000      7.056                g_activation[0].bank/g_memory_lane[1].lane/memory_reg_1/CLKARDCLK
Min Period        n/a     RAMB36E1/CLKARDCLK  n/a            2.944         10.000      7.056                g_activation[0].bank/g_memory_lane[1].lane/memory_reg_2/CLKARDCLK
Min Period        n/a     RAMB36E1/CLKARDCLK  n/a            2.944         10.000      7.056                g_activation[0].bank/g_memory_lane[1].lane/memory_reg_3/CLKARDCLK
Min Period        n/a     RAMB36E1/CLKARDCLK  n/a            2.944         10.000      7.056                g_activation[0].bank/g_memory_lane[1].lane/memory_reg_4/CLKARDCLK
Min Period        n/a     RAMB36E1/CLKARDCLK  n/a            2.944         10.000      7.056                g_activation[0].bank/g_memory_lane[1].lane/memory_reg_5/CLKARDCLK
Min Period        n/a     RAMB36E1/CLKARDCLK  n/a            2.944         10.000      7.056                g_activation[0].bank/g_memory_lane[1].lane/memory_reg_6/CLKARDCLK
Min Period        n/a     RAMB36E1/CLKARDCLK  n/a            2.944         10.000      7.056                g_activation[0].bank/g_memory_lane[1].lane/memory_reg_7/CLKARDCLK
Min Period        n/a     RAMB36E1/CLKARDCLK  n/a            2.944         10.000      7.056                g_activation[1].bank/g_memory_lane[0].lane/memory_reg_0/CLKARDCLK
Min Period        n/a     RAMB36E1/CLKARDCLK  n/a            2.944         10.000      7.056                g_activation[1].bank/g_memory_lane[0].lane/memory_reg_1/CLKARDCLK
Min Period        n/a     RAMB36E1/CLKARDCLK  n/a            2.944         10.000      7.056                g_activation[1].bank/g_memory_lane[0].lane/memory_reg_2/CLKARDCLK
Min Period        n/a     RAMB36E1/CLKARDCLK  n/a            2.944         10.000      7.056                g_activation[1].bank/g_memory_lane[0].lane/memory_reg_3/CLKARDCLK
Low Pulse Width   Slow    FDRE/C              n/a            0.500         5.000       4.500                accelerator_output_data_q_reg[0]/C
Low Pulse Width   Fast    FDRE/C              n/a            0.500         5.000       4.500                accelerator_output_data_q_reg[0]/C
Low Pulse Width   Slow    FDRE/C              n/a            0.500         5.000       4.500                accelerator_output_data_q_reg[100]/C
Low Pulse Width   Fast    FDRE/C              n/a            0.500         5.000       4.500                accelerator_output_data_q_reg[100]/C
Low Pulse Width   Slow    FDRE/C              n/a            0.500         5.000       4.500                accelerator_output_data_q_reg[101]/C
Low Pulse Width   Fast    FDRE/C              n/a            0.500         5.000       4.500                accelerator_output_data_q_reg[101]/C
Low Pulse Width   Slow    FDRE/C              n/a            0.500         5.000       4.500                accelerator_output_data_q_reg[102]/C
Low Pulse Width   Fast    FDRE/C              n/a            0.500         5.000       4.500                accelerator_output_data_q_reg[102]/C
Low Pulse Width   Slow    FDRE/C              n/a            0.500         5.000       4.500                accelerator_output_data_q_reg[103]/C
Low Pulse Width   Fast    FDRE/C              n/a            0.500         5.000       4.500                accelerator_output_data_q_reg[103]/C
Low Pulse Width   Slow    FDRE/C              n/a            0.500         5.000       4.500                accelerator_output_data_q_reg[104]/C
Low Pulse Width   Fast    FDRE/C              n/a            0.500         5.000       4.500                accelerator_output_data_q_reg[104]/C
Low Pulse Width   Slow    FDRE/C              n/a            0.500         5.000       4.500                accelerator_output_data_q_reg[105]/C
Low Pulse Width   Fast    FDRE/C              n/a            0.500         5.000       4.500                accelerator_output_data_q_reg[105]/C
Low Pulse Width   Slow    FDRE/C              n/a            0.500         5.000       4.500                accelerator_output_data_q_reg[106]/C
Low Pulse Width   Fast    FDRE/C              n/a            0.500         5.000       4.500                accelerator_output_data_q_reg[106]/C
Low Pulse Width   Slow    FDRE/C              n/a            0.500         5.000       4.500                accelerator_output_data_q_reg[107]/C
Low Pulse Width   Fast    FDRE/C              n/a            0.500         5.000       4.500                accelerator_output_data_q_reg[107]/C
Low Pulse Width   Slow    FDRE/C              n/a            0.500         5.000       4.500                accelerator_output_data_q_reg[108]/C
Low Pulse Width   Fast    FDRE/C              n/a            0.500         5.000       4.500                accelerator_output_data_q_reg[108]/C
High Pulse Width  Slow    FDRE/C              n/a            0.500         5.000       4.500                accelerator_output_data_q_reg[0]/C
High Pulse Width  Fast    FDRE/C              n/a            0.500         5.000       4.500                accelerator_output_data_q_reg[0]/C
High Pulse Width  Slow    FDRE/C              n/a            0.500         5.000       4.500                accelerator_output_data_q_reg[100]/C
High Pulse Width  Fast    FDRE/C              n/a            0.500         5.000       4.500                accelerator_output_data_q_reg[100]/C
High Pulse Width  Slow    FDRE/C              n/a            0.500         5.000       4.500                accelerator_output_data_q_reg[101]/C
High Pulse Width  Fast    FDRE/C              n/a            0.500         5.000       4.500                accelerator_output_data_q_reg[101]/C
High Pulse Width  Slow    FDRE/C              n/a            0.500         5.000       4.500                accelerator_output_data_q_reg[102]/C
High Pulse Width  Fast    FDRE/C              n/a            0.500         5.000       4.500                accelerator_output_data_q_reg[102]/C
High Pulse Width  Slow    FDRE/C              n/a            0.500         5.000       4.500                accelerator_output_data_q_reg[103]/C
High Pulse Width  Fast    FDRE/C              n/a            0.500         5.000       4.500                accelerator_output_data_q_reg[103]/C
High Pulse Width  Slow    FDRE/C              n/a            0.500         5.000       4.500                accelerator_output_data_q_reg[104]/C
High Pulse Width  Fast    FDRE/C              n/a            0.500         5.000       4.500                accelerator_output_data_q_reg[104]/C
High Pulse Width  Slow    FDRE/C              n/a            0.500         5.000       4.500                accelerator_output_data_q_reg[105]/C
High Pulse Width  Fast    FDRE/C              n/a            0.500         5.000       4.500                accelerator_output_data_q_reg[105]/C
High Pulse Width  Slow    FDRE/C              n/a            0.500         5.000       4.500                accelerator_output_data_q_reg[106]/C
High Pulse Width  Fast    FDRE/C              n/a            0.500         5.000       4.500                accelerator_output_data_q_reg[106]/C
High Pulse Width  Slow    FDRE/C              n/a            0.500         5.000       4.500                accelerator_output_data_q_reg[107]/C
High Pulse Width  Fast    FDRE/C              n/a            0.500         5.000       4.500                accelerator_output_data_q_reg[107]/C
High Pulse Width  Slow    FDRE/C              n/a            0.500         5.000       4.500                accelerator_output_data_q_reg[108]/C
High Pulse Width  Fast    FDRE/C              n/a            0.500         5.000       4.500                accelerator_output_data_q_reg[108]/C



