Copyright 1986-2022 Xilinx, Inc. All Rights Reserved. Copyright 2022-2026 Advanced Micro Devices, Inc. All Rights Reserved.
---------------------------------------------------------------------------------------------------------------------------------------------
| Tool Version : Vivado v.2026.1 (win64) Build 6511674 Tue Jun 16 11:02:23 MDT 2026
| Date         : Tue Sep 15 23:14:52 2026
| Host         : RAW2332 running 64-bit major release  (build 9200)
| Command      : report_methodology -file D:/WORKBUDDY/STEM/npu-stem-repo/hardware/reports/vivado_2026_1/npu_top/methodology.rpt
| Design       : npu_top
| Device       : xc7z020clg400-1
| Speed File   : -1
| Design State : Synthesized
---------------------------------------------------------------------------------------------------------------------------------------------

Report Methodology

Table of Contents
-----------------
1. REPORT SUMMARY
2. REPORT DETAILS

1. REPORT SUMMARY
-----------------
            Netlist: npu_top
          Floorplan: design_1
      Design limits: <entire design considered>
             Max checks: <unlimited>
             Checks found: 481
+-----------+----------+--------------------------------------------+--------+
| Rule      | Severity | Description                                | Checks |
+-----------+----------+--------------------------------------------+--------+
| SYNTH-6   | Warning  | Timing of a RAM block might be sub-optimal | 61     |
| SYNTH-10  | Warning  | Wide multiplier                            | 8      |
| TIMING-18 | Warning  | Missing input or output delay              | 412    |
+-----------+----------+--------------------------------------------+--------+

2. REPORT DETAILS
-----------------
SYNTH-6#1 Warning
Timing of a RAM block might be sub-optimal  
The timing for the instance core/data_subsystem/conv2d_pipeline/post/tanh_lut_reg_0, implemented as a RAM block, might be sub-optimal as no output register was merged into the block.
Related violations: <none>

SYNTH-6#2 Warning
Timing of a RAM block might be sub-optimal  
The timing for the instance core/data_subsystem/conv2d_pipeline/post/tanh_lut_reg_1, implemented as a RAM block, might be sub-optimal as no output register was merged into the block.
Related violations: <none>

SYNTH-6#3 Warning
Timing of a RAM block might be sub-optimal  
The timing for the instance core/data_subsystem/scratchpad/g_activation[0].bank/g_memory_lane[0].lane/memory_reg_0, implemented as a RAM block, might be sub-optimal as no output register was merged into the block.
Related violations: <none>

SYNTH-6#4 Warning
Timing of a RAM block might be sub-optimal  
The timing for the instance core/data_subsystem/scratchpad/g_activation[0].bank/g_memory_lane[0].lane/memory_reg_1, implemented as a RAM block, might be sub-optimal as no output register was merged into the block.
Related violations: <none>

SYNTH-6#5 Warning
Timing of a RAM block might be sub-optimal  
The timing for the instance core/data_subsystem/scratchpad/g_activation[0].bank/g_memory_lane[0].lane/memory_reg_2, implemented as a RAM block, might be sub-optimal as no output register was merged into the block.
Related violations: <none>

SYNTH-6#6 Warning
Timing of a RAM block might be sub-optimal  
The timing for the instance core/data_subsystem/scratchpad/g_activation[0].bank/g_memory_lane[0].lane/memory_reg_3, implemented as a RAM block, might be sub-optimal as no output register was merged into the block.
Related violations: <none>

SYNTH-6#7 Warning
Timing of a RAM block might be sub-optimal  
The timing for the instance core/data_subsystem/scratchpad/g_activation[0].bank/g_memory_lane[0].lane/memory_reg_4, implemented as a RAM block, might be sub-optimal as no output register was merged into the block.
Related violations: <none>

SYNTH-6#8 Warning
Timing of a RAM block might be sub-optimal  
The timing for the instance core/data_subsystem/scratchpad/g_activation[0].bank/g_memory_lane[0].lane/memory_reg_5, implemented as a RAM block, might be sub-optimal as no output register was merged into the block.
Related violations: <none>

SYNTH-6#9 Warning
Timing of a RAM block might be sub-optimal  
The timing for the instance core/data_subsystem/scratchpad/g_activation[0].bank/g_memory_lane[0].lane/memory_reg_6, implemented as a RAM block, might be sub-optimal as no output register was merged into the block.
Related violations: <none>

SYNTH-6#10 Warning
Timing of a RAM block might be sub-optimal  
The timing for the instance core/data_subsystem/scratchpad/g_activation[0].bank/g_memory_lane[0].lane/memory_reg_7, implemented as a RAM block, might be sub-optimal as no output register was merged into the block.
Related violations: <none>

SYNTH-6#11 Warning
Timing of a RAM block might be sub-optimal  
The timing for the instance core/data_subsystem/scratchpad/g_activation[0].bank/g_memory_lane[1].lane/memory_reg_0, implemented as a RAM block, might be sub-optimal as no output register was merged into the block.
Related violations: <none>

SYNTH-6#12 Warning
Timing of a RAM block might be sub-optimal  
The timing for the instance core/data_subsystem/scratchpad/g_activation[0].bank/g_memory_lane[1].lane/memory_reg_1, implemented as a RAM block, might be sub-optimal as no output register was merged into the block.
Related violations: <none>

SYNTH-6#13 Warning
Timing of a RAM block might be sub-optimal  
The timing for the instance core/data_subsystem/scratchpad/g_activation[0].bank/g_memory_lane[1].lane/memory_reg_2, implemented as a RAM block, might be sub-optimal as no output register was merged into the block.
Related violations: <none>

SYNTH-6#14 Warning
Timing of a RAM block might be sub-optimal  
The timing for the instance core/data_subsystem/scratchpad/g_activation[0].bank/g_memory_lane[1].lane/memory_reg_3, implemented as a RAM block, might be sub-optimal as no output register was merged into the block.
Related violations: <none>

SYNTH-6#15 Warning
Timing of a RAM block might be sub-optimal  
The timing for the instance core/data_subsystem/scratchpad/g_activation[0].bank/g_memory_lane[1].lane/memory_reg_4, implemented as a RAM block, might be sub-optimal as no output register was merged into the block.
Related violations: <none>

SYNTH-6#16 Warning
Timing of a RAM block might be sub-optimal  
The timing for the instance core/data_subsystem/scratchpad/g_activation[0].bank/g_memory_lane[1].lane/memory_reg_5, implemented as a RAM block, might be sub-optimal as no output register was merged into the block.
Related violations: <none>

SYNTH-6#17 Warning
Timing of a RAM block might be sub-optimal  
The timing for the instance core/data_subsystem/scratchpad/g_activation[0].bank/g_memory_lane[1].lane/memory_reg_6, implemented as a RAM block, might be sub-optimal as no output register was merged into the block.
Related violations: <none>

SYNTH-6#18 Warning
Timing of a RAM block might be sub-optimal  
The timing for the instance core/data_subsystem/scratchpad/g_activation[0].bank/g_memory_lane[1].lane/memory_reg_7, implemented as a RAM block, might be sub-optimal as no output register was merged into the block.
Related violations: <none>

SYNTH-6#19 Warning
Timing of a RAM block might be sub-optimal  
The timing for the instance core/data_subsystem/scratchpad/g_activation[1].bank/g_memory_lane[0].lane/memory_reg_0, implemented as a RAM block, might be sub-optimal as no output register was merged into the block.
Related violations: <none>

SYNTH-6#20 Warning
Timing of a RAM block might be sub-optimal  
The timing for the instance core/data_subsystem/scratchpad/g_activation[1].bank/g_memory_lane[0].lane/memory_reg_1, implemented as a RAM block, might be sub-optimal as no output register was merged into the block.
Related violations: <none>

SYNTH-6#21 Warning
Timing of a RAM block might be sub-optimal  
The timing for the instance core/data_subsystem/scratchpad/g_activation[1].bank/g_memory_lane[0].lane/memory_reg_2, implemented as a RAM block, might be sub-optimal as no output register was merged into the block.
Related violations: <none>

SYNTH-6#22 Warning
Timing of a RAM block might be sub-optimal  
The timing for the instance core/data_subsystem/scratchpad/g_activation[1].bank/g_memory_lane[0].lane/memory_reg_3, implemented as a RAM block, might be sub-optimal as no output register was merged into the block.
Related violations: <none>

SYNTH-6#23 Warning
Timing of a RAM block might be sub-optimal  
The timing for the instance core/data_subsystem/scratchpad/g_activation[1].bank/g_memory_lane[0].lane/memory_reg_4, implemented as a RAM block, might be sub-optimal as no output register was merged into the block.
Related violations: <none>

SYNTH-6#24 Warning
Timing of a RAM block might be sub-optimal  
The timing for the instance core/data_subsystem/scratchpad/g_activation[1].bank/g_memory_lane[0].lane/memory_reg_5, implemented as a RAM block, might be sub-optimal as no output register was merged into the block.
Related violations: <none>

SYNTH-6#25 Warning
Timing of a RAM block might be sub-optimal  
The timing for the instance core/data_subsystem/scratchpad/g_activation[1].bank/g_memory_lane[0].lane/memory_reg_6, implemented as a RAM block, might be sub-optimal as no output register was merged into the block.
Related violations: <none>

SYNTH-6#26 Warning
Timing of a RAM block might be sub-optimal  
The timing for the instance core/data_subsystem/scratchpad/g_activation[1].bank/g_memory_lane[0].lane/memory_reg_7, implemented as a RAM block, might be sub-optimal as no output register was merged into the block.
Related violations: <none>

SYNTH-6#27 Warning
Timing of a RAM block might be sub-optimal  
The timing for the instance core/data_subsystem/scratchpad/g_activation[1].bank/g_memory_lane[1].lane/memory_reg_0, implemented as a RAM block, might be sub-optimal as no output register was merged into the block.
Related violations: <none>

SYNTH-6#28 Warning
Timing of a RAM block might be sub-optimal  
The timing for the instance core/data_subsystem/scratchpad/g_activation[1].bank/g_memory_lane[1].lane/memory_reg_1, implemented as a RAM block, might be sub-optimal as no output register was merged into the block.
Related violations: <none>

SYNTH-6#29 Warning
Timing of a RAM block might be sub-optimal  
The timing for the instance core/data_subsystem/scratchpad/g_activation[1].bank/g_memory_lane[1].lane/memory_reg_2, implemented as a RAM block, might be sub-optimal as no output register was merged into the block.
Related violations: <none>

SYNTH-6#30 Warning
Timing of a RAM block might be sub-optimal  
The timing for the instance core/data_subsystem/scratchpad/g_activation[1].bank/g_memory_lane[1].lane/memory_reg_3, implemented as a RAM block, might be sub-optimal as no output register was merged into the block.
Related violations: <none>

SYNTH-6#31 Warning
Timing of a RAM block might be sub-optimal  
The timing for the instance core/data_subsystem/scratchpad/g_activation[1].bank/g_memory_lane[1].lane/memory_reg_4, implemented as a RAM block, might be sub-optimal as no output register was merged into the block.
Related violations: <none>

SYNTH-6#32 Warning
Timing of a RAM block might be sub-optimal  
The timing for the instance core/data_subsystem/scratchpad/g_activation[1].bank/g_memory_lane[1].lane/memory_reg_5, implemented as a RAM block, might be sub-optimal as no output register was merged into the block.
Related violations: <none>

SYNTH-6#33 Warning
Timing of a RAM block might be sub-optimal  
The timing for the instance core/data_subsystem/scratchpad/g_activation[1].bank/g_memory_lane[1].lane/memory_reg_6, implemented as a RAM block, might be sub-optimal as no output register was merged into the block.
Related violations: <none>

SYNTH-6#34 Warning
Timing of a RAM block might be sub-optimal  
The timing for the instance core/data_subsystem/scratchpad/g_activation[1].bank/g_memory_lane[1].lane/memory_reg_7, implemented as a RAM block, might be sub-optimal as no output register was merged into the block.
Related violations: <none>

SYNTH-6#35 Warning
Timing of a RAM block might be sub-optimal  
The timing for the instance core/data_subsystem/scratchpad/g_output[0].bank/g_memory_lane[0].lane/memory_reg_0, implemented as a RAM block, might be sub-optimal as no output register was merged into the block.
Related violations: <none>

SYNTH-6#36 Warning
Timing of a RAM block might be sub-optimal  
The timing for the instance core/data_subsystem/scratchpad/g_output[0].bank/g_memory_lane[0].lane/memory_reg_1, implemented as a RAM block, might be sub-optimal as no output register was merged into the block.
Related violations: <none>

SYNTH-6#37 Warning
Timing of a RAM block might be sub-optimal  
The timing for the instance core/data_subsystem/scratchpad/g_output[0].bank/g_memory_lane[1].lane/memory_reg_0, implemented as a RAM block, might be sub-optimal as no output register was merged into the block.
Related violations: <none>

SYNTH-6#38 Warning
Timing of a RAM block might be sub-optimal  
The timing for the instance core/data_subsystem/scratchpad/g_output[0].bank/g_memory_lane[1].lane/memory_reg_1, implemented as a RAM block, might be sub-optimal as no output register was merged into the block.
Related violations: <none>

SYNTH-6#39 Warning
Timing of a RAM block might be sub-optimal  
The timing for the instance core/data_subsystem/scratchpad/g_output[1].bank/g_memory_lane[0].lane/memory_reg_0, implemented as a RAM block, might be sub-optimal as no output register was merged into the block.
Related violations: <none>

SYNTH-6#40 Warning
Timing of a RAM block might be sub-optimal  
The timing for the instance core/data_subsystem/scratchpad/g_output[1].bank/g_memory_lane[0].lane/memory_reg_1, implemented as a RAM block, might be sub-optimal as no output register was merged into the block.
Related violations: <none>

SYNTH-6#41 Warning
Timing of a RAM block might be sub-optimal  
The timing for the instance core/data_subsystem/scratchpad/g_output[1].bank/g_memory_lane[1].lane/memory_reg_0, implemented as a RAM block, might be sub-optimal as no output register was merged into the block.
Related violations: <none>

SYNTH-6#42 Warning
Timing of a RAM block might be sub-optimal  
The timing for the instance core/data_subsystem/scratchpad/g_output[1].bank/g_memory_lane[1].lane/memory_reg_1, implemented as a RAM block, might be sub-optimal as no output register was merged into the block.
Related violations: <none>

SYNTH-6#43 Warning
Timing of a RAM block might be sub-optimal  
The timing for the instance core/data_subsystem/scratchpad/g_weight[0].bank/g_memory_lane[0].lane/memory_reg, implemented as a RAM block, might be sub-optimal as no output register was merged into the block.
Related violations: <none>

SYNTH-6#44 Warning
Timing of a RAM block might be sub-optimal  
The timing for the instance core/data_subsystem/scratchpad/g_weight[0].bank/g_memory_lane[1].lane/memory_reg, implemented as a RAM block, might be sub-optimal as no output register was merged into the block.
Related violations: <none>

SYNTH-6#45 Warning
Timing of a RAM block might be sub-optimal  
The timing for the instance core/data_subsystem/scratchpad/g_weight[0].bank/g_memory_lane[2].lane/memory_reg, implemented as a RAM block, might be sub-optimal as no output register was merged into the block.
Related violations: <none>

SYNTH-6#46 Warning
Timing of a RAM block might be sub-optimal  
The timing for the instance core/data_subsystem/scratchpad/g_weight[0].bank/g_memory_lane[3].lane/memory_reg, implemented as a RAM block, might be sub-optimal as no output register was merged into the block.
Related violations: <none>

SYNTH-6#47 Warning
Timing of a RAM block might be sub-optimal  
The timing for the instance core/data_subsystem/scratchpad/g_weight[0].bank/g_memory_lane[4].lane/memory_reg, implemented as a RAM block, might be sub-optimal as no output register was merged into the block.
Related violations: <none>

SYNTH-6#48 Warning
Timing of a RAM block might be sub-optimal  
The timing for the instance core/data_subsystem/scratchpad/g_weight[0].bank/g_memory_lane[5].lane/memory_reg, implemented as a RAM block, might be sub-optimal as no output register was merged into the block.
Related violations: <none>

SYNTH-6#49 Warning
Timing of a RAM block might be sub-optimal  
The timing for the instance core/data_subsystem/scratchpad/g_weight[0].bank/g_memory_lane[6].lane/memory_reg, implemented as a RAM block, might be sub-optimal as no output register was merged into the block.
Related violations: <none>

SYNTH-6#50 Warning
Timing of a RAM block might be sub-optimal  
The timing for the instance core/data_subsystem/scratchpad/g_weight[0].bank/g_memory_lane[7].lane/memory_reg, implemented as a RAM block, might be sub-optimal as no output register was merged into the block.
Related violations: <none>

SYNTH-6#51 Warning
Timing of a RAM block might be sub-optimal  
The timing for the instance core/data_subsystem/scratchpad/g_weight[1].bank/g_memory_lane[0].lane/memory_reg, implemented as a RAM block, might be sub-optimal as no output register was merged into the block.
Related violations: <none>

SYNTH-6#52 Warning
Timing of a RAM block might be sub-optimal  
The timing for the instance core/data_subsystem/scratchpad/g_weight[1].bank/g_memory_lane[1].lane/memory_reg, implemented as a RAM block, might be sub-optimal as no output register was merged into the block.
Related violations: <none>

SYNTH-6#53 Warning
Timing of a RAM block might be sub-optimal  
The timing for the instance core/data_subsystem/scratchpad/g_weight[1].bank/g_memory_lane[2].lane/memory_reg, implemented as a RAM block, might be sub-optimal as no output register was merged into the block.
Related violations: <none>

SYNTH-6#54 Warning
Timing of a RAM block might be sub-optimal  
The timing for the instance core/data_subsystem/scratchpad/g_weight[1].bank/g_memory_lane[3].lane/memory_reg, implemented as a RAM block, might be sub-optimal as no output register was merged into the block.
Related violations: <none>

SYNTH-6#55 Warning
Timing of a RAM block might be sub-optimal  
The timing for the instance core/data_subsystem/scratchpad/g_weight[1].bank/g_memory_lane[4].lane/memory_reg, implemented as a RAM block, might be sub-optimal as no output register was merged into the block.
Related violations: <none>

SYNTH-6#56 Warning
Timing of a RAM block might be sub-optimal  
The timing for the instance core/data_subsystem/scratchpad/g_weight[1].bank/g_memory_lane[5].lane/memory_reg, implemented as a RAM block, might be sub-optimal as no output register was merged into the block.
Related violations: <none>

SYNTH-6#57 Warning
Timing of a RAM block might be sub-optimal  
The timing for the instance core/data_subsystem/scratchpad/g_weight[1].bank/g_memory_lane[6].lane/memory_reg, implemented as a RAM block, might be sub-optimal as no output register was merged into the block.
Related violations: <none>

SYNTH-6#58 Warning
Timing of a RAM block might be sub-optimal  
The timing for the instance core/data_subsystem/scratchpad/g_weight[1].bank/g_memory_lane[7].lane/memory_reg, implemented as a RAM block, might be sub-optimal as no output register was merged into the block.
Related violations: <none>

SYNTH-6#59 Warning
Timing of a RAM block might be sub-optimal  
The timing for the instance core/upsample/row_buffer_reg, implemented as a RAM block, might be sub-optimal as no output register was merged into the block.
Related violations: <none>

SYNTH-6#60 Warning
Timing of a RAM block might be sub-optimal  
The timing for the instance core/vec_add/residual_requant/tanh_lut_reg_0, implemented as a RAM block, might be sub-optimal as no output register was merged into the block.
Related violations: <none>

SYNTH-6#61 Warning
Timing of a RAM block might be sub-optimal  
The timing for the instance core/vec_add/residual_requant/tanh_lut_reg_1, implemented as a RAM block, might be sub-optimal as no output register was merged into the block.
Related violations: <none>

SYNTH-10#1 Warning
Wide multiplier  
Detected multiplier at core/data_subsystem/conv2d_pipeline/post/product_q0 of size 15x18, it is decomposed from a wide multipler into 4 DSP blocks.
Related violations: <none>

SYNTH-10#2 Warning
Wide multiplier  
Detected multiplier at core/data_subsystem/conv2d_pipeline/post/product_q0__0 of size 18x18, it is decomposed from a wide multipler into 4 DSP blocks.
Related violations: <none>

SYNTH-10#3 Warning
Wide multiplier  
Detected multiplier at core/data_subsystem/conv2d_pipeline/post/product_q_reg of size 15x15, it is decomposed from a wide multipler into 4 DSP blocks.
Related violations: <none>

SYNTH-10#4 Warning
Wide multiplier  
Detected multiplier at core/data_subsystem/conv2d_pipeline/post/product_q_reg__0 of size 18x15, it is decomposed from a wide multipler into 4 DSP blocks.
Related violations: <none>

SYNTH-10#5 Warning
Wide multiplier  
Detected multiplier at core/vec_add/residual_requant/product_q0 of size 15x18, it is decomposed from a wide multipler into 4 DSP blocks.
Related violations: <none>

SYNTH-10#6 Warning
Wide multiplier  
Detected multiplier at core/vec_add/residual_requant/product_q0__0 of size 18x18, it is decomposed from a wide multipler into 4 DSP blocks.
Related violations: <none>

SYNTH-10#7 Warning
Wide multiplier  
Detected multiplier at core/vec_add/residual_requant/product_q_reg of size 15x15, it is decomposed from a wide multipler into 4 DSP blocks.
Related violations: <none>

SYNTH-10#8 Warning
Wide multiplier  
Detected multiplier at core/vec_add/residual_requant/product_q_reg__0 of size 18x15, it is decomposed from a wide multipler into 4 DSP blocks.
Related violations: <none>

TIMING-18#1 Warning
Missing input or output delay  
An input delay is missing on aresetn relative to the rising and/or falling clock edge(s) of core_clk.
Related violations: <none>

TIMING-18#2 Warning
Missing input or output delay  
An input delay is missing on m_axi_mem_arready relative to the rising and/or falling clock edge(s) of core_clk.
Related violations: <none>

TIMING-18#3 Warning
Missing input or output delay  
An input delay is missing on m_axi_mem_awready relative to the rising and/or falling clock edge(s) of core_clk.
Related violations: <none>

TIMING-18#4 Warning
Missing input or output delay  
An input delay is missing on m_axi_mem_bresp[0] relative to the rising and/or falling clock edge(s) of core_clk.
Related violations: <none>

TIMING-18#5 Warning
Missing input or output delay  
An input delay is missing on m_axi_mem_bresp[1] relative to the rising and/or falling clock edge(s) of core_clk.
Related violations: <none>

TIMING-18#6 Warning
Missing input or output delay  
An input delay is missing on m_axi_mem_bvalid relative to the rising and/or falling clock edge(s) of core_clk.
Related violations: <none>

TIMING-18#7 Warning
Missing input or output delay  
An input delay is missing on m_axi_mem_rdata[0] relative to the rising and/or falling clock edge(s) of core_clk.
Related violations: <none>

TIMING-18#8 Warning
Missing input or output delay  
An input delay is missing on m_axi_mem_rdata[10] relative to the rising and/or falling clock edge(s) of core_clk.
Related violations: <none>

TIMING-18#9 Warning
Missing input or output delay  
An input delay is missing on m_axi_mem_rdata[11] relative to the rising and/or falling clock edge(s) of core_clk.
Related violations: <none>

TIMING-18#10 Warning
Missing input or output delay  
An input delay is missing on m_axi_mem_rdata[12] relative to the rising and/or falling clock edge(s) of core_clk.
Related violations: <none>

TIMING-18#11 Warning
Missing input or output delay  
An input delay is missing on m_axi_mem_rdata[13] relative to the rising and/or falling clock edge(s) of core_clk.
Related violations: <none>

TIMING-18#12 Warning
Missing input or output delay  
An input delay is missing on m_axi_mem_rdata[14] relative to the rising and/or falling clock edge(s) of core_clk.
Related violations: <none>

TIMING-18#13 Warning
Missing input or output delay  
An input delay is missing on m_axi_mem_rdata[15] relative to the rising and/or falling clock edge(s) of core_clk.
Related violations: <none>

TIMING-18#14 Warning
Missing input or output delay  
An input delay is missing on m_axi_mem_rdata[16] relative to the rising and/or falling clock edge(s) of core_clk.
Related violations: <none>

TIMING-18#15 Warning
Missing input or output delay  
An input delay is missing on m_axi_mem_rdata[17] relative to the rising and/or falling clock edge(s) of core_clk.
Related violations: <none>

TIMING-18#16 Warning
Missing input or output delay  
An input delay is missing on m_axi_mem_rdata[18] relative to the rising and/or falling clock edge(s) of core_clk.
Related violations: <none>

TIMING-18#17 Warning
Missing input or output delay  
An input delay is missing on m_axi_mem_rdata[19] relative to the rising and/or falling clock edge(s) of core_clk.
Related violations: <none>

TIMING-18#18 Warning
Missing input or output delay  
An input delay is missing on m_axi_mem_rdata[1] relative to the rising and/or falling clock edge(s) of core_clk.
Related violations: <none>

TIMING-18#19 Warning
Missing input or output delay  
An input delay is missing on m_axi_mem_rdata[20] relative to the rising and/or falling clock edge(s) of core_clk.
Related violations: <none>

TIMING-18#20 Warning
Missing input or output delay  
An input delay is missing on m_axi_mem_rdata[21] relative to the rising and/or falling clock edge(s) of core_clk.
Related violations: <none>

TIMING-18#21 Warning
Missing input or output delay  
An input delay is missing on m_axi_mem_rdata[22] relative to the rising and/or falling clock edge(s) of core_clk.
Related violations: <none>

TIMING-18#22 Warning
Missing input or output delay  
An input delay is missing on m_axi_mem_rdata[23] relative to the rising and/or falling clock edge(s) of core_clk.
Related violations: <none>

TIMING-18#23 Warning
Missing input or output delay  
An input delay is missing on m_axi_mem_rdata[24] relative to the rising and/or falling clock edge(s) of core_clk.
Related violations: <none>

TIMING-18#24 Warning
Missing input or output delay  
An input delay is missing on m_axi_mem_rdata[25] relative to the rising and/or falling clock edge(s) of core_clk.
Related violations: <none>

TIMING-18#25 Warning
Missing input or output delay  
An input delay is missing on m_axi_mem_rdata[26] relative to the rising and/or falling clock edge(s) of core_clk.
Related violations: <none>

TIMING-18#26 Warning
Missing input or output delay  
An input delay is missing on m_axi_mem_rdata[27] relative to the rising and/or falling clock edge(s) of core_clk.
Related violations: <none>

TIMING-18#27 Warning
Missing input or output delay  
An input delay is missing on m_axi_mem_rdata[28] relative to the rising and/or falling clock edge(s) of core_clk.
Related violations: <none>

TIMING-18#28 Warning
Missing input or output delay  
An input delay is missing on m_axi_mem_rdata[29] relative to the rising and/or falling clock edge(s) of core_clk.
Related violations: <none>

TIMING-18#29 Warning
Missing input or output delay  
An input delay is missing on m_axi_mem_rdata[2] relative to the rising and/or falling clock edge(s) of core_clk.
Related violations: <none>

TIMING-18#30 Warning
Missing input or output delay  
An input delay is missing on m_axi_mem_rdata[30] relative to the rising and/or falling clock edge(s) of core_clk.
Related violations: <none>

TIMING-18#31 Warning
Missing input or output delay  
An input delay is missing on m_axi_mem_rdata[31] relative to the rising and/or falling clock edge(s) of core_clk.
Related violations: <none>

TIMING-18#32 Warning
Missing input or output delay  
An input delay is missing on m_axi_mem_rdata[32] relative to the rising and/or falling clock edge(s) of core_clk.
Related violations: <none>

TIMING-18#33 Warning
Missing input or output delay  
An input delay is missing on m_axi_mem_rdata[33] relative to the rising and/or falling clock edge(s) of core_clk.
Related violations: <none>

TIMING-18#34 Warning
Missing input or output delay  
An input delay is missing on m_axi_mem_rdata[34] relative to the rising and/or falling clock edge(s) of core_clk.
Related violations: <none>

TIMING-18#35 Warning
Missing input or output delay  
An input delay is missing on m_axi_mem_rdata[35] relative to the rising and/or falling clock edge(s) of core_clk.
Related violations: <none>

TIMING-18#36 Warning
Missing input or output delay  
An input delay is missing on m_axi_mem_rdata[36] relative to the rising and/or falling clock edge(s) of core_clk.
Related violations: <none>

TIMING-18#37 Warning
Missing input or output delay  
An input delay is missing on m_axi_mem_rdata[37] relative to the rising and/or falling clock edge(s) of core_clk.
Related violations: <none>

TIMING-18#38 Warning
Missing input or output delay  
An input delay is missing on m_axi_mem_rdata[38] relative to the rising and/or falling clock edge(s) of core_clk.
Related violations: <none>

TIMING-18#39 Warning
Missing input or output delay  
An input delay is missing on m_axi_mem_rdata[39] relative to the rising and/or falling clock edge(s) of core_clk.
Related violations: <none>

TIMING-18#40 Warning
Missing input or output delay  
An input delay is missing on m_axi_mem_rdata[3] relative to the rising and/or falling clock edge(s) of core_clk.
Related violations: <none>

TIMING-18#41 Warning
Missing input or output delay  
An input delay is missing on m_axi_mem_rdata[40] relative to the rising and/or falling clock edge(s) of core_clk.
Related violations: <none>

TIMING-18#42 Warning
Missing input or output delay  
An input delay is missing on m_axi_mem_rdata[41] relative to the rising and/or falling clock edge(s) of core_clk.
Related violations: <none>

TIMING-18#43 Warning
Missing input or output delay  
An input delay is missing on m_axi_mem_rdata[42] relative to the rising and/or falling clock edge(s) of core_clk.
Related violations: <none>

TIMING-18#44 Warning
Missing input or output delay  
An input delay is missing on m_axi_mem_rdata[43] relative to the rising and/or falling clock edge(s) of core_clk.
Related violations: <none>

TIMING-18#45 Warning
Missing input or output delay  
An input delay is missing on m_axi_mem_rdata[44] relative to the rising and/or falling clock edge(s) of core_clk.
Related violations: <none>

TIMING-18#46 Warning
Missing input or output delay  
An input delay is missing on m_axi_mem_rdata[45] relative to the rising and/or falling clock edge(s) of core_clk.
Related violations: <none>

TIMING-18#47 Warning
Missing input or output delay  
An input delay is missing on m_axi_mem_rdata[46] relative to the rising and/or falling clock edge(s) of core_clk.
Related violations: <none>

TIMING-18#48 Warning
Missing input or output delay  
An input delay is missing on m_axi_mem_rdata[47] relative to the rising and/or falling clock edge(s) of core_clk.
Related violations: <none>

TIMING-18#49 Warning
Missing input or output delay  
An input delay is missing on m_axi_mem_rdata[48] relative to the rising and/or falling clock edge(s) of core_clk.
Related violations: <none>

TIMING-18#50 Warning
Missing input or output delay  
An input delay is missing on m_axi_mem_rdata[49] relative to the rising and/or falling clock edge(s) of core_clk.
Related violations: <none>

TIMING-18#51 Warning
Missing input or output delay  
An input delay is missing on m_axi_mem_rdata[4] relative to the rising and/or falling clock edge(s) of core_clk.
Related violations: <none>

TIMING-18#52 Warning
Missing input or output delay  
An input delay is missing on m_axi_mem_rdata[50] relative to the rising and/or falling clock edge(s) of core_clk.
Related violations: <none>

TIMING-18#53 Warning
Missing input or output delay  
An input delay is missing on m_axi_mem_rdata[51] relative to the rising and/or falling clock edge(s) of core_clk.
Related violations: <none>

TIMING-18#54 Warning
Missing input or output delay  
An input delay is missing on m_axi_mem_rdata[52] relative to the rising and/or falling clock edge(s) of core_clk.
Related violations: <none>

TIMING-18#55 Warning
Missing input or output delay  
An input delay is missing on m_axi_mem_rdata[53] relative to the rising and/or falling clock edge(s) of core_clk.
Related violations: <none>

TIMING-18#56 Warning
Missing input or output delay  
An input delay is missing on m_axi_mem_rdata[54] relative to the rising and/or falling clock edge(s) of core_clk.
Related violations: <none>

TIMING-18#57 Warning
Missing input or output delay  
An input delay is missing on m_axi_mem_rdata[55] relative to the rising and/or falling clock edge(s) of core_clk.
Related violations: <none>

TIMING-18#58 Warning
Missing input or output delay  
An input delay is missing on m_axi_mem_rdata[56] relative to the rising and/or falling clock edge(s) of core_clk.
Related violations: <none>

TIMING-18#59 Warning
Missing input or output delay  
An input delay is missing on m_axi_mem_rdata[57] relative to the rising and/or falling clock edge(s) of core_clk.
Related violations: <none>

TIMING-18#60 Warning
Missing input or output delay  
An input delay is missing on m_axi_mem_rdata[58] relative to the rising and/or falling clock edge(s) of core_clk.
Related violations: <none>

TIMING-18#61 Warning
Missing input or output delay  
An input delay is missing on m_axi_mem_rdata[59] relative to the rising and/or falling clock edge(s) of core_clk.
Related violations: <none>

TIMING-18#62 Warning
Missing input or output delay  
An input delay is missing on m_axi_mem_rdata[5] relative to the rising and/or falling clock edge(s) of core_clk.
Related violations: <none>

TIMING-18#63 Warning
Missing input or output delay  
An input delay is missing on m_axi_mem_rdata[60] relative to the rising and/or falling clock edge(s) of core_clk.
Related violations: <none>

TIMING-18#64 Warning
Missing input or output delay  
An input delay is missing on m_axi_mem_rdata[61] relative to the rising and/or falling clock edge(s) of core_clk.
Related violations: <none>

TIMING-18#65 Warning
Missing input or output delay  
An input delay is missing on m_axi_mem_rdata[62] relative to the rising and/or falling clock edge(s) of core_clk.
Related violations: <none>

TIMING-18#66 Warning
Missing input or output delay  
An input delay is missing on m_axi_mem_rdata[63] relative to the rising and/or falling clock edge(s) of core_clk.
Related violations: <none>

TIMING-18#67 Warning
Missing input or output delay  
An input delay is missing on m_axi_mem_rdata[6] relative to the rising and/or falling clock edge(s) of core_clk.
Related violations: <none>

TIMING-18#68 Warning
Missing input or output delay  
An input delay is missing on m_axi_mem_rdata[7] relative to the rising and/or falling clock edge(s) of core_clk.
Related violations: <none>

TIMING-18#69 Warning
Missing input or output delay  
An input delay is missing on m_axi_mem_rdata[8] relative to the rising and/or falling clock edge(s) of core_clk.
Related violations: <none>

TIMING-18#70 Warning
Missing input or output delay  
An input delay is missing on m_axi_mem_rdata[9] relative to the rising and/or falling clock edge(s) of core_clk.
Related violations: <none>

TIMING-18#71 Warning
Missing input or output delay  
An input delay is missing on m_axi_mem_rlast relative to the rising and/or falling clock edge(s) of core_clk.
Related violations: <none>

TIMING-18#72 Warning
Missing input or output delay  
An input delay is missing on m_axi_mem_rresp[0] relative to the rising and/or falling clock edge(s) of core_clk.
Related violations: <none>

TIMING-18#73 Warning
Missing input or output delay  
An input delay is missing on m_axi_mem_rresp[1] relative to the rising and/or falling clock edge(s) of core_clk.
Related violations: <none>

TIMING-18#74 Warning
Missing input or output delay  
An input delay is missing on m_axi_mem_rvalid relative to the rising and/or falling clock edge(s) of core_clk.
Related violations: <none>

TIMING-18#75 Warning
Missing input or output delay  
An input delay is missing on m_axi_mem_wready relative to the rising and/or falling clock edge(s) of core_clk.
Related violations: <none>

TIMING-18#76 Warning
Missing input or output delay  
An input delay is missing on s_axi_ctrl_araddr[0] relative to the rising and/or falling clock edge(s) of core_clk.
Related violations: <none>

TIMING-18#77 Warning
Missing input or output delay  
An input delay is missing on s_axi_ctrl_araddr[10] relative to the rising and/or falling clock edge(s) of core_clk.
Related violations: <none>

TIMING-18#78 Warning
Missing input or output delay  
An input delay is missing on s_axi_ctrl_araddr[11] relative to the rising and/or falling clock edge(s) of core_clk.
Related violations: <none>

TIMING-18#79 Warning
Missing input or output delay  
An input delay is missing on s_axi_ctrl_araddr[1] relative to the rising and/or falling clock edge(s) of core_clk.
Related violations: <none>

TIMING-18#80 Warning
Missing input or output delay  
An input delay is missing on s_axi_ctrl_araddr[2] relative to the rising and/or falling clock edge(s) of core_clk.
Related violations: <none>

TIMING-18#81 Warning
Missing input or output delay  
An input delay is missing on s_axi_ctrl_araddr[3] relative to the rising and/or falling clock edge(s) of core_clk.
Related violations: <none>

TIMING-18#82 Warning
Missing input or output delay  
An input delay is missing on s_axi_ctrl_araddr[4] relative to the rising and/or falling clock edge(s) of core_clk.
Related violations: <none>

TIMING-18#83 Warning
Missing input or output delay  
An input delay is missing on s_axi_ctrl_araddr[5] relative to the rising and/or falling clock edge(s) of core_clk.
Related violations: <none>

TIMING-18#84 Warning
Missing input or output delay  
An input delay is missing on s_axi_ctrl_araddr[6] relative to the rising and/or falling clock edge(s) of core_clk.
Related violations: <none>

TIMING-18#85 Warning
Missing input or output delay  
An input delay is missing on s_axi_ctrl_araddr[7] relative to the rising and/or falling clock edge(s) of core_clk.
Related violations: <none>

TIMING-18#86 Warning
Missing input or output delay  
An input delay is missing on s_axi_ctrl_araddr[8] relative to the rising and/or falling clock edge(s) of core_clk.
Related violations: <none>

TIMING-18#87 Warning
Missing input or output delay  
An input delay is missing on s_axi_ctrl_araddr[9] relative to the rising and/or falling clock edge(s) of core_clk.
Related violations: <none>

TIMING-18#88 Warning
Missing input or output delay  
An input delay is missing on s_axi_ctrl_arvalid relative to the rising and/or falling clock edge(s) of core_clk.
Related violations: <none>

TIMING-18#89 Warning
Missing input or output delay  
An input delay is missing on s_axi_ctrl_awaddr[0] relative to the rising and/or falling clock edge(s) of core_clk.
Related violations: <none>

TIMING-18#90 Warning
Missing input or output delay  
An input delay is missing on s_axi_ctrl_awaddr[10] relative to the rising and/or falling clock edge(s) of core_clk.
Related violations: <none>

TIMING-18#91 Warning
Missing input or output delay  
An input delay is missing on s_axi_ctrl_awaddr[11] relative to the rising and/or falling clock edge(s) of core_clk.
Related violations: <none>

TIMING-18#92 Warning
Missing input or output delay  
An input delay is missing on s_axi_ctrl_awaddr[1] relative to the rising and/or falling clock edge(s) of core_clk.
Related violations: <none>

TIMING-18#93 Warning
Missing input or output delay  
An input delay is missing on s_axi_ctrl_awaddr[2] relative to the rising and/or falling clock edge(s) of core_clk.
Related violations: <none>

TIMING-18#94 Warning
Missing input or output delay  
An input delay is missing on s_axi_ctrl_awaddr[3] relative to the rising and/or falling clock edge(s) of core_clk.
Related violations: <none>

TIMING-18#95 Warning
Missing input or output delay  
An input delay is missing on s_axi_ctrl_awaddr[4] relative to the rising and/or falling clock edge(s) of core_clk.
Related violations: <none>

TIMING-18#96 Warning
Missing input or output delay  
An input delay is missing on s_axi_ctrl_awaddr[5] relative to the rising and/or falling clock edge(s) of core_clk.
Related violations: <none>

TIMING-18#97 Warning
Missing input or output delay  
An input delay is missing on s_axi_ctrl_awaddr[6] relative to the rising and/or falling clock edge(s) of core_clk.
Related violations: <none>

TIMING-18#98 Warning
Missing input or output delay  
An input delay is missing on s_axi_ctrl_awaddr[7] relative to the rising and/or falling clock edge(s) of core_clk.
Related violations: <none>

TIMING-18#99 Warning
Missing input or output delay  
An input delay is missing on s_axi_ctrl_awaddr[8] relative to the rising and/or falling clock edge(s) of core_clk.
Related violations: <none>

TIMING-18#100 Warning
Missing input or output delay  
An input delay is missing on s_axi_ctrl_awaddr[9] relative to the rising and/or falling clock edge(s) of core_clk.
Related violations: <none>

TIMING-18#101 Warning
Missing input or output delay  
An input delay is missing on s_axi_ctrl_awvalid relative to the rising and/or falling clock edge(s) of core_clk.
Related violations: <none>

TIMING-18#102 Warning
Missing input or output delay  
An input delay is missing on s_axi_ctrl_bready relative to the rising and/or falling clock edge(s) of core_clk.
Related violations: <none>

TIMING-18#103 Warning
Missing input or output delay  
An input delay is missing on s_axi_ctrl_rready relative to the rising and/or falling clock edge(s) of core_clk.
Related violations: <none>

TIMING-18#104 Warning
Missing input or output delay  
An input delay is missing on s_axi_ctrl_wdata[0] relative to the rising and/or falling clock edge(s) of core_clk.
Related violations: <none>

TIMING-18#105 Warning
Missing input or output delay  
An input delay is missing on s_axi_ctrl_wdata[10] relative to the rising and/or falling clock edge(s) of core_clk.
Related violations: <none>

TIMING-18#106 Warning
Missing input or output delay  
An input delay is missing on s_axi_ctrl_wdata[11] relative to the rising and/or falling clock edge(s) of core_clk.
Related violations: <none>

TIMING-18#107 Warning
Missing input or output delay  
An input delay is missing on s_axi_ctrl_wdata[12] relative to the rising and/or falling clock edge(s) of core_clk.
Related violations: <none>

TIMING-18#108 Warning
Missing input or output delay  
An input delay is missing on s_axi_ctrl_wdata[13] relative to the rising and/or falling clock edge(s) of core_clk.
Related violations: <none>

TIMING-18#109 Warning
Missing input or output delay  
An input delay is missing on s_axi_ctrl_wdata[14] relative to the rising and/or falling clock edge(s) of core_clk.
Related violations: <none>

TIMING-18#110 Warning
Missing input or output delay  
An input delay is missing on s_axi_ctrl_wdata[15] relative to the rising and/or falling clock edge(s) of core_clk.
Related violations: <none>

TIMING-18#111 Warning
Missing input or output delay  
An input delay is missing on s_axi_ctrl_wdata[16] relative to the rising and/or falling clock edge(s) of core_clk.
Related violations: <none>

TIMING-18#112 Warning
Missing input or output delay  
An input delay is missing on s_axi_ctrl_wdata[17] relative to the rising and/or falling clock edge(s) of core_clk.
Related violations: <none>

TIMING-18#113 Warning
Missing input or output delay  
An input delay is missing on s_axi_ctrl_wdata[18] relative to the rising and/or falling clock edge(s) of core_clk.
Related violations: <none>

TIMING-18#114 Warning
Missing input or output delay  
An input delay is missing on s_axi_ctrl_wdata[19] relative to the rising and/or falling clock edge(s) of core_clk.
Related violations: <none>

TIMING-18#115 Warning
Missing input or output delay  
An input delay is missing on s_axi_ctrl_wdata[1] relative to the rising and/or falling clock edge(s) of core_clk.
Related violations: <none>

TIMING-18#116 Warning
Missing input or output delay  
An input delay is missing on s_axi_ctrl_wdata[20] relative to the rising and/or falling clock edge(s) of core_clk.
Related violations: <none>

TIMING-18#117 Warning
Missing input or output delay  
An input delay is missing on s_axi_ctrl_wdata[21] relative to the rising and/or falling clock edge(s) of core_clk.
Related violations: <none>

TIMING-18#118 Warning
Missing input or output delay  
An input delay is missing on s_axi_ctrl_wdata[22] relative to the rising and/or falling clock edge(s) of core_clk.
Related violations: <none>

TIMING-18#119 Warning
Missing input or output delay  
An input delay is missing on s_axi_ctrl_wdata[23] relative to the rising and/or falling clock edge(s) of core_clk.
Related violations: <none>

TIMING-18#120 Warning
Missing input or output delay  
An input delay is missing on s_axi_ctrl_wdata[24] relative to the rising and/or falling clock edge(s) of core_clk.
Related violations: <none>

TIMING-18#121 Warning
Missing input or output delay  
An input delay is missing on s_axi_ctrl_wdata[25] relative to the rising and/or falling clock edge(s) of core_clk.
Related violations: <none>

TIMING-18#122 Warning
Missing input or output delay  
An input delay is missing on s_axi_ctrl_wdata[26] relative to the rising and/or falling clock edge(s) of core_clk.
Related violations: <none>

TIMING-18#123 Warning
Missing input or output delay  
An input delay is missing on s_axi_ctrl_wdata[27] relative to the rising and/or falling clock edge(s) of core_clk.
Related violations: <none>

TIMING-18#124 Warning
Missing input or output delay  
An input delay is missing on s_axi_ctrl_wdata[28] relative to the rising and/or falling clock edge(s) of core_clk.
Related violations: <none>

TIMING-18#125 Warning
Missing input or output delay  
An input delay is missing on s_axi_ctrl_wdata[29] relative to the rising and/or falling clock edge(s) of core_clk.
Related violations: <none>

TIMING-18#126 Warning
Missing input or output delay  
An input delay is missing on s_axi_ctrl_wdata[2] relative to the rising and/or falling clock edge(s) of core_clk.
Related violations: <none>

TIMING-18#127 Warning
Missing input or output delay  
An input delay is missing on s_axi_ctrl_wdata[30] relative to the rising and/or falling clock edge(s) of core_clk.
Related violations: <none>

TIMING-18#128 Warning
Missing input or output delay  
An input delay is missing on s_axi_ctrl_wdata[31] relative to the rising and/or falling clock edge(s) of core_clk.
Related violations: <none>

TIMING-18#129 Warning
Missing input or output delay  
An input delay is missing on s_axi_ctrl_wdata[3] relative to the rising and/or falling clock edge(s) of core_clk.
Related violations: <none>

TIMING-18#130 Warning
Missing input or output delay  
An input delay is missing on s_axi_ctrl_wdata[4] relative to the rising and/or falling clock edge(s) of core_clk.
Related violations: <none>

TIMING-18#131 Warning
Missing input or output delay  
An input delay is missing on s_axi_ctrl_wdata[5] relative to the rising and/or falling clock edge(s) of core_clk.
Related violations: <none>

TIMING-18#132 Warning
Missing input or output delay  
An input delay is missing on s_axi_ctrl_wdata[6] relative to the rising and/or falling clock edge(s) of core_clk.
Related violations: <none>

TIMING-18#133 Warning
Missing input or output delay  
An input delay is missing on s_axi_ctrl_wdata[7] relative to the rising and/or falling clock edge(s) of core_clk.
Related violations: <none>

TIMING-18#134 Warning
Missing input or output delay  
An input delay is missing on s_axi_ctrl_wdata[8] relative to the rising and/or falling clock edge(s) of core_clk.
Related violations: <none>

TIMING-18#135 Warning
Missing input or output delay  
An input delay is missing on s_axi_ctrl_wdata[9] relative to the rising and/or falling clock edge(s) of core_clk.
Related violations: <none>

TIMING-18#136 Warning
Missing input or output delay  
An input delay is missing on s_axi_ctrl_wstrb[0] relative to the rising and/or falling clock edge(s) of core_clk.
Related violations: <none>

TIMING-18#137 Warning
Missing input or output delay  
An input delay is missing on s_axi_ctrl_wstrb[1] relative to the rising and/or falling clock edge(s) of core_clk.
Related violations: <none>

TIMING-18#138 Warning
Missing input or output delay  
An input delay is missing on s_axi_ctrl_wstrb[2] relative to the rising and/or falling clock edge(s) of core_clk.
Related violations: <none>

TIMING-18#139 Warning
Missing input or output delay  
An input delay is missing on s_axi_ctrl_wstrb[3] relative to the rising and/or falling clock edge(s) of core_clk.
Related violations: <none>

TIMING-18#140 Warning
Missing input or output delay  
An input delay is missing on s_axi_ctrl_wvalid relative to the rising and/or falling clock edge(s) of core_clk.
Related violations: <none>

TIMING-18#141 Warning
Missing input or output delay  
An output delay is missing on irq_o relative to the rising and/or falling clock edge(s) of core_clk.
Related violations: <none>

TIMING-18#142 Warning
Missing input or output delay  
An output delay is missing on m_axi_mem_araddr[0] relative to the rising and/or falling clock edge(s) of core_clk.
Related violations: <none>

TIMING-18#143 Warning
Missing input or output delay  
An output delay is missing on m_axi_mem_araddr[10] relative to the rising and/or falling clock edge(s) of core_clk.
Related violations: <none>

TIMING-18#144 Warning
Missing input or output delay  
An output delay is missing on m_axi_mem_araddr[11] relative to the rising and/or falling clock edge(s) of core_clk.
Related violations: <none>

TIMING-18#145 Warning
Missing input or output delay  
An output delay is missing on m_axi_mem_araddr[12] relative to the rising and/or falling clock edge(s) of core_clk.
Related violations: <none>

TIMING-18#146 Warning
Missing input or output delay  
An output delay is missing on m_axi_mem_araddr[13] relative to the rising and/or falling clock edge(s) of core_clk.
Related violations: <none>

TIMING-18#147 Warning
Missing input or output delay  
An output delay is missing on m_axi_mem_araddr[14] relative to the rising and/or falling clock edge(s) of core_clk.
Related violations: <none>

TIMING-18#148 Warning
Missing input or output delay  
An output delay is missing on m_axi_mem_araddr[15] relative to the rising and/or falling clock edge(s) of core_clk.
Related violations: <none>

TIMING-18#149 Warning
Missing input or output delay  
An output delay is missing on m_axi_mem_araddr[16] relative to the rising and/or falling clock edge(s) of core_clk.
Related violations: <none>

TIMING-18#150 Warning
Missing input or output delay  
An output delay is missing on m_axi_mem_araddr[17] relative to the rising and/or falling clock edge(s) of core_clk.
Related violations: <none>

TIMING-18#151 Warning
Missing input or output delay  
An output delay is missing on m_axi_mem_araddr[18] relative to the rising and/or falling clock edge(s) of core_clk.
Related violations: <none>

TIMING-18#152 Warning
Missing input or output delay  
An output delay is missing on m_axi_mem_araddr[19] relative to the rising and/or falling clock edge(s) of core_clk.
Related violations: <none>

TIMING-18#153 Warning
Missing input or output delay  
An output delay is missing on m_axi_mem_araddr[1] relative to the rising and/or falling clock edge(s) of core_clk.
Related violations: <none>

TIMING-18#154 Warning
Missing input or output delay  
An output delay is missing on m_axi_mem_araddr[20] relative to the rising and/or falling clock edge(s) of core_clk.
Related violations: <none>

TIMING-18#155 Warning
Missing input or output delay  
An output delay is missing on m_axi_mem_araddr[21] relative to the rising and/or falling clock edge(s) of core_clk.
Related violations: <none>

TIMING-18#156 Warning
Missing input or output delay  
An output delay is missing on m_axi_mem_araddr[22] relative to the rising and/or falling clock edge(s) of core_clk.
Related violations: <none>

TIMING-18#157 Warning
Missing input or output delay  
An output delay is missing on m_axi_mem_araddr[23] relative to the rising and/or falling clock edge(s) of core_clk.
Related violations: <none>

TIMING-18#158 Warning
Missing input or output delay  
An output delay is missing on m_axi_mem_araddr[24] relative to the rising and/or falling clock edge(s) of core_clk.
Related violations: <none>

TIMING-18#159 Warning
Missing input or output delay  
An output delay is missing on m_axi_mem_araddr[25] relative to the rising and/or falling clock edge(s) of core_clk.
Related violations: <none>

TIMING-18#160 Warning
Missing input or output delay  
An output delay is missing on m_axi_mem_araddr[26] relative to the rising and/or falling clock edge(s) of core_clk.
Related violations: <none>

TIMING-18#161 Warning
Missing input or output delay  
An output delay is missing on m_axi_mem_araddr[27] relative to the rising and/or falling clock edge(s) of core_clk.
Related violations: <none>

TIMING-18#162 Warning
Missing input or output delay  
An output delay is missing on m_axi_mem_araddr[28] relative to the rising and/or falling clock edge(s) of core_clk.
Related violations: <none>

TIMING-18#163 Warning
Missing input or output delay  
An output delay is missing on m_axi_mem_araddr[29] relative to the rising and/or falling clock edge(s) of core_clk.
Related violations: <none>

TIMING-18#164 Warning
Missing input or output delay  
An output delay is missing on m_axi_mem_araddr[2] relative to the rising and/or falling clock edge(s) of core_clk.
Related violations: <none>

TIMING-18#165 Warning
Missing input or output delay  
An output delay is missing on m_axi_mem_araddr[30] relative to the rising and/or falling clock edge(s) of core_clk.
Related violations: <none>

TIMING-18#166 Warning
Missing input or output delay  
An output delay is missing on m_axi_mem_araddr[31] relative to the rising and/or falling clock edge(s) of core_clk.
Related violations: <none>

TIMING-18#167 Warning
Missing input or output delay  
An output delay is missing on m_axi_mem_araddr[32] relative to the rising and/or falling clock edge(s) of core_clk.
Related violations: <none>

TIMING-18#168 Warning
Missing input or output delay  
An output delay is missing on m_axi_mem_araddr[33] relative to the rising and/or falling clock edge(s) of core_clk.
Related violations: <none>

TIMING-18#169 Warning
Missing input or output delay  
An output delay is missing on m_axi_mem_araddr[34] relative to the rising and/or falling clock edge(s) of core_clk.
Related violations: <none>

TIMING-18#170 Warning
Missing input or output delay  
An output delay is missing on m_axi_mem_araddr[35] relative to the rising and/or falling clock edge(s) of core_clk.
Related violations: <none>

TIMING-18#171 Warning
Missing input or output delay  
An output delay is missing on m_axi_mem_araddr[36] relative to the rising and/or falling clock edge(s) of core_clk.
Related violations: <none>

TIMING-18#172 Warning
Missing input or output delay  
An output delay is missing on m_axi_mem_araddr[37] relative to the rising and/or falling clock edge(s) of core_clk.
Related violations: <none>

TIMING-18#173 Warning
Missing input or output delay  
An output delay is missing on m_axi_mem_araddr[38] relative to the rising and/or falling clock edge(s) of core_clk.
Related violations: <none>

TIMING-18#174 Warning
Missing input or output delay  
An output delay is missing on m_axi_mem_araddr[39] relative to the rising and/or falling clock edge(s) of core_clk.
Related violations: <none>

TIMING-18#175 Warning
Missing input or output delay  
An output delay is missing on m_axi_mem_araddr[3] relative to the rising and/or falling clock edge(s) of core_clk.
Related violations: <none>

TIMING-18#176 Warning
Missing input or output delay  
An output delay is missing on m_axi_mem_araddr[40] relative to the rising and/or falling clock edge(s) of core_clk.
Related violations: <none>

TIMING-18#177 Warning
Missing input or output delay  
An output delay is missing on m_axi_mem_araddr[41] relative to the rising and/or falling clock edge(s) of core_clk.
Related violations: <none>

TIMING-18#178 Warning
Missing input or output delay  
An output delay is missing on m_axi_mem_araddr[42] relative to the rising and/or falling clock edge(s) of core_clk.
Related violations: <none>

TIMING-18#179 Warning
Missing input or output delay  
An output delay is missing on m_axi_mem_araddr[43] relative to the rising and/or falling clock edge(s) of core_clk.
Related violations: <none>

TIMING-18#180 Warning
Missing input or output delay  
An output delay is missing on m_axi_mem_araddr[44] relative to the rising and/or falling clock edge(s) of core_clk.
Related violations: <none>

TIMING-18#181 Warning
Missing input or output delay  
An output delay is missing on m_axi_mem_araddr[45] relative to the rising and/or falling clock edge(s) of core_clk.
Related violations: <none>

TIMING-18#182 Warning
Missing input or output delay  
An output delay is missing on m_axi_mem_araddr[46] relative to the rising and/or falling clock edge(s) of core_clk.
Related violations: <none>

TIMING-18#183 Warning
Missing input or output delay  
An output delay is missing on m_axi_mem_araddr[47] relative to the rising and/or falling clock edge(s) of core_clk.
Related violations: <none>

TIMING-18#184 Warning
Missing input or output delay  
An output delay is missing on m_axi_mem_araddr[48] relative to the rising and/or falling clock edge(s) of core_clk.
Related violations: <none>

TIMING-18#185 Warning
Missing input or output delay  
An output delay is missing on m_axi_mem_araddr[49] relative to the rising and/or falling clock edge(s) of core_clk.
Related violations: <none>

TIMING-18#186 Warning
Missing input or output delay  
An output delay is missing on m_axi_mem_araddr[4] relative to the rising and/or falling clock edge(s) of core_clk.
Related violations: <none>

TIMING-18#187 Warning
Missing input or output delay  
An output delay is missing on m_axi_mem_araddr[50] relative to the rising and/or falling clock edge(s) of core_clk.
Related violations: <none>

TIMING-18#188 Warning
Missing input or output delay  
An output delay is missing on m_axi_mem_araddr[51] relative to the rising and/or falling clock edge(s) of core_clk.
Related violations: <none>

TIMING-18#189 Warning
Missing input or output delay  
An output delay is missing on m_axi_mem_araddr[52] relative to the rising and/or falling clock edge(s) of core_clk.
Related violations: <none>

TIMING-18#190 Warning
Missing input or output delay  
An output delay is missing on m_axi_mem_araddr[53] relative to the rising and/or falling clock edge(s) of core_clk.
Related violations: <none>

TIMING-18#191 Warning
Missing input or output delay  
An output delay is missing on m_axi_mem_araddr[54] relative to the rising and/or falling clock edge(s) of core_clk.
Related violations: <none>

TIMING-18#192 Warning
Missing input or output delay  
An output delay is missing on m_axi_mem_araddr[55] relative to the rising and/or falling clock edge(s) of core_clk.
Related violations: <none>

TIMING-18#193 Warning
Missing input or output delay  
An output delay is missing on m_axi_mem_araddr[56] relative to the rising and/or falling clock edge(s) of core_clk.
Related violations: <none>

TIMING-18#194 Warning
Missing input or output delay  
An output delay is missing on m_axi_mem_araddr[57] relative to the rising and/or falling clock edge(s) of core_clk.
Related violations: <none>

TIMING-18#195 Warning
Missing input or output delay  
An output delay is missing on m_axi_mem_araddr[58] relative to the rising and/or falling clock edge(s) of core_clk.
Related violations: <none>

TIMING-18#196 Warning
Missing input or output delay  
An output delay is missing on m_axi_mem_araddr[59] relative to the rising and/or falling clock edge(s) of core_clk.
Related violations: <none>

TIMING-18#197 Warning
Missing input or output delay  
An output delay is missing on m_axi_mem_araddr[5] relative to the rising and/or falling clock edge(s) of core_clk.
Related violations: <none>

TIMING-18#198 Warning
Missing input or output delay  
An output delay is missing on m_axi_mem_araddr[60] relative to the rising and/or falling clock edge(s) of core_clk.
Related violations: <none>

TIMING-18#199 Warning
Missing input or output delay  
An output delay is missing on m_axi_mem_araddr[61] relative to the rising and/or falling clock edge(s) of core_clk.
Related violations: <none>

TIMING-18#200 Warning
Missing input or output delay  
An output delay is missing on m_axi_mem_araddr[62] relative to the rising and/or falling clock edge(s) of core_clk.
Related violations: <none>

TIMING-18#201 Warning
Missing input or output delay  
An output delay is missing on m_axi_mem_araddr[63] relative to the rising and/or falling clock edge(s) of core_clk.
Related violations: <none>

TIMING-18#202 Warning
Missing input or output delay  
An output delay is missing on m_axi_mem_araddr[6] relative to the rising and/or falling clock edge(s) of core_clk.
Related violations: <none>

TIMING-18#203 Warning
Missing input or output delay  
An output delay is missing on m_axi_mem_araddr[7] relative to the rising and/or falling clock edge(s) of core_clk.
Related violations: <none>

TIMING-18#204 Warning
Missing input or output delay  
An output delay is missing on m_axi_mem_araddr[8] relative to the rising and/or falling clock edge(s) of core_clk.
Related violations: <none>

TIMING-18#205 Warning
Missing input or output delay  
An output delay is missing on m_axi_mem_araddr[9] relative to the rising and/or falling clock edge(s) of core_clk.
Related violations: <none>

TIMING-18#206 Warning
Missing input or output delay  
An output delay is missing on m_axi_mem_arburst[0] relative to the rising and/or falling clock edge(s) of core_clk.
Related violations: <none>

TIMING-18#207 Warning
Missing input or output delay  
An output delay is missing on m_axi_mem_arburst[1] relative to the rising and/or falling clock edge(s) of core_clk.
Related violations: <none>

TIMING-18#208 Warning
Missing input or output delay  
An output delay is missing on m_axi_mem_arlen[0] relative to the rising and/or falling clock edge(s) of core_clk.
Related violations: <none>

TIMING-18#209 Warning
Missing input or output delay  
An output delay is missing on m_axi_mem_arlen[1] relative to the rising and/or falling clock edge(s) of core_clk.
Related violations: <none>

TIMING-18#210 Warning
Missing input or output delay  
An output delay is missing on m_axi_mem_arlen[2] relative to the rising and/or falling clock edge(s) of core_clk.
Related violations: <none>

TIMING-18#211 Warning
Missing input or output delay  
An output delay is missing on m_axi_mem_arlen[3] relative to the rising and/or falling clock edge(s) of core_clk.
Related violations: <none>

TIMING-18#212 Warning
Missing input or output delay  
An output delay is missing on m_axi_mem_arlen[4] relative to the rising and/or falling clock edge(s) of core_clk.
Related violations: <none>

TIMING-18#213 Warning
Missing input or output delay  
An output delay is missing on m_axi_mem_arlen[5] relative to the rising and/or falling clock edge(s) of core_clk.
Related violations: <none>

TIMING-18#214 Warning
Missing input or output delay  
An output delay is missing on m_axi_mem_arlen[6] relative to the rising and/or falling clock edge(s) of core_clk.
Related violations: <none>

TIMING-18#215 Warning
Missing input or output delay  
An output delay is missing on m_axi_mem_arlen[7] relative to the rising and/or falling clock edge(s) of core_clk.
Related violations: <none>

TIMING-18#216 Warning
Missing input or output delay  
An output delay is missing on m_axi_mem_arsize[0] relative to the rising and/or falling clock edge(s) of core_clk.
Related violations: <none>

TIMING-18#217 Warning
Missing input or output delay  
An output delay is missing on m_axi_mem_arsize[1] relative to the rising and/or falling clock edge(s) of core_clk.
Related violations: <none>

TIMING-18#218 Warning
Missing input or output delay  
An output delay is missing on m_axi_mem_arsize[2] relative to the rising and/or falling clock edge(s) of core_clk.
Related violations: <none>

TIMING-18#219 Warning
Missing input or output delay  
An output delay is missing on m_axi_mem_arvalid relative to the rising and/or falling clock edge(s) of core_clk.
Related violations: <none>

TIMING-18#220 Warning
Missing input or output delay  
An output delay is missing on m_axi_mem_awaddr[0] relative to the rising and/or falling clock edge(s) of core_clk.
Related violations: <none>

TIMING-18#221 Warning
Missing input or output delay  
An output delay is missing on m_axi_mem_awaddr[10] relative to the rising and/or falling clock edge(s) of core_clk.
Related violations: <none>

TIMING-18#222 Warning
Missing input or output delay  
An output delay is missing on m_axi_mem_awaddr[11] relative to the rising and/or falling clock edge(s) of core_clk.
Related violations: <none>

TIMING-18#223 Warning
Missing input or output delay  
An output delay is missing on m_axi_mem_awaddr[12] relative to the rising and/or falling clock edge(s) of core_clk.
Related violations: <none>

TIMING-18#224 Warning
Missing input or output delay  
An output delay is missing on m_axi_mem_awaddr[13] relative to the rising and/or falling clock edge(s) of core_clk.
Related violations: <none>

TIMING-18#225 Warning
Missing input or output delay  
An output delay is missing on m_axi_mem_awaddr[14] relative to the rising and/or falling clock edge(s) of core_clk.
Related violations: <none>

TIMING-18#226 Warning
Missing input or output delay  
An output delay is missing on m_axi_mem_awaddr[15] relative to the rising and/or falling clock edge(s) of core_clk.
Related violations: <none>

TIMING-18#227 Warning
Missing input or output delay  
An output delay is missing on m_axi_mem_awaddr[16] relative to the rising and/or falling clock edge(s) of core_clk.
Related violations: <none>

TIMING-18#228 Warning
Missing input or output delay  
An output delay is missing on m_axi_mem_awaddr[17] relative to the rising and/or falling clock edge(s) of core_clk.
Related violations: <none>

TIMING-18#229 Warning
Missing input or output delay  
An output delay is missing on m_axi_mem_awaddr[18] relative to the rising and/or falling clock edge(s) of core_clk.
Related violations: <none>

TIMING-18#230 Warning
Missing input or output delay  
An output delay is missing on m_axi_mem_awaddr[19] relative to the rising and/or falling clock edge(s) of core_clk.
Related violations: <none>

TIMING-18#231 Warning
Missing input or output delay  
An output delay is missing on m_axi_mem_awaddr[1] relative to the rising and/or falling clock edge(s) of core_clk.
Related violations: <none>

TIMING-18#232 Warning
Missing input or output delay  
An output delay is missing on m_axi_mem_awaddr[20] relative to the rising and/or falling clock edge(s) of core_clk.
Related violations: <none>

TIMING-18#233 Warning
Missing input or output delay  
An output delay is missing on m_axi_mem_awaddr[21] relative to the rising and/or falling clock edge(s) of core_clk.
Related violations: <none>

TIMING-18#234 Warning
Missing input or output delay  
An output delay is missing on m_axi_mem_awaddr[22] relative to the rising and/or falling clock edge(s) of core_clk.
Related violations: <none>

TIMING-18#235 Warning
Missing input or output delay  
An output delay is missing on m_axi_mem_awaddr[23] relative to the rising and/or falling clock edge(s) of core_clk.
Related violations: <none>

TIMING-18#236 Warning
Missing input or output delay  
An output delay is missing on m_axi_mem_awaddr[24] relative to the rising and/or falling clock edge(s) of core_clk.
Related violations: <none>

TIMING-18#237 Warning
Missing input or output delay  
An output delay is missing on m_axi_mem_awaddr[25] relative to the rising and/or falling clock edge(s) of core_clk.
Related violations: <none>

TIMING-18#238 Warning
Missing input or output delay  
An output delay is missing on m_axi_mem_awaddr[26] relative to the rising and/or falling clock edge(s) of core_clk.
Related violations: <none>

TIMING-18#239 Warning
Missing input or output delay  
An output delay is missing on m_axi_mem_awaddr[27] relative to the rising and/or falling clock edge(s) of core_clk.
Related violations: <none>

TIMING-18#240 Warning
Missing input or output delay  
An output delay is missing on m_axi_mem_awaddr[28] relative to the rising and/or falling clock edge(s) of core_clk.
Related violations: <none>

TIMING-18#241 Warning
Missing input or output delay  
An output delay is missing on m_axi_mem_awaddr[29] relative to the rising and/or falling clock edge(s) of core_clk.
Related violations: <none>

TIMING-18#242 Warning
Missing input or output delay  
An output delay is missing on m_axi_mem_awaddr[2] relative to the rising and/or falling clock edge(s) of core_clk.
Related violations: <none>

TIMING-18#243 Warning
Missing input or output delay  
An output delay is missing on m_axi_mem_awaddr[30] relative to the rising and/or falling clock edge(s) of core_clk.
Related violations: <none>

TIMING-18#244 Warning
Missing input or output delay  
An output delay is missing on m_axi_mem_awaddr[31] relative to the rising and/or falling clock edge(s) of core_clk.
Related violations: <none>

TIMING-18#245 Warning
Missing input or output delay  
An output delay is missing on m_axi_mem_awaddr[32] relative to the rising and/or falling clock edge(s) of core_clk.
Related violations: <none>

TIMING-18#246 Warning
Missing input or output delay  
An output delay is missing on m_axi_mem_awaddr[33] relative to the rising and/or falling clock edge(s) of core_clk.
Related violations: <none>

TIMING-18#247 Warning
Missing input or output delay  
An output delay is missing on m_axi_mem_awaddr[34] relative to the rising and/or falling clock edge(s) of core_clk.
Related violations: <none>

TIMING-18#248 Warning
Missing input or output delay  
An output delay is missing on m_axi_mem_awaddr[35] relative to the rising and/or falling clock edge(s) of core_clk.
Related violations: <none>

TIMING-18#249 Warning
Missing input or output delay  
An output delay is missing on m_axi_mem_awaddr[36] relative to the rising and/or falling clock edge(s) of core_clk.
Related violations: <none>

TIMING-18#250 Warning
Missing input or output delay  
An output delay is missing on m_axi_mem_awaddr[37] relative to the rising and/or falling clock edge(s) of core_clk.
Related violations: <none>

TIMING-18#251 Warning
Missing input or output delay  
An output delay is missing on m_axi_mem_awaddr[38] relative to the rising and/or falling clock edge(s) of core_clk.
Related violations: <none>

TIMING-18#252 Warning
Missing input or output delay  
An output delay is missing on m_axi_mem_awaddr[39] relative to the rising and/or falling clock edge(s) of core_clk.
Related violations: <none>

TIMING-18#253 Warning
Missing input or output delay  
An output delay is missing on m_axi_mem_awaddr[3] relative to the rising and/or falling clock edge(s) of core_clk.
Related violations: <none>

TIMING-18#254 Warning
Missing input or output delay  
An output delay is missing on m_axi_mem_awaddr[40] relative to the rising and/or falling clock edge(s) of core_clk.
Related violations: <none>

TIMING-18#255 Warning
Missing input or output delay  
An output delay is missing on m_axi_mem_awaddr[41] relative to the rising and/or falling clock edge(s) of core_clk.
Related violations: <none>

TIMING-18#256 Warning
Missing input or output delay  
An output delay is missing on m_axi_mem_awaddr[42] relative to the rising and/or falling clock edge(s) of core_clk.
Related violations: <none>

TIMING-18#257 Warning
Missing input or output delay  
An output delay is missing on m_axi_mem_awaddr[43] relative to the rising and/or falling clock edge(s) of core_clk.
Related violations: <none>

TIMING-18#258 Warning
Missing input or output delay  
An output delay is missing on m_axi_mem_awaddr[44] relative to the rising and/or falling clock edge(s) of core_clk.
Related violations: <none>

TIMING-18#259 Warning
Missing input or output delay  
An output delay is missing on m_axi_mem_awaddr[45] relative to the rising and/or falling clock edge(s) of core_clk.
Related violations: <none>

TIMING-18#260 Warning
Missing input or output delay  
An output delay is missing on m_axi_mem_awaddr[46] relative to the rising and/or falling clock edge(s) of core_clk.
Related violations: <none>

TIMING-18#261 Warning
Missing input or output delay  
An output delay is missing on m_axi_mem_awaddr[47] relative to the rising and/or falling clock edge(s) of core_clk.
Related violations: <none>

TIMING-18#262 Warning
Missing input or output delay  
An output delay is missing on m_axi_mem_awaddr[48] relative to the rising and/or falling clock edge(s) of core_clk.
Related violations: <none>

TIMING-18#263 Warning
Missing input or output delay  
An output delay is missing on m_axi_mem_awaddr[49] relative to the rising and/or falling clock edge(s) of core_clk.
Related violations: <none>

TIMING-18#264 Warning
Missing input or output delay  
An output delay is missing on m_axi_mem_awaddr[4] relative to the rising and/or falling clock edge(s) of core_clk.
Related violations: <none>

TIMING-18#265 Warning
Missing input or output delay  
An output delay is missing on m_axi_mem_awaddr[50] relative to the rising and/or falling clock edge(s) of core_clk.
Related violations: <none>

TIMING-18#266 Warning
Missing input or output delay  
An output delay is missing on m_axi_mem_awaddr[51] relative to the rising and/or falling clock edge(s) of core_clk.
Related violations: <none>

TIMING-18#267 Warning
Missing input or output delay  
An output delay is missing on m_axi_mem_awaddr[52] relative to the rising and/or falling clock edge(s) of core_clk.
Related violations: <none>

TIMING-18#268 Warning
Missing input or output delay  
An output delay is missing on m_axi_mem_awaddr[53] relative to the rising and/or falling clock edge(s) of core_clk.
Related violations: <none>

TIMING-18#269 Warning
Missing input or output delay  
An output delay is missing on m_axi_mem_awaddr[54] relative to the rising and/or falling clock edge(s) of core_clk.
Related violations: <none>

TIMING-18#270 Warning
Missing input or output delay  
An output delay is missing on m_axi_mem_awaddr[55] relative to the rising and/or falling clock edge(s) of core_clk.
Related violations: <none>

TIMING-18#271 Warning
Missing input or output delay  
An output delay is missing on m_axi_mem_awaddr[56] relative to the rising and/or falling clock edge(s) of core_clk.
Related violations: <none>

TIMING-18#272 Warning
Missing input or output delay  
An output delay is missing on m_axi_mem_awaddr[57] relative to the rising and/or falling clock edge(s) of core_clk.
Related violations: <none>

TIMING-18#273 Warning
Missing input or output delay  
An output delay is missing on m_axi_mem_awaddr[58] relative to the rising and/or falling clock edge(s) of core_clk.
Related violations: <none>

TIMING-18#274 Warning
Missing input or output delay  
An output delay is missing on m_axi_mem_awaddr[59] relative to the rising and/or falling clock edge(s) of core_clk.
Related violations: <none>

TIMING-18#275 Warning
Missing input or output delay  
An output delay is missing on m_axi_mem_awaddr[5] relative to the rising and/or falling clock edge(s) of core_clk.
Related violations: <none>

TIMING-18#276 Warning
Missing input or output delay  
An output delay is missing on m_axi_mem_awaddr[60] relative to the rising and/or falling clock edge(s) of core_clk.
Related violations: <none>

TIMING-18#277 Warning
Missing input or output delay  
An output delay is missing on m_axi_mem_awaddr[61] relative to the rising and/or falling clock edge(s) of core_clk.
Related violations: <none>

TIMING-18#278 Warning
Missing input or output delay  
An output delay is missing on m_axi_mem_awaddr[62] relative to the rising and/or falling clock edge(s) of core_clk.
Related violations: <none>

TIMING-18#279 Warning
Missing input or output delay  
An output delay is missing on m_axi_mem_awaddr[63] relative to the rising and/or falling clock edge(s) of core_clk.
Related violations: <none>

TIMING-18#280 Warning
Missing input or output delay  
An output delay is missing on m_axi_mem_awaddr[6] relative to the rising and/or falling clock edge(s) of core_clk.
Related violations: <none>

TIMING-18#281 Warning
Missing input or output delay  
An output delay is missing on m_axi_mem_awaddr[7] relative to the rising and/or falling clock edge(s) of core_clk.
Related violations: <none>

TIMING-18#282 Warning
Missing input or output delay  
An output delay is missing on m_axi_mem_awaddr[8] relative to the rising and/or falling clock edge(s) of core_clk.
Related violations: <none>

TIMING-18#283 Warning
Missing input or output delay  
An output delay is missing on m_axi_mem_awaddr[9] relative to the rising and/or falling clock edge(s) of core_clk.
Related violations: <none>

TIMING-18#284 Warning
Missing input or output delay  
An output delay is missing on m_axi_mem_awlen[0] relative to the rising and/or falling clock edge(s) of core_clk.
Related violations: <none>

TIMING-18#285 Warning
Missing input or output delay  
An output delay is missing on m_axi_mem_awlen[1] relative to the rising and/or falling clock edge(s) of core_clk.
Related violations: <none>

TIMING-18#286 Warning
Missing input or output delay  
An output delay is missing on m_axi_mem_awlen[2] relative to the rising and/or falling clock edge(s) of core_clk.
Related violations: <none>

TIMING-18#287 Warning
Missing input or output delay  
An output delay is missing on m_axi_mem_awlen[3] relative to the rising and/or falling clock edge(s) of core_clk.
Related violations: <none>

TIMING-18#288 Warning
Missing input or output delay  
An output delay is missing on m_axi_mem_awlen[4] relative to the rising and/or falling clock edge(s) of core_clk.
Related violations: <none>

TIMING-18#289 Warning
Missing input or output delay  
An output delay is missing on m_axi_mem_awlen[5] relative to the rising and/or falling clock edge(s) of core_clk.
Related violations: <none>

TIMING-18#290 Warning
Missing input or output delay  
An output delay is missing on m_axi_mem_awlen[6] relative to the rising and/or falling clock edge(s) of core_clk.
Related violations: <none>

TIMING-18#291 Warning
Missing input or output delay  
An output delay is missing on m_axi_mem_awlen[7] relative to the rising and/or falling clock edge(s) of core_clk.
Related violations: <none>

TIMING-18#292 Warning
Missing input or output delay  
An output delay is missing on m_axi_mem_awsize[0] relative to the rising and/or falling clock edge(s) of core_clk.
Related violations: <none>

TIMING-18#293 Warning
Missing input or output delay  
An output delay is missing on m_axi_mem_awsize[1] relative to the rising and/or falling clock edge(s) of core_clk.
Related violations: <none>

TIMING-18#294 Warning
Missing input or output delay  
An output delay is missing on m_axi_mem_awsize[2] relative to the rising and/or falling clock edge(s) of core_clk.
Related violations: <none>

TIMING-18#295 Warning
Missing input or output delay  
An output delay is missing on m_axi_mem_awvalid relative to the rising and/or falling clock edge(s) of core_clk.
Related violations: <none>

TIMING-18#296 Warning
Missing input or output delay  
An output delay is missing on m_axi_mem_bready relative to the rising and/or falling clock edge(s) of core_clk.
Related violations: <none>

TIMING-18#297 Warning
Missing input or output delay  
An output delay is missing on m_axi_mem_rready relative to the rising and/or falling clock edge(s) of core_clk.
Related violations: <none>

TIMING-18#298 Warning
Missing input or output delay  
An output delay is missing on m_axi_mem_wdata[0] relative to the rising and/or falling clock edge(s) of core_clk.
Related violations: <none>

TIMING-18#299 Warning
Missing input or output delay  
An output delay is missing on m_axi_mem_wdata[10] relative to the rising and/or falling clock edge(s) of core_clk.
Related violations: <none>

TIMING-18#300 Warning
Missing input or output delay  
An output delay is missing on m_axi_mem_wdata[11] relative to the rising and/or falling clock edge(s) of core_clk.
Related violations: <none>

TIMING-18#301 Warning
Missing input or output delay  
An output delay is missing on m_axi_mem_wdata[12] relative to the rising and/or falling clock edge(s) of core_clk.
Related violations: <none>

TIMING-18#302 Warning
Missing input or output delay  
An output delay is missing on m_axi_mem_wdata[13] relative to the rising and/or falling clock edge(s) of core_clk.
Related violations: <none>

TIMING-18#303 Warning
Missing input or output delay  
An output delay is missing on m_axi_mem_wdata[14] relative to the rising and/or falling clock edge(s) of core_clk.
Related violations: <none>

TIMING-18#304 Warning
Missing input or output delay  
An output delay is missing on m_axi_mem_wdata[15] relative to the rising and/or falling clock edge(s) of core_clk.
Related violations: <none>

TIMING-18#305 Warning
Missing input or output delay  
An output delay is missing on m_axi_mem_wdata[16] relative to the rising and/or falling clock edge(s) of core_clk.
Related violations: <none>

TIMING-18#306 Warning
Missing input or output delay  
An output delay is missing on m_axi_mem_wdata[17] relative to the rising and/or falling clock edge(s) of core_clk.
Related violations: <none>

TIMING-18#307 Warning
Missing input or output delay  
An output delay is missing on m_axi_mem_wdata[18] relative to the rising and/or falling clock edge(s) of core_clk.
Related violations: <none>

TIMING-18#308 Warning
Missing input or output delay  
An output delay is missing on m_axi_mem_wdata[19] relative to the rising and/or falling clock edge(s) of core_clk.
Related violations: <none>

TIMING-18#309 Warning
Missing input or output delay  
An output delay is missing on m_axi_mem_wdata[1] relative to the rising and/or falling clock edge(s) of core_clk.
Related violations: <none>

TIMING-18#310 Warning
Missing input or output delay  
An output delay is missing on m_axi_mem_wdata[20] relative to the rising and/or falling clock edge(s) of core_clk.
Related violations: <none>

TIMING-18#311 Warning
Missing input or output delay  
An output delay is missing on m_axi_mem_wdata[21] relative to the rising and/or falling clock edge(s) of core_clk.
Related violations: <none>

TIMING-18#312 Warning
Missing input or output delay  
An output delay is missing on m_axi_mem_wdata[22] relative to the rising and/or falling clock edge(s) of core_clk.
Related violations: <none>

TIMING-18#313 Warning
Missing input or output delay  
An output delay is missing on m_axi_mem_wdata[23] relative to the rising and/or falling clock edge(s) of core_clk.
Related violations: <none>

TIMING-18#314 Warning
Missing input or output delay  
An output delay is missing on m_axi_mem_wdata[24] relative to the rising and/or falling clock edge(s) of core_clk.
Related violations: <none>

TIMING-18#315 Warning
Missing input or output delay  
An output delay is missing on m_axi_mem_wdata[25] relative to the rising and/or falling clock edge(s) of core_clk.
Related violations: <none>

TIMING-18#316 Warning
Missing input or output delay  
An output delay is missing on m_axi_mem_wdata[26] relative to the rising and/or falling clock edge(s) of core_clk.
Related violations: <none>

TIMING-18#317 Warning
Missing input or output delay  
An output delay is missing on m_axi_mem_wdata[27] relative to the rising and/or falling clock edge(s) of core_clk.
Related violations: <none>

TIMING-18#318 Warning
Missing input or output delay  
An output delay is missing on m_axi_mem_wdata[28] relative to the rising and/or falling clock edge(s) of core_clk.
Related violations: <none>

TIMING-18#319 Warning
Missing input or output delay  
An output delay is missing on m_axi_mem_wdata[29] relative to the rising and/or falling clock edge(s) of core_clk.
Related violations: <none>

TIMING-18#320 Warning
Missing input or output delay  
An output delay is missing on m_axi_mem_wdata[2] relative to the rising and/or falling clock edge(s) of core_clk.
Related violations: <none>

TIMING-18#321 Warning
Missing input or output delay  
An output delay is missing on m_axi_mem_wdata[30] relative to the rising and/or falling clock edge(s) of core_clk.
Related violations: <none>

TIMING-18#322 Warning
Missing input or output delay  
An output delay is missing on m_axi_mem_wdata[31] relative to the rising and/or falling clock edge(s) of core_clk.
Related violations: <none>

TIMING-18#323 Warning
Missing input or output delay  
An output delay is missing on m_axi_mem_wdata[32] relative to the rising and/or falling clock edge(s) of core_clk.
Related violations: <none>

TIMING-18#324 Warning
Missing input or output delay  
An output delay is missing on m_axi_mem_wdata[33] relative to the rising and/or falling clock edge(s) of core_clk.
Related violations: <none>

TIMING-18#325 Warning
Missing input or output delay  
An output delay is missing on m_axi_mem_wdata[34] relative to the rising and/or falling clock edge(s) of core_clk.
Related violations: <none>

TIMING-18#326 Warning
Missing input or output delay  
An output delay is missing on m_axi_mem_wdata[35] relative to the rising and/or falling clock edge(s) of core_clk.
Related violations: <none>

TIMING-18#327 Warning
Missing input or output delay  
An output delay is missing on m_axi_mem_wdata[36] relative to the rising and/or falling clock edge(s) of core_clk.
Related violations: <none>

TIMING-18#328 Warning
Missing input or output delay  
An output delay is missing on m_axi_mem_wdata[37] relative to the rising and/or falling clock edge(s) of core_clk.
Related violations: <none>

TIMING-18#329 Warning
Missing input or output delay  
An output delay is missing on m_axi_mem_wdata[38] relative to the rising and/or falling clock edge(s) of core_clk.
Related violations: <none>

TIMING-18#330 Warning
Missing input or output delay  
An output delay is missing on m_axi_mem_wdata[39] relative to the rising and/or falling clock edge(s) of core_clk.
Related violations: <none>

TIMING-18#331 Warning
Missing input or output delay  
An output delay is missing on m_axi_mem_wdata[3] relative to the rising and/or falling clock edge(s) of core_clk.
Related violations: <none>

TIMING-18#332 Warning
Missing input or output delay  
An output delay is missing on m_axi_mem_wdata[40] relative to the rising and/or falling clock edge(s) of core_clk.
Related violations: <none>

TIMING-18#333 Warning
Missing input or output delay  
An output delay is missing on m_axi_mem_wdata[41] relative to the rising and/or falling clock edge(s) of core_clk.
Related violations: <none>

TIMING-18#334 Warning
Missing input or output delay  
An output delay is missing on m_axi_mem_wdata[42] relative to the rising and/or falling clock edge(s) of core_clk.
Related violations: <none>

TIMING-18#335 Warning
Missing input or output delay  
An output delay is missing on m_axi_mem_wdata[43] relative to the rising and/or falling clock edge(s) of core_clk.
Related violations: <none>

TIMING-18#336 Warning
Missing input or output delay  
An output delay is missing on m_axi_mem_wdata[44] relative to the rising and/or falling clock edge(s) of core_clk.
Related violations: <none>

TIMING-18#337 Warning
Missing input or output delay  
An output delay is missing on m_axi_mem_wdata[45] relative to the rising and/or falling clock edge(s) of core_clk.
Related violations: <none>

TIMING-18#338 Warning
Missing input or output delay  
An output delay is missing on m_axi_mem_wdata[46] relative to the rising and/or falling clock edge(s) of core_clk.
Related violations: <none>

TIMING-18#339 Warning
Missing input or output delay  
An output delay is missing on m_axi_mem_wdata[47] relative to the rising and/or falling clock edge(s) of core_clk.
Related violations: <none>

TIMING-18#340 Warning
Missing input or output delay  
An output delay is missing on m_axi_mem_wdata[48] relative to the rising and/or falling clock edge(s) of core_clk.
Related violations: <none>

TIMING-18#341 Warning
Missing input or output delay  
An output delay is missing on m_axi_mem_wdata[49] relative to the rising and/or falling clock edge(s) of core_clk.
Related violations: <none>

TIMING-18#342 Warning
Missing input or output delay  
An output delay is missing on m_axi_mem_wdata[4] relative to the rising and/or falling clock edge(s) of core_clk.
Related violations: <none>

TIMING-18#343 Warning
Missing input or output delay  
An output delay is missing on m_axi_mem_wdata[50] relative to the rising and/or falling clock edge(s) of core_clk.
Related violations: <none>

TIMING-18#344 Warning
Missing input or output delay  
An output delay is missing on m_axi_mem_wdata[51] relative to the rising and/or falling clock edge(s) of core_clk.
Related violations: <none>

TIMING-18#345 Warning
Missing input or output delay  
An output delay is missing on m_axi_mem_wdata[52] relative to the rising and/or falling clock edge(s) of core_clk.
Related violations: <none>

TIMING-18#346 Warning
Missing input or output delay  
An output delay is missing on m_axi_mem_wdata[53] relative to the rising and/or falling clock edge(s) of core_clk.
Related violations: <none>

TIMING-18#347 Warning
Missing input or output delay  
An output delay is missing on m_axi_mem_wdata[54] relative to the rising and/or falling clock edge(s) of core_clk.
Related violations: <none>

TIMING-18#348 Warning
Missing input or output delay  
An output delay is missing on m_axi_mem_wdata[55] relative to the rising and/or falling clock edge(s) of core_clk.
Related violations: <none>

TIMING-18#349 Warning
Missing input or output delay  
An output delay is missing on m_axi_mem_wdata[56] relative to the rising and/or falling clock edge(s) of core_clk.
Related violations: <none>

TIMING-18#350 Warning
Missing input or output delay  
An output delay is missing on m_axi_mem_wdata[57] relative to the rising and/or falling clock edge(s) of core_clk.
Related violations: <none>

TIMING-18#351 Warning
Missing input or output delay  
An output delay is missing on m_axi_mem_wdata[58] relative to the rising and/or falling clock edge(s) of core_clk.
Related violations: <none>

TIMING-18#352 Warning
Missing input or output delay  
An output delay is missing on m_axi_mem_wdata[59] relative to the rising and/or falling clock edge(s) of core_clk.
Related violations: <none>

TIMING-18#353 Warning
Missing input or output delay  
An output delay is missing on m_axi_mem_wdata[5] relative to the rising and/or falling clock edge(s) of core_clk.
Related violations: <none>

TIMING-18#354 Warning
Missing input or output delay  
An output delay is missing on m_axi_mem_wdata[60] relative to the rising and/or falling clock edge(s) of core_clk.
Related violations: <none>

TIMING-18#355 Warning
Missing input or output delay  
An output delay is missing on m_axi_mem_wdata[61] relative to the rising and/or falling clock edge(s) of core_clk.
Related violations: <none>

TIMING-18#356 Warning
Missing input or output delay  
An output delay is missing on m_axi_mem_wdata[62] relative to the rising and/or falling clock edge(s) of core_clk.
Related violations: <none>

TIMING-18#357 Warning
Missing input or output delay  
An output delay is missing on m_axi_mem_wdata[63] relative to the rising and/or falling clock edge(s) of core_clk.
Related violations: <none>

TIMING-18#358 Warning
Missing input or output delay  
An output delay is missing on m_axi_mem_wdata[6] relative to the rising and/or falling clock edge(s) of core_clk.
Related violations: <none>

TIMING-18#359 Warning
Missing input or output delay  
An output delay is missing on m_axi_mem_wdata[7] relative to the rising and/or falling clock edge(s) of core_clk.
Related violations: <none>

TIMING-18#360 Warning
Missing input or output delay  
An output delay is missing on m_axi_mem_wdata[8] relative to the rising and/or falling clock edge(s) of core_clk.
Related violations: <none>

TIMING-18#361 Warning
Missing input or output delay  
An output delay is missing on m_axi_mem_wdata[9] relative to the rising and/or falling clock edge(s) of core_clk.
Related violations: <none>

TIMING-18#362 Warning
Missing input or output delay  
An output delay is missing on m_axi_mem_wlast relative to the rising and/or falling clock edge(s) of core_clk.
Related violations: <none>

TIMING-18#363 Warning
Missing input or output delay  
An output delay is missing on m_axi_mem_wstrb[0] relative to the rising and/or falling clock edge(s) of core_clk.
Related violations: <none>

TIMING-18#364 Warning
Missing input or output delay  
An output delay is missing on m_axi_mem_wstrb[1] relative to the rising and/or falling clock edge(s) of core_clk.
Related violations: <none>

TIMING-18#365 Warning
Missing input or output delay  
An output delay is missing on m_axi_mem_wstrb[2] relative to the rising and/or falling clock edge(s) of core_clk.
Related violations: <none>

TIMING-18#366 Warning
Missing input or output delay  
An output delay is missing on m_axi_mem_wstrb[3] relative to the rising and/or falling clock edge(s) of core_clk.
Related violations: <none>

TIMING-18#367 Warning
Missing input or output delay  
An output delay is missing on m_axi_mem_wstrb[4] relative to the rising and/or falling clock edge(s) of core_clk.
Related violations: <none>

TIMING-18#368 Warning
Missing input or output delay  
An output delay is missing on m_axi_mem_wstrb[5] relative to the rising and/or falling clock edge(s) of core_clk.
Related violations: <none>

TIMING-18#369 Warning
Missing input or output delay  
An output delay is missing on m_axi_mem_wstrb[6] relative to the rising and/or falling clock edge(s) of core_clk.
Related violations: <none>

TIMING-18#370 Warning
Missing input or output delay  
An output delay is missing on m_axi_mem_wstrb[7] relative to the rising and/or falling clock edge(s) of core_clk.
Related violations: <none>

TIMING-18#371 Warning
Missing input or output delay  
An output delay is missing on m_axi_mem_wvalid relative to the rising and/or falling clock edge(s) of core_clk.
Related violations: <none>

TIMING-18#372 Warning
Missing input or output delay  
An output delay is missing on s_axi_ctrl_arready relative to the rising and/or falling clock edge(s) of core_clk.
Related violations: <none>

TIMING-18#373 Warning
Missing input or output delay  
An output delay is missing on s_axi_ctrl_awready relative to the rising and/or falling clock edge(s) of core_clk.
Related violations: <none>

TIMING-18#374 Warning
Missing input or output delay  
An output delay is missing on s_axi_ctrl_bresp[0] relative to the rising and/or falling clock edge(s) of core_clk.
Related violations: <none>

TIMING-18#375 Warning
Missing input or output delay  
An output delay is missing on s_axi_ctrl_bresp[1] relative to the rising and/or falling clock edge(s) of core_clk.
Related violations: <none>

TIMING-18#376 Warning
Missing input or output delay  
An output delay is missing on s_axi_ctrl_bvalid relative to the rising and/or falling clock edge(s) of core_clk.
Related violations: <none>

TIMING-18#377 Warning
Missing input or output delay  
An output delay is missing on s_axi_ctrl_rdata[0] relative to the rising and/or falling clock edge(s) of core_clk.
Related violations: <none>

TIMING-18#378 Warning
Missing input or output delay  
An output delay is missing on s_axi_ctrl_rdata[10] relative to the rising and/or falling clock edge(s) of core_clk.
Related violations: <none>

TIMING-18#379 Warning
Missing input or output delay  
An output delay is missing on s_axi_ctrl_rdata[11] relative to the rising and/or falling clock edge(s) of core_clk.
Related violations: <none>

TIMING-18#380 Warning
Missing input or output delay  
An output delay is missing on s_axi_ctrl_rdata[12] relative to the rising and/or falling clock edge(s) of core_clk.
Related violations: <none>

TIMING-18#381 Warning
Missing input or output delay  
An output delay is missing on s_axi_ctrl_rdata[13] relative to the rising and/or falling clock edge(s) of core_clk.
Related violations: <none>

TIMING-18#382 Warning
Missing input or output delay  
An output delay is missing on s_axi_ctrl_rdata[14] relative to the rising and/or falling clock edge(s) of core_clk.
Related violations: <none>

TIMING-18#383 Warning
Missing input or output delay  
An output delay is missing on s_axi_ctrl_rdata[15] relative to the rising and/or falling clock edge(s) of core_clk.
Related violations: <none>

TIMING-18#384 Warning
Missing input or output delay  
An output delay is missing on s_axi_ctrl_rdata[16] relative to the rising and/or falling clock edge(s) of core_clk.
Related violations: <none>

TIMING-18#385 Warning
Missing input or output delay  
An output delay is missing on s_axi_ctrl_rdata[17] relative to the rising and/or falling clock edge(s) of core_clk.
Related violations: <none>

TIMING-18#386 Warning
Missing input or output delay  
An output delay is missing on s_axi_ctrl_rdata[18] relative to the rising and/or falling clock edge(s) of core_clk.
Related violations: <none>

TIMING-18#387 Warning
Missing input or output delay  
An output delay is missing on s_axi_ctrl_rdata[19] relative to the rising and/or falling clock edge(s) of core_clk.
Related violations: <none>

TIMING-18#388 Warning
Missing input or output delay  
An output delay is missing on s_axi_ctrl_rdata[1] relative to the rising and/or falling clock edge(s) of core_clk.
Related violations: <none>

TIMING-18#389 Warning
Missing input or output delay  
An output delay is missing on s_axi_ctrl_rdata[20] relative to the rising and/or falling clock edge(s) of core_clk.
Related violations: <none>

TIMING-18#390 Warning
Missing input or output delay  
An output delay is missing on s_axi_ctrl_rdata[21] relative to the rising and/or falling clock edge(s) of core_clk.
Related violations: <none>

TIMING-18#391 Warning
Missing input or output delay  
An output delay is missing on s_axi_ctrl_rdata[22] relative to the rising and/or falling clock edge(s) of core_clk.
Related violations: <none>

TIMING-18#392 Warning
Missing input or output delay  
An output delay is missing on s_axi_ctrl_rdata[23] relative to the rising and/or falling clock edge(s) of core_clk.
Related violations: <none>

TIMING-18#393 Warning
Missing input or output delay  
An output delay is missing on s_axi_ctrl_rdata[24] relative to the rising and/or falling clock edge(s) of core_clk.
Related violations: <none>

TIMING-18#394 Warning
Missing input or output delay  
An output delay is missing on s_axi_ctrl_rdata[25] relative to the rising and/or falling clock edge(s) of core_clk.
Related violations: <none>

TIMING-18#395 Warning
Missing input or output delay  
An output delay is missing on s_axi_ctrl_rdata[26] relative to the rising and/or falling clock edge(s) of core_clk.
Related violations: <none>

TIMING-18#396 Warning
Missing input or output delay  
An output delay is missing on s_axi_ctrl_rdata[27] relative to the rising and/or falling clock edge(s) of core_clk.
Related violations: <none>

TIMING-18#397 Warning
Missing input or output delay  
An output delay is missing on s_axi_ctrl_rdata[28] relative to the rising and/or falling clock edge(s) of core_clk.
Related violations: <none>

TIMING-18#398 Warning
Missing input or output delay  
An output delay is missing on s_axi_ctrl_rdata[29] relative to the rising and/or falling clock edge(s) of core_clk.
Related violations: <none>

TIMING-18#399 Warning
Missing input or output delay  
An output delay is missing on s_axi_ctrl_rdata[2] relative to the rising and/or falling clock edge(s) of core_clk.
Related violations: <none>

TIMING-18#400 Warning
Missing input or output delay  
An output delay is missing on s_axi_ctrl_rdata[30] relative to the rising and/or falling clock edge(s) of core_clk.
Related violations: <none>

TIMING-18#401 Warning
Missing input or output delay  
An output delay is missing on s_axi_ctrl_rdata[31] relative to the rising and/or falling clock edge(s) of core_clk.
Related violations: <none>

TIMING-18#402 Warning
Missing input or output delay  
An output delay is missing on s_axi_ctrl_rdata[3] relative to the rising and/or falling clock edge(s) of core_clk.
Related violations: <none>

TIMING-18#403 Warning
Missing input or output delay  
An output delay is missing on s_axi_ctrl_rdata[4] relative to the rising and/or falling clock edge(s) of core_clk.
Related violations: <none>

TIMING-18#404 Warning
Missing input or output delay  
An output delay is missing on s_axi_ctrl_rdata[5] relative to the rising and/or falling clock edge(s) of core_clk.
Related violations: <none>

TIMING-18#405 Warning
Missing input or output delay  
An output delay is missing on s_axi_ctrl_rdata[6] relative to the rising and/or falling clock edge(s) of core_clk.
Related violations: <none>

TIMING-18#406 Warning
Missing input or output delay  
An output delay is missing on s_axi_ctrl_rdata[7] relative to the rising and/or falling clock edge(s) of core_clk.
Related violations: <none>

TIMING-18#407 Warning
Missing input or output delay  
An output delay is missing on s_axi_ctrl_rdata[8] relative to the rising and/or falling clock edge(s) of core_clk.
Related violations: <none>

TIMING-18#408 Warning
Missing input or output delay  
An output delay is missing on s_axi_ctrl_rdata[9] relative to the rising and/or falling clock edge(s) of core_clk.
Related violations: <none>

TIMING-18#409 Warning
Missing input or output delay  
An output delay is missing on s_axi_ctrl_rresp[0] relative to the rising and/or falling clock edge(s) of core_clk.
Related violations: <none>

TIMING-18#410 Warning
Missing input or output delay  
An output delay is missing on s_axi_ctrl_rresp[1] relative to the rising and/or falling clock edge(s) of core_clk.
Related violations: <none>

TIMING-18#411 Warning
Missing input or output delay  
An output delay is missing on s_axi_ctrl_rvalid relative to the rising and/or falling clock edge(s) of core_clk.
Related violations: <none>

TIMING-18#412 Warning
Missing input or output delay  
An output delay is missing on s_axi_ctrl_wready relative to the rising and/or falling clock edge(s) of core_clk.
Related violations: <none>


