Copyright 1986-2022 Xilinx, Inc. All Rights Reserved. Copyright 2022-2026 Advanced Micro Devices, Inc. All Rights Reserved.
---------------------------------------------------------------------------------------------------------------------------------------------------------------------
| Tool Version : Vivado v.2026.1 (win64) Build 6511674 Tue Jun 16 11:02:23 MDT 2026
| Date         : Tue Sep 15 23:14:43 2026
| Host         : RAW2332 running 64-bit major release  (build 9200)
| Command      : report_timing_summary -delay_type max -max_paths 20 -file D:/WORKBUDDY/STEM/npu-stem-repo/hardware/reports/vivado_2026_1/npu_top/timing_summary.rpt
| Design       : npu_top
| Device       : 7z020-clg400
| Speed File   : -1  PRODUCTION 1.12 2019-11-22
| Design State : Synthesized
---------------------------------------------------------------------------------------------------------------------------------------------------------------------

Timing Summary Report

------------------------------------------------------------------------------------------------
| Timer Settings
| --------------
------------------------------------------------------------------------------------------------

  Enable Multi Corner Analysis               :  Yes
  Enable Pessimism Removal                   :  Yes
  Pessimism Removal Resolution               :  Nearest Common Node
  Enable Input Delay Default Clock           :  No
  Enable Preset / Clear Arcs                 :  No
  Disable Flight Delays                      :  No
  Ignore I/O Paths                           :  No
  Timing Early Launch at Borrowing Latches   :  No
  Borrow Time for Max Delay Exceptions       :  Yes
  Merge Timing Exceptions                    :  Yes
  Inter-SLR Compensation                     :  Conservative

  Corner  Analyze    Analyze    
  Name    Max Paths  Min Paths  
  ------  ---------  ---------  
  Slow    Yes        Yes        
  Fast    Yes        Yes        


------------------------------------------------------------------------------------------------
| Report Methodology
| ------------------
------------------------------------------------------------------------------------------------

No report available as report_methodology has not been run prior. Run report_methodology on the current design for the summary of methodology violations.



check_timing report

Table of Contents
-----------------
1. checking no_clock (0)
2. checking constant_clock (0)
3. checking pulse_width_clock (0)
4. checking unconstrained_internal_endpoints (0)
5. checking no_input_delay (140)
6. checking no_output_delay (267)
7. checking multiple_clock (0)
8. checking generated_clocks (0)
9. checking loops (0)
10. checking partial_input_delay (0)
11. checking partial_output_delay (0)
12. checking latch_loops (0)

1. checking no_clock (0)
------------------------
 There are 0 register/latch pins with no clock.


2. checking constant_clock (0)
------------------------------
 There are 0 register/latch pins with constant_clock.


3. checking pulse_width_clock (0)
---------------------------------
 There are 0 register/latch pins which need pulse_width check


4. checking unconstrained_internal_endpoints (0)
------------------------------------------------
 There are 0 pins that are not constrained for maximum delay.

 There are 0 pins that are not constrained for maximum delay due to constant clock.


5. checking no_input_delay (140)
--------------------------------
 There are 140 input ports with no input delay specified. (HIGH)

 There are 0 input ports with no input delay but user has a false path constraint.


6. checking no_output_delay (267)
---------------------------------
 There are 267 ports with no output delay specified. (HIGH)

 There are 0 ports with no output delay but user has a false path constraint

 There are 0 ports with no output delay but with a timing clock defined on it or propagating through it


7. checking multiple_clock (0)
------------------------------
 There are 0 register/latch pins with multiple clocks.


8. checking generated_clocks (0)
--------------------------------
 There are 0 generated clocks that are not connected to a clock source.


9. checking loops (0)
---------------------
 There are 0 combinational loops in the design.


10. checking partial_input_delay (0)
------------------------------------
 There are 0 input ports with partial input delay specified.


11. checking partial_output_delay (0)
-------------------------------------
 There are 0 ports with partial output delay specified.


12. checking latch_loops (0)
----------------------------
 There are 0 combinational latch loops in the design through latch input



------------------------------------------------------------------------------------------------
| Design Timing Summary
| ---------------------
------------------------------------------------------------------------------------------------

    WNS(ns)      TNS(ns)  TNS Failing Endpoints  TNS Total Endpoints     WPWS(ns)     TPWS(ns)  TPWS Failing Endpoints  TPWS Total Endpoints  
    -------      -------  ---------------------  -------------------     --------     --------  ----------------------  --------------------  
      0.058        0.000                      0                56315        4.020        0.000                       0                 24561  


All user specified timing constraints are met.


------------------------------------------------------------------------------------------------
| Clock Summary
| -------------
------------------------------------------------------------------------------------------------

Clock     Waveform(ns)       Period(ns)      Frequency(MHz)
-----     ------------       ----------      --------------
core_clk  {0.000 5.000}      10.000          100.000         


------------------------------------------------------------------------------------------------
| Intra Clock Table
| -----------------
------------------------------------------------------------------------------------------------

Clock             WNS(ns)      TNS(ns)  TNS Failing Endpoints  TNS Total Endpoints     WPWS(ns)     TPWS(ns)  TPWS Failing Endpoints  TPWS Total Endpoints  
-----             -------      -------  ---------------------  -------------------     --------     --------  ----------------------  --------------------  
core_clk            0.058        0.000                      0                56315        4.020        0.000                       0                 24561  


------------------------------------------------------------------------------------------------
| Inter Clock Table
| -----------------
------------------------------------------------------------------------------------------------

From Clock    To Clock          WNS(ns)      TNS(ns)  TNS Failing Endpoints  TNS Total Endpoints  
----------    --------          -------      -------  ---------------------  -------------------  


------------------------------------------------------------------------------------------------
| Other Path Groups Table
| -----------------------
------------------------------------------------------------------------------------------------

Path Group    From Clock    To Clock          WNS(ns)      TNS(ns)  TNS Failing Endpoints  TNS Total Endpoints  
----------    ----------    --------          -------      -------  ---------------------  -------------------  


------------------------------------------------------------------------------------------------
| Timing Details
| --------------
------------------------------------------------------------------------------------------------


---------------------------------------------------------------------------------------------------
From Clock:  core_clk
  To Clock:  core_clk

Setup :            0  Failing Endpoints,  Worst Slack        0.058ns,  Total Violation        0.000ns
Hold  :           NA  Failing Endpoints,  Worst Slack           NA  ,  Total Violation           NA
PW    :            0  Failing Endpoints,  Worst Slack        4.020ns,  Total Violation        0.000ns
---------------------------------------------------------------------------------------------------


Max Delay Paths
--------------------------------------------------------------------------------------
Slack (MET) :             0.058ns  (required time - arrival time)
  Source:                 core/upsample/destination_row_address_q_reg[2]/C
                            (rising edge-triggered cell FDRE clocked by core_clk  {rise@0.000ns fall@5.000ns period=10.000ns})
  Destination:            core/upsample/write_burst_beats_q_reg[1]/R
                            (rising edge-triggered cell FDRE clocked by core_clk  {rise@0.000ns fall@5.000ns period=10.000ns})
  Path Group:             core_clk
  Path Type:              Setup (Max at Slow Process Corner)
  Requirement:            10.000ns  (core_clk rise@10.000ns - core_clk rise@0.000ns)
  Data Path Delay:        9.334ns  (logic 4.350ns (46.604%)  route 4.984ns (53.396%))
  Logic Levels:           11  (CARRY4=5 LUT1=1 LUT2=1 LUT3=1 LUT4=1 LUT6=2)
  Clock Path Skew:        -0.049ns (DCD - SCD + CPR)
    Destination Clock Delay (DCD):    0.924ns = ( 10.924 - 10.000 ) 
    Source Clock Delay      (SCD):    0.973ns
    Clock Pessimism Removal (CPR):    0.000ns
  Clock Uncertainty:      0.035ns  ((TSJ^2 + TIJ^2)^1/2 + DJ) / 2 + PE
    Total System Jitter     (TSJ):    0.071ns
    Total Input Jitter      (TIJ):    0.000ns
    Discrete Jitter          (DJ):    0.000ns
    Phase Error              (PE):    0.000ns

    Location             Delay type                Incr(ns)  Path(ns)    Netlist Resource(s)
  -------------------------------------------------------------------    -------------------
                         (clock core_clk rise edge)
                                                      0.000     0.000 r  <hidden>
                                                      0.000     0.000 r  aclk
                         net (fo=24560, unset)        0.973     0.973    core/upsample/aclk
                         FDRE                                         r  core/upsample/destination_row_address_q_reg[2]/C
  -------------------------------------------------------------------    -------------------
                         FDRE (Prop_fdre_C_Q)         0.518     1.491 r  core/upsample/destination_row_address_q_reg[2]/Q
                         net (fo=5, unplaced)         0.694     2.185    core/upsample/destination_row_address_q_reg_n_0_[2]
                         CARRY4 (Prop_carry4_S[0]_O[3])
                                                      0.903     3.088 f  core/upsample/m_axi_mem_awaddr[5]_INST_0_i_1/O[3]
                         net (fo=2, unplaced)         0.629     3.717    core/upsample/write_awaddr[1]_134[5]
                         LUT1 (Prop_lut1_I0_O)        0.307     4.024 r  core/upsample/m_axi_mem_awlen[6]_INST_0_i_7/O
                         net (fo=1, unplaced)         0.000     4.024    core/upsample/m_axi_mem_awlen[6]_INST_0_i_7_n_0
                         CARRY4 (Prop_carry4_S[0]_CO[3])
                                                      0.513     4.537 r  core/upsample/m_axi_mem_awlen[6]_INST_0_i_3/CO[3]
                         net (fo=1, unplaced)         0.000     4.537    core/upsample/m_axi_mem_awlen[6]_INST_0_i_3_n_0
                         CARRY4 (Prop_carry4_CI_O[1])
                                                      0.337     4.874 f  core/upsample/m_axi_mem_awlen[7]_INST_0_i_5/O[1]
                         net (fo=3, unplaced)         0.629     5.503    core/upsample/write_boundary_beats[7]
                         LUT4 (Prop_lut4_I1_O)        0.331     5.834 r  core/upsample/m_axi_mem_awlen[7]_INST_0_i_20/O
                         net (fo=1, unplaced)         0.000     5.834    core/upsample/m_axi_mem_awlen[7]_INST_0_i_20_n_0
                         CARRY4 (Prop_carry4_DI[3]_CO[3])
                                                      0.429     6.263 r  core/upsample/m_axi_mem_awlen[7]_INST_0_i_13/CO[3]
                         net (fo=1, unplaced)         0.009     6.272    core/upsample/m_axi_mem_awlen[7]_INST_0_i_13_n_0
                         CARRY4 (Prop_carry4_CI_CO[0])
                                                      0.281     6.553 r  core/upsample/m_axi_mem_awlen[7]_INST_0_i_6/CO[0]
                         net (fo=18, unplaced)        0.368     6.921    core/upsample/m_axi_mem_awlen[7]_INST_0_i_6_n_3
                         LUT3 (Prop_lut3_I1_O)        0.359     7.280 r  core/upsample/write_burst_beats_q[3]_i_1/O
                         net (fo=4, unplaced)         0.926     8.206    core/upsample/write_burst_beats_q[3]_i_1_n_0
                         LUT6 (Prop_lut6_I0_O)        0.124     8.330 r  core/upsample/m_axi_mem_awlen[7]_INST_0_i_9/O
                         net (fo=1, unplaced)         0.449     8.779    core/upsample/m_axi_mem_awlen[7]_INST_0_i_9_n_0
                         LUT6 (Prop_lut6_I1_O)        0.124     8.903 r  core/upsample/m_axi_mem_awlen[7]_INST_0_i_3/O
                         net (fo=13, unplaced)        0.469     9.372    core/upsample/m_axi_mem_awlen[7]_INST_0_i_3_n_0
                         LUT2 (Prop_lut2_I0_O)        0.124     9.496 r  core/upsample/write_burst_beats_q[7]_i_1/O
                         net (fo=7, unplaced)         0.811    10.307    core/upsample/write_burst_beats_q[7]_i_1_n_0
                         FDRE                                         r  core/upsample/write_burst_beats_q_reg[1]/R
  -------------------------------------------------------------------    -------------------

                         (clock core_clk rise edge)
                                                     10.000    10.000 r  <hidden>
                                                      0.000    10.000 r  aclk
                         net (fo=24560, unset)        0.924    10.924    core/upsample/aclk
                         FDRE                                         r  core/upsample/write_burst_beats_q_reg[1]/C
                         clock pessimism              0.000    10.924    <hidden>
                         clock uncertainty           -0.035    10.889    <hidden>
                         FDRE (Setup_fdre_C_R)       -0.524    10.365    core/upsample/write_burst_beats_q_reg[1]
  -------------------------------------------------------------------
                         required time                         10.365    <hidden>
                         arrival time                         -10.307    <hidden>
  -------------------------------------------------------------------
                         slack                                  0.058    <hidden>

Slack (MET) :             0.058ns  (required time - arrival time)
  Source:                 core/upsample/destination_row_address_q_reg[2]/C
                            (rising edge-triggered cell FDRE clocked by core_clk  {rise@0.000ns fall@5.000ns period=10.000ns})
  Destination:            core/upsample/write_burst_beats_q_reg[2]/R
                            (rising edge-triggered cell FDRE clocked by core_clk  {rise@0.000ns fall@5.000ns period=10.000ns})
  Path Group:             core_clk
  Path Type:              Setup (Max at Slow Process Corner)
  Requirement:            10.000ns  (core_clk rise@10.000ns - core_clk rise@0.000ns)
  Data Path Delay:        9.334ns  (logic 4.350ns (46.604%)  route 4.984ns (53.396%))
  Logic Levels:           11  (CARRY4=5 LUT1=1 LUT2=1 LUT3=1 LUT4=1 LUT6=2)
  Clock Path Skew:        -0.049ns (DCD - SCD + CPR)
    Destination Clock Delay (DCD):    0.924ns = ( 10.924 - 10.000 ) 
    Source Clock Delay      (SCD):    0.973ns
    Clock Pessimism Removal (CPR):    0.000ns
  Clock Uncertainty:      0.035ns  ((TSJ^2 + TIJ^2)^1/2 + DJ) / 2 + PE
    Total System Jitter     (TSJ):    0.071ns
    Total Input Jitter      (TIJ):    0.000ns
    Discrete Jitter          (DJ):    0.000ns
    Phase Error              (PE):    0.000ns

    Location             Delay type                Incr(ns)  Path(ns)    Netlist Resource(s)
  -------------------------------------------------------------------    -------------------
                         (clock core_clk rise edge)
                                                      0.000     0.000 r  <hidden>
                                                      0.000     0.000 r  aclk
                         net (fo=24560, unset)        0.973     0.973    core/upsample/aclk
                         FDRE                                         r  core/upsample/destination_row_address_q_reg[2]/C
  -------------------------------------------------------------------    -------------------
                         FDRE (Prop_fdre_C_Q)         0.518     1.491 r  core/upsample/destination_row_address_q_reg[2]/Q
                         net (fo=5, unplaced)         0.694     2.185    core/upsample/destination_row_address_q_reg_n_0_[2]
                         CARRY4 (Prop_carry4_S[0]_O[3])
                                                      0.903     3.088 f  core/upsample/m_axi_mem_awaddr[5]_INST_0_i_1/O[3]
                         net (fo=2, unplaced)         0.629     3.717    core/upsample/write_awaddr[1]_134[5]
                         LUT1 (Prop_lut1_I0_O)        0.307     4.024 r  core/upsample/m_axi_mem_awlen[6]_INST_0_i_7/O
                         net (fo=1, unplaced)         0.000     4.024    core/upsample/m_axi_mem_awlen[6]_INST_0_i_7_n_0
                         CARRY4 (Prop_carry4_S[0]_CO[3])
                                                      0.513     4.537 r  core/upsample/m_axi_mem_awlen[6]_INST_0_i_3/CO[3]
                         net (fo=1, unplaced)         0.000     4.537    core/upsample/m_axi_mem_awlen[6]_INST_0_i_3_n_0
                         CARRY4 (Prop_carry4_CI_O[1])
                                                      0.337     4.874 f  core/upsample/m_axi_mem_awlen[7]_INST_0_i_5/O[1]
                         net (fo=3, unplaced)         0.629     5.503    core/upsample/write_boundary_beats[7]
                         LUT4 (Prop_lut4_I1_O)        0.331     5.834 r  core/upsample/m_axi_mem_awlen[7]_INST_0_i_20/O
                         net (fo=1, unplaced)         0.000     5.834    core/upsample/m_axi_mem_awlen[7]_INST_0_i_20_n_0
                         CARRY4 (Prop_carry4_DI[3]_CO[3])
                                                      0.429     6.263 r  core/upsample/m_axi_mem_awlen[7]_INST_0_i_13/CO[3]
                         net (fo=1, unplaced)         0.009     6.272    core/upsample/m_axi_mem_awlen[7]_INST_0_i_13_n_0
                         CARRY4 (Prop_carry4_CI_CO[0])
                                                      0.281     6.553 r  core/upsample/m_axi_mem_awlen[7]_INST_0_i_6/CO[0]
                         net (fo=18, unplaced)        0.368     6.921    core/upsample/m_axi_mem_awlen[7]_INST_0_i_6_n_3
                         LUT3 (Prop_lut3_I1_O)        0.359     7.280 r  core/upsample/write_burst_beats_q[3]_i_1/O
                         net (fo=4, unplaced)         0.926     8.206    core/upsample/write_burst_beats_q[3]_i_1_n_0
                         LUT6 (Prop_lut6_I0_O)        0.124     8.330 r  core/upsample/m_axi_mem_awlen[7]_INST_0_i_9/O
                         net (fo=1, unplaced)         0.449     8.779    core/upsample/m_axi_mem_awlen[7]_INST_0_i_9_n_0
                         LUT6 (Prop_lut6_I1_O)        0.124     8.903 r  core/upsample/m_axi_mem_awlen[7]_INST_0_i_3/O
                         net (fo=13, unplaced)        0.469     9.372    core/upsample/m_axi_mem_awlen[7]_INST_0_i_3_n_0
                         LUT2 (Prop_lut2_I0_O)        0.124     9.496 r  core/upsample/write_burst_beats_q[7]_i_1/O
                         net (fo=7, unplaced)         0.811    10.307    core/upsample/write_burst_beats_q[7]_i_1_n_0
                         FDRE                                         r  core/upsample/write_burst_beats_q_reg[2]/R
  -------------------------------------------------------------------    -------------------

                         (clock core_clk rise edge)
                                                     10.000    10.000 r  <hidden>
                                                      0.000    10.000 r  aclk
                         net (fo=24560, unset)        0.924    10.924    core/upsample/aclk
                         FDRE                                         r  core/upsample/write_burst_beats_q_reg[2]/C
                         clock pessimism              0.000    10.924    <hidden>
                         clock uncertainty           -0.035    10.889    <hidden>
                         FDRE (Setup_fdre_C_R)       -0.524    10.365    core/upsample/write_burst_beats_q_reg[2]
  -------------------------------------------------------------------
                         required time                         10.365    <hidden>
                         arrival time                         -10.307    <hidden>
  -------------------------------------------------------------------
                         slack                                  0.058    <hidden>

Slack (MET) :             0.058ns  (required time - arrival time)
  Source:                 core/upsample/destination_row_address_q_reg[2]/C
                            (rising edge-triggered cell FDRE clocked by core_clk  {rise@0.000ns fall@5.000ns period=10.000ns})
  Destination:            core/upsample/write_burst_beats_q_reg[3]/R
                            (rising edge-triggered cell FDRE clocked by core_clk  {rise@0.000ns fall@5.000ns period=10.000ns})
  Path Group:             core_clk
  Path Type:              Setup (Max at Slow Process Corner)
  Requirement:            10.000ns  (core_clk rise@10.000ns - core_clk rise@0.000ns)
  Data Path Delay:        9.334ns  (logic 4.350ns (46.604%)  route 4.984ns (53.396%))
  Logic Levels:           11  (CARRY4=5 LUT1=1 LUT2=1 LUT3=1 LUT4=1 LUT6=2)
  Clock Path Skew:        -0.049ns (DCD - SCD + CPR)
    Destination Clock Delay (DCD):    0.924ns = ( 10.924 - 10.000 ) 
    Source Clock Delay      (SCD):    0.973ns
    Clock Pessimism Removal (CPR):    0.000ns
  Clock Uncertainty:      0.035ns  ((TSJ^2 + TIJ^2)^1/2 + DJ) / 2 + PE
    Total System Jitter     (TSJ):    0.071ns
    Total Input Jitter      (TIJ):    0.000ns
    Discrete Jitter          (DJ):    0.000ns
    Phase Error              (PE):    0.000ns

    Location             Delay type                Incr(ns)  Path(ns)    Netlist Resource(s)
  -------------------------------------------------------------------    -------------------
                         (clock core_clk rise edge)
                                                      0.000     0.000 r  <hidden>
                                                      0.000     0.000 r  aclk
                         net (fo=24560, unset)        0.973     0.973    core/upsample/aclk
                         FDRE                                         r  core/upsample/destination_row_address_q_reg[2]/C
  -------------------------------------------------------------------    -------------------
                         FDRE (Prop_fdre_C_Q)         0.518     1.491 r  core/upsample/destination_row_address_q_reg[2]/Q
                         net (fo=5, unplaced)         0.694     2.185    core/upsample/destination_row_address_q_reg_n_0_[2]
                         CARRY4 (Prop_carry4_S[0]_O[3])
                                                      0.903     3.088 f  core/upsample/m_axi_mem_awaddr[5]_INST_0_i_1/O[3]
                         net (fo=2, unplaced)         0.629     3.717    core/upsample/write_awaddr[1]_134[5]
                         LUT1 (Prop_lut1_I0_O)        0.307     4.024 r  core/upsample/m_axi_mem_awlen[6]_INST_0_i_7/O
                         net (fo=1, unplaced)         0.000     4.024    core/upsample/m_axi_mem_awlen[6]_INST_0_i_7_n_0
                         CARRY4 (Prop_carry4_S[0]_CO[3])
                                                      0.513     4.537 r  core/upsample/m_axi_mem_awlen[6]_INST_0_i_3/CO[3]
                         net (fo=1, unplaced)         0.000     4.537    core/upsample/m_axi_mem_awlen[6]_INST_0_i_3_n_0
                         CARRY4 (Prop_carry4_CI_O[1])
                                                      0.337     4.874 f  core/upsample/m_axi_mem_awlen[7]_INST_0_i_5/O[1]
                         net (fo=3, unplaced)         0.629     5.503    core/upsample/write_boundary_beats[7]
                         LUT4 (Prop_lut4_I1_O)        0.331     5.834 r  core/upsample/m_axi_mem_awlen[7]_INST_0_i_20/O
                         net (fo=1, unplaced)         0.000     5.834    core/upsample/m_axi_mem_awlen[7]_INST_0_i_20_n_0
                         CARRY4 (Prop_carry4_DI[3]_CO[3])
                                                      0.429     6.263 r  core/upsample/m_axi_mem_awlen[7]_INST_0_i_13/CO[3]
                         net (fo=1, unplaced)         0.009     6.272    core/upsample/m_axi_mem_awlen[7]_INST_0_i_13_n_0
                         CARRY4 (Prop_carry4_CI_CO[0])
                                                      0.281     6.553 r  core/upsample/m_axi_mem_awlen[7]_INST_0_i_6/CO[0]
                         net (fo=18, unplaced)        0.368     6.921    core/upsample/m_axi_mem_awlen[7]_INST_0_i_6_n_3
                         LUT3 (Prop_lut3_I1_O)        0.359     7.280 r  core/upsample/write_burst_beats_q[3]_i_1/O
                         net (fo=4, unplaced)         0.926     8.206    core/upsample/write_burst_beats_q[3]_i_1_n_0
                         LUT6 (Prop_lut6_I0_O)        0.124     8.330 r  core/upsample/m_axi_mem_awlen[7]_INST_0_i_9/O
                         net (fo=1, unplaced)         0.449     8.779    core/upsample/m_axi_mem_awlen[7]_INST_0_i_9_n_0
                         LUT6 (Prop_lut6_I1_O)        0.124     8.903 r  core/upsample/m_axi_mem_awlen[7]_INST_0_i_3/O
                         net (fo=13, unplaced)        0.469     9.372    core/upsample/m_axi_mem_awlen[7]_INST_0_i_3_n_0
                         LUT2 (Prop_lut2_I0_O)        0.124     9.496 r  core/upsample/write_burst_beats_q[7]_i_1/O
                         net (fo=7, unplaced)         0.811    10.307    core/upsample/write_burst_beats_q[7]_i_1_n_0
                         FDRE                                         r  core/upsample/write_burst_beats_q_reg[3]/R
  -------------------------------------------------------------------    -------------------

                         (clock core_clk rise edge)
                                                     10.000    10.000 r  <hidden>
                                                      0.000    10.000 r  aclk
                         net (fo=24560, unset)        0.924    10.924    core/upsample/aclk
                         FDRE                                         r  core/upsample/write_burst_beats_q_reg[3]/C
                         clock pessimism              0.000    10.924    <hidden>
                         clock uncertainty           -0.035    10.889    <hidden>
                         FDRE (Setup_fdre_C_R)       -0.524    10.365    core/upsample/write_burst_beats_q_reg[3]
  -------------------------------------------------------------------
                         required time                         10.365    <hidden>
                         arrival time                         -10.307    <hidden>
  -------------------------------------------------------------------
                         slack                                  0.058    <hidden>

Slack (MET) :             0.058ns  (required time - arrival time)
  Source:                 core/upsample/destination_row_address_q_reg[2]/C
                            (rising edge-triggered cell FDRE clocked by core_clk  {rise@0.000ns fall@5.000ns period=10.000ns})
  Destination:            core/upsample/write_burst_beats_q_reg[4]/R
                            (rising edge-triggered cell FDRE clocked by core_clk  {rise@0.000ns fall@5.000ns period=10.000ns})
  Path Group:             core_clk
  Path Type:              Setup (Max at Slow Process Corner)
  Requirement:            10.000ns  (core_clk rise@10.000ns - core_clk rise@0.000ns)
  Data Path Delay:        9.334ns  (logic 4.350ns (46.604%)  route 4.984ns (53.396%))
  Logic Levels:           11  (CARRY4=5 LUT1=1 LUT2=1 LUT3=1 LUT4=1 LUT6=2)
  Clock Path Skew:        -0.049ns (DCD - SCD + CPR)
    Destination Clock Delay (DCD):    0.924ns = ( 10.924 - 10.000 ) 
    Source Clock Delay      (SCD):    0.973ns
    Clock Pessimism Removal (CPR):    0.000ns
  Clock Uncertainty:      0.035ns  ((TSJ^2 + TIJ^2)^1/2 + DJ) / 2 + PE
    Total System Jitter     (TSJ):    0.071ns
    Total Input Jitter      (TIJ):    0.000ns
    Discrete Jitter          (DJ):    0.000ns
    Phase Error              (PE):    0.000ns

    Location             Delay type                Incr(ns)  Path(ns)    Netlist Resource(s)
  -------------------------------------------------------------------    -------------------
                         (clock core_clk rise edge)
                                                      0.000     0.000 r  <hidden>
                                                      0.000     0.000 r  aclk
                         net (fo=24560, unset)        0.973     0.973    core/upsample/aclk
                         FDRE                                         r  core/upsample/destination_row_address_q_reg[2]/C
  -------------------------------------------------------------------    -------------------
                         FDRE (Prop_fdre_C_Q)         0.518     1.491 r  core/upsample/destination_row_address_q_reg[2]/Q
                         net (fo=5, unplaced)         0.694     2.185    core/upsample/destination_row_address_q_reg_n_0_[2]
                         CARRY4 (Prop_carry4_S[0]_O[3])
                                                      0.903     3.088 f  core/upsample/m_axi_mem_awaddr[5]_INST_0_i_1/O[3]
                         net (fo=2, unplaced)         0.629     3.717    core/upsample/write_awaddr[1]_134[5]
                         LUT1 (Prop_lut1_I0_O)        0.307     4.024 r  core/upsample/m_axi_mem_awlen[6]_INST_0_i_7/O
                         net (fo=1, unplaced)         0.000     4.024    core/upsample/m_axi_mem_awlen[6]_INST_0_i_7_n_0
                         CARRY4 (Prop_carry4_S[0]_CO[3])
                                                      0.513     4.537 r  core/upsample/m_axi_mem_awlen[6]_INST_0_i_3/CO[3]
                         net (fo=1, unplaced)         0.000     4.537    core/upsample/m_axi_mem_awlen[6]_INST_0_i_3_n_0
                         CARRY4 (Prop_carry4_CI_O[1])
                                                      0.337     4.874 f  core/upsample/m_axi_mem_awlen[7]_INST_0_i_5/O[1]
                         net (fo=3, unplaced)         0.629     5.503    core/upsample/write_boundary_beats[7]
                         LUT4 (Prop_lut4_I1_O)        0.331     5.834 r  core/upsample/m_axi_mem_awlen[7]_INST_0_i_20/O
                         net (fo=1, unplaced)         0.000     5.834    core/upsample/m_axi_mem_awlen[7]_INST_0_i_20_n_0
                         CARRY4 (Prop_carry4_DI[3]_CO[3])
                                                      0.429     6.263 r  core/upsample/m_axi_mem_awlen[7]_INST_0_i_13/CO[3]
                         net (fo=1, unplaced)         0.009     6.272    core/upsample/m_axi_mem_awlen[7]_INST_0_i_13_n_0
                         CARRY4 (Prop_carry4_CI_CO[0])
                                                      0.281     6.553 r  core/upsample/m_axi_mem_awlen[7]_INST_0_i_6/CO[0]
                         net (fo=18, unplaced)        0.368     6.921    core/upsample/m_axi_mem_awlen[7]_INST_0_i_6_n_3
                         LUT3 (Prop_lut3_I1_O)        0.359     7.280 r  core/upsample/write_burst_beats_q[3]_i_1/O
                         net (fo=4, unplaced)         0.926     8.206    core/upsample/write_burst_beats_q[3]_i_1_n_0
                         LUT6 (Prop_lut6_I0_O)        0.124     8.330 r  core/upsample/m_axi_mem_awlen[7]_INST_0_i_9/O
                         net (fo=1, unplaced)         0.449     8.779    core/upsample/m_axi_mem_awlen[7]_INST_0_i_9_n_0
                         LUT6 (Prop_lut6_I1_O)        0.124     8.903 r  core/upsample/m_axi_mem_awlen[7]_INST_0_i_3/O
                         net (fo=13, unplaced)        0.469     9.372    core/upsample/m_axi_mem_awlen[7]_INST_0_i_3_n_0
                         LUT2 (Prop_lut2_I0_O)        0.124     9.496 r  core/upsample/write_burst_beats_q[7]_i_1/O
                         net (fo=7, unplaced)         0.811    10.307    core/upsample/write_burst_beats_q[7]_i_1_n_0
                         FDRE                                         r  core/upsample/write_burst_beats_q_reg[4]/R
  -------------------------------------------------------------------    -------------------

                         (clock core_clk rise edge)
                                                     10.000    10.000 r  <hidden>
                                                      0.000    10.000 r  aclk
                         net (fo=24560, unset)        0.924    10.924    core/upsample/aclk
                         FDRE                                         r  core/upsample/write_burst_beats_q_reg[4]/C
                         clock pessimism              0.000    10.924    <hidden>
                         clock uncertainty           -0.035    10.889    <hidden>
                         FDRE (Setup_fdre_C_R)       -0.524    10.365    core/upsample/write_burst_beats_q_reg[4]
  -------------------------------------------------------------------
                         required time                         10.365    <hidden>
                         arrival time                         -10.307    <hidden>
  -------------------------------------------------------------------
                         slack                                  0.058    <hidden>

Slack (MET) :             0.058ns  (required time - arrival time)
  Source:                 core/upsample/destination_row_address_q_reg[2]/C
                            (rising edge-triggered cell FDRE clocked by core_clk  {rise@0.000ns fall@5.000ns period=10.000ns})
  Destination:            core/upsample/write_burst_beats_q_reg[5]/R
                            (rising edge-triggered cell FDRE clocked by core_clk  {rise@0.000ns fall@5.000ns period=10.000ns})
  Path Group:             core_clk
  Path Type:              Setup (Max at Slow Process Corner)
  Requirement:            10.000ns  (core_clk rise@10.000ns - core_clk rise@0.000ns)
  Data Path Delay:        9.334ns  (logic 4.350ns (46.604%)  route 4.984ns (53.396%))
  Logic Levels:           11  (CARRY4=5 LUT1=1 LUT2=1 LUT3=1 LUT4=1 LUT6=2)
  Clock Path Skew:        -0.049ns (DCD - SCD + CPR)
    Destination Clock Delay (DCD):    0.924ns = ( 10.924 - 10.000 ) 
    Source Clock Delay      (SCD):    0.973ns
    Clock Pessimism Removal (CPR):    0.000ns
  Clock Uncertainty:      0.035ns  ((TSJ^2 + TIJ^2)^1/2 + DJ) / 2 + PE
    Total System Jitter     (TSJ):    0.071ns
    Total Input Jitter      (TIJ):    0.000ns
    Discrete Jitter          (DJ):    0.000ns
    Phase Error              (PE):    0.000ns

    Location             Delay type                Incr(ns)  Path(ns)    Netlist Resource(s)
  -------------------------------------------------------------------    -------------------
                         (clock core_clk rise edge)
                                                      0.000     0.000 r  <hidden>
                                                      0.000     0.000 r  aclk
                         net (fo=24560, unset)        0.973     0.973    core/upsample/aclk
                         FDRE                                         r  core/upsample/destination_row_address_q_reg[2]/C
  -------------------------------------------------------------------    -------------------
                         FDRE (Prop_fdre_C_Q)         0.518     1.491 r  core/upsample/destination_row_address_q_reg[2]/Q
                         net (fo=5, unplaced)         0.694     2.185    core/upsample/destination_row_address_q_reg_n_0_[2]
                         CARRY4 (Prop_carry4_S[0]_O[3])
                                                      0.903     3.088 f  core/upsample/m_axi_mem_awaddr[5]_INST_0_i_1/O[3]
                         net (fo=2, unplaced)         0.629     3.717    core/upsample/write_awaddr[1]_134[5]
                         LUT1 (Prop_lut1_I0_O)        0.307     4.024 r  core/upsample/m_axi_mem_awlen[6]_INST_0_i_7/O
                         net (fo=1, unplaced)         0.000     4.024    core/upsample/m_axi_mem_awlen[6]_INST_0_i_7_n_0
                         CARRY4 (Prop_carry4_S[0]_CO[3])
                                                      0.513     4.537 r  core/upsample/m_axi_mem_awlen[6]_INST_0_i_3/CO[3]
                         net (fo=1, unplaced)         0.000     4.537    core/upsample/m_axi_mem_awlen[6]_INST_0_i_3_n_0
                         CARRY4 (Prop_carry4_CI_O[1])
                                                      0.337     4.874 f  core/upsample/m_axi_mem_awlen[7]_INST_0_i_5/O[1]
                         net (fo=3, unplaced)         0.629     5.503    core/upsample/write_boundary_beats[7]
                         LUT4 (Prop_lut4_I1_O)        0.331     5.834 r  core/upsample/m_axi_mem_awlen[7]_INST_0_i_20/O
                         net (fo=1, unplaced)         0.000     5.834    core/upsample/m_axi_mem_awlen[7]_INST_0_i_20_n_0
                         CARRY4 (Prop_carry4_DI[3]_CO[3])
                                                      0.429     6.263 r  core/upsample/m_axi_mem_awlen[7]_INST_0_i_13/CO[3]
                         net (fo=1, unplaced)         0.009     6.272    core/upsample/m_axi_mem_awlen[7]_INST_0_i_13_n_0
                         CARRY4 (Prop_carry4_CI_CO[0])
                                                      0.281     6.553 r  core/upsample/m_axi_mem_awlen[7]_INST_0_i_6/CO[0]
                         net (fo=18, unplaced)        0.368     6.921    core/upsample/m_axi_mem_awlen[7]_INST_0_i_6_n_3
                         LUT3 (Prop_lut3_I1_O)        0.359     7.280 r  core/upsample/write_burst_beats_q[3]_i_1/O
                         net (fo=4, unplaced)         0.926     8.206    core/upsample/write_burst_beats_q[3]_i_1_n_0
                         LUT6 (Prop_lut6_I0_O)        0.124     8.330 r  core/upsample/m_axi_mem_awlen[7]_INST_0_i_9/O
                         net (fo=1, unplaced)         0.449     8.779    core/upsample/m_axi_mem_awlen[7]_INST_0_i_9_n_0
                         LUT6 (Prop_lut6_I1_O)        0.124     8.903 r  core/upsample/m_axi_mem_awlen[7]_INST_0_i_3/O
                         net (fo=13, unplaced)        0.469     9.372    core/upsample/m_axi_mem_awlen[7]_INST_0_i_3_n_0
                         LUT2 (Prop_lut2_I0_O)        0.124     9.496 r  core/upsample/write_burst_beats_q[7]_i_1/O
                         net (fo=7, unplaced)         0.811    10.307    core/upsample/write_burst_beats_q[7]_i_1_n_0
                         FDRE                                         r  core/upsample/write_burst_beats_q_reg[5]/R
  -------------------------------------------------------------------    -------------------

                         (clock core_clk rise edge)
                                                     10.000    10.000 r  <hidden>
                                                      0.000    10.000 r  aclk
                         net (fo=24560, unset)        0.924    10.924    core/upsample/aclk
                         FDRE                                         r  core/upsample/write_burst_beats_q_reg[5]/C
                         clock pessimism              0.000    10.924    <hidden>
                         clock uncertainty           -0.035    10.889    <hidden>
                         FDRE (Setup_fdre_C_R)       -0.524    10.365    core/upsample/write_burst_beats_q_reg[5]
  -------------------------------------------------------------------
                         required time                         10.365    <hidden>
                         arrival time                         -10.307    <hidden>
  -------------------------------------------------------------------
                         slack                                  0.058    <hidden>

Slack (MET) :             0.058ns  (required time - arrival time)
  Source:                 core/upsample/destination_row_address_q_reg[2]/C
                            (rising edge-triggered cell FDRE clocked by core_clk  {rise@0.000ns fall@5.000ns period=10.000ns})
  Destination:            core/upsample/write_burst_beats_q_reg[6]/R
                            (rising edge-triggered cell FDRE clocked by core_clk  {rise@0.000ns fall@5.000ns period=10.000ns})
  Path Group:             core_clk
  Path Type:              Setup (Max at Slow Process Corner)
  Requirement:            10.000ns  (core_clk rise@10.000ns - core_clk rise@0.000ns)
  Data Path Delay:        9.334ns  (logic 4.350ns (46.604%)  route 4.984ns (53.396%))
  Logic Levels:           11  (CARRY4=5 LUT1=1 LUT2=1 LUT3=1 LUT4=1 LUT6=2)
  Clock Path Skew:        -0.049ns (DCD - SCD + CPR)
    Destination Clock Delay (DCD):    0.924ns = ( 10.924 - 10.000 ) 
    Source Clock Delay      (SCD):    0.973ns
    Clock Pessimism Removal (CPR):    0.000ns
  Clock Uncertainty:      0.035ns  ((TSJ^2 + TIJ^2)^1/2 + DJ) / 2 + PE
    Total System Jitter     (TSJ):    0.071ns
    Total Input Jitter      (TIJ):    0.000ns
    Discrete Jitter          (DJ):    0.000ns
    Phase Error              (PE):    0.000ns

    Location             Delay type                Incr(ns)  Path(ns)    Netlist Resource(s)
  -------------------------------------------------------------------    -------------------
                         (clock core_clk rise edge)
                                                      0.000     0.000 r  <hidden>
                                                      0.000     0.000 r  aclk
                         net (fo=24560, unset)        0.973     0.973    core/upsample/aclk
                         FDRE                                         r  core/upsample/destination_row_address_q_reg[2]/C
  -------------------------------------------------------------------    -------------------
                         FDRE (Prop_fdre_C_Q)         0.518     1.491 r  core/upsample/destination_row_address_q_reg[2]/Q
                         net (fo=5, unplaced)         0.694     2.185    core/upsample/destination_row_address_q_reg_n_0_[2]
                         CARRY4 (Prop_carry4_S[0]_O[3])
                                                      0.903     3.088 f  core/upsample/m_axi_mem_awaddr[5]_INST_0_i_1/O[3]
                         net (fo=2, unplaced)         0.629     3.717    core/upsample/write_awaddr[1]_134[5]
                         LUT1 (Prop_lut1_I0_O)        0.307     4.024 r  core/upsample/m_axi_mem_awlen[6]_INST_0_i_7/O
                         net (fo=1, unplaced)         0.000     4.024    core/upsample/m_axi_mem_awlen[6]_INST_0_i_7_n_0
                         CARRY4 (Prop_carry4_S[0]_CO[3])
                                                      0.513     4.537 r  core/upsample/m_axi_mem_awlen[6]_INST_0_i_3/CO[3]
                         net (fo=1, unplaced)         0.000     4.537    core/upsample/m_axi_mem_awlen[6]_INST_0_i_3_n_0
                         CARRY4 (Prop_carry4_CI_O[1])
                                                      0.337     4.874 f  core/upsample/m_axi_mem_awlen[7]_INST_0_i_5/O[1]
                         net (fo=3, unplaced)         0.629     5.503    core/upsample/write_boundary_beats[7]
                         LUT4 (Prop_lut4_I1_O)        0.331     5.834 r  core/upsample/m_axi_mem_awlen[7]_INST_0_i_20/O
                         net (fo=1, unplaced)         0.000     5.834    core/upsample/m_axi_mem_awlen[7]_INST_0_i_20_n_0
                         CARRY4 (Prop_carry4_DI[3]_CO[3])
                                                      0.429     6.263 r  core/upsample/m_axi_mem_awlen[7]_INST_0_i_13/CO[3]
                         net (fo=1, unplaced)         0.009     6.272    core/upsample/m_axi_mem_awlen[7]_INST_0_i_13_n_0
                         CARRY4 (Prop_carry4_CI_CO[0])
                                                      0.281     6.553 r  core/upsample/m_axi_mem_awlen[7]_INST_0_i_6/CO[0]
                         net (fo=18, unplaced)        0.368     6.921    core/upsample/m_axi_mem_awlen[7]_INST_0_i_6_n_3
                         LUT3 (Prop_lut3_I1_O)        0.359     7.280 r  core/upsample/write_burst_beats_q[3]_i_1/O
                         net (fo=4, unplaced)         0.926     8.206    core/upsample/write_burst_beats_q[3]_i_1_n_0
                         LUT6 (Prop_lut6_I0_O)        0.124     8.330 r  core/upsample/m_axi_mem_awlen[7]_INST_0_i_9/O
                         net (fo=1, unplaced)         0.449     8.779    core/upsample/m_axi_mem_awlen[7]_INST_0_i_9_n_0
                         LUT6 (Prop_lut6_I1_O)        0.124     8.903 r  core/upsample/m_axi_mem_awlen[7]_INST_0_i_3/O
                         net (fo=13, unplaced)        0.469     9.372    core/upsample/m_axi_mem_awlen[7]_INST_0_i_3_n_0
                         LUT2 (Prop_lut2_I0_O)        0.124     9.496 r  core/upsample/write_burst_beats_q[7]_i_1/O
                         net (fo=7, unplaced)         0.811    10.307    core/upsample/write_burst_beats_q[7]_i_1_n_0
                         FDRE                                         r  core/upsample/write_burst_beats_q_reg[6]/R
  -------------------------------------------------------------------    -------------------

                         (clock core_clk rise edge)
                                                     10.000    10.000 r  <hidden>
                                                      0.000    10.000 r  aclk
                         net (fo=24560, unset)        0.924    10.924    core/upsample/aclk
                         FDRE                                         r  core/upsample/write_burst_beats_q_reg[6]/C
                         clock pessimism              0.000    10.924    <hidden>
                         clock uncertainty           -0.035    10.889    <hidden>
                         FDRE (Setup_fdre_C_R)       -0.524    10.365    core/upsample/write_burst_beats_q_reg[6]
  -------------------------------------------------------------------
                         required time                         10.365    <hidden>
                         arrival time                         -10.307    <hidden>
  -------------------------------------------------------------------
                         slack                                  0.058    <hidden>

Slack (MET) :             0.058ns  (required time - arrival time)
  Source:                 core/upsample/destination_row_address_q_reg[2]/C
                            (rising edge-triggered cell FDRE clocked by core_clk  {rise@0.000ns fall@5.000ns period=10.000ns})
  Destination:            core/upsample/write_burst_beats_q_reg[7]/R
                            (rising edge-triggered cell FDRE clocked by core_clk  {rise@0.000ns fall@5.000ns period=10.000ns})
  Path Group:             core_clk
  Path Type:              Setup (Max at Slow Process Corner)
  Requirement:            10.000ns  (core_clk rise@10.000ns - core_clk rise@0.000ns)
  Data Path Delay:        9.334ns  (logic 4.350ns (46.604%)  route 4.984ns (53.396%))
  Logic Levels:           11  (CARRY4=5 LUT1=1 LUT2=1 LUT3=1 LUT4=1 LUT6=2)
  Clock Path Skew:        -0.049ns (DCD - SCD + CPR)
    Destination Clock Delay (DCD):    0.924ns = ( 10.924 - 10.000 ) 
    Source Clock Delay      (SCD):    0.973ns
    Clock Pessimism Removal (CPR):    0.000ns
  Clock Uncertainty:      0.035ns  ((TSJ^2 + TIJ^2)^1/2 + DJ) / 2 + PE
    Total System Jitter     (TSJ):    0.071ns
    Total Input Jitter      (TIJ):    0.000ns
    Discrete Jitter          (DJ):    0.000ns
    Phase Error              (PE):    0.000ns

    Location             Delay type                Incr(ns)  Path(ns)    Netlist Resource(s)
  -------------------------------------------------------------------    -------------------
                         (clock core_clk rise edge)
                                                      0.000     0.000 r  <hidden>
                                                      0.000     0.000 r  aclk
                         net (fo=24560, unset)        0.973     0.973    core/upsample/aclk
                         FDRE                                         r  core/upsample/destination_row_address_q_reg[2]/C
  -------------------------------------------------------------------    -------------------
                         FDRE (Prop_fdre_C_Q)         0.518     1.491 r  core/upsample/destination_row_address_q_reg[2]/Q
                         net (fo=5, unplaced)         0.694     2.185    core/upsample/destination_row_address_q_reg_n_0_[2]
                         CARRY4 (Prop_carry4_S[0]_O[3])
                                                      0.903     3.088 f  core/upsample/m_axi_mem_awaddr[5]_INST_0_i_1/O[3]
                         net (fo=2, unplaced)         0.629     3.717    core/upsample/write_awaddr[1]_134[5]
                         LUT1 (Prop_lut1_I0_O)        0.307     4.024 r  core/upsample/m_axi_mem_awlen[6]_INST_0_i_7/O
                         net (fo=1, unplaced)         0.000     4.024    core/upsample/m_axi_mem_awlen[6]_INST_0_i_7_n_0
                         CARRY4 (Prop_carry4_S[0]_CO[3])
                                                      0.513     4.537 r  core/upsample/m_axi_mem_awlen[6]_INST_0_i_3/CO[3]
                         net (fo=1, unplaced)         0.000     4.537    core/upsample/m_axi_mem_awlen[6]_INST_0_i_3_n_0
                         CARRY4 (Prop_carry4_CI_O[1])
                                                      0.337     4.874 f  core/upsample/m_axi_mem_awlen[7]_INST_0_i_5/O[1]
                         net (fo=3, unplaced)         0.629     5.503    core/upsample/write_boundary_beats[7]
                         LUT4 (Prop_lut4_I1_O)        0.331     5.834 r  core/upsample/m_axi_mem_awlen[7]_INST_0_i_20/O
                         net (fo=1, unplaced)         0.000     5.834    core/upsample/m_axi_mem_awlen[7]_INST_0_i_20_n_0
                         CARRY4 (Prop_carry4_DI[3]_CO[3])
                                                      0.429     6.263 r  core/upsample/m_axi_mem_awlen[7]_INST_0_i_13/CO[3]
                         net (fo=1, unplaced)         0.009     6.272    core/upsample/m_axi_mem_awlen[7]_INST_0_i_13_n_0
                         CARRY4 (Prop_carry4_CI_CO[0])
                                                      0.281     6.553 r  core/upsample/m_axi_mem_awlen[7]_INST_0_i_6/CO[0]
                         net (fo=18, unplaced)        0.368     6.921    core/upsample/m_axi_mem_awlen[7]_INST_0_i_6_n_3
                         LUT3 (Prop_lut3_I1_O)        0.359     7.280 r  core/upsample/write_burst_beats_q[3]_i_1/O
                         net (fo=4, unplaced)         0.926     8.206    core/upsample/write_burst_beats_q[3]_i_1_n_0
                         LUT6 (Prop_lut6_I0_O)        0.124     8.330 r  core/upsample/m_axi_mem_awlen[7]_INST_0_i_9/O
                         net (fo=1, unplaced)         0.449     8.779    core/upsample/m_axi_mem_awlen[7]_INST_0_i_9_n_0
                         LUT6 (Prop_lut6_I1_O)        0.124     8.903 r  core/upsample/m_axi_mem_awlen[7]_INST_0_i_3/O
                         net (fo=13, unplaced)        0.469     9.372    core/upsample/m_axi_mem_awlen[7]_INST_0_i_3_n_0
                         LUT2 (Prop_lut2_I0_O)        0.124     9.496 r  core/upsample/write_burst_beats_q[7]_i_1/O
                         net (fo=7, unplaced)         0.811    10.307    core/upsample/write_burst_beats_q[7]_i_1_n_0
                         FDRE                                         r  core/upsample/write_burst_beats_q_reg[7]/R
  -------------------------------------------------------------------    -------------------

                         (clock core_clk rise edge)
                                                     10.000    10.000 r  <hidden>
                                                      0.000    10.000 r  aclk
                         net (fo=24560, unset)        0.924    10.924    core/upsample/aclk
                         FDRE                                         r  core/upsample/write_burst_beats_q_reg[7]/C
                         clock pessimism              0.000    10.924    <hidden>
                         clock uncertainty           -0.035    10.889    <hidden>
                         FDRE (Setup_fdre_C_R)       -0.524    10.365    core/upsample/write_burst_beats_q_reg[7]
  -------------------------------------------------------------------
                         required time                         10.365    <hidden>
                         arrival time                         -10.307    <hidden>
  -------------------------------------------------------------------
                         slack                                  0.058    <hidden>

Slack (MET) :             0.062ns  (required time - arrival time)
  Source:                 core/upsample/source_row_address_q_reg[2]/C
                            (rising edge-triggered cell FDRE clocked by core_clk  {rise@0.000ns fall@5.000ns period=10.000ns})
  Destination:            core/upsample/read_burst_beats_q_reg[1]/R
                            (rising edge-triggered cell FDRE clocked by core_clk  {rise@0.000ns fall@5.000ns period=10.000ns})
  Path Group:             core_clk
  Path Type:              Setup (Max at Slow Process Corner)
  Requirement:            10.000ns  (core_clk rise@10.000ns - core_clk rise@0.000ns)
  Data Path Delay:        9.330ns  (logic 4.350ns (46.624%)  route 4.980ns (53.376%))
  Logic Levels:           11  (CARRY4=5 LUT1=1 LUT2=1 LUT3=1 LUT4=1 LUT6=2)
  Clock Path Skew:        -0.049ns (DCD - SCD + CPR)
    Destination Clock Delay (DCD):    0.924ns = ( 10.924 - 10.000 ) 
    Source Clock Delay      (SCD):    0.973ns
    Clock Pessimism Removal (CPR):    0.000ns
  Clock Uncertainty:      0.035ns  ((TSJ^2 + TIJ^2)^1/2 + DJ) / 2 + PE
    Total System Jitter     (TSJ):    0.071ns
    Total Input Jitter      (TIJ):    0.000ns
    Discrete Jitter          (DJ):    0.000ns
    Phase Error              (PE):    0.000ns

    Location             Delay type                Incr(ns)  Path(ns)    Netlist Resource(s)
  -------------------------------------------------------------------    -------------------
                         (clock core_clk rise edge)
                                                      0.000     0.000 r  <hidden>
                                                      0.000     0.000 r  aclk
                         net (fo=24560, unset)        0.973     0.973    core/upsample/aclk
                         FDRE                                         r  core/upsample/source_row_address_q_reg[2]/C
  -------------------------------------------------------------------    -------------------
                         FDRE (Prop_fdre_C_Q)         0.518     1.491 r  core/upsample/source_row_address_q_reg[2]/Q
                         net (fo=5, unplaced)         0.694     2.185    core/upsample/source_row_address_q_reg_n_0_[2]
                         CARRY4 (Prop_carry4_S[0]_O[3])
                                                      0.903     3.088 f  core/upsample/m_axi_mem_araddr[5]_INST_0_i_1/O[3]
                         net (fo=2, unplaced)         0.629     3.717    core/upsample/read_araddr[2]_133[5]
                         LUT1 (Prop_lut1_I0_O)        0.307     4.024 r  core/upsample/m_axi_mem_arlen[6]_INST_0_i_16/O
                         net (fo=1, unplaced)         0.000     4.024    core/upsample/m_axi_mem_arlen[6]_INST_0_i_16_n_0
                         CARRY4 (Prop_carry4_S[0]_CO[3])
                                                      0.513     4.537 r  core/upsample/m_axi_mem_arlen[6]_INST_0_i_5/CO[3]
                         net (fo=1, unplaced)         0.000     4.537    core/upsample/m_axi_mem_arlen[6]_INST_0_i_5_n_0
                         CARRY4 (Prop_carry4_CI_O[1])
                                                      0.337     4.874 f  core/upsample/read_burst_beats_q_reg[7]_i_5/O[1]
                         net (fo=3, unplaced)         0.629     5.503    core/upsample/read_boundary_beats[7]
                         LUT4 (Prop_lut4_I1_O)        0.331     5.834 r  core/upsample/m_axi_mem_arlen[6]_INST_0_i_17/O
                         net (fo=1, unplaced)         0.000     5.834    core/upsample/m_axi_mem_arlen[6]_INST_0_i_17_n_0
                         CARRY4 (Prop_carry4_DI[3]_CO[3])
                                                      0.429     6.263 r  core/upsample/m_axi_mem_arlen[6]_INST_0_i_10/CO[3]
                         net (fo=1, unplaced)         0.009     6.272    core/upsample/m_axi_mem_arlen[6]_INST_0_i_10_n_0
                         CARRY4 (Prop_carry4_CI_CO[0])
                                                      0.281     6.553 r  core/upsample/m_axi_mem_arlen[6]_INST_0_i_4/CO[0]
                         net (fo=22, unplaced)        0.373     6.926    core/upsample/m_axi_mem_arlen[6]_INST_0_i_4_n_3
                         LUT3 (Prop_lut3_I1_O)        0.359     7.285 r  core/upsample/read_burst_beats_q[3]_i_1/O
                         net (fo=3, unplaced)         0.920     8.205    core/upsample/read_burst_beats_q[3]_i_1_n_0
                         LUT6 (Prop_lut6_I0_O)        0.124     8.329 r  core/upsample/m_axi_mem_arlen[7]_INST_0_i_9/O
                         net (fo=1, unplaced)         0.449     8.778    core/upsample/m_axi_mem_arlen[7]_INST_0_i_9_n_0
                         LUT6 (Prop_lut6_I1_O)        0.124     8.902 r  core/upsample/m_axi_mem_arlen[7]_INST_0_i_7/O
                         net (fo=13, unplaced)        0.469     9.371    core/upsample/m_axi_mem_arlen[7]_INST_0_i_7_n_0
                         LUT2 (Prop_lut2_I0_O)        0.124     9.495 r  core/upsample/read_burst_beats_q[7]_i_1/O
                         net (fo=6, unplaced)         0.808    10.303    core/upsample/read_burst_beats_q[7]_i_1_n_0
                         FDRE                                         r  core/upsample/read_burst_beats_q_reg[1]/R
  -------------------------------------------------------------------    -------------------

                         (clock core_clk rise edge)
                                                     10.000    10.000 r  <hidden>
                                                      0.000    10.000 r  aclk
                         net (fo=24560, unset)        0.924    10.924    core/upsample/aclk
                         FDRE                                         r  core/upsample/read_burst_beats_q_reg[1]/C
                         clock pessimism              0.000    10.924    <hidden>
                         clock uncertainty           -0.035    10.889    <hidden>
                         FDRE (Setup_fdre_C_R)       -0.524    10.365    core/upsample/read_burst_beats_q_reg[1]
  -------------------------------------------------------------------
                         required time                         10.365    <hidden>
                         arrival time                         -10.303    <hidden>
  -------------------------------------------------------------------
                         slack                                  0.062    <hidden>

Slack (MET) :             0.062ns  (required time - arrival time)
  Source:                 core/upsample/source_row_address_q_reg[2]/C
                            (rising edge-triggered cell FDRE clocked by core_clk  {rise@0.000ns fall@5.000ns period=10.000ns})
  Destination:            core/upsample/read_burst_beats_q_reg[2]/R
                            (rising edge-triggered cell FDRE clocked by core_clk  {rise@0.000ns fall@5.000ns period=10.000ns})
  Path Group:             core_clk
  Path Type:              Setup (Max at Slow Process Corner)
  Requirement:            10.000ns  (core_clk rise@10.000ns - core_clk rise@0.000ns)
  Data Path Delay:        9.330ns  (logic 4.350ns (46.624%)  route 4.980ns (53.376%))
  Logic Levels:           11  (CARRY4=5 LUT1=1 LUT2=1 LUT3=1 LUT4=1 LUT6=2)
  Clock Path Skew:        -0.049ns (DCD - SCD + CPR)
    Destination Clock Delay (DCD):    0.924ns = ( 10.924 - 10.000 ) 
    Source Clock Delay      (SCD):    0.973ns
    Clock Pessimism Removal (CPR):    0.000ns
  Clock Uncertainty:      0.035ns  ((TSJ^2 + TIJ^2)^1/2 + DJ) / 2 + PE
    Total System Jitter     (TSJ):    0.071ns
    Total Input Jitter      (TIJ):    0.000ns
    Discrete Jitter          (DJ):    0.000ns
    Phase Error              (PE):    0.000ns

    Location             Delay type                Incr(ns)  Path(ns)    Netlist Resource(s)
  -------------------------------------------------------------------    -------------------
                         (clock core_clk rise edge)
                                                      0.000     0.000 r  <hidden>
                                                      0.000     0.000 r  aclk
                         net (fo=24560, unset)        0.973     0.973    core/upsample/aclk
                         FDRE                                         r  core/upsample/source_row_address_q_reg[2]/C
  -------------------------------------------------------------------    -------------------
                         FDRE (Prop_fdre_C_Q)         0.518     1.491 r  core/upsample/source_row_address_q_reg[2]/Q
                         net (fo=5, unplaced)         0.694     2.185    core/upsample/source_row_address_q_reg_n_0_[2]
                         CARRY4 (Prop_carry4_S[0]_O[3])
                                                      0.903     3.088 f  core/upsample/m_axi_mem_araddr[5]_INST_0_i_1/O[3]
                         net (fo=2, unplaced)         0.629     3.717    core/upsample/read_araddr[2]_133[5]
                         LUT1 (Prop_lut1_I0_O)        0.307     4.024 r  core/upsample/m_axi_mem_arlen[6]_INST_0_i_16/O
                         net (fo=1, unplaced)         0.000     4.024    core/upsample/m_axi_mem_arlen[6]_INST_0_i_16_n_0
                         CARRY4 (Prop_carry4_S[0]_CO[3])
                                                      0.513     4.537 r  core/upsample/m_axi_mem_arlen[6]_INST_0_i_5/CO[3]
                         net (fo=1, unplaced)         0.000     4.537    core/upsample/m_axi_mem_arlen[6]_INST_0_i_5_n_0
                         CARRY4 (Prop_carry4_CI_O[1])
                                                      0.337     4.874 f  core/upsample/read_burst_beats_q_reg[7]_i_5/O[1]
                         net (fo=3, unplaced)         0.629     5.503    core/upsample/read_boundary_beats[7]
                         LUT4 (Prop_lut4_I1_O)        0.331     5.834 r  core/upsample/m_axi_mem_arlen[6]_INST_0_i_17/O
                         net (fo=1, unplaced)         0.000     5.834    core/upsample/m_axi_mem_arlen[6]_INST_0_i_17_n_0
                         CARRY4 (Prop_carry4_DI[3]_CO[3])
                                                      0.429     6.263 r  core/upsample/m_axi_mem_arlen[6]_INST_0_i_10/CO[3]
                         net (fo=1, unplaced)         0.009     6.272    core/upsample/m_axi_mem_arlen[6]_INST_0_i_10_n_0
                         CARRY4 (Prop_carry4_CI_CO[0])
                                                      0.281     6.553 r  core/upsample/m_axi_mem_arlen[6]_INST_0_i_4/CO[0]
                         net (fo=22, unplaced)        0.373     6.926    core/upsample/m_axi_mem_arlen[6]_INST_0_i_4_n_3
                         LUT3 (Prop_lut3_I1_O)        0.359     7.285 r  core/upsample/read_burst_beats_q[3]_i_1/O
                         net (fo=3, unplaced)         0.920     8.205    core/upsample/read_burst_beats_q[3]_i_1_n_0
                         LUT6 (Prop_lut6_I0_O)        0.124     8.329 r  core/upsample/m_axi_mem_arlen[7]_INST_0_i_9/O
                         net (fo=1, unplaced)         0.449     8.778    core/upsample/m_axi_mem_arlen[7]_INST_0_i_9_n_0
                         LUT6 (Prop_lut6_I1_O)        0.124     8.902 r  core/upsample/m_axi_mem_arlen[7]_INST_0_i_7/O
                         net (fo=13, unplaced)        0.469     9.371    core/upsample/m_axi_mem_arlen[7]_INST_0_i_7_n_0
                         LUT2 (Prop_lut2_I0_O)        0.124     9.495 r  core/upsample/read_burst_beats_q[7]_i_1/O
                         net (fo=6, unplaced)         0.808    10.303    core/upsample/read_burst_beats_q[7]_i_1_n_0
                         FDRE                                         r  core/upsample/read_burst_beats_q_reg[2]/R
  -------------------------------------------------------------------    -------------------

                         (clock core_clk rise edge)
                                                     10.000    10.000 r  <hidden>
                                                      0.000    10.000 r  aclk
                         net (fo=24560, unset)        0.924    10.924    core/upsample/aclk
                         FDRE                                         r  core/upsample/read_burst_beats_q_reg[2]/C
                         clock pessimism              0.000    10.924    <hidden>
                         clock uncertainty           -0.035    10.889    <hidden>
                         FDRE (Setup_fdre_C_R)       -0.524    10.365    core/upsample/read_burst_beats_q_reg[2]
  -------------------------------------------------------------------
                         required time                         10.365    <hidden>
                         arrival time                         -10.303    <hidden>
  -------------------------------------------------------------------
                         slack                                  0.062    <hidden>

Slack (MET) :             0.062ns  (required time - arrival time)
  Source:                 core/upsample/source_row_address_q_reg[2]/C
                            (rising edge-triggered cell FDRE clocked by core_clk  {rise@0.000ns fall@5.000ns period=10.000ns})
  Destination:            core/upsample/read_burst_beats_q_reg[3]/R
                            (rising edge-triggered cell FDRE clocked by core_clk  {rise@0.000ns fall@5.000ns period=10.000ns})
  Path Group:             core_clk
  Path Type:              Setup (Max at Slow Process Corner)
  Requirement:            10.000ns  (core_clk rise@10.000ns - core_clk rise@0.000ns)
  Data Path Delay:        9.330ns  (logic 4.350ns (46.624%)  route 4.980ns (53.376%))
  Logic Levels:           11  (CARRY4=5 LUT1=1 LUT2=1 LUT3=1 LUT4=1 LUT6=2)
  Clock Path Skew:        -0.049ns (DCD - SCD + CPR)
    Destination Clock Delay (DCD):    0.924ns = ( 10.924 - 10.000 ) 
    Source Clock Delay      (SCD):    0.973ns
    Clock Pessimism Removal (CPR):    0.000ns
  Clock Uncertainty:      0.035ns  ((TSJ^2 + TIJ^2)^1/2 + DJ) / 2 + PE
    Total System Jitter     (TSJ):    0.071ns
    Total Input Jitter      (TIJ):    0.000ns
    Discrete Jitter          (DJ):    0.000ns
    Phase Error              (PE):    0.000ns

    Location             Delay type                Incr(ns)  Path(ns)    Netlist Resource(s)
  -------------------------------------------------------------------    -------------------
                         (clock core_clk rise edge)
                                                      0.000     0.000 r  <hidden>
                                                      0.000     0.000 r  aclk
                         net (fo=24560, unset)        0.973     0.973    core/upsample/aclk
                         FDRE                                         r  core/upsample/source_row_address_q_reg[2]/C
  -------------------------------------------------------------------    -------------------
                         FDRE (Prop_fdre_C_Q)         0.518     1.491 r  core/upsample/source_row_address_q_reg[2]/Q
                         net (fo=5, unplaced)         0.694     2.185    core/upsample/source_row_address_q_reg_n_0_[2]
                         CARRY4 (Prop_carry4_S[0]_O[3])
                                                      0.903     3.088 f  core/upsample/m_axi_mem_araddr[5]_INST_0_i_1/O[3]
                         net (fo=2, unplaced)         0.629     3.717    core/upsample/read_araddr[2]_133[5]
                         LUT1 (Prop_lut1_I0_O)        0.307     4.024 r  core/upsample/m_axi_mem_arlen[6]_INST_0_i_16/O
                         net (fo=1, unplaced)         0.000     4.024    core/upsample/m_axi_mem_arlen[6]_INST_0_i_16_n_0
                         CARRY4 (Prop_carry4_S[0]_CO[3])
                                                      0.513     4.537 r  core/upsample/m_axi_mem_arlen[6]_INST_0_i_5/CO[3]
                         net (fo=1, unplaced)         0.000     4.537    core/upsample/m_axi_mem_arlen[6]_INST_0_i_5_n_0
                         CARRY4 (Prop_carry4_CI_O[1])
                                                      0.337     4.874 f  core/upsample/read_burst_beats_q_reg[7]_i_5/O[1]
                         net (fo=3, unplaced)         0.629     5.503    core/upsample/read_boundary_beats[7]
                         LUT4 (Prop_lut4_I1_O)        0.331     5.834 r  core/upsample/m_axi_mem_arlen[6]_INST_0_i_17/O
                         net (fo=1, unplaced)         0.000     5.834    core/upsample/m_axi_mem_arlen[6]_INST_0_i_17_n_0
                         CARRY4 (Prop_carry4_DI[3]_CO[3])
                                                      0.429     6.263 r  core/upsample/m_axi_mem_arlen[6]_INST_0_i_10/CO[3]
                         net (fo=1, unplaced)         0.009     6.272    core/upsample/m_axi_mem_arlen[6]_INST_0_i_10_n_0
                         CARRY4 (Prop_carry4_CI_CO[0])
                                                      0.281     6.553 r  core/upsample/m_axi_mem_arlen[6]_INST_0_i_4/CO[0]
                         net (fo=22, unplaced)        0.373     6.926    core/upsample/m_axi_mem_arlen[6]_INST_0_i_4_n_3
                         LUT3 (Prop_lut3_I1_O)        0.359     7.285 r  core/upsample/read_burst_beats_q[3]_i_1/O
                         net (fo=3, unplaced)         0.920     8.205    core/upsample/read_burst_beats_q[3]_i_1_n_0
                         LUT6 (Prop_lut6_I0_O)        0.124     8.329 r  core/upsample/m_axi_mem_arlen[7]_INST_0_i_9/O
                         net (fo=1, unplaced)         0.449     8.778    core/upsample/m_axi_mem_arlen[7]_INST_0_i_9_n_0
                         LUT6 (Prop_lut6_I1_O)        0.124     8.902 r  core/upsample/m_axi_mem_arlen[7]_INST_0_i_7/O
                         net (fo=13, unplaced)        0.469     9.371    core/upsample/m_axi_mem_arlen[7]_INST_0_i_7_n_0
                         LUT2 (Prop_lut2_I0_O)        0.124     9.495 r  core/upsample/read_burst_beats_q[7]_i_1/O
                         net (fo=6, unplaced)         0.808    10.303    core/upsample/read_burst_beats_q[7]_i_1_n_0
                         FDRE                                         r  core/upsample/read_burst_beats_q_reg[3]/R
  -------------------------------------------------------------------    -------------------

                         (clock core_clk rise edge)
                                                     10.000    10.000 r  <hidden>
                                                      0.000    10.000 r  aclk
                         net (fo=24560, unset)        0.924    10.924    core/upsample/aclk
                         FDRE                                         r  core/upsample/read_burst_beats_q_reg[3]/C
                         clock pessimism              0.000    10.924    <hidden>
                         clock uncertainty           -0.035    10.889    <hidden>
                         FDRE (Setup_fdre_C_R)       -0.524    10.365    core/upsample/read_burst_beats_q_reg[3]
  -------------------------------------------------------------------
                         required time                         10.365    <hidden>
                         arrival time                         -10.303    <hidden>
  -------------------------------------------------------------------
                         slack                                  0.062    <hidden>

Slack (MET) :             0.062ns  (required time - arrival time)
  Source:                 core/upsample/source_row_address_q_reg[2]/C
                            (rising edge-triggered cell FDRE clocked by core_clk  {rise@0.000ns fall@5.000ns period=10.000ns})
  Destination:            core/upsample/read_burst_beats_q_reg[4]/R
                            (rising edge-triggered cell FDRE clocked by core_clk  {rise@0.000ns fall@5.000ns period=10.000ns})
  Path Group:             core_clk
  Path Type:              Setup (Max at Slow Process Corner)
  Requirement:            10.000ns  (core_clk rise@10.000ns - core_clk rise@0.000ns)
  Data Path Delay:        9.330ns  (logic 4.350ns (46.624%)  route 4.980ns (53.376%))
  Logic Levels:           11  (CARRY4=5 LUT1=1 LUT2=1 LUT3=1 LUT4=1 LUT6=2)
  Clock Path Skew:        -0.049ns (DCD - SCD + CPR)
    Destination Clock Delay (DCD):    0.924ns = ( 10.924 - 10.000 ) 
    Source Clock Delay      (SCD):    0.973ns
    Clock Pessimism Removal (CPR):    0.000ns
  Clock Uncertainty:      0.035ns  ((TSJ^2 + TIJ^2)^1/2 + DJ) / 2 + PE
    Total System Jitter     (TSJ):    0.071ns
    Total Input Jitter      (TIJ):    0.000ns
    Discrete Jitter          (DJ):    0.000ns
    Phase Error              (PE):    0.000ns

    Location             Delay type                Incr(ns)  Path(ns)    Netlist Resource(s)
  -------------------------------------------------------------------    -------------------
                         (clock core_clk rise edge)
                                                      0.000     0.000 r  <hidden>
                                                      0.000     0.000 r  aclk
                         net (fo=24560, unset)        0.973     0.973    core/upsample/aclk
                         FDRE                                         r  core/upsample/source_row_address_q_reg[2]/C
  -------------------------------------------------------------------    -------------------
                         FDRE (Prop_fdre_C_Q)         0.518     1.491 r  core/upsample/source_row_address_q_reg[2]/Q
                         net (fo=5, unplaced)         0.694     2.185    core/upsample/source_row_address_q_reg_n_0_[2]
                         CARRY4 (Prop_carry4_S[0]_O[3])
                                                      0.903     3.088 f  core/upsample/m_axi_mem_araddr[5]_INST_0_i_1/O[3]
                         net (fo=2, unplaced)         0.629     3.717    core/upsample/read_araddr[2]_133[5]
                         LUT1 (Prop_lut1_I0_O)        0.307     4.024 r  core/upsample/m_axi_mem_arlen[6]_INST_0_i_16/O
                         net (fo=1, unplaced)         0.000     4.024    core/upsample/m_axi_mem_arlen[6]_INST_0_i_16_n_0
                         CARRY4 (Prop_carry4_S[0]_CO[3])
                                                      0.513     4.537 r  core/upsample/m_axi_mem_arlen[6]_INST_0_i_5/CO[3]
                         net (fo=1, unplaced)         0.000     4.537    core/upsample/m_axi_mem_arlen[6]_INST_0_i_5_n_0
                         CARRY4 (Prop_carry4_CI_O[1])
                                                      0.337     4.874 f  core/upsample/read_burst_beats_q_reg[7]_i_5/O[1]
                         net (fo=3, unplaced)         0.629     5.503    core/upsample/read_boundary_beats[7]
                         LUT4 (Prop_lut4_I1_O)        0.331     5.834 r  core/upsample/m_axi_mem_arlen[6]_INST_0_i_17/O
                         net (fo=1, unplaced)         0.000     5.834    core/upsample/m_axi_mem_arlen[6]_INST_0_i_17_n_0
                         CARRY4 (Prop_carry4_DI[3]_CO[3])
                                                      0.429     6.263 r  core/upsample/m_axi_mem_arlen[6]_INST_0_i_10/CO[3]
                         net (fo=1, unplaced)         0.009     6.272    core/upsample/m_axi_mem_arlen[6]_INST_0_i_10_n_0
                         CARRY4 (Prop_carry4_CI_CO[0])
                                                      0.281     6.553 r  core/upsample/m_axi_mem_arlen[6]_INST_0_i_4/CO[0]
                         net (fo=22, unplaced)        0.373     6.926    core/upsample/m_axi_mem_arlen[6]_INST_0_i_4_n_3
                         LUT3 (Prop_lut3_I1_O)        0.359     7.285 r  core/upsample/read_burst_beats_q[3]_i_1/O
                         net (fo=3, unplaced)         0.920     8.205    core/upsample/read_burst_beats_q[3]_i_1_n_0
                         LUT6 (Prop_lut6_I0_O)        0.124     8.329 r  core/upsample/m_axi_mem_arlen[7]_INST_0_i_9/O
                         net (fo=1, unplaced)         0.449     8.778    core/upsample/m_axi_mem_arlen[7]_INST_0_i_9_n_0
                         LUT6 (Prop_lut6_I1_O)        0.124     8.902 r  core/upsample/m_axi_mem_arlen[7]_INST_0_i_7/O
                         net (fo=13, unplaced)        0.469     9.371    core/upsample/m_axi_mem_arlen[7]_INST_0_i_7_n_0
                         LUT2 (Prop_lut2_I0_O)        0.124     9.495 r  core/upsample/read_burst_beats_q[7]_i_1/O
                         net (fo=6, unplaced)         0.808    10.303    core/upsample/read_burst_beats_q[7]_i_1_n_0
                         FDRE                                         r  core/upsample/read_burst_beats_q_reg[4]/R
  -------------------------------------------------------------------    -------------------

                         (clock core_clk rise edge)
                                                     10.000    10.000 r  <hidden>
                                                      0.000    10.000 r  aclk
                         net (fo=24560, unset)        0.924    10.924    core/upsample/aclk
                         FDRE                                         r  core/upsample/read_burst_beats_q_reg[4]/C
                         clock pessimism              0.000    10.924    <hidden>
                         clock uncertainty           -0.035    10.889    <hidden>
                         FDRE (Setup_fdre_C_R)       -0.524    10.365    core/upsample/read_burst_beats_q_reg[4]
  -------------------------------------------------------------------
                         required time                         10.365    <hidden>
                         arrival time                         -10.303    <hidden>
  -------------------------------------------------------------------
                         slack                                  0.062    <hidden>

Slack (MET) :             0.062ns  (required time - arrival time)
  Source:                 core/upsample/source_row_address_q_reg[2]/C
                            (rising edge-triggered cell FDRE clocked by core_clk  {rise@0.000ns fall@5.000ns period=10.000ns})
  Destination:            core/upsample/read_burst_beats_q_reg[5]/R
                            (rising edge-triggered cell FDRE clocked by core_clk  {rise@0.000ns fall@5.000ns period=10.000ns})
  Path Group:             core_clk
  Path Type:              Setup (Max at Slow Process Corner)
  Requirement:            10.000ns  (core_clk rise@10.000ns - core_clk rise@0.000ns)
  Data Path Delay:        9.330ns  (logic 4.350ns (46.624%)  route 4.980ns (53.376%))
  Logic Levels:           11  (CARRY4=5 LUT1=1 LUT2=1 LUT3=1 LUT4=1 LUT6=2)
  Clock Path Skew:        -0.049ns (DCD - SCD + CPR)
    Destination Clock Delay (DCD):    0.924ns = ( 10.924 - 10.000 ) 
    Source Clock Delay      (SCD):    0.973ns
    Clock Pessimism Removal (CPR):    0.000ns
  Clock Uncertainty:      0.035ns  ((TSJ^2 + TIJ^2)^1/2 + DJ) / 2 + PE
    Total System Jitter     (TSJ):    0.071ns
    Total Input Jitter      (TIJ):    0.000ns
    Discrete Jitter          (DJ):    0.000ns
    Phase Error              (PE):    0.000ns

    Location             Delay type                Incr(ns)  Path(ns)    Netlist Resource(s)
  -------------------------------------------------------------------    -------------------
                         (clock core_clk rise edge)
                                                      0.000     0.000 r  <hidden>
                                                      0.000     0.000 r  aclk
                         net (fo=24560, unset)        0.973     0.973    core/upsample/aclk
                         FDRE                                         r  core/upsample/source_row_address_q_reg[2]/C
  -------------------------------------------------------------------    -------------------
                         FDRE (Prop_fdre_C_Q)         0.518     1.491 r  core/upsample/source_row_address_q_reg[2]/Q
                         net (fo=5, unplaced)         0.694     2.185    core/upsample/source_row_address_q_reg_n_0_[2]
                         CARRY4 (Prop_carry4_S[0]_O[3])
                                                      0.903     3.088 f  core/upsample/m_axi_mem_araddr[5]_INST_0_i_1/O[3]
                         net (fo=2, unplaced)         0.629     3.717    core/upsample/read_araddr[2]_133[5]
                         LUT1 (Prop_lut1_I0_O)        0.307     4.024 r  core/upsample/m_axi_mem_arlen[6]_INST_0_i_16/O
                         net (fo=1, unplaced)         0.000     4.024    core/upsample/m_axi_mem_arlen[6]_INST_0_i_16_n_0
                         CARRY4 (Prop_carry4_S[0]_CO[3])
                                                      0.513     4.537 r  core/upsample/m_axi_mem_arlen[6]_INST_0_i_5/CO[3]
                         net (fo=1, unplaced)         0.000     4.537    core/upsample/m_axi_mem_arlen[6]_INST_0_i_5_n_0
                         CARRY4 (Prop_carry4_CI_O[1])
                                                      0.337     4.874 f  core/upsample/read_burst_beats_q_reg[7]_i_5/O[1]
                         net (fo=3, unplaced)         0.629     5.503    core/upsample/read_boundary_beats[7]
                         LUT4 (Prop_lut4_I1_O)        0.331     5.834 r  core/upsample/m_axi_mem_arlen[6]_INST_0_i_17/O
                         net (fo=1, unplaced)         0.000     5.834    core/upsample/m_axi_mem_arlen[6]_INST_0_i_17_n_0
                         CARRY4 (Prop_carry4_DI[3]_CO[3])
                                                      0.429     6.263 r  core/upsample/m_axi_mem_arlen[6]_INST_0_i_10/CO[3]
                         net (fo=1, unplaced)         0.009     6.272    core/upsample/m_axi_mem_arlen[6]_INST_0_i_10_n_0
                         CARRY4 (Prop_carry4_CI_CO[0])
                                                      0.281     6.553 r  core/upsample/m_axi_mem_arlen[6]_INST_0_i_4/CO[0]
                         net (fo=22, unplaced)        0.373     6.926    core/upsample/m_axi_mem_arlen[6]_INST_0_i_4_n_3
                         LUT3 (Prop_lut3_I1_O)        0.359     7.285 r  core/upsample/read_burst_beats_q[3]_i_1/O
                         net (fo=3, unplaced)         0.920     8.205    core/upsample/read_burst_beats_q[3]_i_1_n_0
                         LUT6 (Prop_lut6_I0_O)        0.124     8.329 r  core/upsample/m_axi_mem_arlen[7]_INST_0_i_9/O
                         net (fo=1, unplaced)         0.449     8.778    core/upsample/m_axi_mem_arlen[7]_INST_0_i_9_n_0
                         LUT6 (Prop_lut6_I1_O)        0.124     8.902 r  core/upsample/m_axi_mem_arlen[7]_INST_0_i_7/O
                         net (fo=13, unplaced)        0.469     9.371    core/upsample/m_axi_mem_arlen[7]_INST_0_i_7_n_0
                         LUT2 (Prop_lut2_I0_O)        0.124     9.495 r  core/upsample/read_burst_beats_q[7]_i_1/O
                         net (fo=6, unplaced)         0.808    10.303    core/upsample/read_burst_beats_q[7]_i_1_n_0
                         FDRE                                         r  core/upsample/read_burst_beats_q_reg[5]/R
  -------------------------------------------------------------------    -------------------

                         (clock core_clk rise edge)
                                                     10.000    10.000 r  <hidden>
                                                      0.000    10.000 r  aclk
                         net (fo=24560, unset)        0.924    10.924    core/upsample/aclk
                         FDRE                                         r  core/upsample/read_burst_beats_q_reg[5]/C
                         clock pessimism              0.000    10.924    <hidden>
                         clock uncertainty           -0.035    10.889    <hidden>
                         FDRE (Setup_fdre_C_R)       -0.524    10.365    core/upsample/read_burst_beats_q_reg[5]
  -------------------------------------------------------------------
                         required time                         10.365    <hidden>
                         arrival time                         -10.303    <hidden>
  -------------------------------------------------------------------
                         slack                                  0.062    <hidden>

Slack (MET) :             0.062ns  (required time - arrival time)
  Source:                 core/upsample/source_row_address_q_reg[2]/C
                            (rising edge-triggered cell FDRE clocked by core_clk  {rise@0.000ns fall@5.000ns period=10.000ns})
  Destination:            core/upsample/read_burst_beats_q_reg[7]/R
                            (rising edge-triggered cell FDRE clocked by core_clk  {rise@0.000ns fall@5.000ns period=10.000ns})
  Path Group:             core_clk
  Path Type:              Setup (Max at Slow Process Corner)
  Requirement:            10.000ns  (core_clk rise@10.000ns - core_clk rise@0.000ns)
  Data Path Delay:        9.330ns  (logic 4.350ns (46.624%)  route 4.980ns (53.376%))
  Logic Levels:           11  (CARRY4=5 LUT1=1 LUT2=1 LUT3=1 LUT4=1 LUT6=2)
  Clock Path Skew:        -0.049ns (DCD - SCD + CPR)
    Destination Clock Delay (DCD):    0.924ns = ( 10.924 - 10.000 ) 
    Source Clock Delay      (SCD):    0.973ns
    Clock Pessimism Removal (CPR):    0.000ns
  Clock Uncertainty:      0.035ns  ((TSJ^2 + TIJ^2)^1/2 + DJ) / 2 + PE
    Total System Jitter     (TSJ):    0.071ns
    Total Input Jitter      (TIJ):    0.000ns
    Discrete Jitter          (DJ):    0.000ns
    Phase Error              (PE):    0.000ns

    Location             Delay type                Incr(ns)  Path(ns)    Netlist Resource(s)
  -------------------------------------------------------------------    -------------------
                         (clock core_clk rise edge)
                                                      0.000     0.000 r  <hidden>
                                                      0.000     0.000 r  aclk
                         net (fo=24560, unset)        0.973     0.973    core/upsample/aclk
                         FDRE                                         r  core/upsample/source_row_address_q_reg[2]/C
  -------------------------------------------------------------------    -------------------
                         FDRE (Prop_fdre_C_Q)         0.518     1.491 r  core/upsample/source_row_address_q_reg[2]/Q
                         net (fo=5, unplaced)         0.694     2.185    core/upsample/source_row_address_q_reg_n_0_[2]
                         CARRY4 (Prop_carry4_S[0]_O[3])
                                                      0.903     3.088 f  core/upsample/m_axi_mem_araddr[5]_INST_0_i_1/O[3]
                         net (fo=2, unplaced)         0.629     3.717    core/upsample/read_araddr[2]_133[5]
                         LUT1 (Prop_lut1_I0_O)        0.307     4.024 r  core/upsample/m_axi_mem_arlen[6]_INST_0_i_16/O
                         net (fo=1, unplaced)         0.000     4.024    core/upsample/m_axi_mem_arlen[6]_INST_0_i_16_n_0
                         CARRY4 (Prop_carry4_S[0]_CO[3])
                                                      0.513     4.537 r  core/upsample/m_axi_mem_arlen[6]_INST_0_i_5/CO[3]
                         net (fo=1, unplaced)         0.000     4.537    core/upsample/m_axi_mem_arlen[6]_INST_0_i_5_n_0
                         CARRY4 (Prop_carry4_CI_O[1])
                                                      0.337     4.874 f  core/upsample/read_burst_beats_q_reg[7]_i_5/O[1]
                         net (fo=3, unplaced)         0.629     5.503    core/upsample/read_boundary_beats[7]
                         LUT4 (Prop_lut4_I1_O)        0.331     5.834 r  core/upsample/m_axi_mem_arlen[6]_INST_0_i_17/O
                         net (fo=1, unplaced)         0.000     5.834    core/upsample/m_axi_mem_arlen[6]_INST_0_i_17_n_0
                         CARRY4 (Prop_carry4_DI[3]_CO[3])
                                                      0.429     6.263 r  core/upsample/m_axi_mem_arlen[6]_INST_0_i_10/CO[3]
                         net (fo=1, unplaced)         0.009     6.272    core/upsample/m_axi_mem_arlen[6]_INST_0_i_10_n_0
                         CARRY4 (Prop_carry4_CI_CO[0])
                                                      0.281     6.553 r  core/upsample/m_axi_mem_arlen[6]_INST_0_i_4/CO[0]
                         net (fo=22, unplaced)        0.373     6.926    core/upsample/m_axi_mem_arlen[6]_INST_0_i_4_n_3
                         LUT3 (Prop_lut3_I1_O)        0.359     7.285 r  core/upsample/read_burst_beats_q[3]_i_1/O
                         net (fo=3, unplaced)         0.920     8.205    core/upsample/read_burst_beats_q[3]_i_1_n_0
                         LUT6 (Prop_lut6_I0_O)        0.124     8.329 r  core/upsample/m_axi_mem_arlen[7]_INST_0_i_9/O
                         net (fo=1, unplaced)         0.449     8.778    core/upsample/m_axi_mem_arlen[7]_INST_0_i_9_n_0
                         LUT6 (Prop_lut6_I1_O)        0.124     8.902 r  core/upsample/m_axi_mem_arlen[7]_INST_0_i_7/O
                         net (fo=13, unplaced)        0.469     9.371    core/upsample/m_axi_mem_arlen[7]_INST_0_i_7_n_0
                         LUT2 (Prop_lut2_I0_O)        0.124     9.495 r  core/upsample/read_burst_beats_q[7]_i_1/O
                         net (fo=6, unplaced)         0.808    10.303    core/upsample/read_burst_beats_q[7]_i_1_n_0
                         FDRE                                         r  core/upsample/read_burst_beats_q_reg[7]/R
  -------------------------------------------------------------------    -------------------

                         (clock core_clk rise edge)
                                                     10.000    10.000 r  <hidden>
                                                      0.000    10.000 r  aclk
                         net (fo=24560, unset)        0.924    10.924    core/upsample/aclk
                         FDRE                                         r  core/upsample/read_burst_beats_q_reg[7]/C
                         clock pessimism              0.000    10.924    <hidden>
                         clock uncertainty           -0.035    10.889    <hidden>
                         FDRE (Setup_fdre_C_R)       -0.524    10.365    core/upsample/read_burst_beats_q_reg[7]
  -------------------------------------------------------------------
                         required time                         10.365    <hidden>
                         arrival time                         -10.303    <hidden>
  -------------------------------------------------------------------
                         slack                                  0.062    <hidden>

Slack (MET) :             0.197ns  (required time - arrival time)
  Source:                 core/data_subsystem/conv2d_pipeline/post/lane_q_reg[0]/C
                            (rising edge-triggered cell FDCE clocked by core_clk  {rise@0.000ns fall@5.000ns period=10.000ns})
  Destination:            core/data_subsystem/conv2d_pipeline/post/product_q_reg/PCIN[0]
                            (rising edge-triggered cell DSP48E1 clocked by core_clk  {rise@0.000ns fall@5.000ns period=10.000ns})
  Path Group:             core_clk
  Path Type:              Setup (Max at Slow Process Corner)
  Requirement:            10.000ns  (core_clk rise@10.000ns - core_clk rise@0.000ns)
  Data Path Delay:        8.319ns  (logic 5.221ns (62.762%)  route 3.098ns (37.238%))
  Logic Levels:           5  (DSP48E1=1 LUT3=1 LUT4=1 LUT5=1 LUT6=1)
  Clock Path Skew:        -0.049ns (DCD - SCD + CPR)
    Destination Clock Delay (DCD):    0.924ns = ( 10.924 - 10.000 ) 
    Source Clock Delay      (SCD):    0.973ns
    Clock Pessimism Removal (CPR):    0.000ns
  Clock Uncertainty:      0.035ns  ((TSJ^2 + TIJ^2)^1/2 + DJ) / 2 + PE
    Total System Jitter     (TSJ):    0.071ns
    Total Input Jitter      (TIJ):    0.000ns
    Discrete Jitter          (DJ):    0.000ns
    Phase Error              (PE):    0.000ns

    Location             Delay type                Incr(ns)  Path(ns)    Netlist Resource(s)
  -------------------------------------------------------------------    -------------------
                         (clock core_clk rise edge)
                                                      0.000     0.000 r  <hidden>
                                                      0.000     0.000 r  aclk
                         net (fo=24560, unset)        0.973     0.973    core/data_subsystem/conv2d_pipeline/post/aclk
                         FDCE                                         r  core/data_subsystem/conv2d_pipeline/post/lane_q_reg[0]/C
  -------------------------------------------------------------------    -------------------
                         FDCE (Prop_fdce_C_Q)         0.518     1.491 f  core/data_subsystem/conv2d_pipeline/post/lane_q_reg[0]/Q
                         net (fo=11, unplaced)        0.787     2.278    core/data_subsystem/conv2d_pipeline/post/lane_q_reg_n_0_[0]
                         LUT3 (Prop_lut3_I0_O)        0.295     2.573 r  core/data_subsystem/conv2d_pipeline/post/i___234_i_3/O
                         net (fo=148, unplaced)       0.558     3.131    core/data_subsystem/conv2d_pipeline/post/i___234_i_3_n_0
                         LUT4 (Prop_lut4_I3_O)        0.124     3.255 r  core/data_subsystem/conv2d_pipeline/post/product_q0_i_112/O
                         net (fo=1, unplaced)         0.449     3.704    core/data_subsystem/conv2d_pipeline/post/product_q0_i_112_n_0
                         LUT5 (Prop_lut5_I4_O)        0.124     3.828 r  core/data_subsystem/conv2d_pipeline/post/product_q0_i_64/O
                         net (fo=1, unplaced)         0.449     4.277    core/data_subsystem/conv2d_pipeline/post/product_q0_i_64_n_0
                         LUT6 (Prop_lut6_I5_O)        0.124     4.401 r  core/data_subsystem/conv2d_pipeline/post/product_q0_i_16/O
                         net (fo=2, unplaced)         0.800     5.201    core/data_subsystem/conv2d_pipeline/post/multiplier_q[16]
                         DSP48E1 (Prop_dsp48e1_A[16]_PCOUT[0])
                                                      4.036     9.237 r  core/data_subsystem/conv2d_pipeline/post/product_q0/PCOUT[0]
                         net (fo=1, unplaced)         0.055     9.292    core/data_subsystem/conv2d_pipeline/post/product_q0_n_153
                         DSP48E1                                      r  core/data_subsystem/conv2d_pipeline/post/product_q_reg/PCIN[0]
  -------------------------------------------------------------------    -------------------

                         (clock core_clk rise edge)
                                                     10.000    10.000 r  <hidden>
                                                      0.000    10.000 r  aclk
                         net (fo=24560, unset)        0.924    10.924    core/data_subsystem/conv2d_pipeline/post/aclk
                         DSP48E1                                      r  core/data_subsystem/conv2d_pipeline/post/product_q_reg/CLK
                         clock pessimism              0.000    10.924    <hidden>
                         clock uncertainty           -0.035    10.889    <hidden>
                         DSP48E1 (Setup_dsp48e1_CLK_PCIN[0])
                                                     -1.400     9.489    core/data_subsystem/conv2d_pipeline/post/product_q_reg
  -------------------------------------------------------------------
                         required time                          9.489    <hidden>
                         arrival time                          -9.292    <hidden>
  -------------------------------------------------------------------
                         slack                                  0.197    <hidden>

Slack (MET) :             0.197ns  (required time - arrival time)
  Source:                 core/data_subsystem/conv2d_pipeline/post/lane_q_reg[0]/C
                            (rising edge-triggered cell FDCE clocked by core_clk  {rise@0.000ns fall@5.000ns period=10.000ns})
  Destination:            core/data_subsystem/conv2d_pipeline/post/product_q_reg/PCIN[10]
                            (rising edge-triggered cell DSP48E1 clocked by core_clk  {rise@0.000ns fall@5.000ns period=10.000ns})
  Path Group:             core_clk
  Path Type:              Setup (Max at Slow Process Corner)
  Requirement:            10.000ns  (core_clk rise@10.000ns - core_clk rise@0.000ns)
  Data Path Delay:        8.319ns  (logic 5.221ns (62.762%)  route 3.098ns (37.238%))
  Logic Levels:           5  (DSP48E1=1 LUT3=1 LUT4=1 LUT5=1 LUT6=1)
  Clock Path Skew:        -0.049ns (DCD - SCD + CPR)
    Destination Clock Delay (DCD):    0.924ns = ( 10.924 - 10.000 ) 
    Source Clock Delay      (SCD):    0.973ns
    Clock Pessimism Removal (CPR):    0.000ns
  Clock Uncertainty:      0.035ns  ((TSJ^2 + TIJ^2)^1/2 + DJ) / 2 + PE
    Total System Jitter     (TSJ):    0.071ns
    Total Input Jitter      (TIJ):    0.000ns
    Discrete Jitter          (DJ):    0.000ns
    Phase Error              (PE):    0.000ns

    Location             Delay type                Incr(ns)  Path(ns)    Netlist Resource(s)
  -------------------------------------------------------------------    -------------------
                         (clock core_clk rise edge)
                                                      0.000     0.000 r  <hidden>
                                                      0.000     0.000 r  aclk
                         net (fo=24560, unset)        0.973     0.973    core/data_subsystem/conv2d_pipeline/post/aclk
                         FDCE                                         r  core/data_subsystem/conv2d_pipeline/post/lane_q_reg[0]/C
  -------------------------------------------------------------------    -------------------
                         FDCE (Prop_fdce_C_Q)         0.518     1.491 f  core/data_subsystem/conv2d_pipeline/post/lane_q_reg[0]/Q
                         net (fo=11, unplaced)        0.787     2.278    core/data_subsystem/conv2d_pipeline/post/lane_q_reg_n_0_[0]
                         LUT3 (Prop_lut3_I0_O)        0.295     2.573 r  core/data_subsystem/conv2d_pipeline/post/i___234_i_3/O
                         net (fo=148, unplaced)       0.558     3.131    core/data_subsystem/conv2d_pipeline/post/i___234_i_3_n_0
                         LUT4 (Prop_lut4_I3_O)        0.124     3.255 r  core/data_subsystem/conv2d_pipeline/post/product_q0_i_112/O
                         net (fo=1, unplaced)         0.449     3.704    core/data_subsystem/conv2d_pipeline/post/product_q0_i_112_n_0
                         LUT5 (Prop_lut5_I4_O)        0.124     3.828 r  core/data_subsystem/conv2d_pipeline/post/product_q0_i_64/O
                         net (fo=1, unplaced)         0.449     4.277    core/data_subsystem/conv2d_pipeline/post/product_q0_i_64_n_0
                         LUT6 (Prop_lut6_I5_O)        0.124     4.401 r  core/data_subsystem/conv2d_pipeline/post/product_q0_i_16/O
                         net (fo=2, unplaced)         0.800     5.201    core/data_subsystem/conv2d_pipeline/post/multiplier_q[16]
                         DSP48E1 (Prop_dsp48e1_A[16]_PCOUT[10])
                                                      4.036     9.237 r  core/data_subsystem/conv2d_pipeline/post/product_q0/PCOUT[10]
                         net (fo=1, unplaced)         0.055     9.292    core/data_subsystem/conv2d_pipeline/post/product_q0_n_143
                         DSP48E1                                      r  core/data_subsystem/conv2d_pipeline/post/product_q_reg/PCIN[10]
  -------------------------------------------------------------------    -------------------

                         (clock core_clk rise edge)
                                                     10.000    10.000 r  <hidden>
                                                      0.000    10.000 r  aclk
                         net (fo=24560, unset)        0.924    10.924    core/data_subsystem/conv2d_pipeline/post/aclk
                         DSP48E1                                      r  core/data_subsystem/conv2d_pipeline/post/product_q_reg/CLK
                         clock pessimism              0.000    10.924    <hidden>
                         clock uncertainty           -0.035    10.889    <hidden>
                         DSP48E1 (Setup_dsp48e1_CLK_PCIN[10])
                                                     -1.400     9.489    core/data_subsystem/conv2d_pipeline/post/product_q_reg
  -------------------------------------------------------------------
                         required time                          9.489    <hidden>
                         arrival time                          -9.292    <hidden>
  -------------------------------------------------------------------
                         slack                                  0.197    <hidden>

Slack (MET) :             0.197ns  (required time - arrival time)
  Source:                 core/data_subsystem/conv2d_pipeline/post/lane_q_reg[0]/C
                            (rising edge-triggered cell FDCE clocked by core_clk  {rise@0.000ns fall@5.000ns period=10.000ns})
  Destination:            core/data_subsystem/conv2d_pipeline/post/product_q_reg/PCIN[11]
                            (rising edge-triggered cell DSP48E1 clocked by core_clk  {rise@0.000ns fall@5.000ns period=10.000ns})
  Path Group:             core_clk
  Path Type:              Setup (Max at Slow Process Corner)
  Requirement:            10.000ns  (core_clk rise@10.000ns - core_clk rise@0.000ns)
  Data Path Delay:        8.319ns  (logic 5.221ns (62.762%)  route 3.098ns (37.238%))
  Logic Levels:           5  (DSP48E1=1 LUT3=1 LUT4=1 LUT5=1 LUT6=1)
  Clock Path Skew:        -0.049ns (DCD - SCD + CPR)
    Destination Clock Delay (DCD):    0.924ns = ( 10.924 - 10.000 ) 
    Source Clock Delay      (SCD):    0.973ns
    Clock Pessimism Removal (CPR):    0.000ns
  Clock Uncertainty:      0.035ns  ((TSJ^2 + TIJ^2)^1/2 + DJ) / 2 + PE
    Total System Jitter     (TSJ):    0.071ns
    Total Input Jitter      (TIJ):    0.000ns
    Discrete Jitter          (DJ):    0.000ns
    Phase Error              (PE):    0.000ns

    Location             Delay type                Incr(ns)  Path(ns)    Netlist Resource(s)
  -------------------------------------------------------------------    -------------------
                         (clock core_clk rise edge)
                                                      0.000     0.000 r  <hidden>
                                                      0.000     0.000 r  aclk
                         net (fo=24560, unset)        0.973     0.973    core/data_subsystem/conv2d_pipeline/post/aclk
                         FDCE                                         r  core/data_subsystem/conv2d_pipeline/post/lane_q_reg[0]/C
  -------------------------------------------------------------------    -------------------
                         FDCE (Prop_fdce_C_Q)         0.518     1.491 f  core/data_subsystem/conv2d_pipeline/post/lane_q_reg[0]/Q
                         net (fo=11, unplaced)        0.787     2.278    core/data_subsystem/conv2d_pipeline/post/lane_q_reg_n_0_[0]
                         LUT3 (Prop_lut3_I0_O)        0.295     2.573 r  core/data_subsystem/conv2d_pipeline/post/i___234_i_3/O
                         net (fo=148, unplaced)       0.558     3.131    core/data_subsystem/conv2d_pipeline/post/i___234_i_3_n_0
                         LUT4 (Prop_lut4_I3_O)        0.124     3.255 r  core/data_subsystem/conv2d_pipeline/post/product_q0_i_112/O
                         net (fo=1, unplaced)         0.449     3.704    core/data_subsystem/conv2d_pipeline/post/product_q0_i_112_n_0
                         LUT5 (Prop_lut5_I4_O)        0.124     3.828 r  core/data_subsystem/conv2d_pipeline/post/product_q0_i_64/O
                         net (fo=1, unplaced)         0.449     4.277    core/data_subsystem/conv2d_pipeline/post/product_q0_i_64_n_0
                         LUT6 (Prop_lut6_I5_O)        0.124     4.401 r  core/data_subsystem/conv2d_pipeline/post/product_q0_i_16/O
                         net (fo=2, unplaced)         0.800     5.201    core/data_subsystem/conv2d_pipeline/post/multiplier_q[16]
                         DSP48E1 (Prop_dsp48e1_A[16]_PCOUT[11])
                                                      4.036     9.237 r  core/data_subsystem/conv2d_pipeline/post/product_q0/PCOUT[11]
                         net (fo=1, unplaced)         0.055     9.292    core/data_subsystem/conv2d_pipeline/post/product_q0_n_142
                         DSP48E1                                      r  core/data_subsystem/conv2d_pipeline/post/product_q_reg/PCIN[11]
  -------------------------------------------------------------------    -------------------

                         (clock core_clk rise edge)
                                                     10.000    10.000 r  <hidden>
                                                      0.000    10.000 r  aclk
                         net (fo=24560, unset)        0.924    10.924    core/data_subsystem/conv2d_pipeline/post/aclk
                         DSP48E1                                      r  core/data_subsystem/conv2d_pipeline/post/product_q_reg/CLK
                         clock pessimism              0.000    10.924    <hidden>
                         clock uncertainty           -0.035    10.889    <hidden>
                         DSP48E1 (Setup_dsp48e1_CLK_PCIN[11])
                                                     -1.400     9.489    core/data_subsystem/conv2d_pipeline/post/product_q_reg
  -------------------------------------------------------------------
                         required time                          9.489    <hidden>
                         arrival time                          -9.292    <hidden>
  -------------------------------------------------------------------
                         slack                                  0.197    <hidden>

Slack (MET) :             0.197ns  (required time - arrival time)
  Source:                 core/data_subsystem/conv2d_pipeline/post/lane_q_reg[0]/C
                            (rising edge-triggered cell FDCE clocked by core_clk  {rise@0.000ns fall@5.000ns period=10.000ns})
  Destination:            core/data_subsystem/conv2d_pipeline/post/product_q_reg/PCIN[12]
                            (rising edge-triggered cell DSP48E1 clocked by core_clk  {rise@0.000ns fall@5.000ns period=10.000ns})
  Path Group:             core_clk
  Path Type:              Setup (Max at Slow Process Corner)
  Requirement:            10.000ns  (core_clk rise@10.000ns - core_clk rise@0.000ns)
  Data Path Delay:        8.319ns  (logic 5.221ns (62.762%)  route 3.098ns (37.238%))
  Logic Levels:           5  (DSP48E1=1 LUT3=1 LUT4=1 LUT5=1 LUT6=1)
  Clock Path Skew:        -0.049ns (DCD - SCD + CPR)
    Destination Clock Delay (DCD):    0.924ns = ( 10.924 - 10.000 ) 
    Source Clock Delay      (SCD):    0.973ns
    Clock Pessimism Removal (CPR):    0.000ns
  Clock Uncertainty:      0.035ns  ((TSJ^2 + TIJ^2)^1/2 + DJ) / 2 + PE
    Total System Jitter     (TSJ):    0.071ns
    Total Input Jitter      (TIJ):    0.000ns
    Discrete Jitter          (DJ):    0.000ns
    Phase Error              (PE):    0.000ns

    Location             Delay type                Incr(ns)  Path(ns)    Netlist Resource(s)
  -------------------------------------------------------------------    -------------------
                         (clock core_clk rise edge)
                                                      0.000     0.000 r  <hidden>
                                                      0.000     0.000 r  aclk
                         net (fo=24560, unset)        0.973     0.973    core/data_subsystem/conv2d_pipeline/post/aclk
                         FDCE                                         r  core/data_subsystem/conv2d_pipeline/post/lane_q_reg[0]/C
  -------------------------------------------------------------------    -------------------
                         FDCE (Prop_fdce_C_Q)         0.518     1.491 f  core/data_subsystem/conv2d_pipeline/post/lane_q_reg[0]/Q
                         net (fo=11, unplaced)        0.787     2.278    core/data_subsystem/conv2d_pipeline/post/lane_q_reg_n_0_[0]
                         LUT3 (Prop_lut3_I0_O)        0.295     2.573 r  core/data_subsystem/conv2d_pipeline/post/i___234_i_3/O
                         net (fo=148, unplaced)       0.558     3.131    core/data_subsystem/conv2d_pipeline/post/i___234_i_3_n_0
                         LUT4 (Prop_lut4_I3_O)        0.124     3.255 r  core/data_subsystem/conv2d_pipeline/post/product_q0_i_112/O
                         net (fo=1, unplaced)         0.449     3.704    core/data_subsystem/conv2d_pipeline/post/product_q0_i_112_n_0
                         LUT5 (Prop_lut5_I4_O)        0.124     3.828 r  core/data_subsystem/conv2d_pipeline/post/product_q0_i_64/O
                         net (fo=1, unplaced)         0.449     4.277    core/data_subsystem/conv2d_pipeline/post/product_q0_i_64_n_0
                         LUT6 (Prop_lut6_I5_O)        0.124     4.401 r  core/data_subsystem/conv2d_pipeline/post/product_q0_i_16/O
                         net (fo=2, unplaced)         0.800     5.201    core/data_subsystem/conv2d_pipeline/post/multiplier_q[16]
                         DSP48E1 (Prop_dsp48e1_A[16]_PCOUT[12])
                                                      4.036     9.237 r  core/data_subsystem/conv2d_pipeline/post/product_q0/PCOUT[12]
                         net (fo=1, unplaced)         0.055     9.292    core/data_subsystem/conv2d_pipeline/post/product_q0_n_141
                         DSP48E1                                      r  core/data_subsystem/conv2d_pipeline/post/product_q_reg/PCIN[12]
  -------------------------------------------------------------------    -------------------

                         (clock core_clk rise edge)
                                                     10.000    10.000 r  <hidden>
                                                      0.000    10.000 r  aclk
                         net (fo=24560, unset)        0.924    10.924    core/data_subsystem/conv2d_pipeline/post/aclk
                         DSP48E1                                      r  core/data_subsystem/conv2d_pipeline/post/product_q_reg/CLK
                         clock pessimism              0.000    10.924    <hidden>
                         clock uncertainty           -0.035    10.889    <hidden>
                         DSP48E1 (Setup_dsp48e1_CLK_PCIN[12])
                                                     -1.400     9.489    core/data_subsystem/conv2d_pipeline/post/product_q_reg
  -------------------------------------------------------------------
                         required time                          9.489    <hidden>
                         arrival time                          -9.292    <hidden>
  -------------------------------------------------------------------
                         slack                                  0.197    <hidden>

Slack (MET) :             0.197ns  (required time - arrival time)
  Source:                 core/data_subsystem/conv2d_pipeline/post/lane_q_reg[0]/C
                            (rising edge-triggered cell FDCE clocked by core_clk  {rise@0.000ns fall@5.000ns period=10.000ns})
  Destination:            core/data_subsystem/conv2d_pipeline/post/product_q_reg/PCIN[13]
                            (rising edge-triggered cell DSP48E1 clocked by core_clk  {rise@0.000ns fall@5.000ns period=10.000ns})
  Path Group:             core_clk
  Path Type:              Setup (Max at Slow Process Corner)
  Requirement:            10.000ns  (core_clk rise@10.000ns - core_clk rise@0.000ns)
  Data Path Delay:        8.319ns  (logic 5.221ns (62.762%)  route 3.098ns (37.238%))
  Logic Levels:           5  (DSP48E1=1 LUT3=1 LUT4=1 LUT5=1 LUT6=1)
  Clock Path Skew:        -0.049ns (DCD - SCD + CPR)
    Destination Clock Delay (DCD):    0.924ns = ( 10.924 - 10.000 ) 
    Source Clock Delay      (SCD):    0.973ns
    Clock Pessimism Removal (CPR):    0.000ns
  Clock Uncertainty:      0.035ns  ((TSJ^2 + TIJ^2)^1/2 + DJ) / 2 + PE
    Total System Jitter     (TSJ):    0.071ns
    Total Input Jitter      (TIJ):    0.000ns
    Discrete Jitter          (DJ):    0.000ns
    Phase Error              (PE):    0.000ns

    Location             Delay type                Incr(ns)  Path(ns)    Netlist Resource(s)
  -------------------------------------------------------------------    -------------------
                         (clock core_clk rise edge)
                                                      0.000     0.000 r  <hidden>
                                                      0.000     0.000 r  aclk
                         net (fo=24560, unset)        0.973     0.973    core/data_subsystem/conv2d_pipeline/post/aclk
                         FDCE                                         r  core/data_subsystem/conv2d_pipeline/post/lane_q_reg[0]/C
  -------------------------------------------------------------------    -------------------
                         FDCE (Prop_fdce_C_Q)         0.518     1.491 f  core/data_subsystem/conv2d_pipeline/post/lane_q_reg[0]/Q
                         net (fo=11, unplaced)        0.787     2.278    core/data_subsystem/conv2d_pipeline/post/lane_q_reg_n_0_[0]
                         LUT3 (Prop_lut3_I0_O)        0.295     2.573 r  core/data_subsystem/conv2d_pipeline/post/i___234_i_3/O
                         net (fo=148, unplaced)       0.558     3.131    core/data_subsystem/conv2d_pipeline/post/i___234_i_3_n_0
                         LUT4 (Prop_lut4_I3_O)        0.124     3.255 r  core/data_subsystem/conv2d_pipeline/post/product_q0_i_112/O
                         net (fo=1, unplaced)         0.449     3.704    core/data_subsystem/conv2d_pipeline/post/product_q0_i_112_n_0
                         LUT5 (Prop_lut5_I4_O)        0.124     3.828 r  core/data_subsystem/conv2d_pipeline/post/product_q0_i_64/O
                         net (fo=1, unplaced)         0.449     4.277    core/data_subsystem/conv2d_pipeline/post/product_q0_i_64_n_0
                         LUT6 (Prop_lut6_I5_O)        0.124     4.401 r  core/data_subsystem/conv2d_pipeline/post/product_q0_i_16/O
                         net (fo=2, unplaced)         0.800     5.201    core/data_subsystem/conv2d_pipeline/post/multiplier_q[16]
                         DSP48E1 (Prop_dsp48e1_A[16]_PCOUT[13])
                                                      4.036     9.237 r  core/data_subsystem/conv2d_pipeline/post/product_q0/PCOUT[13]
                         net (fo=1, unplaced)         0.055     9.292    core/data_subsystem/conv2d_pipeline/post/product_q0_n_140
                         DSP48E1                                      r  core/data_subsystem/conv2d_pipeline/post/product_q_reg/PCIN[13]
  -------------------------------------------------------------------    -------------------

                         (clock core_clk rise edge)
                                                     10.000    10.000 r  <hidden>
                                                      0.000    10.000 r  aclk
                         net (fo=24560, unset)        0.924    10.924    core/data_subsystem/conv2d_pipeline/post/aclk
                         DSP48E1                                      r  core/data_subsystem/conv2d_pipeline/post/product_q_reg/CLK
                         clock pessimism              0.000    10.924    <hidden>
                         clock uncertainty           -0.035    10.889    <hidden>
                         DSP48E1 (Setup_dsp48e1_CLK_PCIN[13])
                                                     -1.400     9.489    core/data_subsystem/conv2d_pipeline/post/product_q_reg
  -------------------------------------------------------------------
                         required time                          9.489    <hidden>
                         arrival time                          -9.292    <hidden>
  -------------------------------------------------------------------
                         slack                                  0.197    <hidden>

Slack (MET) :             0.197ns  (required time - arrival time)
  Source:                 core/data_subsystem/conv2d_pipeline/post/lane_q_reg[0]/C
                            (rising edge-triggered cell FDCE clocked by core_clk  {rise@0.000ns fall@5.000ns period=10.000ns})
  Destination:            core/data_subsystem/conv2d_pipeline/post/product_q_reg/PCIN[14]
                            (rising edge-triggered cell DSP48E1 clocked by core_clk  {rise@0.000ns fall@5.000ns period=10.000ns})
  Path Group:             core_clk
  Path Type:              Setup (Max at Slow Process Corner)
  Requirement:            10.000ns  (core_clk rise@10.000ns - core_clk rise@0.000ns)
  Data Path Delay:        8.319ns  (logic 5.221ns (62.762%)  route 3.098ns (37.238%))
  Logic Levels:           5  (DSP48E1=1 LUT3=1 LUT4=1 LUT5=1 LUT6=1)
  Clock Path Skew:        -0.049ns (DCD - SCD + CPR)
    Destination Clock Delay (DCD):    0.924ns = ( 10.924 - 10.000 ) 
    Source Clock Delay      (SCD):    0.973ns
    Clock Pessimism Removal (CPR):    0.000ns
  Clock Uncertainty:      0.035ns  ((TSJ^2 + TIJ^2)^1/2 + DJ) / 2 + PE
    Total System Jitter     (TSJ):    0.071ns
    Total Input Jitter      (TIJ):    0.000ns
    Discrete Jitter          (DJ):    0.000ns
    Phase Error              (PE):    0.000ns

    Location             Delay type                Incr(ns)  Path(ns)    Netlist Resource(s)
  -------------------------------------------------------------------    -------------------
                         (clock core_clk rise edge)
                                                      0.000     0.000 r  <hidden>
                                                      0.000     0.000 r  aclk
                         net (fo=24560, unset)        0.973     0.973    core/data_subsystem/conv2d_pipeline/post/aclk
                         FDCE                                         r  core/data_subsystem/conv2d_pipeline/post/lane_q_reg[0]/C
  -------------------------------------------------------------------    -------------------
                         FDCE (Prop_fdce_C_Q)         0.518     1.491 f  core/data_subsystem/conv2d_pipeline/post/lane_q_reg[0]/Q
                         net (fo=11, unplaced)        0.787     2.278    core/data_subsystem/conv2d_pipeline/post/lane_q_reg_n_0_[0]
                         LUT3 (Prop_lut3_I0_O)        0.295     2.573 r  core/data_subsystem/conv2d_pipeline/post/i___234_i_3/O
                         net (fo=148, unplaced)       0.558     3.131    core/data_subsystem/conv2d_pipeline/post/i___234_i_3_n_0
                         LUT4 (Prop_lut4_I3_O)        0.124     3.255 r  core/data_subsystem/conv2d_pipeline/post/product_q0_i_112/O
                         net (fo=1, unplaced)         0.449     3.704    core/data_subsystem/conv2d_pipeline/post/product_q0_i_112_n_0
                         LUT5 (Prop_lut5_I4_O)        0.124     3.828 r  core/data_subsystem/conv2d_pipeline/post/product_q0_i_64/O
                         net (fo=1, unplaced)         0.449     4.277    core/data_subsystem/conv2d_pipeline/post/product_q0_i_64_n_0
                         LUT6 (Prop_lut6_I5_O)        0.124     4.401 r  core/data_subsystem/conv2d_pipeline/post/product_q0_i_16/O
                         net (fo=2, unplaced)         0.800     5.201    core/data_subsystem/conv2d_pipeline/post/multiplier_q[16]
                         DSP48E1 (Prop_dsp48e1_A[16]_PCOUT[14])
                                                      4.036     9.237 r  core/data_subsystem/conv2d_pipeline/post/product_q0/PCOUT[14]
                         net (fo=1, unplaced)         0.055     9.292    core/data_subsystem/conv2d_pipeline/post/product_q0_n_139
                         DSP48E1                                      r  core/data_subsystem/conv2d_pipeline/post/product_q_reg/PCIN[14]
  -------------------------------------------------------------------    -------------------

                         (clock core_clk rise edge)
                                                     10.000    10.000 r  <hidden>
                                                      0.000    10.000 r  aclk
                         net (fo=24560, unset)        0.924    10.924    core/data_subsystem/conv2d_pipeline/post/aclk
                         DSP48E1                                      r  core/data_subsystem/conv2d_pipeline/post/product_q_reg/CLK
                         clock pessimism              0.000    10.924    <hidden>
                         clock uncertainty           -0.035    10.889    <hidden>
                         DSP48E1 (Setup_dsp48e1_CLK_PCIN[14])
                                                     -1.400     9.489    core/data_subsystem/conv2d_pipeline/post/product_q_reg
  -------------------------------------------------------------------
                         required time                          9.489    <hidden>
                         arrival time                          -9.292    <hidden>
  -------------------------------------------------------------------
                         slack                                  0.197    <hidden>

Slack (MET) :             0.197ns  (required time - arrival time)
  Source:                 core/data_subsystem/conv2d_pipeline/post/lane_q_reg[0]/C
                            (rising edge-triggered cell FDCE clocked by core_clk  {rise@0.000ns fall@5.000ns period=10.000ns})
  Destination:            core/data_subsystem/conv2d_pipeline/post/product_q_reg/PCIN[15]
                            (rising edge-triggered cell DSP48E1 clocked by core_clk  {rise@0.000ns fall@5.000ns period=10.000ns})
  Path Group:             core_clk
  Path Type:              Setup (Max at Slow Process Corner)
  Requirement:            10.000ns  (core_clk rise@10.000ns - core_clk rise@0.000ns)
  Data Path Delay:        8.319ns  (logic 5.221ns (62.762%)  route 3.098ns (37.238%))
  Logic Levels:           5  (DSP48E1=1 LUT3=1 LUT4=1 LUT5=1 LUT6=1)
  Clock Path Skew:        -0.049ns (DCD - SCD + CPR)
    Destination Clock Delay (DCD):    0.924ns = ( 10.924 - 10.000 ) 
    Source Clock Delay      (SCD):    0.973ns
    Clock Pessimism Removal (CPR):    0.000ns
  Clock Uncertainty:      0.035ns  ((TSJ^2 + TIJ^2)^1/2 + DJ) / 2 + PE
    Total System Jitter     (TSJ):    0.071ns
    Total Input Jitter      (TIJ):    0.000ns
    Discrete Jitter          (DJ):    0.000ns
    Phase Error              (PE):    0.000ns

    Location             Delay type                Incr(ns)  Path(ns)    Netlist Resource(s)
  -------------------------------------------------------------------    -------------------
                         (clock core_clk rise edge)
                                                      0.000     0.000 r  <hidden>
                                                      0.000     0.000 r  aclk
                         net (fo=24560, unset)        0.973     0.973    core/data_subsystem/conv2d_pipeline/post/aclk
                         FDCE                                         r  core/data_subsystem/conv2d_pipeline/post/lane_q_reg[0]/C
  -------------------------------------------------------------------    -------------------
                         FDCE (Prop_fdce_C_Q)         0.518     1.491 f  core/data_subsystem/conv2d_pipeline/post/lane_q_reg[0]/Q
                         net (fo=11, unplaced)        0.787     2.278    core/data_subsystem/conv2d_pipeline/post/lane_q_reg_n_0_[0]
                         LUT3 (Prop_lut3_I0_O)        0.295     2.573 r  core/data_subsystem/conv2d_pipeline/post/i___234_i_3/O
                         net (fo=148, unplaced)       0.558     3.131    core/data_subsystem/conv2d_pipeline/post/i___234_i_3_n_0
                         LUT4 (Prop_lut4_I3_O)        0.124     3.255 r  core/data_subsystem/conv2d_pipeline/post/product_q0_i_112/O
                         net (fo=1, unplaced)         0.449     3.704    core/data_subsystem/conv2d_pipeline/post/product_q0_i_112_n_0
                         LUT5 (Prop_lut5_I4_O)        0.124     3.828 r  core/data_subsystem/conv2d_pipeline/post/product_q0_i_64/O
                         net (fo=1, unplaced)         0.449     4.277    core/data_subsystem/conv2d_pipeline/post/product_q0_i_64_n_0
                         LUT6 (Prop_lut6_I5_O)        0.124     4.401 r  core/data_subsystem/conv2d_pipeline/post/product_q0_i_16/O
                         net (fo=2, unplaced)         0.800     5.201    core/data_subsystem/conv2d_pipeline/post/multiplier_q[16]
                         DSP48E1 (Prop_dsp48e1_A[16]_PCOUT[15])
                                                      4.036     9.237 r  core/data_subsystem/conv2d_pipeline/post/product_q0/PCOUT[15]
                         net (fo=1, unplaced)         0.055     9.292    core/data_subsystem/conv2d_pipeline/post/product_q0_n_138
                         DSP48E1                                      r  core/data_subsystem/conv2d_pipeline/post/product_q_reg/PCIN[15]
  -------------------------------------------------------------------    -------------------

                         (clock core_clk rise edge)
                                                     10.000    10.000 r  <hidden>
                                                      0.000    10.000 r  aclk
                         net (fo=24560, unset)        0.924    10.924    core/data_subsystem/conv2d_pipeline/post/aclk
                         DSP48E1                                      r  core/data_subsystem/conv2d_pipeline/post/product_q_reg/CLK
                         clock pessimism              0.000    10.924    <hidden>
                         clock uncertainty           -0.035    10.889    <hidden>
                         DSP48E1 (Setup_dsp48e1_CLK_PCIN[15])
                                                     -1.400     9.489    core/data_subsystem/conv2d_pipeline/post/product_q_reg
  -------------------------------------------------------------------
                         required time                          9.489    <hidden>
                         arrival time                          -9.292    <hidden>
  -------------------------------------------------------------------
                         slack                                  0.197    <hidden>





Pulse Width Checks
--------------------------------------------------------------------------------------
Clock Name:         core_clk
Waveform(ns):       { 0.000 5.000 }
Period(ns):         10.000
Sources:            { aclk }

Check Type        Corner  Lib Pin      Reference Pin  Required(ns)  Actual(ns)  Slack(ns)  Location  Pin
Min Period        n/a     DSP48E1/CLK  n/a            3.884         10.000      6.116                core/data_subsystem/conv2d_pipeline/controller/mac/product_q_reg[0][0]/CLK
Min Period        n/a     DSP48E1/CLK  n/a            3.884         10.000      6.116                core/data_subsystem/conv2d_pipeline/controller/mac/product_q_reg[0][1]/CLK
Min Period        n/a     DSP48E1/CLK  n/a            3.884         10.000      6.116                core/data_subsystem/conv2d_pipeline/controller/mac/product_q_reg[0][2]/CLK
Min Period        n/a     DSP48E1/CLK  n/a            3.884         10.000      6.116                core/data_subsystem/conv2d_pipeline/controller/mac/product_q_reg[0][3]/CLK
Min Period        n/a     DSP48E1/CLK  n/a            3.884         10.000      6.116                core/data_subsystem/conv2d_pipeline/controller/mac/product_q_reg[0][4]/CLK
Min Period        n/a     DSP48E1/CLK  n/a            3.884         10.000      6.116                core/data_subsystem/conv2d_pipeline/controller/mac/product_q_reg[0][5]/CLK
Min Period        n/a     DSP48E1/CLK  n/a            3.884         10.000      6.116                core/data_subsystem/conv2d_pipeline/controller/mac/product_q_reg[0][6]/CLK
Min Period        n/a     DSP48E1/CLK  n/a            3.884         10.000      6.116                core/data_subsystem/conv2d_pipeline/controller/mac/product_q_reg[0][7]/CLK
Min Period        n/a     DSP48E1/CLK  n/a            3.884         10.000      6.116                core/data_subsystem/conv2d_pipeline/controller/mac/product_q_reg[1][0]/CLK
Min Period        n/a     DSP48E1/CLK  n/a            3.884         10.000      6.116                core/data_subsystem/conv2d_pipeline/controller/mac/product_q_reg[1][1]/CLK
Min Period        n/a     DSP48E1/CLK  n/a            3.884         10.000      6.116                core/data_subsystem/conv2d_pipeline/controller/mac/product_q_reg[1][2]/CLK
Min Period        n/a     DSP48E1/CLK  n/a            3.884         10.000      6.116                core/data_subsystem/conv2d_pipeline/controller/mac/product_q_reg[1][3]/CLK
Min Period        n/a     DSP48E1/CLK  n/a            3.884         10.000      6.116                core/data_subsystem/conv2d_pipeline/controller/mac/product_q_reg[1][4]/CLK
Min Period        n/a     DSP48E1/CLK  n/a            3.884         10.000      6.116                core/data_subsystem/conv2d_pipeline/controller/mac/product_q_reg[1][5]/CLK
Min Period        n/a     DSP48E1/CLK  n/a            3.884         10.000      6.116                core/data_subsystem/conv2d_pipeline/controller/mac/product_q_reg[1][6]/CLK
Min Period        n/a     DSP48E1/CLK  n/a            3.884         10.000      6.116                core/data_subsystem/conv2d_pipeline/controller/mac/product_q_reg[1][7]/CLK
Min Period        n/a     DSP48E1/CLK  n/a            3.884         10.000      6.116                core/data_subsystem/conv2d_pipeline/controller/mac/product_q_reg[2][0]/CLK
Min Period        n/a     DSP48E1/CLK  n/a            3.884         10.000      6.116                core/data_subsystem/conv2d_pipeline/controller/mac/product_q_reg[2][1]/CLK
Min Period        n/a     DSP48E1/CLK  n/a            3.884         10.000      6.116                core/data_subsystem/conv2d_pipeline/controller/mac/product_q_reg[2][2]/CLK
Min Period        n/a     DSP48E1/CLK  n/a            3.884         10.000      6.116                core/data_subsystem/conv2d_pipeline/controller/mac/product_q_reg[2][3]/CLK
Low Pulse Width   Slow    SRL16E/CLK   n/a            0.980         5.000       4.020                core/data_subsystem/conv2d_pipeline/controller/mac/sum_l2_first_q_reg_srl2/CLK
Low Pulse Width   Fast    SRL16E/CLK   n/a            0.980         5.000       4.020                core/data_subsystem/conv2d_pipeline/controller/mac/sum_l2_first_q_reg_srl2/CLK
Low Pulse Width   Slow    SRL16E/CLK   n/a            0.980         5.000       4.020                core/data_subsystem/conv2d_pipeline/controller/mac/sum_l2_last_q_reg_srl2/CLK
Low Pulse Width   Fast    SRL16E/CLK   n/a            0.980         5.000       4.020                core/data_subsystem/conv2d_pipeline/controller/mac/sum_l2_last_q_reg_srl2/CLK
Low Pulse Width   Slow    SRL16E/CLK   n/a            0.980         5.000       4.020                core/data_subsystem/conv2d_pipeline/controller/mac/sum_l2_output_mask_q_reg[1]_srl3/CLK
Low Pulse Width   Fast    SRL16E/CLK   n/a            0.980         5.000       4.020                core/data_subsystem/conv2d_pipeline/controller/mac/sum_l2_output_mask_q_reg[1]_srl3/CLK
Low Pulse Width   Slow    SRL16E/CLK   n/a            0.980         5.000       4.020                core/data_subsystem/conv2d_pipeline/controller/mac/sum_l2_output_mask_q_reg[2]_srl3/CLK
Low Pulse Width   Fast    SRL16E/CLK   n/a            0.980         5.000       4.020                core/data_subsystem/conv2d_pipeline/controller/mac/sum_l2_output_mask_q_reg[2]_srl3/CLK
Low Pulse Width   Slow    SRL16E/CLK   n/a            0.980         5.000       4.020                core/data_subsystem/conv2d_pipeline/controller/mac/sum_l2_output_mask_q_reg[3]_srl3/CLK
Low Pulse Width   Fast    SRL16E/CLK   n/a            0.980         5.000       4.020                core/data_subsystem/conv2d_pipeline/controller/mac/sum_l2_output_mask_q_reg[3]_srl3/CLK
Low Pulse Width   Slow    SRL16E/CLK   n/a            0.980         5.000       4.020                core/data_subsystem/conv2d_pipeline/controller/mac/sum_l2_output_mask_q_reg[4]_srl3/CLK
Low Pulse Width   Fast    SRL16E/CLK   n/a            0.980         5.000       4.020                core/data_subsystem/conv2d_pipeline/controller/mac/sum_l2_output_mask_q_reg[4]_srl3/CLK
Low Pulse Width   Slow    SRL16E/CLK   n/a            0.980         5.000       4.020                core/data_subsystem/conv2d_pipeline/controller/mac/sum_l2_output_mask_q_reg[5]_srl3/CLK
Low Pulse Width   Fast    SRL16E/CLK   n/a            0.980         5.000       4.020                core/data_subsystem/conv2d_pipeline/controller/mac/sum_l2_output_mask_q_reg[5]_srl3/CLK
Low Pulse Width   Slow    SRL16E/CLK   n/a            0.980         5.000       4.020                core/data_subsystem/conv2d_pipeline/controller/mac/sum_l2_output_mask_q_reg[6]_srl3/CLK
Low Pulse Width   Fast    SRL16E/CLK   n/a            0.980         5.000       4.020                core/data_subsystem/conv2d_pipeline/controller/mac/sum_l2_output_mask_q_reg[6]_srl3/CLK
Low Pulse Width   Slow    SRL16E/CLK   n/a            0.980         5.000       4.020                core/data_subsystem/conv2d_pipeline/controller/mac/sum_l2_output_mask_q_reg[7]_srl3/CLK
Low Pulse Width   Fast    SRL16E/CLK   n/a            0.980         5.000       4.020                core/data_subsystem/conv2d_pipeline/controller/mac/sum_l2_output_mask_q_reg[7]_srl3/CLK
Low Pulse Width   Slow    FDCE/C       n/a            0.500         5.000       4.500                core/FSM_sequential_state_q_reg[0]/C
Low Pulse Width   Fast    FDCE/C       n/a            0.500         5.000       4.500                core/FSM_sequential_state_q_reg[0]/C
High Pulse Width  Slow    SRL16E/CLK   n/a            0.980         5.000       4.020                core/data_subsystem/conv2d_pipeline/controller/mac/sum_l2_first_q_reg_srl2/CLK
High Pulse Width  Fast    SRL16E/CLK   n/a            0.980         5.000       4.020                core/data_subsystem/conv2d_pipeline/controller/mac/sum_l2_first_q_reg_srl2/CLK
High Pulse Width  Slow    SRL16E/CLK   n/a            0.980         5.000       4.020                core/data_subsystem/conv2d_pipeline/controller/mac/sum_l2_last_q_reg_srl2/CLK
High Pulse Width  Fast    SRL16E/CLK   n/a            0.980         5.000       4.020                core/data_subsystem/conv2d_pipeline/controller/mac/sum_l2_last_q_reg_srl2/CLK
High Pulse Width  Slow    SRL16E/CLK   n/a            0.980         5.000       4.020                core/data_subsystem/conv2d_pipeline/controller/mac/sum_l2_output_mask_q_reg[1]_srl3/CLK
High Pulse Width  Fast    SRL16E/CLK   n/a            0.980         5.000       4.020                core/data_subsystem/conv2d_pipeline/controller/mac/sum_l2_output_mask_q_reg[1]_srl3/CLK
High Pulse Width  Slow    SRL16E/CLK   n/a            0.980         5.000       4.020                core/data_subsystem/conv2d_pipeline/controller/mac/sum_l2_output_mask_q_reg[2]_srl3/CLK
High Pulse Width  Fast    SRL16E/CLK   n/a            0.980         5.000       4.020                core/data_subsystem/conv2d_pipeline/controller/mac/sum_l2_output_mask_q_reg[2]_srl3/CLK
High Pulse Width  Slow    SRL16E/CLK   n/a            0.980         5.000       4.020                core/data_subsystem/conv2d_pipeline/controller/mac/sum_l2_output_mask_q_reg[3]_srl3/CLK
High Pulse Width  Fast    SRL16E/CLK   n/a            0.980         5.000       4.020                core/data_subsystem/conv2d_pipeline/controller/mac/sum_l2_output_mask_q_reg[3]_srl3/CLK
High Pulse Width  Slow    SRL16E/CLK   n/a            0.980         5.000       4.020                core/data_subsystem/conv2d_pipeline/controller/mac/sum_l2_output_mask_q_reg[4]_srl3/CLK
High Pulse Width  Fast    SRL16E/CLK   n/a            0.980         5.000       4.020                core/data_subsystem/conv2d_pipeline/controller/mac/sum_l2_output_mask_q_reg[4]_srl3/CLK
High Pulse Width  Slow    SRL16E/CLK   n/a            0.980         5.000       4.020                core/data_subsystem/conv2d_pipeline/controller/mac/sum_l2_output_mask_q_reg[5]_srl3/CLK
High Pulse Width  Fast    SRL16E/CLK   n/a            0.980         5.000       4.020                core/data_subsystem/conv2d_pipeline/controller/mac/sum_l2_output_mask_q_reg[5]_srl3/CLK
High Pulse Width  Slow    SRL16E/CLK   n/a            0.980         5.000       4.020                core/data_subsystem/conv2d_pipeline/controller/mac/sum_l2_output_mask_q_reg[6]_srl3/CLK
High Pulse Width  Fast    SRL16E/CLK   n/a            0.980         5.000       4.020                core/data_subsystem/conv2d_pipeline/controller/mac/sum_l2_output_mask_q_reg[6]_srl3/CLK
High Pulse Width  Slow    SRL16E/CLK   n/a            0.980         5.000       4.020                core/data_subsystem/conv2d_pipeline/controller/mac/sum_l2_output_mask_q_reg[7]_srl3/CLK
High Pulse Width  Fast    SRL16E/CLK   n/a            0.980         5.000       4.020                core/data_subsystem/conv2d_pipeline/controller/mac/sum_l2_output_mask_q_reg[7]_srl3/CLK
High Pulse Width  Slow    FDCE/C       n/a            0.500         5.000       4.500                core/FSM_sequential_state_q_reg[0]/C
High Pulse Width  Fast    FDCE/C       n/a            0.500         5.000       4.500                core/FSM_sequential_state_q_reg[0]/C



